dataset,split_id,seed,model_id,threat_id,hardware_id,clean_macro_f1,clean_bal_acc,robust_utility,asr,validity_rate,p95_latency_ms,throughput_fps,peak_mem_mb,energy_per_flow_j,service_cost,raise_score,valid_count,invalid_count,budget_pass_rate,bounds_pass_rate,immutable_pass_rate,relation_pass_rate,thread_count,batch_size,runtime,measurement_mode,energy_source,config_path,preprocessing_state_sha256,shift_group_field,source_split,target_split,shift_utility_drop
TON_IoT,ton_iot_attack_family_holdout_full,0,extra_trees,a0_clean,jetson_orin_nx_super_ina3221_20260608t140153z,0.963986919689736,0.96908729585452,0.966537107772128,0.0,1.0,0.0029123171620719,343369.1951629834,7.850927352905273,7.885391547583102e-05,0.5780540829095978,0.9537332704153102,36043,0,1.0,1.0,1.0,1.0,8,1,python_sklearn_cpu,measured_onboard_sensor,jetson_ina3221_vdd_in,results/configs/tier_e_core4_hgb_mlp_timed/expanded.yaml,5d7ef13326a62fe67b086641ecbab539f8eed090359a55a029ee1a61dbda66ce,,,,0.0
TON_IoT,ton_iot_attack_family_holdout_full,1,extra_trees,a0_clean,jetson_orin_nx_super_ina3221_20260608t140153z,0.964018779980892,0.9691780639642636,0.9665984219725778,0.0,1.0,0.002915724941878,342967.8793212585,7.850922584533691,7.885391547583102e-05,0.580438720714727,0.9537468851672056,36043,0,1.0,1.0,1.0,1.0,8,1,python_sklearn_cpu,measured_onboard_sensor,jetson_ina3221_vdd_in,results/configs/tier_e_core4_hgb_mlp_timed/expanded.yaml,4d0cbacdebde4e7676ad5505614b53275431520b78767fe691fab299c3d576ff,,,,0.0
TON_IoT,ton_iot_attack_family_holdout_full,2,extra_trees,a0_clean,jetson_orin_nx_super_ina3221_20260608t140153z,0.9643530286641772,0.9694344770232382,0.9668937528437076,0.0,1.0,0.0028982044203587,345041.22379200754,7.850824356079102,7.885391547583102e-05,0.5735104595352374,0.9541808262562066,36043,0,1.0,1.0,1.0,1.0,8,1,python_sklearn_cpu,measured_onboard_sensor,jetson_ina3221_vdd_in,results/configs/tier_e_core4_hgb_mlp_timed/expanded.yaml,c7151b8a1ef4edcc221d9f41023c60ab82d07852fcdbcf57c2c0ca3bbe8ed8ee,,,,0.0
TON_IoT,ton_iot_attack_family_holdout_full,3,extra_trees,a0_clean,jetson_orin_nx_super_ina3221_20260608t140153z,0.964746075143081,0.9697862741370844,0.9672661746400828,0.0,1.0,0.0028058335071674,356400.3343197312,7.850978851318359,7.885391547583102e-05,0.5676745172583123,0.9546701461269824,36043,0,1.0,1.0,1.0,1.0,8,1,python_sklearn_cpu,measured_onboard_sensor,jetson_ina3221_vdd_in,results/configs/tier_e_core4_hgb_mlp_timed/expanded.yaml,d303b92a26705759f970055ffa3d6af303caa89273be58a0b9a2ee2acf07655d,,,,0.0
TON_IoT,ton_iot_attack_family_holdout_full,4,extra_trees,a0_clean,jetson_orin_nx_super_ina3221_20260608t140153z,0.9648661880098396,0.9700249045605032,0.9674455462851714,0.0,1.0,0.002829172586414,353460.23243760667,7.851149559020996,7.885391547583102e-05,0.5719019087899381,0.954764906566606,36043,0,1.0,1.0,1.0,1.0,8,1,python_sklearn_cpu,measured_onboard_sensor,jetson_ina3221_vdd_in,results/configs/tier_e_core4_hgb_mlp_timed/expanded.yaml,1cb8df7b674e28ccf3999788420ff577268c32424e356c096d0fbd1193ec0a8c,,,,0.0
TON_IoT,ton_iot_attack_family_holdout_full,5,extra_trees,a0_clean,jetson_orin_nx_super_ina3221_20260608t140153z,0.9646286178091688,0.9695955060273408,0.9671120619182548,0.0,1.0,0.0028446137787384,351541.5721720533,7.850871086120605,7.885391547583102e-05,0.5654898794531832,0.9545596546152232,36043,0,1.0,1.0,1.0,1.0,8,1,python_sklearn_cpu,measured_onboard_sensor,jetson_ina3221_vdd_in,results/configs/tier_e_core4_hgb_mlp_timed/expanded.yaml,91ec0b83e77b7feab871dba7efde4e4fe93c55e9300845d2c42dd26dfa921e73,,,,0.0
TON_IoT,ton_iot_attack_family_holdout_full,6,extra_trees,a0_clean,jetson_orin_nx_super_ina3221_20260608t140153z,0.9636141122005316,0.9686252451329818,0.9661196786667569,0.0,1.0,0.0028129069232614,355504.11985923705,7.850927352905273,7.885391547583102e-05,0.5776950973403665,0.9533232282484504,36043,0,1.0,1.0,1.0,1.0,8,1,python_sklearn_cpu,measured_onboard_sensor,jetson_ina3221_vdd_in,results/configs/tier_e_core4_hgb_mlp_timed/expanded.yaml,eed43062033afd51054d93b4068cff75b135ed7426b222aee49205ce01455556,,,,0.0
TON_IoT,ton_iot_attack_family_holdout_full,7,extra_trees,a0_clean,jetson_orin_nx_super_ina3221_20260608t140153z,0.9641872702837192,0.9693302016505884,0.9667587359671538,0.0,1.0,0.0028169730596833,354990.97038309043,7.850922584533691,7.885391547583102e-05,0.5779959669882304,0.9539562600909742,36043,0,1.0,1.0,1.0,1.0,8,1,python_sklearn_cpu,measured_onboard_sensor,jetson_ina3221_vdd_in,results/configs/tier_e_core4_hgb_mlp_timed/expanded.yaml,2fb4d100674949176f6c4fd647d3e69d17c899bd5d529536408d83d693ffdc95,,,,0.0
TON_IoT,ton_iot_attack_family_holdout_full,8,extra_trees,a0_clean,jetson_orin_nx_super_ina3221_20260608t140153z,0.9644671976994308,0.9695678103565716,0.9670175040280012,0.0,1.0,0.0028874841367702,346322.24893139774,7.850824356079102,7.885391547583102e-05,0.5732437928685707,0.9543099331208964,36043,0,1.0,1.0,1.0,1.0,8,1,python_sklearn_cpu,measured_onboard_sensor,jetson_ina3221_vdd_in,results/configs/tier_e_core4_hgb_mlp_timed/expanded.yaml,afad0a6044b7d2028cde41a75950f81adb42900728f136683d00756b6551a171,,,,0.0
TON_IoT,ton_iot_attack_family_holdout_full,9,extra_trees,a0_clean,jetson_orin_nx_super_ina3221_20260608t140153z,0.963755191621066,0.9687631944114432,0.9662591930162544,0.0,1.0,0.0028935666909404,345594.2464125465,7.8508758544921875,7.885391547583102e-05,0.5761361117711352,0.9534937586101402,36043,0,1.0,1.0,1.0,1.0,8,1,python_sklearn_cpu,measured_onboard_sensor,jetson_ina3221_vdd_in,results/configs/tier_e_core4_hgb_mlp_timed/expanded.yaml,cfd65d39d2615679dedf82f74e4eda711492a1f7e40d30e6fd1945da3a532bc8,,,,0.0
TON_IoT,ton_iot_attack_family_holdout_full,0,extra_trees,a1_constrained_feature,jetson_orin_nx_super_ina3221_20260608t140153z,0.963986919689736,0.96908729585452,0.9399375580199076,0.1063688212927756,0.9998612768082568,0.0029123171620719,343369.1951629834,7.850927352905273,7.885391547583102e-05,0.5780540829095978,0.9364435630763668,36038,5,0.999916766084954,0.9999445107233028,1.0,1.0,8,1,python_sklearn_cpu,measured_onboard_sensor,jetson_ina3221_vdd_in,results/configs/tier_e_core4_hgb_mlp_timed/expanded.yaml,5d7ef13326a62fe67b086641ecbab539f8eed090359a55a029ee1a61dbda66ce,,,,0.0
TON_IoT,ton_iot_attack_family_holdout_full,1,extra_trees,a1_constrained_feature,jetson_orin_nx_super_ina3221_20260608t140153z,0.964018779980892,0.9691780639642636,0.9278728092877492,0.1290874524714829,0.999916766084954,0.002915724941878,342967.8793212585,7.850922584533691,7.885391547583102e-05,0.580438720714727,0.9285752369220668,36040,3,0.999916766084954,1.0,1.0,1.0,8,1,python_sklearn_cpu,measured_onboard_sensor,jetson_ina3221_vdd_in,results/configs/tier_e_core4_hgb_mlp_timed/expanded.yaml,4d0cbacdebde4e7676ad5505614b53275431520b78767fe691fab299c3d576ff,,,,0.0
TON_IoT,ton_iot_attack_family_holdout_full,2,extra_trees,a1_constrained_feature,jetson_orin_nx_super_ina3221_20260608t140153z,0.9643530286641772,0.9694344770232382,0.9252887507959076,0.1336977186311787,0.9998890214466054,0.0028982044203587,345041.22379200754,7.850824356079102,7.885391547583102e-05,0.5735104595352374,0.9271375749251368,36039,4,0.999916766084954,0.9999722553616514,1.0,1.0,8,1,python_sklearn_cpu,measured_onboard_sensor,jetson_ina3221_vdd_in,results/configs/tier_e_core4_hgb_mlp_timed/expanded.yaml,c7151b8a1ef4edcc221d9f41023c60ab82d07852fcdbcf57c2c0ca3bbe8ed8ee,,,,0.0
TON_IoT,ton_iot_attack_family_holdout_full,3,extra_trees,a1_constrained_feature,jetson_orin_nx_super_ina3221_20260608t140153z,0.964746075143081,0.9697862741370844,0.9305896303577992,0.1240019011406844,0.999916766084954,0.0028058335071674,356400.3343197312,7.850978851318359,7.885391547583102e-05,0.5676745172583123,0.930830392343498,36040,3,0.999916766084954,1.0,1.0,1.0,8,1,python_sklearn_cpu,measured_onboard_sensor,jetson_ina3221_vdd_in,results/configs/tier_e_core4_hgb_mlp_timed/expanded.yaml,d303b92a26705759f970055ffa3d6af303caa89273be58a0b9a2ee2acf07655d,,,,0.0
TON_IoT,ton_iot_attack_family_holdout_full,4,extra_trees,a1_constrained_feature,jetson_orin_nx_super_ina3221_20260608t140153z,0.9648661880098396,0.9700249045605032,0.9446545212388732,0.0988593155893536,0.999916766084954,0.002829172586414,353460.23243760667,7.851149559020996,7.885391547583102e-05,0.5719019087899381,0.939950740286512,36040,3,0.999916766084954,1.0,1.0,1.0,8,1,python_sklearn_cpu,measured_onboard_sensor,jetson_ina3221_vdd_in,results/configs/tier_e_core4_hgb_mlp_timed/expanded.yaml,1cb8df7b674e28ccf3999788420ff577268c32424e356c096d0fbd1193ec0a8c,,,,0.0
TON_IoT,ton_iot_attack_family_holdout_full,5,extra_trees,a1_constrained_feature,jetson_orin_nx_super_ina3221_20260608t140153z,0.9646286178091688,0.9695955060273408,0.9488782532082932,0.0896387832699619,0.999916766084954,0.0028446137787384,351541.5721720533,7.850871086120605,7.885391547583102e-05,0.5654898794531832,0.9427076789537482,36040,3,0.999916766084954,1.0,1.0,1.0,8,1,python_sklearn_cpu,measured_onboard_sensor,jetson_ina3221_vdd_in,results/configs/tier_e_core4_hgb_mlp_timed/expanded.yaml,91ec0b83e77b7feab871dba7efde4e4fe93c55e9300845d2c42dd26dfa921e73,,,,0.0
TON_IoT,ton_iot_attack_family_holdout_full,6,extra_trees,a1_constrained_feature,jetson_orin_nx_super_ina3221_20260608t140153z,0.9636141122005316,0.9686252451329818,0.9328130967816592,0.1186311787072243,0.999916766084954,0.0028129069232614,355504.11985923705,7.850927352905273,7.885391547583102e-05,0.5776950973403665,0.9316739500231372,36040,3,0.999916766084954,1.0,1.0,1.0,8,1,python_sklearn_cpu,measured_onboard_sensor,jetson_ina3221_vdd_in,results/configs/tier_e_core4_hgb_mlp_timed/expanded.yaml,eed43062033afd51054d93b4068cff75b135ed7426b222aee49205ce01455556,,,,0.0
TON_IoT,ton_iot_attack_family_holdout_full,7,extra_trees,a1_constrained_feature,jetson_orin_nx_super_ina3221_20260608t140153z,0.9641872702837192,0.9693302016505884,0.9530902222760206,0.0825570342205323,0.999916766084954,0.0028169730596833,354990.97038309043,7.850922584533691,7.885391547583102e-05,0.5779959669882304,0.9450717261917376,36040,3,0.999916766084954,1.0,1.0,1.0,8,1,python_sklearn_cpu,measured_onboard_sensor,jetson_ina3221_vdd_in,results/configs/tier_e_core4_hgb_mlp_timed/expanded.yaml,2fb4d100674949176f6c4fd647d3e69d17c899bd5d529536408d83d693ffdc95,,,,0.0
TON_IoT,ton_iot_attack_family_holdout_full,8,extra_trees,a1_constrained_feature,jetson_orin_nx_super_ina3221_20260608t140153z,0.9644671976994308,0.9695678103565716,0.962280505884282,0.0656368821292775,0.9998890214466054,0.0028874841367702,346322.24893139774,7.850824356079102,7.885391547583102e-05,0.5732437928685707,0.9512308843274788,36039,4,0.999916766084954,0.9999722553616514,1.0,1.0,8,1,python_sklearn_cpu,measured_onboard_sensor,jetson_ina3221_vdd_in,results/configs/tier_e_core4_hgb_mlp_timed/expanded.yaml,afad0a6044b7d2028cde41a75950f81adb42900728f136683d00756b6551a171,,,,0.0
TON_IoT,ton_iot_attack_family_holdout_full,9,extra_trees,a1_constrained_feature,jetson_orin_nx_super_ina3221_20260608t140153z,0.963755191621066,0.9687631944114432,0.9324084260159666,0.1194866920152091,0.999833532169908,0.0028935666909404,345594.2464125465,7.8508758544921875,7.885391547583102e-05,0.5761361117711352,0.9314907600599532,36037,6,0.999916766084954,0.999916766084954,1.0,1.0,8,1,python_sklearn_cpu,measured_onboard_sensor,jetson_ina3221_vdd_in,results/configs/tier_e_core4_hgb_mlp_timed/expanded.yaml,cfd65d39d2615679dedf82f74e4eda711492a1f7e40d30e6fd1945da3a532bc8,,,,0.0
TON_IoT,ton_iot_attack_family_holdout_full,0,extra_trees,a1_constrained_score_search,jetson_orin_nx_super_ina3221_20260608t140153z,0.963986919689736,0.96908729585452,0.8608681904527155,0.2528992395437262,0.9998612768082568,0.0029123171620719,343369.1951629834,7.850927352905273,7.885391547583102e-05,0.5780540829095978,0.885048474157692,36038,5,0.999916766084954,0.9999445107233028,1.0,1.0,8,1,python_sklearn_cpu,measured_onboard_sensor,jetson_ina3221_vdd_in,results/configs/tier_e_core4_hgb_mlp_timed/expanded.yaml,5d7ef13326a62fe67b086641ecbab539f8eed090359a55a029ee1a61dbda66ce,,,,0.0
TON_IoT,ton_iot_attack_family_holdout_full,1,extra_trees,a1_constrained_score_search,jetson_orin_nx_super_ina3221_20260608t140153z,0.964018779980892,0.9691780639642636,0.8186459586092592,0.3311787072243346,0.999916766084954,0.002915724941878,342967.8793212585,7.850922584533691,7.885391547583102e-05,0.580438720714727,0.8575777839810484,36040,3,0.999916766084954,1.0,1.0,1.0,8,1,python_sklearn_cpu,measured_onboard_sensor,jetson_ina3221_vdd_in,results/configs/tier_e_core4_hgb_mlp_timed/expanded.yaml,4d0cbacdebde4e7676ad5505614b53275431520b78767fe691fab299c3d576ff,,,,0.0
TON_IoT,ton_iot_attack_family_holdout_full,2,extra_trees,a1_constrained_score_search,jetson_orin_nx_super_ina3221_20260608t140153z,0.9643530286641772,0.9694344770232382,0.8443886866063912,0.2836026615969582,0.9998890214466054,0.0028982044203587,345041.22379200754,7.850824356079102,7.885391547583102e-05,0.5735104595352374,0.874552533201951,36039,4,0.999916766084954,0.9999722553616514,1.0,1.0,8,1,python_sklearn_cpu,measured_onboard_sensor,jetson_ina3221_vdd_in,results/configs/tier_e_core4_hgb_mlp_timed/expanded.yaml,c7151b8a1ef4edcc221d9f41023c60ab82d07852fcdbcf57c2c0ca3bbe8ed8ee,,,,0.0
TON_IoT,ton_iot_attack_family_holdout_full,3,extra_trees,a1_constrained_score_search,jetson_orin_nx_super_ina3221_20260608t140153z,0.964746075143081,0.9697862741370844,0.8564854614061868,0.2613593155893536,0.999916766084954,0.0028058335071674,356400.3343197312,7.850978851318359,7.885391547583102e-05,0.5676745172583123,0.88266268252495,36040,3,0.999916766084954,1.0,1.0,1.0,8,1,python_sklearn_cpu,measured_onboard_sensor,jetson_ina3221_vdd_in,results/configs/tier_e_core4_hgb_mlp_timed/expanded.yaml,d303b92a26705759f970055ffa3d6af303caa89273be58a0b9a2ee2acf07655d,,,,0.0
TON_IoT,ton_iot_attack_family_holdout_full,4,extra_trees,a1_constrained_score_search,jetson_orin_nx_super_ina3221_20260608t140153z,0.9648661880098396,0.9700249045605032,0.8678808268208074,0.2411121673003802,0.999916766084954,0.002829172586414,353460.23243760667,7.851149559020996,7.885391547583102e-05,0.5719019087899381,0.8900478389147694,36040,3,0.999916766084954,1.0,1.0,1.0,8,1,python_sklearn_cpu,measured_onboard_sensor,jetson_ina3221_vdd_in,results/configs/tier_e_core4_hgb_mlp_timed/expanded.yaml,1cb8df7b674e28ccf3999788420ff577268c32424e356c096d0fbd1193ec0a8c,,,,0.0
TON_IoT,ton_iot_attack_family_holdout_full,5,extra_trees,a1_constrained_score_search,jetson_orin_nx_super_ina3221_20260608t140153z,0.9646286178091688,0.9695955060273408,0.8746535859775139,0.2271387832699619,0.999916766084954,0.0028446137787384,351541.5721720533,7.850871086120605,7.885391547583102e-05,0.5654898794531832,0.8944616452537416,36040,3,0.999916766084954,1.0,1.0,1.0,8,1,python_sklearn_cpu,measured_onboard_sensor,jetson_ina3221_vdd_in,results/configs/tier_e_core4_hgb_mlp_timed/expanded.yaml,91ec0b83e77b7feab871dba7efde4e4fe93c55e9300845d2c42dd26dfa921e73,,,,0.0
TON_IoT,ton_iot_attack_family_holdout_full,6,extra_trees,a1_constrained_score_search,jetson_orin_nx_super_ina3221_20260608t140153z,0.9636141122005316,0.9686252451329818,0.8438056470672323,0.2835551330798479,0.999916766084954,0.0028129069232614,355504.11985923705,7.850927352905273,7.885391547583102e-05,0.5776950973403665,0.8738191077087596,36040,3,0.999916766084954,1.0,1.0,1.0,8,1,python_sklearn_cpu,measured_onboard_sensor,jetson_ina3221_vdd_in,results/configs/tier_e_core4_hgb_mlp_timed/expanded.yaml,eed43062033afd51054d93b4068cff75b135ed7426b222aee49205ce01455556,,,,0.0
TON_IoT,ton_iot_attack_family_holdout_full,7,extra_trees,a1_constrained_score_search,jetson_orin_nx_super_ina3221_20260608t140153z,0.9641872702837192,0.9693302016505884,0.8850688006388747,0.2085076045627376,0.999916766084954,0.0028169730596833,354990.97038309043,7.850922584533691,7.885391547583102e-05,0.5779959669882304,0.9008578021275928,36040,3,0.999916766084954,1.0,1.0,1.0,8,1,python_sklearn_cpu,measured_onboard_sensor,jetson_ina3221_vdd_in,results/configs/tier_e_core4_hgb_mlp_timed/expanded.yaml,2fb4d100674949176f6c4fd647d3e69d17c899bd5d529536408d83d693ffdc95,,,,0.0
TON_IoT,ton_iot_attack_family_holdout_full,8,extra_trees,a1_constrained_score_search,jetson_orin_nx_super_ina3221_20260608t140153z,0.9644671976994308,0.9695678103565716,0.911023264517646,0.160361216730038,0.9998890214466054,0.0028874841367702,346322.24893139774,7.850824356079102,7.885391547583102e-05,0.5732437928685707,0.9179136774391656,36039,4,0.999916766084954,0.9999722553616514,1.0,1.0,8,1,python_sklearn_cpu,measured_onboard_sensor,jetson_ina3221_vdd_in,results/configs/tier_e_core4_hgb_mlp_timed/expanded.yaml,afad0a6044b7d2028cde41a75950f81adb42900728f136683d00756b6551a171,,,,0.0
TON_IoT,ton_iot_attack_family_holdout_full,9,extra_trees,a1_constrained_score_search,jetson_orin_nx_super_ina3221_20260608t140153z,0.963755191621066,0.9687631944114432,0.8492101143204693,0.2736692015209125,0.999833532169908,0.0028935666909404,345594.2464125465,7.8508758544921875,7.885391547583102e-05,0.5761361117711352,0.8774118574578799,36037,6,0.999916766084954,0.999916766084954,1.0,1.0,8,1,python_sklearn_cpu,measured_onboard_sensor,jetson_ina3221_vdd_in,results/configs/tier_e_core4_hgb_mlp_timed/expanded.yaml,cfd65d39d2615679dedf82f74e4eda711492a1f7e40d30e6fd1945da3a532bc8,,,,0.0
TON_IoT,ton_iot_attack_family_holdout_full,0,extra_trees,a4_split_shift,jetson_orin_nx_super_ina3221_20260608t140153z,0.963986919689736,0.96908729585452,0.966537107772128,0.0,1.0,0.0029123171620719,343369.1951629834,7.850927352905273,7.885391547583102e-05,0.5780540829095978,0.9537332704153102,36043,0,1.0,1.0,1.0,1.0,8,1,python_sklearn_cpu,measured_onboard_sensor,jetson_ina3221_vdd_in,results/configs/tier_e_core4_hgb_mlp_timed/expanded.yaml,5d7ef13326a62fe67b086641ecbab539f8eed090359a55a029ee1a61dbda66ce,attack_type_holdout,train,test,0.0
TON_IoT,ton_iot_attack_family_holdout_full,1,extra_trees,a4_split_shift,jetson_orin_nx_super_ina3221_20260608t140153z,0.964018779980892,0.9691780639642636,0.9665984219725778,0.0,1.0,0.002915724941878,342967.8793212585,7.850922584533691,7.885391547583102e-05,0.580438720714727,0.9537468851672056,36043,0,1.0,1.0,1.0,1.0,8,1,python_sklearn_cpu,measured_onboard_sensor,jetson_ina3221_vdd_in,results/configs/tier_e_core4_hgb_mlp_timed/expanded.yaml,4d0cbacdebde4e7676ad5505614b53275431520b78767fe691fab299c3d576ff,attack_type_holdout,train,test,0.0
TON_IoT,ton_iot_attack_family_holdout_full,2,extra_trees,a4_split_shift,jetson_orin_nx_super_ina3221_20260608t140153z,0.9643530286641772,0.9694344770232382,0.9668937528437076,0.0,1.0,0.0028982044203587,345041.22379200754,7.850824356079102,7.885391547583102e-05,0.5735104595352374,0.9541808262562066,36043,0,1.0,1.0,1.0,1.0,8,1,python_sklearn_cpu,measured_onboard_sensor,jetson_ina3221_vdd_in,results/configs/tier_e_core4_hgb_mlp_timed/expanded.yaml,c7151b8a1ef4edcc221d9f41023c60ab82d07852fcdbcf57c2c0ca3bbe8ed8ee,attack_type_holdout,train,test,0.0
TON_IoT,ton_iot_attack_family_holdout_full,3,extra_trees,a4_split_shift,jetson_orin_nx_super_ina3221_20260608t140153z,0.964746075143081,0.9697862741370844,0.9672661746400828,0.0,1.0,0.0028058335071674,356400.3343197312,7.850978851318359,7.885391547583102e-05,0.5676745172583123,0.9546701461269824,36043,0,1.0,1.0,1.0,1.0,8,1,python_sklearn_cpu,measured_onboard_sensor,jetson_ina3221_vdd_in,results/configs/tier_e_core4_hgb_mlp_timed/expanded.yaml,d303b92a26705759f970055ffa3d6af303caa89273be58a0b9a2ee2acf07655d,attack_type_holdout,train,test,0.0
TON_IoT,ton_iot_attack_family_holdout_full,4,extra_trees,a4_split_shift,jetson_orin_nx_super_ina3221_20260608t140153z,0.9648661880098396,0.9700249045605032,0.9674455462851714,0.0,1.0,0.002829172586414,353460.23243760667,7.851149559020996,7.885391547583102e-05,0.5719019087899381,0.954764906566606,36043,0,1.0,1.0,1.0,1.0,8,1,python_sklearn_cpu,measured_onboard_sensor,jetson_ina3221_vdd_in,results/configs/tier_e_core4_hgb_mlp_timed/expanded.yaml,1cb8df7b674e28ccf3999788420ff577268c32424e356c096d0fbd1193ec0a8c,attack_type_holdout,train,test,0.0
TON_IoT,ton_iot_attack_family_holdout_full,5,extra_trees,a4_split_shift,jetson_orin_nx_super_ina3221_20260608t140153z,0.9646286178091688,0.9695955060273408,0.9671120619182548,0.0,1.0,0.0028446137787384,351541.5721720533,7.850871086120605,7.885391547583102e-05,0.5654898794531832,0.9545596546152232,36043,0,1.0,1.0,1.0,1.0,8,1,python_sklearn_cpu,measured_onboard_sensor,jetson_ina3221_vdd_in,results/configs/tier_e_core4_hgb_mlp_timed/expanded.yaml,91ec0b83e77b7feab871dba7efde4e4fe93c55e9300845d2c42dd26dfa921e73,attack_type_holdout,train,test,0.0
TON_IoT,ton_iot_attack_family_holdout_full,6,extra_trees,a4_split_shift,jetson_orin_nx_super_ina3221_20260608t140153z,0.9636141122005316,0.9686252451329818,0.9661196786667569,0.0,1.0,0.0028129069232614,355504.11985923705,7.850927352905273,7.885391547583102e-05,0.5776950973403665,0.9533232282484504,36043,0,1.0,1.0,1.0,1.0,8,1,python_sklearn_cpu,measured_onboard_sensor,jetson_ina3221_vdd_in,results/configs/tier_e_core4_hgb_mlp_timed/expanded.yaml,eed43062033afd51054d93b4068cff75b135ed7426b222aee49205ce01455556,attack_type_holdout,train,test,0.0
TON_IoT,ton_iot_attack_family_holdout_full,7,extra_trees,a4_split_shift,jetson_orin_nx_super_ina3221_20260608t140153z,0.9641872702837192,0.9693302016505884,0.9667587359671538,0.0,1.0,0.0028169730596833,354990.97038309043,7.850922584533691,7.885391547583102e-05,0.5779959669882304,0.9539562600909742,36043,0,1.0,1.0,1.0,1.0,8,1,python_sklearn_cpu,measured_onboard_sensor,jetson_ina3221_vdd_in,results/configs/tier_e_core4_hgb_mlp_timed/expanded.yaml,2fb4d100674949176f6c4fd647d3e69d17c899bd5d529536408d83d693ffdc95,attack_type_holdout,train,test,0.0
TON_IoT,ton_iot_attack_family_holdout_full,8,extra_trees,a4_split_shift,jetson_orin_nx_super_ina3221_20260608t140153z,0.9644671976994308,0.9695678103565716,0.9670175040280012,0.0,1.0,0.0028874841367702,346322.24893139774,7.850824356079102,7.885391547583102e-05,0.5732437928685707,0.9543099331208964,36043,0,1.0,1.0,1.0,1.0,8,1,python_sklearn_cpu,measured_onboard_sensor,jetson_ina3221_vdd_in,results/configs/tier_e_core4_hgb_mlp_timed/expanded.yaml,afad0a6044b7d2028cde41a75950f81adb42900728f136683d00756b6551a171,attack_type_holdout,train,test,0.0
TON_IoT,ton_iot_attack_family_holdout_full,9,extra_trees,a4_split_shift,jetson_orin_nx_super_ina3221_20260608t140153z,0.963755191621066,0.9687631944114432,0.9662591930162544,0.0,1.0,0.0028935666909404,345594.2464125465,7.8508758544921875,7.885391547583102e-05,0.5761361117711352,0.9534937586101402,36043,0,1.0,1.0,1.0,1.0,8,1,python_sklearn_cpu,measured_onboard_sensor,jetson_ina3221_vdd_in,results/configs/tier_e_core4_hgb_mlp_timed/expanded.yaml,cfd65d39d2615679dedf82f74e4eda711492a1f7e40d30e6fd1945da3a532bc8,attack_type_holdout,train,test,0.0
TON_IoT,ton_iot_attack_family_holdout_full,0,hist_gradient_boosting,a0_clean,jetson_orin_nx_super_ina3221_20260608t140153z,0.9600510110371314,0.9658518826529804,0.962951446845056,0.0,1.0,0.0011046396491119,905272.5934687587,0.8259315490722656,7.885391547583102e-05,0.6499623469403919,0.9493272994619322,36043,0,1.0,1.0,1.0,1.0,8,1,python_sklearn_cpu,measured_onboard_sensor,jetson_ina3221_vdd_in,results/configs/tier_e_core4_hgb_mlp_timed/expanded.yaml,5d7ef13326a62fe67b086641ecbab539f8eed090359a55a029ee1a61dbda66ce,,,,0.0
TON_IoT,ton_iot_attack_family_holdout_full,1,hist_gradient_boosting,a0_clean,jetson_orin_nx_super_ina3221_20260608t140153z,0.952783810794394,0.95983217221879,0.9563079915065922,0.0,1.0,0.0010573676233369,945744.8648220442,0.8259315490722656,7.885391547583102e-05,0.781756555624198,0.9400480585089678,36043,0,1.0,1.0,1.0,1.0,8,1,python_sklearn_cpu,measured_onboard_sensor,jetson_ina3221_vdd_in,results/configs/tier_e_core4_hgb_mlp_timed/expanded.yaml,4d0cbacdebde4e7676ad5505614b53275431520b78767fe691fab299c3d576ff,,,,0.0
TON_IoT,ton_iot_attack_family_holdout_full,2,hist_gradient_boosting,a0_clean,jetson_orin_nx_super_ina3221_20260608t140153z,0.9613935039507856,0.9670115493671688,0.9642025266589772,0.0,1.0,0.00102424488399,976329.016264581,0.8258800506591797,7.885391547583102e-05,0.6279690126566237,0.9510184181427936,36043,0,1.0,1.0,1.0,1.0,8,1,python_sklearn_cpu,measured_onboard_sensor,jetson_ina3221_vdd_in,results/configs/tier_e_core4_hgb_mlp_timed/expanded.yaml,c7151b8a1ef4edcc221d9f41023c60ab82d07852fcdbcf57c2c0ca3bbe8ed8ee,,,,0.0
TON_IoT,ton_iot_attack_family_holdout_full,3,hist_gradient_boosting,a0_clean,jetson_orin_nx_super_ina3221_20260608t140153z,0.9541920060515796,0.9608620998273376,0.9575270529394586,0.0,1.0,0.0010315809203467,969385.9010729422,0.8259315490722656,7.885391547583102e-05,0.7497580034532466,0.9419071447490898,36043,0,1.0,1.0,1.0,1.0,8,1,python_sklearn_cpu,measured_onboard_sensor,jetson_ina3221_vdd_in,results/configs/tier_e_core4_hgb_mlp_timed/expanded.yaml,d303b92a26705759f970055ffa3d6af303caa89273be58a0b9a2ee2acf07655d,,,,0.0
TON_IoT,ton_iot_attack_family_holdout_full,4,hist_gradient_boosting,a0_clean,jetson_orin_nx_super_ina3221_20260608t140153z,0.954210695866559,0.9611397012466536,0.9576751985566064,0.0,1.0,0.0010963697204713,912101.0744168274,0.8258800506591797,7.885391547583102e-05,0.7616059750669265,0.941818200416196,36043,0,1.0,1.0,1.0,1.0,8,1,python_sklearn_cpu,measured_onboard_sensor,jetson_ina3221_vdd_in,results/configs/tier_e_core4_hgb_mlp_timed/expanded.yaml,1cb8df7b674e28ccf3999788420ff577268c32424e356c096d0fbd1193ec0a8c,,,,0.0
TON_IoT,ton_iot_attack_family_holdout_full,5,hist_gradient_boosting,a0_clean,jetson_orin_nx_super_ina3221_20260608t140153z,0.974460212195013,0.9780745426032408,0.976267377399127,0.0,1.0,0.001007615459939,992442.0969686906,0.8259315490722656,7.885391547583102e-05,0.4061091479351803,0.9675204962858912,36043,0,1.0,1.0,1.0,1.0,8,1,python_sklearn_cpu,measured_onboard_sensor,jetson_ina3221_vdd_in,results/configs/tier_e_core4_hgb_mlp_timed/expanded.yaml,91ec0b83e77b7feab871dba7efde4e4fe93c55e9300845d2c42dd26dfa921e73,,,,0.0
TON_IoT,ton_iot_attack_family_holdout_full,6,hist_gradient_boosting,a0_clean,jetson_orin_nx_super_ina3221_20260608t140153z,0.9822142369358866,0.9846183544805082,0.9834162957081972,0.0,1.0,0.001030836377537,970086.0600101218,0.8259315490722656,7.885391547583102e-05,0.2758329103898367,0.9772748909314288,36043,0,1.0,1.0,1.0,1.0,8,1,python_sklearn_cpu,measured_onboard_sensor,jetson_ina3221_vdd_in,results/configs/tier_e_core4_hgb_mlp_timed/expanded.yaml,eed43062033afd51054d93b4068cff75b135ed7426b222aee49205ce01455556,,,,0.0
TON_IoT,ton_iot_attack_family_holdout_full,7,hist_gradient_boosting,a0_clean,jetson_orin_nx_super_ina3221_20260608t140153z,0.9743808713780552,0.9781181295442664,0.9762495004611608,0.0,1.0,0.0014082575634515,710097.3756171829,0.8259315490722656,7.885391547583102e-05,0.41243740911467,0.967375218821562,36043,0,1.0,1.0,1.0,1.0,8,1,python_sklearn_cpu,measured_onboard_sensor,jetson_ina3221_vdd_in,results/configs/tier_e_core4_hgb_mlp_timed/expanded.yaml,2fb4d100674949176f6c4fd647d3e69d17c899bd5d529536408d83d693ffdc95,,,,0.0
TON_IoT,ton_iot_attack_family_holdout_full,8,hist_gradient_boosting,a0_clean,jetson_orin_nx_super_ina3221_20260608t140153z,0.9601471976359712,0.966124186982211,0.9631356923090912,0.0,1.0,0.0010789728251894,926807.4011265544,0.8259315490722656,7.885391547583102e-05,0.6571162603557794,0.9493685201713018,36043,0,1.0,1.0,1.0,1.0,8,1,python_sklearn_cpu,measured_onboard_sensor,jetson_ina3221_vdd_in,results/configs/tier_e_core4_hgb_mlp_timed/expanded.yaml,afad0a6044b7d2028cde41a75950f81adb42900728f136683d00756b6551a171,,,,0.0
TON_IoT,ton_iot_attack_family_holdout_full,9,hist_gradient_boosting,a0_clean,jetson_orin_nx_super_ina3221_20260608t140153z,0.974458101004328,0.978026680289566,0.976242390646947,0.0,1.0,0.0010122899364256,987859.2723454172,0.8259315490722656,7.885391547583102e-05,0.4040663942086838,0.9675363548621848,36043,0,1.0,1.0,1.0,1.0,8,1,python_sklearn_cpu,measured_onboard_sensor,jetson_ina3221_vdd_in,results/configs/tier_e_core4_hgb_mlp_timed/expanded.yaml,cfd65d39d2615679dedf82f74e4eda711492a1f7e40d30e6fd1945da3a532bc8,,,,0.0
TON_IoT,ton_iot_attack_family_holdout_full,0,hist_gradient_boosting,a1_constrained_feature,jetson_orin_nx_super_ina3221_20260608t140153z,0.9600510110371314,0.9658518826529804,0.8473118958137249,0.2787072243346007,0.9998612768082568,0.0011046396491119,905272.5934687587,0.8259315490722656,7.885391547583102e-05,0.6499623469403919,0.874161591291567,36038,5,0.999916766084954,0.9999445107233028,1.0,1.0,8,1,python_sklearn_cpu,measured_onboard_sensor,jetson_ina3221_vdd_in,results/configs/tier_e_core4_hgb_mlp_timed/expanded.yaml,5d7ef13326a62fe67b086641ecbab539f8eed090359a55a029ee1a61dbda66ce,,,,0.0
TON_IoT,ton_iot_attack_family_holdout_full,1,hist_gradient_boosting,a1_constrained_feature,jetson_orin_nx_super_ina3221_20260608t140153z,0.952783810794394,0.95983217221879,0.8696754193634634,0.2383555133079848,0.999916766084954,0.0010573676233369,945744.8648220442,0.8259315490722656,7.885391547583102e-05,0.781756555624198,0.8837368866159341,36040,3,0.999916766084954,1.0,1.0,1.0,8,1,python_sklearn_cpu,measured_onboard_sensor,jetson_ina3221_vdd_in,results/configs/tier_e_core4_hgb_mlp_timed/expanded.yaml,4d0cbacdebde4e7676ad5505614b53275431520b78767fe691fab299c3d576ff,,,,0.0
TON_IoT,ton_iot_attack_family_holdout_full,2,hist_gradient_boosting,a1_constrained_feature,jetson_orin_nx_super_ina3221_20260608t140153z,0.9613935039507856,0.9670115493671688,0.8622235582732387,0.2511882129277566,0.9998890214466054,0.00102424488399,976329.016264581,0.8258800506591797,7.885391547583102e-05,0.6279690126566237,0.8847320886920635,36039,4,0.999916766084954,0.9999722553616514,1.0,1.0,8,1,python_sklearn_cpu,measured_onboard_sensor,jetson_ina3221_vdd_in,results/configs/tier_e_core4_hgb_mlp_timed/expanded.yaml,c7151b8a1ef4edcc221d9f41023c60ab82d07852fcdbcf57c2c0ca3bbe8ed8ee,,,,0.0
TON_IoT,ton_iot_attack_family_holdout_full,3,hist_gradient_boosting,a1_constrained_feature,jetson_orin_nx_super_ina3221_20260608t140153z,0.9541920060515796,0.9608620998273376,0.859597066886741,0.2559410646387832,0.999916766084954,0.0010315809203467,969385.9010729422,0.8259315490722656,7.885391547583102e-05,0.7497580034532466,0.8782526538148233,36040,3,0.999916766084954,1.0,1.0,1.0,8,1,python_sklearn_cpu,measured_onboard_sensor,jetson_ina3221_vdd_in,results/configs/tier_e_core4_hgb_mlp_timed/expanded.yaml,d303b92a26705759f970055ffa3d6af303caa89273be58a0b9a2ee2acf07655d,,,,0.0
TON_IoT,ton_iot_attack_family_holdout_full,4,hist_gradient_boosting,a1_constrained_feature,jetson_orin_nx_super_ina3221_20260608t140153z,0.954210695866559,0.9611397012466536,0.8390302985838927,0.2955798479087452,0.999916766084954,0.0010963697204713,912101.0744168274,0.8258800506591797,7.885391547583102e-05,0.7616059750669265,0.8646990154339321,36040,3,0.999916766084954,1.0,1.0,1.0,8,1,python_sklearn_cpu,measured_onboard_sensor,jetson_ina3221_vdd_in,results/configs/tier_e_core4_hgb_mlp_timed/expanded.yaml,1cb8df7b674e28ccf3999788420ff577268c32424e356c096d0fbd1193ec0a8c,,,,0.0
TON_IoT,ton_iot_attack_family_holdout_full,5,hist_gradient_boosting,a1_constrained_feature,jetson_orin_nx_super_ina3221_20260608t140153z,0.974460212195013,0.9780745426032408,0.8795076064143911,0.219106463878327,0.999916766084954,0.001007615459939,992442.0969686906,0.8259315490722656,7.885391547583102e-05,0.4061091479351803,0.9046266451458128,36040,3,0.999916766084954,1.0,1.0,1.0,8,1,python_sklearn_cpu,measured_onboard_sensor,jetson_ina3221_vdd_in,results/configs/tier_e_core4_hgb_mlp_timed/expanded.yaml,91ec0b83e77b7feab871dba7efde4e4fe93c55e9300845d2c42dd26dfa921e73,,,,0.0
TON_IoT,ton_iot_attack_family_holdout_full,6,hist_gradient_boosting,a1_constrained_feature,jetson_orin_nx_super_ina3221_20260608t140153z,0.9822142369358866,0.9846183544805082,0.8587595168438842,0.2576045627376426,0.999916766084954,0.001030836377537,970086.0600101218,0.8259315490722656,7.885391547583102e-05,0.2758329103898367,0.8962479846696253,36040,3,0.999916766084954,1.0,1.0,1.0,8,1,python_sklearn_cpu,measured_onboard_sensor,jetson_ina3221_vdd_in,results/configs/tier_e_core4_hgb_mlp_timed/expanded.yaml,eed43062033afd51054d93b4068cff75b135ed7426b222aee49205ce01455556,,,,0.0
TON_IoT,ton_iot_attack_family_holdout_full,7,hist_gradient_boosting,a1_constrained_feature,jetson_orin_nx_super_ina3221_20260608t140153z,0.9743808713780552,0.9781181295442664,0.798749011801244,0.3685836501901141,0.999916766084954,0.0014082575634515,710097.3756171829,0.8259315490722656,7.885391547583102e-05,0.41243740911467,0.8519999011926158,36040,3,0.999916766084954,1.0,1.0,1.0,8,1,python_sklearn_cpu,measured_onboard_sensor,jetson_ina3221_vdd_in,results/configs/tier_e_core4_hgb_mlp_timed/expanded.yaml,2fb4d100674949176f6c4fd647d3e69d17c899bd5d529536408d83d693ffdc95,,,,0.0
TON_IoT,ton_iot_attack_family_holdout_full,8,hist_gradient_boosting,a1_constrained_feature,jetson_orin_nx_super_ina3221_20260608t140153z,0.9601471976359712,0.966124186982211,0.8446055144569249,0.2848384030418251,0.9998890214466054,0.0010789728251894,926807.4011265544,0.8259315490722656,7.885391547583102e-05,0.6571162603557794,0.8723239045673937,36039,4,0.999916766084954,0.9999722553616514,1.0,1.0,8,1,python_sklearn_cpu,measured_onboard_sensor,jetson_ina3221_vdd_in,results/configs/tier_e_core4_hgb_mlp_timed/expanded.yaml,afad0a6044b7d2028cde41a75950f81adb42900728f136683d00756b6551a171,,,,0.0
TON_IoT,ton_iot_attack_family_holdout_full,9,hist_gradient_boosting,a1_constrained_feature,jetson_orin_nx_super_ina3221_20260608t140153z,0.974458101004328,0.978026680289566,0.8653204657812992,0.2451045627376425,0.999833532169908,0.0010122899364256,987859.2723454172,0.8259315490722656,7.885391547583102e-05,0.4040663942086838,0.8954371036995138,36037,6,0.999916766084954,0.999916766084954,1.0,1.0,8,1,python_sklearn_cpu,measured_onboard_sensor,jetson_ina3221_vdd_in,results/configs/tier_e_core4_hgb_mlp_timed/expanded.yaml,cfd65d39d2615679dedf82f74e4eda711492a1f7e40d30e6fd1945da3a532bc8,,,,0.0
TON_IoT,ton_iot_attack_family_holdout_full,0,hist_gradient_boosting,a1_constrained_score_search,jetson_orin_nx_super_ina3221_20260608t140153z,0.9600510110371314,0.9658518826529804,0.6571278282522692,0.6170152091254753,0.9998612768082568,0.0011046396491119,905272.5934687587,0.8259315490722656,7.885391547583102e-05,0.6499623469403919,0.7505419473766208,36038,5,0.999916766084954,0.9999445107233028,1.0,1.0,8,1,python_sklearn_cpu,measured_onboard_sensor,jetson_ina3221_vdd_in,results/configs/tier_e_core4_hgb_mlp_timed/expanded.yaml,5d7ef13326a62fe67b086641ecbab539f8eed090359a55a029ee1a61dbda66ce,,,,0.0
TON_IoT,ton_iot_attack_family_holdout_full,1,hist_gradient_boosting,a1_constrained_score_search,jetson_orin_nx_super_ina3221_20260608t140153z,0.952783810794394,0.95983217221879,0.7319703987236442,0.4889258555133079,0.999916766084954,0.0010573676233369,945744.8648220442,0.8259315490722656,7.885391547583102e-05,0.781756555624198,0.7942286232000516,36040,3,0.999916766084954,1.0,1.0,1.0,8,1,python_sklearn_cpu,measured_onboard_sensor,jetson_ina3221_vdd_in,results/configs/tier_e_core4_hgb_mlp_timed/expanded.yaml,4d0cbacdebde4e7676ad5505614b53275431520b78767fe691fab299c3d576ff,,,,0.0
TON_IoT,ton_iot_attack_family_holdout_full,2,hist_gradient_boosting,a1_constrained_score_search,jetson_orin_nx_super_ina3221_20260608t140153z,0.9613935039507856,0.9670115493671688,0.7022017558873567,0.5401615969581749,0.9998890214466054,0.00102424488399,976329.016264581,0.8258800506591797,7.885391547583102e-05,0.6279690126566237,0.7807179171412403,36039,4,0.999916766084954,0.9999722553616514,1.0,1.0,8,1,python_sklearn_cpu,measured_onboard_sensor,jetson_ina3221_vdd_in,results/configs/tier_e_core4_hgb_mlp_timed/expanded.yaml,c7151b8a1ef4edcc221d9f41023c60ab82d07852fcdbcf57c2c0ca3bbe8ed8ee,,,,0.0
TON_IoT,ton_iot_attack_family_holdout_full,3,hist_gradient_boosting,a1_constrained_score_search,jetson_orin_nx_super_ina3221_20260608t140153z,0.9541920060515796,0.9608620998273376,0.7201776211072553,0.5086977186311787,0.999916766084954,0.0010315809203467,969385.9010729422,0.8259315490722656,7.885391547583102e-05,0.7497580034532466,0.7876300140581576,36040,3,0.999916766084954,1.0,1.0,1.0,8,1,python_sklearn_cpu,measured_onboard_sensor,jetson_ina3221_vdd_in,results/configs/tier_e_core4_hgb_mlp_timed/expanded.yaml,d303b92a26705759f970055ffa3d6af303caa89273be58a0b9a2ee2acf07655d,,,,0.0
TON_IoT,ton_iot_attack_family_holdout_full,4,hist_gradient_boosting,a1_constrained_score_search,jetson_orin_nx_super_ina3221_20260608t140153z,0.954210695866559,0.9611397012466536,0.6712034809973484,0.5946768060836501,0.999916766084954,0.0010963697204713,912101.0744168274,0.8258800506591797,7.885391547583102e-05,0.7616059750669265,0.7556115840026784,36040,3,0.999916766084954,1.0,1.0,1.0,8,1,python_sklearn_cpu,measured_onboard_sensor,jetson_ina3221_vdd_in,results/configs/tier_e_core4_hgb_mlp_timed/expanded.yaml,1cb8df7b674e28ccf3999788420ff577268c32424e356c096d0fbd1193ec0a8c,,,,0.0
TON_IoT,ton_iot_attack_family_holdout_full,5,hist_gradient_boosting,a1_constrained_score_search,jetson_orin_nx_super_ina3221_20260608t140153z,0.974460212195013,0.9780745426032408,0.6951713995090939,0.5522813688212928,0.999916766084954,0.001007615459939,992442.0969686906,0.8259315490722656,7.885391547583102e-05,0.4061091479351803,0.7848081106573698,36040,3,0.999916766084954,1.0,1.0,1.0,8,1,python_sklearn_cpu,measured_onboard_sensor,jetson_ina3221_vdd_in,results/configs/tier_e_core4_hgb_mlp_timed/expanded.yaml,91ec0b83e77b7feab871dba7efde4e4fe93c55e9300845d2c42dd26dfa921e73,,,,0.0
TON_IoT,ton_iot_attack_family_holdout_full,6,hist_gradient_boosting,a1_constrained_score_search,jetson_orin_nx_super_ina3221_20260608t140153z,0.9822142369358866,0.9846183544805082,0.6205331897847486,0.6774714828897338,0.999916766084954,0.001030836377537,970086.0600101218,0.8259315490722656,7.885391547583102e-05,0.2758329103898367,0.7414008720811872,36040,3,0.999916766084954,1.0,1.0,1.0,8,1,python_sklearn_cpu,measured_onboard_sensor,jetson_ina3221_vdd_in,results/configs/tier_e_core4_hgb_mlp_timed/expanded.yaml,eed43062033afd51054d93b4068cff75b135ed7426b222aee49205ce01455556,,,,0.0
TON_IoT,ton_iot_attack_family_holdout_full,7,hist_gradient_boosting,a1_constrained_score_search,jetson_orin_nx_super_ina3221_20260608t140153z,0.9743808713780552,0.9781181295442664,0.543416613788561,0.7983840304182509,0.999916766084954,0.0014082575634515,710097.3756171829,0.8259315490722656,7.885391547583102e-05,0.41243740911467,0.6860338424843719,36040,3,0.999916766084954,1.0,1.0,1.0,8,1,python_sklearn_cpu,measured_onboard_sensor,jetson_ina3221_vdd_in,results/configs/tier_e_core4_hgb_mlp_timed/expanded.yaml,2fb4d100674949176f6c4fd647d3e69d17c899bd5d529536408d83d693ffdc95,,,,0.0
TON_IoT,ton_iot_attack_family_holdout_full,8,hist_gradient_boosting,a1_constrained_score_search,jetson_orin_nx_super_ina3221_20260608t140153z,0.9601471976359712,0.966124186982211,0.6470307974148061,0.6348384030418252,0.9998890214466054,0.0010789728251894,926807.4011265544,0.8259315490722656,7.885391547583102e-05,0.6571162603557794,0.7439003384900166,36039,4,0.999916766084954,0.9999722553616514,1.0,1.0,8,1,python_sklearn_cpu,measured_onboard_sensor,jetson_ina3221_vdd_in,results/configs/tier_e_core4_hgb_mlp_timed/expanded.yaml,afad0a6044b7d2028cde41a75950f81adb42900728f136683d00756b6551a171,,,,0.0
TON_IoT,ton_iot_attack_family_holdout_full,9,hist_gradient_boosting,a1_constrained_score_search,jetson_orin_nx_super_ina3221_20260608t140153z,0.974458101004328,0.978026680289566,0.6596691533896817,0.6125,0.999833532169908,0.0010122899364256,987859.2723454172,0.8259315490722656,7.885391547583102e-05,0.4040663942086838,0.7617637506449625,36037,6,0.999916766084954,0.999916766084954,1.0,1.0,8,1,python_sklearn_cpu,measured_onboard_sensor,jetson_ina3221_vdd_in,results/configs/tier_e_core4_hgb_mlp_timed/expanded.yaml,cfd65d39d2615679dedf82f74e4eda711492a1f7e40d30e6fd1945da3a532bc8,,,,0.0
TON_IoT,ton_iot_attack_family_holdout_full,0,hist_gradient_boosting,a4_split_shift,jetson_orin_nx_super_ina3221_20260608t140153z,0.9600510110371314,0.9658518826529804,0.962951446845056,0.0,1.0,0.0011046396491119,905272.5934687587,0.8259315490722656,7.885391547583102e-05,0.6499623469403919,0.9493272994619322,36043,0,1.0,1.0,1.0,1.0,8,1,python_sklearn_cpu,measured_onboard_sensor,jetson_ina3221_vdd_in,results/configs/tier_e_core4_hgb_mlp_timed/expanded.yaml,5d7ef13326a62fe67b086641ecbab539f8eed090359a55a029ee1a61dbda66ce,attack_type_holdout,train,test,0.0
TON_IoT,ton_iot_attack_family_holdout_full,1,hist_gradient_boosting,a4_split_shift,jetson_orin_nx_super_ina3221_20260608t140153z,0.952783810794394,0.95983217221879,0.9563079915065922,0.0,1.0,0.0010573676233369,945744.8648220442,0.8259315490722656,7.885391547583102e-05,0.781756555624198,0.9400480585089678,36043,0,1.0,1.0,1.0,1.0,8,1,python_sklearn_cpu,measured_onboard_sensor,jetson_ina3221_vdd_in,results/configs/tier_e_core4_hgb_mlp_timed/expanded.yaml,4d0cbacdebde4e7676ad5505614b53275431520b78767fe691fab299c3d576ff,attack_type_holdout,train,test,0.0
TON_IoT,ton_iot_attack_family_holdout_full,2,hist_gradient_boosting,a4_split_shift,jetson_orin_nx_super_ina3221_20260608t140153z,0.9613935039507856,0.9670115493671688,0.9642025266589772,0.0,1.0,0.00102424488399,976329.016264581,0.8258800506591797,7.885391547583102e-05,0.6279690126566237,0.9510184181427936,36043,0,1.0,1.0,1.0,1.0,8,1,python_sklearn_cpu,measured_onboard_sensor,jetson_ina3221_vdd_in,results/configs/tier_e_core4_hgb_mlp_timed/expanded.yaml,c7151b8a1ef4edcc221d9f41023c60ab82d07852fcdbcf57c2c0ca3bbe8ed8ee,attack_type_holdout,train,test,0.0
TON_IoT,ton_iot_attack_family_holdout_full,3,hist_gradient_boosting,a4_split_shift,jetson_orin_nx_super_ina3221_20260608t140153z,0.9541920060515796,0.9608620998273376,0.9575270529394586,0.0,1.0,0.0010315809203467,969385.9010729422,0.8259315490722656,7.885391547583102e-05,0.7497580034532466,0.9419071447490898,36043,0,1.0,1.0,1.0,1.0,8,1,python_sklearn_cpu,measured_onboard_sensor,jetson_ina3221_vdd_in,results/configs/tier_e_core4_hgb_mlp_timed/expanded.yaml,d303b92a26705759f970055ffa3d6af303caa89273be58a0b9a2ee2acf07655d,attack_type_holdout,train,test,0.0
TON_IoT,ton_iot_attack_family_holdout_full,4,hist_gradient_boosting,a4_split_shift,jetson_orin_nx_super_ina3221_20260608t140153z,0.954210695866559,0.9611397012466536,0.9576751985566064,0.0,1.0,0.0010963697204713,912101.0744168274,0.8258800506591797,7.885391547583102e-05,0.7616059750669265,0.941818200416196,36043,0,1.0,1.0,1.0,1.0,8,1,python_sklearn_cpu,measured_onboard_sensor,jetson_ina3221_vdd_in,results/configs/tier_e_core4_hgb_mlp_timed/expanded.yaml,1cb8df7b674e28ccf3999788420ff577268c32424e356c096d0fbd1193ec0a8c,attack_type_holdout,train,test,0.0
TON_IoT,ton_iot_attack_family_holdout_full,5,hist_gradient_boosting,a4_split_shift,jetson_orin_nx_super_ina3221_20260608t140153z,0.974460212195013,0.9780745426032408,0.976267377399127,0.0,1.0,0.001007615459939,992442.0969686906,0.8259315490722656,7.885391547583102e-05,0.4061091479351803,0.9675204962858912,36043,0,1.0,1.0,1.0,1.0,8,1,python_sklearn_cpu,measured_onboard_sensor,jetson_ina3221_vdd_in,results/configs/tier_e_core4_hgb_mlp_timed/expanded.yaml,91ec0b83e77b7feab871dba7efde4e4fe93c55e9300845d2c42dd26dfa921e73,attack_type_holdout,train,test,0.0
TON_IoT,ton_iot_attack_family_holdout_full,6,hist_gradient_boosting,a4_split_shift,jetson_orin_nx_super_ina3221_20260608t140153z,0.9822142369358866,0.9846183544805082,0.9834162957081972,0.0,1.0,0.001030836377537,970086.0600101218,0.8259315490722656,7.885391547583102e-05,0.2758329103898367,0.9772748909314288,36043,0,1.0,1.0,1.0,1.0,8,1,python_sklearn_cpu,measured_onboard_sensor,jetson_ina3221_vdd_in,results/configs/tier_e_core4_hgb_mlp_timed/expanded.yaml,eed43062033afd51054d93b4068cff75b135ed7426b222aee49205ce01455556,attack_type_holdout,train,test,0.0
TON_IoT,ton_iot_attack_family_holdout_full,7,hist_gradient_boosting,a4_split_shift,jetson_orin_nx_super_ina3221_20260608t140153z,0.9743808713780552,0.9781181295442664,0.9762495004611608,0.0,1.0,0.0014082575634515,710097.3756171829,0.8259315490722656,7.885391547583102e-05,0.41243740911467,0.967375218821562,36043,0,1.0,1.0,1.0,1.0,8,1,python_sklearn_cpu,measured_onboard_sensor,jetson_ina3221_vdd_in,results/configs/tier_e_core4_hgb_mlp_timed/expanded.yaml,2fb4d100674949176f6c4fd647d3e69d17c899bd5d529536408d83d693ffdc95,attack_type_holdout,train,test,0.0
TON_IoT,ton_iot_attack_family_holdout_full,8,hist_gradient_boosting,a4_split_shift,jetson_orin_nx_super_ina3221_20260608t140153z,0.9601471976359712,0.966124186982211,0.9631356923090912,0.0,1.0,0.0010789728251894,926807.4011265544,0.8259315490722656,7.885391547583102e-05,0.6571162603557794,0.9493685201713018,36043,0,1.0,1.0,1.0,1.0,8,1,python_sklearn_cpu,measured_onboard_sensor,jetson_ina3221_vdd_in,results/configs/tier_e_core4_hgb_mlp_timed/expanded.yaml,afad0a6044b7d2028cde41a75950f81adb42900728f136683d00756b6551a171,attack_type_holdout,train,test,0.0
TON_IoT,ton_iot_attack_family_holdout_full,9,hist_gradient_boosting,a4_split_shift,jetson_orin_nx_super_ina3221_20260608t140153z,0.974458101004328,0.978026680289566,0.976242390646947,0.0,1.0,0.0010122899364256,987859.2723454172,0.8259315490722656,7.885391547583102e-05,0.4040663942086838,0.9675363548621848,36043,0,1.0,1.0,1.0,1.0,8,1,python_sklearn_cpu,measured_onboard_sensor,jetson_ina3221_vdd_in,results/configs/tier_e_core4_hgb_mlp_timed/expanded.yaml,cfd65d39d2615679dedf82f74e4eda711492a1f7e40d30e6fd1945da3a532bc8,attack_type_holdout,train,test,0.0
TON_IoT,ton_iot_attack_family_holdout_full,0,logistic_regression,a0_clean,jetson_orin_nx_super_ina3221_20260608t140153z,0.8647622393621135,0.8811193286762027,0.8729407840191581,0.0,1.0,0.0001403947710166,7122772.399277185,0.8263931274414062,7.885391547583102e-05,2.165813426475946,0.8290015846289369,36043,0,1.0,1.0,1.0,1.0,8,1,python_sklearn_cpu,measured_onboard_sensor,jetson_ina3221_vdd_in,results/configs/tier_e_core4_hgb_mlp_timed/expanded.yaml,5d7ef13326a62fe67b086641ecbab539f8eed090359a55a029ee1a61dbda66ce,,,,0.0
TON_IoT,ton_iot_attack_family_holdout_full,1,logistic_regression,a0_clean,jetson_orin_nx_super_ina3221_20260608t140153z,0.8655536599633054,0.8820718069350062,0.8738127334491558,0.0,1.0,0.0001350226846043,7406162.919441767,0.8262901306152344,7.885391547583102e-05,2.164763861299878,0.8298945456899585,36043,0,1.0,1.0,1.0,1.0,8,1,python_sklearn_cpu,measured_onboard_sensor,jetson_ina3221_vdd_in,results/configs/tier_e_core4_hgb_mlp_timed/expanded.yaml,4d0cbacdebde4e7676ad5505614b53275431520b78767fe691fab299c3d576ff,,,,0.0
TON_IoT,ton_iot_attack_family_holdout_full,2,logistic_regression,a0_clean,jetson_orin_nx_super_ina3221_20260608t140153z,0.8655921526902719,0.8819183069587669,0.8737552298245195,0.0,1.0,0.0001358450619721,7361327.570412774,0.8264446258544922,7.885391547583102e-05,2.155233860824661,0.8300276266710812,36043,0,1.0,1.0,1.0,1.0,8,1,python_sklearn_cpu,measured_onboard_sensor,jetson_ina3221_vdd_in,results/configs/tier_e_core4_hgb_mlp_timed/expanded.yaml,c7151b8a1ef4edcc221d9f41023c60ab82d07852fcdbcf57c2c0ca3bbe8ed8ee,,,,0.0
TON_IoT,ton_iot_attack_family_holdout_full,3,logistic_regression,a0_clean,jetson_orin_nx_super_ina3221_20260608t140153z,0.8651548705431253,0.8815572779546643,0.8733560742488948,0.0,1.0,0.0001358694303639,7360007.304961675,0.8263416290283203,7.885391547583102e-05,2.163654440906715,0.829460068568989,36043,0,1.0,1.0,1.0,1.0,8,1,python_sklearn_cpu,measured_onboard_sensor,jetson_ina3221_vdd_in,results/configs/tier_e_core4_hgb_mlp_timed/expanded.yaml,d303b92a26705759f970055ffa3d6af303caa89273be58a0b9a2ee2acf07655d,,,,0.0
TON_IoT,ton_iot_attack_family_holdout_full,4,logistic_regression,a0_clean,jetson_orin_nx_super_ina3221_20260608t140153z,0.8647442086499149,0.8812104373584249,0.8729773230041699,0.0,1.0,0.0001356744661914,7370583.6335389875,0.8263931274414062,7.885391547583102e-05,2.171191252831504,0.8289305769293016,36043,0,1.0,1.0,1.0,1.0,8,1,python_sklearn_cpu,measured_onboard_sensor,jetson_ina3221_vdd_in,results/configs/tier_e_core4_hgb_mlp_timed/expanded.yaml,1cb8df7b674e28ccf3999788420ff577268c32424e356c096d0fbd1193ec0a8c,,,,0.0
TON_IoT,ton_iot_attack_family_holdout_full,5,logistic_regression,a0_clean,jetson_orin_nx_super_ina3221_20260608t140153z,0.8646963111556893,0.8812490677818435,0.8729726894687664,0.0,1.0,0.0001399031494,7147801.920747742,0.8263931274414062,7.885391547583102e-05,2.175818644363129,0.8288333867458979,36043,0,1.0,1.0,1.0,1.0,8,1,python_sklearn_cpu,measured_onboard_sensor,jetson_ina3221_vdd_in,results/configs/tier_e_core4_hgb_mlp_timed/expanded.yaml,91ec0b83e77b7feab871dba7efde4e4fe93c55e9300845d2c42dd26dfa921e73,,,,0.0
TON_IoT,ton_iot_attack_family_holdout_full,6,logistic_regression,a0_clean,jetson_orin_nx_super_ina3221_20260608t140153z,0.8655795502232864,0.8820764228801343,0.8738279865517103,0.0,1.0,0.0001362869603125,7337459.120862992,0.8263931274414062,7.885391547583102e-05,2.163471542397313,0.829935633408394,36043,0,1.0,1.0,1.0,1.0,8,1,python_sklearn_cpu,measured_onboard_sensor,jetson_ina3221_vdd_in,results/configs/tier_e_core4_hgb_mlp_timed/expanded.yaml,eed43062033afd51054d93b4068cff75b135ed7426b222aee49205ce01455556,,,,0.0
TON_IoT,ton_iot_attack_family_holdout_full,7,logistic_regression,a0_clean,jetson_orin_nx_super_ina3221_20260608t140153z,0.8653766513398485,0.8817760823076557,0.8735763668237522,0.0,1.0,0.0001361512731404,7344771.568670644,0.8264446258544922,7.885391547583102e-05,2.161078353846885,0.8297318731713783,36043,0,1.0,1.0,1.0,1.0,8,1,python_sklearn_cpu,measured_onboard_sensor,jetson_ina3221_vdd_in,results/configs/tier_e_core4_hgb_mlp_timed/expanded.yaml,2fb4d100674949176f6c4fd647d3e69d17c899bd5d529536408d83d693ffdc95,,,,0.0
TON_IoT,ton_iot_attack_family_holdout_full,8,logistic_regression,a0_clean,jetson_orin_nx_super_ina3221_20260608t140153z,0.8659263515420357,0.8825817199702197,0.8742540357561277,0.0,1.0,0.0001354077645449,7385100.87187683,0.8264961242675781,7.885391547583102e-05,2.167165600595606,0.8302877941561031,36043,0,1.0,1.0,1.0,1.0,8,1,python_sklearn_cpu,measured_onboard_sensor,jetson_ina3221_vdd_in,results/configs/tier_e_core4_hgb_mlp_timed/expanded.yaml,afad0a6044b7d2028cde41a75950f81adb42900728f136683d00756b6551a171,,,,0.0
TON_IoT,ton_iot_attack_family_holdout_full,9,logistic_regression,a0_clean,jetson_orin_nx_super_ina3221_20260608t140153z,0.8647559056540872,0.8810427489743224,0.8728993273142048,0.0,1.0,0.000149881493802,6671937.773190944,0.8263931274414062,7.885391547583102e-05,2.1625450205135515,0.8290254762621654,36043,0,1.0,1.0,1.0,1.0,8,1,python_sklearn_cpu,measured_onboard_sensor,jetson_ina3221_vdd_in,results/configs/tier_e_core4_hgb_mlp_timed/expanded.yaml,cfd65d39d2615679dedf82f74e4eda711492a1f7e40d30e6fd1945da3a532bc8,,,,0.0
TON_IoT,ton_iot_attack_family_holdout_full,0,logistic_regression,a1_constrained_feature,jetson_orin_nx_super_ina3221_20260608t140153z,0.8647622393621135,0.8811193286762027,0.8723599768070711,0.2153041825095057,0.9998612768082568,0.0001403947710166,7122772.399277185,0.8263931274414062,7.885391547583102e-05,2.165813426475946,0.8286240599410803,36038,5,0.999916766084954,0.9999445107233028,1.0,1.0,8,1,python_sklearn_cpu,measured_onboard_sensor,jetson_ina3221_vdd_in,results/configs/tier_e_core4_hgb_mlp_timed/expanded.yaml,5d7ef13326a62fe67b086641ecbab539f8eed090359a55a029ee1a61dbda66ce,,,,0.0
TON_IoT,ton_iot_attack_family_holdout_full,1,logistic_regression,a1_constrained_feature,jetson_orin_nx_super_ina3221_20260608t140153z,0.8655536599633054,0.8820718069350062,0.872724820404242,0.2163498098859315,0.999916766084954,0.0001350226846043,7406162.919441767,0.8262901306152344,7.885391547583102e-05,2.164763861299878,0.8291874022107646,36040,3,0.999916766084954,1.0,1.0,1.0,8,1,python_sklearn_cpu,measured_onboard_sensor,jetson_ina3221_vdd_in,results/configs/tier_e_core4_hgb_mlp_timed/expanded.yaml,4d0cbacdebde4e7676ad5505614b53275431520b78767fe691fab299c3d576ff,,,,0.0
TON_IoT,ton_iot_attack_family_holdout_full,2,logistic_regression,a1_constrained_feature,jetson_orin_nx_super_ina3221_20260608t140153z,0.8655921526902719,0.8819183069587669,0.8732537816993978,0.2141634980988593,0.9998890214466054,0.0001358450619721,7361327.570412774,0.8264446258544922,7.885391547583102e-05,2.155233860824661,0.8297016853897522,36039,4,0.999916766084954,0.9999722553616514,1.0,1.0,8,1,python_sklearn_cpu,measured_onboard_sensor,jetson_ina3221_vdd_in,results/configs/tier_e_core4_hgb_mlp_timed/expanded.yaml,c7151b8a1ef4edcc221d9f41023c60ab82d07852fcdbcf57c2c0ca3bbe8ed8ee,,,,0.0
TON_IoT,ton_iot_attack_family_holdout_full,3,logistic_regression,a1_constrained_feature,jetson_orin_nx_super_ina3221_20260608t140153z,0.8651548705431253,0.8815572779546643,0.8732665927402483,0.2142585551330798,0.999916766084954,0.0001358694303639,7360007.304961675,0.8263416290283203,7.885391547583102e-05,2.163654440906715,0.8294019055883688,36040,3,0.999916766084954,1.0,1.0,1.0,8,1,python_sklearn_cpu,measured_onboard_sensor,jetson_ina3221_vdd_in,results/configs/tier_e_core4_hgb_mlp_timed/expanded.yaml,d303b92a26705759f970055ffa3d6af303caa89273be58a0b9a2ee2acf07655d,,,,0.0
TON_IoT,ton_iot_attack_family_holdout_full,4,logistic_regression,a1_constrained_feature,jetson_orin_nx_super_ina3221_20260608t140153z,0.8647442086499149,0.8812104373584249,0.8733229637087602,0.2142110266159695,0.999916766084954,0.0001356744661914,7370583.6335389875,0.8263931274414062,7.885391547583102e-05,2.171191252831504,0.8291552433872855,36040,3,0.999916766084954,1.0,1.0,1.0,8,1,python_sklearn_cpu,measured_onboard_sensor,jetson_ina3221_vdd_in,results/configs/tier_e_core4_hgb_mlp_timed/expanded.yaml,1cb8df7b674e28ccf3999788420ff577268c32424e356c096d0fbd1193ec0a8c,,,,0.0
TON_IoT,ton_iot_attack_family_holdout_full,5,logistic_regression,a1_constrained_feature,jetson_orin_nx_super_ina3221_20260608t140153z,0.8646963111556893,0.8812490677818435,0.8727039304067059,0.2158745247148289,0.999916766084954,0.0001399031494,7147801.920747742,0.8263931274414062,7.885391547583102e-05,2.175818644363129,0.8286586933555586,36040,3,0.999916766084954,1.0,1.0,1.0,8,1,python_sklearn_cpu,measured_onboard_sensor,jetson_ina3221_vdd_in,results/configs/tier_e_core4_hgb_mlp_timed/expanded.yaml,91ec0b83e77b7feab871dba7efde4e4fe93c55e9300845d2c42dd26dfa921e73,,,,0.0
TON_IoT,ton_iot_attack_family_holdout_full,6,logistic_regression,a1_constrained_feature,jetson_orin_nx_super_ina3221_20260608t140153z,0.8655795502232864,0.8820764228801343,0.8733801064779722,0.2150190114068441,0.999916766084954,0.0001362869603125,7337459.120862992,0.8263931274414062,7.885391547583102e-05,2.163471542397313,0.8296445113604642,36040,3,0.999916766084954,1.0,1.0,1.0,8,1,python_sklearn_cpu,measured_onboard_sensor,jetson_ina3221_vdd_in,results/configs/tier_e_core4_hgb_mlp_timed/expanded.yaml,eed43062033afd51054d93b4068cff75b135ed7426b222aee49205ce01455556,,,,0.0
TON_IoT,ton_iot_attack_family_holdout_full,7,logistic_regression,a1_constrained_feature,jetson_orin_nx_super_ina3221_20260608t140153z,0.8653766513398485,0.8817760823076557,0.8732309188980933,0.2144961977186311,0.999916766084954,0.0001361512731404,7344771.568670644,0.8264446258544922,7.885391547583102e-05,2.161078353846885,0.8295073320197001,36040,3,0.999916766084954,1.0,1.0,1.0,8,1,python_sklearn_cpu,measured_onboard_sensor,jetson_ina3221_vdd_in,results/configs/tier_e_core4_hgb_mlp_timed/expanded.yaml,2fb4d100674949176f6c4fd647d3e69d17c899bd5d529536408d83d693ffdc95,,,,0.0
TON_IoT,ton_iot_attack_family_holdout_full,8,logistic_regression,a1_constrained_feature,jetson_orin_nx_super_ina3221_20260608t140153z,0.8659263515420357,0.8825817199702197,0.8740853289247545,0.2150190114068441,0.9998890214466054,0.0001354077645449,7385100.87187683,0.8264961242675781,7.885391547583102e-05,2.167165600595606,0.8301781347157106,36039,4,0.999916766084954,0.9999722553616514,1.0,1.0,8,1,python_sklearn_cpu,measured_onboard_sensor,jetson_ina3221_vdd_in,results/configs/tier_e_core4_hgb_mlp_timed/expanded.yaml,afad0a6044b7d2028cde41a75950f81adb42900728f136683d00756b6551a171,,,,0.0
TON_IoT,ton_iot_attack_family_holdout_full,9,logistic_regression,a1_constrained_feature,jetson_orin_nx_super_ina3221_20260608t140153z,0.8647559056540872,0.8810427489743224,0.8722392533134782,0.2150665399239544,0.999833532169908,0.000149881493802,6671937.773190944,0.8263931274414062,7.885391547583102e-05,2.1625450205135515,0.8285964281616929,36037,6,0.999916766084954,0.999916766084954,1.0,1.0,8,1,python_sklearn_cpu,measured_onboard_sensor,jetson_ina3221_vdd_in,results/configs/tier_e_core4_hgb_mlp_timed/expanded.yaml,cfd65d39d2615679dedf82f74e4eda711492a1f7e40d30e6fd1945da3a532bc8,,,,0.0
TON_IoT,ton_iot_attack_family_holdout_full,0,logistic_regression,a1_constrained_score_search,jetson_orin_nx_super_ina3221_20260608t140153z,0.8647622393621135,0.8811193286762027,0.8681871114211756,0.223051330798479,0.9998612768082568,0.0001403947710166,7122772.399277185,0.8263931274414062,7.885391547583102e-05,2.165813426475946,0.8259116974402483,36038,5,0.999916766084954,0.9999445107233028,1.0,1.0,8,1,python_sklearn_cpu,measured_onboard_sensor,jetson_ina3221_vdd_in,results/configs/tier_e_core4_hgb_mlp_timed/expanded.yaml,5d7ef13326a62fe67b086641ecbab539f8eed090359a55a029ee1a61dbda66ce,,,,0.0
TON_IoT,ton_iot_attack_family_holdout_full,1,logistic_regression,a1_constrained_score_search,jetson_orin_nx_super_ina3221_20260608t140153z,0.8655536599633054,0.8820718069350062,0.8687306578923975,0.223764258555133,0.999916766084954,0.0001350226846043,7406162.919441767,0.8262901306152344,7.885391547583102e-05,2.164763861299878,0.8265911965780657,36040,3,0.999916766084954,1.0,1.0,1.0,8,1,python_sklearn_cpu,measured_onboard_sensor,jetson_ina3221_vdd_in,results/configs/tier_e_core4_hgb_mlp_timed/expanded.yaml,4d0cbacdebde4e7676ad5505614b53275431520b78767fe691fab299c3d576ff,,,,0.0
TON_IoT,ton_iot_attack_family_holdout_full,2,logistic_regression,a1_constrained_score_search,jetson_orin_nx_super_ina3221_20260608t140153z,0.8655921526902719,0.8819183069587669,0.868517654924839,0.2229562737642585,0.9998890214466054,0.0001358450619721,7361327.570412774,0.8264446258544922,7.885391547583102e-05,2.155233860824661,0.8266232029862889,36039,4,0.999916766084954,0.9999722553616514,1.0,1.0,8,1,python_sklearn_cpu,measured_onboard_sensor,jetson_ina3221_vdd_in,results/configs/tier_e_core4_hgb_mlp_timed/expanded.yaml,c7151b8a1ef4edcc221d9f41023c60ab82d07852fcdbcf57c2c0ca3bbe8ed8ee,,,,0.0
TON_IoT,ton_iot_attack_family_holdout_full,3,logistic_regression,a1_constrained_score_search,jetson_orin_nx_super_ina3221_20260608t140153z,0.8651548705431253,0.8815572779546643,0.869580191751147,0.2211026615969581,0.999916766084954,0.0001358694303639,7360007.304961675,0.8263416290283203,7.885391547583102e-05,2.163654440906715,0.8270057449454529,36040,3,0.999916766084954,1.0,1.0,1.0,8,1,python_sklearn_cpu,measured_onboard_sensor,jetson_ina3221_vdd_in,results/configs/tier_e_core4_hgb_mlp_timed/expanded.yaml,d303b92a26705759f970055ffa3d6af303caa89273be58a0b9a2ee2acf07655d,,,,0.0
TON_IoT,ton_iot_attack_family_holdout_full,4,logistic_regression,a1_constrained_score_search,jetson_orin_nx_super_ina3221_20260608t140153z,0.8647442086499149,0.8812104373584249,0.8697389605235293,0.2208650190114068,0.999916766084954,0.0001356744661914,7370583.6335389875,0.8263931274414062,7.885391547583102e-05,2.171191252831504,0.8268256413168853,36040,3,0.999916766084954,1.0,1.0,1.0,8,1,python_sklearn_cpu,measured_onboard_sensor,jetson_ina3221_vdd_in,results/configs/tier_e_core4_hgb_mlp_timed/expanded.yaml,1cb8df7b674e28ccf3999788420ff577268c32424e356c096d0fbd1193ec0a8c,,,,0.0
TON_IoT,ton_iot_attack_family_holdout_full,5,logistic_regression,a1_constrained_score_search,jetson_orin_nx_super_ina3221_20260608t140153z,0.8646963111556893,0.8812490677818435,0.8685819440204984,0.2235266159695817,0.999916766084954,0.0001399031494,7147801.920747742,0.8263931274414062,7.885391547583102e-05,2.175818644363129,0.8259794022045237,36040,3,0.999916766084954,1.0,1.0,1.0,8,1,python_sklearn_cpu,measured_onboard_sensor,jetson_ina3221_vdd_in,results/configs/tier_e_core4_hgb_mlp_timed/expanded.yaml,91ec0b83e77b7feab871dba7efde4e4fe93c55e9300845d2c42dd26dfa921e73,,,,0.0
TON_IoT,ton_iot_attack_family_holdout_full,6,logistic_regression,a1_constrained_score_search,jetson_orin_nx_super_ina3221_20260608t140153z,0.8655795502232864,0.8820764228801343,0.8687715854032548,0.223574144486692,0.999916766084954,0.0001362869603125,7337459.120862992,0.8263931274414062,7.885391547583102e-05,2.163471542397313,0.826648972661898,36040,3,0.999916766084954,1.0,1.0,1.0,8,1,python_sklearn_cpu,measured_onboard_sensor,jetson_ina3221_vdd_in,results/configs/tier_e_core4_hgb_mlp_timed/expanded.yaml,eed43062033afd51054d93b4068cff75b135ed7426b222aee49205ce01455556,,,,0.0
TON_IoT,ton_iot_attack_family_holdout_full,7,logistic_regression,a1_constrained_score_search,jetson_orin_nx_super_ina3221_20260608t140153z,0.8653766513398485,0.8817760823076557,0.8698260784361551,0.2208174904942965,0.999916766084954,0.0001361512731404,7344771.568670644,0.8264446258544922,7.885391547583102e-05,2.161078353846885,0.8272941857194402,36040,3,0.999916766084954,1.0,1.0,1.0,8,1,python_sklearn_cpu,measured_onboard_sensor,jetson_ina3221_vdd_in,results/configs/tier_e_core4_hgb_mlp_timed/expanded.yaml,2fb4d100674949176f6c4fd647d3e69d17c899bd5d529536408d83d693ffdc95,,,,0.0
TON_IoT,ton_iot_attack_family_holdout_full,8,logistic_regression,a1_constrained_score_search,jetson_orin_nx_super_ina3221_20260608t140153z,0.8659263515420357,0.8825817199702197,0.8704494162173311,0.2217680608365019,0.9998890214466054,0.0001354077645449,7385100.87187683,0.8264961242675781,7.885391547583102e-05,2.167165600595606,0.8278147914558853,36039,4,0.999916766084954,0.9999722553616514,1.0,1.0,8,1,python_sklearn_cpu,measured_onboard_sensor,jetson_ina3221_vdd_in,results/configs/tier_e_core4_hgb_mlp_timed/expanded.yaml,afad0a6044b7d2028cde41a75950f81adb42900728f136683d00756b6551a171,,,,0.0
TON_IoT,ton_iot_attack_family_holdout_full,9,logistic_regression,a1_constrained_score_search,jetson_orin_nx_super_ina3221_20260608t140153z,0.8647559056540872,0.8810427489743224,0.8689625638063811,0.2211501901140684,0.999833532169908,0.000149881493802,6671937.773190944,0.8263931274414062,7.885391547583102e-05,2.1625450205135515,0.8264665799820798,36037,6,0.999916766084954,0.999916766084954,1.0,1.0,8,1,python_sklearn_cpu,measured_onboard_sensor,jetson_ina3221_vdd_in,results/configs/tier_e_core4_hgb_mlp_timed/expanded.yaml,cfd65d39d2615679dedf82f74e4eda711492a1f7e40d30e6fd1945da3a532bc8,,,,0.0
TON_IoT,ton_iot_attack_family_holdout_full,0,logistic_regression,a4_split_shift,jetson_orin_nx_super_ina3221_20260608t140153z,0.8647622393621135,0.8811193286762027,0.8729407840191581,0.0,1.0,0.0001403947710166,7122772.399277185,0.8263931274414062,7.885391547583102e-05,2.165813426475946,0.8290015846289369,36043,0,1.0,1.0,1.0,1.0,8,1,python_sklearn_cpu,measured_onboard_sensor,jetson_ina3221_vdd_in,results/configs/tier_e_core4_hgb_mlp_timed/expanded.yaml,5d7ef13326a62fe67b086641ecbab539f8eed090359a55a029ee1a61dbda66ce,attack_type_holdout,train,test,0.0
TON_IoT,ton_iot_attack_family_holdout_full,1,logistic_regression,a4_split_shift,jetson_orin_nx_super_ina3221_20260608t140153z,0.8655536599633054,0.8820718069350062,0.8738127334491558,0.0,1.0,0.0001350226846043,7406162.919441767,0.8262901306152344,7.885391547583102e-05,2.164763861299878,0.8298945456899585,36043,0,1.0,1.0,1.0,1.0,8,1,python_sklearn_cpu,measured_onboard_sensor,jetson_ina3221_vdd_in,results/configs/tier_e_core4_hgb_mlp_timed/expanded.yaml,4d0cbacdebde4e7676ad5505614b53275431520b78767fe691fab299c3d576ff,attack_type_holdout,train,test,0.0
TON_IoT,ton_iot_attack_family_holdout_full,2,logistic_regression,a4_split_shift,jetson_orin_nx_super_ina3221_20260608t140153z,0.8655921526902719,0.8819183069587669,0.8737552298245195,0.0,1.0,0.0001358450619721,7361327.570412774,0.8264446258544922,7.885391547583102e-05,2.155233860824661,0.8300276266710812,36043,0,1.0,1.0,1.0,1.0,8,1,python_sklearn_cpu,measured_onboard_sensor,jetson_ina3221_vdd_in,results/configs/tier_e_core4_hgb_mlp_timed/expanded.yaml,c7151b8a1ef4edcc221d9f41023c60ab82d07852fcdbcf57c2c0ca3bbe8ed8ee,attack_type_holdout,train,test,0.0
TON_IoT,ton_iot_attack_family_holdout_full,3,logistic_regression,a4_split_shift,jetson_orin_nx_super_ina3221_20260608t140153z,0.8651548705431253,0.8815572779546643,0.8733560742488948,0.0,1.0,0.0001358694303639,7360007.304961675,0.8263416290283203,7.885391547583102e-05,2.163654440906715,0.829460068568989,36043,0,1.0,1.0,1.0,1.0,8,1,python_sklearn_cpu,measured_onboard_sensor,jetson_ina3221_vdd_in,results/configs/tier_e_core4_hgb_mlp_timed/expanded.yaml,d303b92a26705759f970055ffa3d6af303caa89273be58a0b9a2ee2acf07655d,attack_type_holdout,train,test,0.0
TON_IoT,ton_iot_attack_family_holdout_full,4,logistic_regression,a4_split_shift,jetson_orin_nx_super_ina3221_20260608t140153z,0.8647442086499149,0.8812104373584249,0.8729773230041699,0.0,1.0,0.0001356744661914,7370583.6335389875,0.8263931274414062,7.885391547583102e-05,2.171191252831504,0.8289305769293016,36043,0,1.0,1.0,1.0,1.0,8,1,python_sklearn_cpu,measured_onboard_sensor,jetson_ina3221_vdd_in,results/configs/tier_e_core4_hgb_mlp_timed/expanded.yaml,1cb8df7b674e28ccf3999788420ff577268c32424e356c096d0fbd1193ec0a8c,attack_type_holdout,train,test,0.0
TON_IoT,ton_iot_attack_family_holdout_full,5,logistic_regression,a4_split_shift,jetson_orin_nx_super_ina3221_20260608t140153z,0.8646963111556893,0.8812490677818435,0.8729726894687664,0.0,1.0,0.0001399031494,7147801.920747742,0.8263931274414062,7.885391547583102e-05,2.175818644363129,0.8288333867458979,36043,0,1.0,1.0,1.0,1.0,8,1,python_sklearn_cpu,measured_onboard_sensor,jetson_ina3221_vdd_in,results/configs/tier_e_core4_hgb_mlp_timed/expanded.yaml,91ec0b83e77b7feab871dba7efde4e4fe93c55e9300845d2c42dd26dfa921e73,attack_type_holdout,train,test,0.0
TON_IoT,ton_iot_attack_family_holdout_full,6,logistic_regression,a4_split_shift,jetson_orin_nx_super_ina3221_20260608t140153z,0.8655795502232864,0.8820764228801343,0.8738279865517103,0.0,1.0,0.0001362869603125,7337459.120862992,0.8263931274414062,7.885391547583102e-05,2.163471542397313,0.829935633408394,36043,0,1.0,1.0,1.0,1.0,8,1,python_sklearn_cpu,measured_onboard_sensor,jetson_ina3221_vdd_in,results/configs/tier_e_core4_hgb_mlp_timed/expanded.yaml,eed43062033afd51054d93b4068cff75b135ed7426b222aee49205ce01455556,attack_type_holdout,train,test,0.0
TON_IoT,ton_iot_attack_family_holdout_full,7,logistic_regression,a4_split_shift,jetson_orin_nx_super_ina3221_20260608t140153z,0.8653766513398485,0.8817760823076557,0.8735763668237522,0.0,1.0,0.0001361512731404,7344771.568670644,0.8264446258544922,7.885391547583102e-05,2.161078353846885,0.8297318731713783,36043,0,1.0,1.0,1.0,1.0,8,1,python_sklearn_cpu,measured_onboard_sensor,jetson_ina3221_vdd_in,results/configs/tier_e_core4_hgb_mlp_timed/expanded.yaml,2fb4d100674949176f6c4fd647d3e69d17c899bd5d529536408d83d693ffdc95,attack_type_holdout,train,test,0.0
TON_IoT,ton_iot_attack_family_holdout_full,8,logistic_regression,a4_split_shift,jetson_orin_nx_super_ina3221_20260608t140153z,0.8659263515420357,0.8825817199702197,0.8742540357561277,0.0,1.0,0.0001354077645449,7385100.87187683,0.8264961242675781,7.885391547583102e-05,2.167165600595606,0.8302877941561031,36043,0,1.0,1.0,1.0,1.0,8,1,python_sklearn_cpu,measured_onboard_sensor,jetson_ina3221_vdd_in,results/configs/tier_e_core4_hgb_mlp_timed/expanded.yaml,afad0a6044b7d2028cde41a75950f81adb42900728f136683d00756b6551a171,attack_type_holdout,train,test,0.0
TON_IoT,ton_iot_attack_family_holdout_full,9,logistic_regression,a4_split_shift,jetson_orin_nx_super_ina3221_20260608t140153z,0.8647559056540872,0.8810427489743224,0.8728993273142048,0.0,1.0,0.000149881493802,6671937.773190944,0.8263931274414062,7.885391547583102e-05,2.1625450205135515,0.8290254762621654,36043,0,1.0,1.0,1.0,1.0,8,1,python_sklearn_cpu,measured_onboard_sensor,jetson_ina3221_vdd_in,results/configs/tier_e_core4_hgb_mlp_timed/expanded.yaml,cfd65d39d2615679dedf82f74e4eda711492a1f7e40d30e6fd1945da3a532bc8,attack_type_holdout,train,test,0.0
TON_IoT,ton_iot_attack_family_holdout_full,0,mlp_sklearn,a0_clean,jetson_orin_nx_super_ina3221_20260608t140153z,0.9607294594566326,0.9648802959020418,0.9628048776793372,0.0,1.0,0.000429602514091,2327733.118870786,17.87550926208496,7.885391547583102e-05,0.566794081959163,0.9493828598638572,36043,0,1.0,1.0,1.0,1.0,8,1,python_sklearn_cpu,measured_onboard_sensor,jetson_ina3221_vdd_in,results/configs/tier_e_core4_hgb_mlp_timed/expanded.yaml,5d7ef13326a62fe67b086641ecbab539f8eed090359a55a029ee1a61dbda66ce,,,,0.0
TON_IoT,ton_iot_attack_family_holdout_full,1,mlp_sklearn,a0_clean,jetson_orin_nx_super_ina3221_20260608t140153z,0.9819624763673056,0.9828534271095692,0.9824079517384374,0.0,1.0,0.000428134302918,2335715.669555614,17.875560760498047,7.885391547583102e-05,0.2109314578086141,0.9761031851883556,36043,0,1.0,1.0,1.0,1.0,8,1,python_sklearn_cpu,measured_onboard_sensor,jetson_ina3221_vdd_in,results/configs/tier_e_core4_hgb_mlp_timed/expanded.yaml,4d0cbacdebde4e7676ad5505614b53275431520b78767fe691fab299c3d576ff,,,,0.0
TON_IoT,ton_iot_attack_family_holdout_full,2,mlp_sklearn,a0_clean,jetson_orin_nx_super_ina3221_20260608t140153z,0.9647652822980932,0.9683018612681968,0.966533571783145,0.0,1.0,0.0004272397959662,2340605.9300686102,17.87550926208496,7.885391547583102e-05,0.4983627746360626,0.9544801850405662,36043,0,1.0,1.0,1.0,1.0,8,1,python_sklearn_cpu,measured_onboard_sensor,jetson_ina3221_vdd_in,results/configs/tier_e_core4_hgb_mlp_timed/expanded.yaml,c7151b8a1ef4edcc221d9f41023c60ab82d07852fcdbcf57c2c0ca3bbe8ed8ee,,,,0.0
TON_IoT,ton_iot_attack_family_holdout_full,3,mlp_sklearn,a0_clean,jetson_orin_nx_super_ina3221_20260608t140153z,0.895176030111214,0.9084854963645868,0.9018307632379003,0.0,1.0,0.0004440329375622,2252085.184243453,17.87550926208496,7.885391547583102e-05,1.6880900727082642,0.8659827955189827,36043,0,1.0,1.0,1.0,1.0,8,1,python_sklearn_cpu,measured_onboard_sensor,jetson_ina3221_vdd_in,results/configs/tier_e_core4_hgb_mlp_timed/expanded.yaml,d303b92a26705759f970055ffa3d6af303caa89273be58a0b9a2ee2acf07655d,,,,0.0
TON_IoT,ton_iot_attack_family_holdout_full,4,mlp_sklearn,a0_clean,jetson_orin_nx_super_ina3221_20260608t140153z,0.8843765463175086,0.8990134597411649,0.8916950030293367,0.0,1.0,0.0004480639896689,2231824.076598475,17.87550926208496,7.885391547583102e-05,1.8691308051767015,0.8522262122560288,36043,0,1.0,1.0,1.0,1.0,8,1,python_sklearn_cpu,measured_onboard_sensor,jetson_ina3221_vdd_in,results/configs/tier_e_core4_hgb_mlp_timed/expanded.yaml,1cb8df7b674e28ccf3999788420ff577268c32424e356c096d0fbd1193ec0a8c,,,,0.0
TON_IoT,ton_iot_attack_family_holdout_full,5,mlp_sklearn,a0_clean,jetson_orin_nx_super_ina3221_20260608t140153z,0.9809026597150756,0.981648811164441,0.9812757354397584,0.0,1.0,0.0004403963494697,2270681.855569415,17.875612258911133,7.885391547583102e-05,0.2146237767111787,0.9748970926654436,36043,0,1.0,1.0,1.0,1.0,8,1,python_sklearn_cpu,measured_onboard_sensor,jetson_ina3221_vdd_in,results/configs/tier_e_core4_hgb_mlp_timed/expanded.yaml,91ec0b83e77b7feab871dba7efde4e4fe93c55e9300845d2c42dd26dfa921e73,,,,0.0
TON_IoT,ton_iot_attack_family_holdout_full,6,mlp_sklearn,a0_clean,jetson_orin_nx_super_ina3221_20260608t140153z,0.960798274762692,0.964721839408196,0.962760057085444,0.0,1.0,0.000428202932016,2335341.318873768,17.87566375732422,7.885391547583102e-05,0.5555632118360817,0.9495626467538392,36043,0,1.0,1.0,1.0,1.0,8,1,python_sklearn_cpu,measured_onboard_sensor,jetson_ina3221_vdd_in,results/configs/tier_e_core4_hgb_mlp_timed/expanded.yaml,eed43062033afd51054d93b4068cff75b135ed7426b222aee49205ce01455556,,,,0.0
TON_IoT,ton_iot_attack_family_holdout_full,7,mlp_sklearn,a0_clean,jetson_orin_nx_super_ina3221_20260608t140153z,0.9343054373885892,0.9419529471399832,0.938129192264286,0.0,1.0,0.0004442334846993,2251068.4908786207,17.875612258911133,7.885391547583102e-05,1.0001410572003355,0.916040195879494,36043,0,1.0,1.0,1.0,1.0,8,1,python_sklearn_cpu,measured_onboard_sensor,jetson_ina3221_vdd_in,results/configs/tier_e_core4_hgb_mlp_timed/expanded.yaml,2fb4d100674949176f6c4fd647d3e69d17c899bd5d529536408d83d693ffdc95,,,,0.0
TON_IoT,ton_iot_attack_family_holdout_full,8,mlp_sklearn,a0_clean,jetson_orin_nx_super_ina3221_20260608t140153z,0.979817542419088,0.9812199052733293,0.9805187238462084,0.0,1.0,0.0004564147955151,2190989.4460614086,17.875560760498047,7.885391547583102e-05,0.2544018945334157,0.9733444895948312,36043,0,1.0,1.0,1.0,1.0,8,1,python_sklearn_cpu,measured_onboard_sensor,jetson_ina3221_vdd_in,results/configs/tier_e_core4_hgb_mlp_timed/expanded.yaml,afad0a6044b7d2028cde41a75950f81adb42900728f136683d00756b6551a171,,,,0.0
TON_IoT,ton_iot_attack_family_holdout_full,9,mlp_sklearn,a0_clean,jetson_orin_nx_super_ina3221_20260608t140153z,0.9806340675276854,0.9818036734305944,0.98121887047914,0.0,1.0,0.0004426100072595,2259325.328388999,17.875612258911133,7.885391547583102e-05,0.23612653138811,0.9744101679956556,36043,0,1.0,1.0,1.0,1.0,8,1,python_sklearn_cpu,measured_onboard_sensor,jetson_ina3221_vdd_in,results/configs/tier_e_core4_hgb_mlp_timed/expanded.yaml,cfd65d39d2615679dedf82f74e4eda711492a1f7e40d30e6fd1945da3a532bc8,,,,0.0
TON_IoT,ton_iot_attack_family_holdout_full,0,mlp_sklearn,a1_constrained_feature,jetson_orin_nx_super_ina3221_20260608t140153z,0.9607294594566326,0.9648802959020418,0.9306260896394032,0.1144961977186311,0.9998612768082568,0.000429602514091,2327733.118870786,17.87550926208496,7.885391547583102e-05,0.566794081959163,0.9284666476379,36038,5,0.999916766084954,0.9999445107233028,1.0,1.0,8,1,python_sklearn_cpu,measured_onboard_sensor,jetson_ina3221_vdd_in,results/configs/tier_e_core4_hgb_mlp_timed/expanded.yaml,5d7ef13326a62fe67b086641ecbab539f8eed090359a55a029ee1a61dbda66ce,,,,0.0
TON_IoT,ton_iot_attack_family_holdout_full,1,mlp_sklearn,a1_constrained_feature,jetson_orin_nx_super_ina3221_20260608t140153z,0.9819624763673056,0.9828534271095692,0.9673645063924246,0.047148288973384,0.999916766084954,0.000428134302918,2335715.669555614,17.875560760498047,7.885391547583102e-05,0.2109314578086141,0.9663249457134472,36040,3,0.999916766084954,1.0,1.0,1.0,8,1,python_sklearn_cpu,measured_onboard_sensor,jetson_ina3221_vdd_in,results/configs/tier_e_core4_hgb_mlp_timed/expanded.yaml,4d0cbacdebde4e7676ad5505614b53275431520b78767fe691fab299c3d576ff,,,,0.0
TON_IoT,ton_iot_attack_family_holdout_full,2,mlp_sklearn,a1_constrained_feature,jetson_orin_nx_super_ina3221_20260608t140153z,0.9647652822980932,0.9683018612681968,0.9448551754268708,0.0882129277566539,0.9998890214466054,0.0004272397959662,2340605.9300686102,17.87550926208496,7.885391547583102e-05,0.4983627746360626,0.9403892274089878,36039,4,0.999916766084954,0.9999722553616514,1.0,1.0,8,1,python_sklearn_cpu,measured_onboard_sensor,jetson_ina3221_vdd_in,results/configs/tier_e_core4_hgb_mlp_timed/expanded.yaml,c7151b8a1ef4edcc221d9f41023c60ab82d07852fcdbcf57c2c0ca3bbe8ed8ee,,,,0.0
TON_IoT,ton_iot_attack_family_holdout_full,3,mlp_sklearn,a1_constrained_feature,jetson_orin_nx_super_ina3221_20260608t140153z,0.895176030111214,0.9084854963645868,0.9248699519256502,0.1245247148288973,0.999916766084954,0.0004440329375622,2252085.184243453,17.87550926208496,7.885391547583102e-05,1.6880900727082642,0.8809582681660202,36040,3,0.999916766084954,1.0,1.0,1.0,8,1,python_sklearn_cpu,measured_onboard_sensor,jetson_ina3221_vdd_in,results/configs/tier_e_core4_hgb_mlp_timed/expanded.yaml,d303b92a26705759f970055ffa3d6af303caa89273be58a0b9a2ee2acf07655d,,,,0.0
TON_IoT,ton_iot_attack_family_holdout_full,4,mlp_sklearn,a1_constrained_feature,jetson_orin_nx_super_ina3221_20260608t140153z,0.8843765463175086,0.8990134597411649,0.93458534981096,0.1057509505703422,0.999916766084954,0.0004480639896689,2231824.076598475,17.87550926208496,7.885391547583102e-05,1.8691308051767015,0.8801049376640838,36040,3,0.999916766084954,1.0,1.0,1.0,8,1,python_sklearn_cpu,measured_onboard_sensor,jetson_ina3221_vdd_in,results/configs/tier_e_core4_hgb_mlp_timed/expanded.yaml,1cb8df7b674e28ccf3999788420ff577268c32424e356c096d0fbd1193ec0a8c,,,,0.0
TON_IoT,ton_iot_attack_family_holdout_full,5,mlp_sklearn,a1_constrained_feature,jetson_orin_nx_super_ina3221_20260608t140153z,0.9809026597150756,0.981648811164441,0.971446169310788,0.0377376425855513,0.999916766084954,0.0004403963494697,2270681.855569415,17.875612258911133,7.885391547583102e-05,0.2146237767111787,0.9685078746816128,36040,3,0.999916766084954,1.0,1.0,1.0,8,1,python_sklearn_cpu,measured_onboard_sensor,jetson_ina3221_vdd_in,results/configs/tier_e_core4_hgb_mlp_timed/expanded.yaml,91ec0b83e77b7feab871dba7efde4e4fe93c55e9300845d2c42dd26dfa921e73,,,,0.0
TON_IoT,ton_iot_attack_family_holdout_full,6,mlp_sklearn,a1_constrained_feature,jetson_orin_nx_super_ina3221_20260608t140153z,0.960798274762692,0.964721839408196,0.9320711982951247,0.1104562737642585,0.999916766084954,0.000428202932016,2335341.318873768,17.87566375732422,7.885391547583102e-05,0.5555632118360817,0.9296148885401316,36040,3,0.999916766084954,1.0,1.0,1.0,8,1,python_sklearn_cpu,measured_onboard_sensor,jetson_ina3221_vdd_in,results/configs/tier_e_core4_hgb_mlp_timed/expanded.yaml,eed43062033afd51054d93b4068cff75b135ed7426b222aee49205ce01455556,,,,0.0
TON_IoT,ton_iot_attack_family_holdout_full,7,mlp_sklearn,a1_constrained_feature,jetson_orin_nx_super_ina3221_20260608t140153z,0.9343054373885892,0.9419529471399832,0.9476543177086498,0.0806558935361216,0.999916766084954,0.0004442334846993,2251068.4908786207,17.875612258911133,7.885391547583102e-05,1.0001410572003355,0.92223152741833,36040,3,0.999916766084954,1.0,1.0,1.0,8,1,python_sklearn_cpu,measured_onboard_sensor,jetson_ina3221_vdd_in,results/configs/tier_e_core4_hgb_mlp_timed/expanded.yaml,2fb4d100674949176f6c4fd647d3e69d17c899bd5d529536408d83d693ffdc95,,,,0.0
TON_IoT,ton_iot_attack_family_holdout_full,8,mlp_sklearn,a1_constrained_feature,jetson_orin_nx_super_ina3221_20260608t140153z,0.979817542419088,0.9812199052733293,0.9663148794291634,0.0500950570342205,0.9998890214466054,0.0004564147955151,2190989.4460614086,17.875560760498047,7.885391547583102e-05,0.2544018945334157,0.964111990723752,36039,4,0.999916766084954,0.9999722553616514,1.0,1.0,8,1,python_sklearn_cpu,measured_onboard_sensor,jetson_ina3221_vdd_in,results/configs/tier_e_core4_hgb_mlp_timed/expanded.yaml,afad0a6044b7d2028cde41a75950f81adb42900728f136683d00756b6551a171,,,,0.0
TON_IoT,ton_iot_attack_family_holdout_full,9,mlp_sklearn,a1_constrained_feature,jetson_orin_nx_super_ina3221_20260608t140153z,0.9806340675276854,0.9818036734305944,0.9681749422434252,0.0460551330798479,0.999833532169908,0.0004426100072595,2259325.328388999,17.875612258911133,7.885391547583102e-05,0.23612653138811,0.9659316146424408,36037,6,0.999916766084954,0.999916766084954,1.0,1.0,8,1,python_sklearn_cpu,measured_onboard_sensor,jetson_ina3221_vdd_in,results/configs/tier_e_core4_hgb_mlp_timed/expanded.yaml,cfd65d39d2615679dedf82f74e4eda711492a1f7e40d30e6fd1945da3a532bc8,,,,0.0
TON_IoT,ton_iot_attack_family_holdout_full,0,mlp_sklearn,a1_constrained_score_search,jetson_orin_nx_super_ina3221_20260608t140153z,0.9607294594566326,0.9648802959020418,0.888993647101384,0.1916825095057034,0.9998612768082568,0.000429602514091,2327733.118870786,17.87550926208496,7.885391547583102e-05,0.566794081959163,0.9014055599881876,36038,5,0.999916766084954,0.9999445107233028,1.0,1.0,8,1,python_sklearn_cpu,measured_onboard_sensor,jetson_ina3221_vdd_in,results/configs/tier_e_core4_hgb_mlp_timed/expanded.yaml,5d7ef13326a62fe67b086641ecbab539f8eed090359a55a029ee1a61dbda66ce,,,,0.0
TON_IoT,ton_iot_attack_family_holdout_full,1,mlp_sklearn,a1_constrained_score_search,jetson_orin_nx_super_ina3221_20260608t140153z,0.9819624763673056,0.9828534271095692,0.9236498679335716,0.1277566539923954,0.999916766084954,0.000428134302918,2335715.669555614,17.875560760498047,7.885391547583102e-05,0.2109314578086141,0.9379104307151928,36040,3,0.999916766084954,1.0,1.0,1.0,8,1,python_sklearn_cpu,measured_onboard_sensor,jetson_ina3221_vdd_in,results/configs/tier_e_core4_hgb_mlp_timed/expanded.yaml,4d0cbacdebde4e7676ad5505614b53275431520b78767fe691fab299c3d576ff,,,,0.0
TON_IoT,ton_iot_attack_family_holdout_full,2,mlp_sklearn,a1_constrained_score_search,jetson_orin_nx_super_ina3221_20260608t140153z,0.9647652822980932,0.9683018612681968,0.8950130808866276,0.1805133079847908,0.9998890214466054,0.0004272397959662,2340605.9300686102,17.87550926208496,7.885391547583102e-05,0.4983627746360626,0.9079918659578295,36039,4,0.999916766084954,0.9999722553616514,1.0,1.0,8,1,python_sklearn_cpu,measured_onboard_sensor,jetson_ina3221_vdd_in,results/configs/tier_e_core4_hgb_mlp_timed/expanded.yaml,c7151b8a1ef4edcc221d9f41023c60ab82d07852fcdbcf57c2c0ca3bbe8ed8ee,,,,0.0
TON_IoT,ton_iot_attack_family_holdout_full,3,mlp_sklearn,a1_constrained_score_search,jetson_orin_nx_super_ina3221_20260608t140153z,0.895176030111214,0.9084854963645868,0.895879584820588,0.1782794676806083,0.999916766084954,0.0004440329375622,2252085.184243453,17.87550926208496,7.885391547583102e-05,1.6880900727082642,0.8621145295477297,36040,3,0.999916766084954,1.0,1.0,1.0,8,1,python_sklearn_cpu,measured_onboard_sensor,jetson_ina3221_vdd_in,results/configs/tier_e_core4_hgb_mlp_timed/expanded.yaml,d303b92a26705759f970055ffa3d6af303caa89273be58a0b9a2ee2acf07655d,,,,0.0
TON_IoT,ton_iot_attack_family_holdout_full,4,mlp_sklearn,a1_constrained_score_search,jetson_orin_nx_super_ina3221_20260608t140153z,0.8843765463175086,0.8990134597411649,0.8883046645957497,0.1915399239543726,0.999916766084954,0.0004480639896689,2231824.076598475,17.87550926208496,7.885391547583102e-05,1.8691308051767015,0.8500224922741973,36040,3,0.999916766084954,1.0,1.0,1.0,8,1,python_sklearn_cpu,measured_onboard_sensor,jetson_ina3221_vdd_in,results/configs/tier_e_core4_hgb_mlp_timed/expanded.yaml,1cb8df7b674e28ccf3999788420ff577268c32424e356c096d0fbd1193ec0a8c,,,,0.0
TON_IoT,ton_iot_attack_family_holdout_full,5,mlp_sklearn,a1_constrained_score_search,jetson_orin_nx_super_ina3221_20260608t140153z,0.9809026597150756,0.981648811164441,0.9379135436335376,0.0994296577946768,0.999916766084954,0.0004403963494697,2270681.855569415,17.875612258911133,7.885391547583102e-05,0.2146237767111787,0.9467116679914,36040,3,0.999916766084954,1.0,1.0,1.0,8,1,python_sklearn_cpu,measured_onboard_sensor,jetson_ina3221_vdd_in,results/configs/tier_e_core4_hgb_mlp_timed/expanded.yaml,91ec0b83e77b7feab871dba7efde4e4fe93c55e9300845d2c42dd26dfa921e73,,,,0.0
TON_IoT,ton_iot_attack_family_holdout_full,6,mlp_sklearn,a1_constrained_score_search,jetson_orin_nx_super_ina3221_20260608t140153z,0.960798274762692,0.964721839408196,0.8880282428401809,0.1921102661596958,0.999916766084954,0.000428202932016,2335341.318873768,17.87566375732422,7.885391547583102e-05,0.5555632118360817,0.9009869674944184,36040,3,0.999916766084954,1.0,1.0,1.0,8,1,python_sklearn_cpu,measured_onboard_sensor,jetson_ina3221_vdd_in,results/configs/tier_e_core4_hgb_mlp_timed/expanded.yaml,eed43062033afd51054d93b4068cff75b135ed7426b222aee49205ce01455556,,,,0.0
TON_IoT,ton_iot_attack_family_holdout_full,7,mlp_sklearn,a1_constrained_score_search,jetson_orin_nx_super_ina3221_20260608t140153z,0.9343054373885892,0.9419529471399832,0.8944374125451017,0.1791825095057034,0.999916766084954,0.0004442334846993,2251068.4908786207,17.875612258911133,7.885391547583102e-05,1.0001410572003355,0.8876405390620239,36040,3,0.999916766084954,1.0,1.0,1.0,8,1,python_sklearn_cpu,measured_onboard_sensor,jetson_ina3221_vdd_in,results/configs/tier_e_core4_hgb_mlp_timed/expanded.yaml,2fb4d100674949176f6c4fd647d3e69d17c899bd5d529536408d83d693ffdc95,,,,0.0
TON_IoT,ton_iot_attack_family_holdout_full,8,mlp_sklearn,a1_constrained_score_search,jetson_orin_nx_super_ina3221_20260608t140153z,0.979817542419088,0.9812199052733293,0.9189442577784968,0.1375,0.9998890214466054,0.0004564147955151,2190989.4460614086,17.875560760498047,7.885391547583102e-05,0.2544018945334157,0.9333210866508188,36039,4,0.999916766084954,0.9999722553616514,1.0,1.0,8,1,python_sklearn_cpu,measured_onboard_sensor,jetson_ina3221_vdd_in,results/configs/tier_e_core4_hgb_mlp_timed/expanded.yaml,afad0a6044b7d2028cde41a75950f81adb42900728f136683d00756b6551a171,,,,0.0
TON_IoT,ton_iot_attack_family_holdout_full,9,mlp_sklearn,a1_constrained_score_search,jetson_orin_nx_super_ina3221_20260608t140153z,0.9806340675276854,0.9818036734305944,0.9265057025367333,0.122861216730038,0.999833532169908,0.0004426100072595,2259325.328388999,17.875612258911133,7.885391547583102e-05,0.23612653138811,0.9388466088330912,36037,6,0.999916766084954,0.999916766084954,1.0,1.0,8,1,python_sklearn_cpu,measured_onboard_sensor,jetson_ina3221_vdd_in,results/configs/tier_e_core4_hgb_mlp_timed/expanded.yaml,cfd65d39d2615679dedf82f74e4eda711492a1f7e40d30e6fd1945da3a532bc8,,,,0.0
TON_IoT,ton_iot_attack_family_holdout_full,0,mlp_sklearn,a4_split_shift,jetson_orin_nx_super_ina3221_20260608t140153z,0.9607294594566326,0.9648802959020418,0.9628048776793372,0.0,1.0,0.000429602514091,2327733.118870786,17.87550926208496,7.885391547583102e-05,0.566794081959163,0.9493828598638572,36043,0,1.0,1.0,1.0,1.0,8,1,python_sklearn_cpu,measured_onboard_sensor,jetson_ina3221_vdd_in,results/configs/tier_e_core4_hgb_mlp_timed/expanded.yaml,5d7ef13326a62fe67b086641ecbab539f8eed090359a55a029ee1a61dbda66ce,attack_type_holdout,train,test,0.0
TON_IoT,ton_iot_attack_family_holdout_full,1,mlp_sklearn,a4_split_shift,jetson_orin_nx_super_ina3221_20260608t140153z,0.9819624763673056,0.9828534271095692,0.9824079517384374,0.0,1.0,0.000428134302918,2335715.669555614,17.875560760498047,7.885391547583102e-05,0.2109314578086141,0.9761031851883556,36043,0,1.0,1.0,1.0,1.0,8,1,python_sklearn_cpu,measured_onboard_sensor,jetson_ina3221_vdd_in,results/configs/tier_e_core4_hgb_mlp_timed/expanded.yaml,4d0cbacdebde4e7676ad5505614b53275431520b78767fe691fab299c3d576ff,attack_type_holdout,train,test,0.0
TON_IoT,ton_iot_attack_family_holdout_full,2,mlp_sklearn,a4_split_shift,jetson_orin_nx_super_ina3221_20260608t140153z,0.9647652822980932,0.9683018612681968,0.966533571783145,0.0,1.0,0.0004272397959662,2340605.9300686102,17.87550926208496,7.885391547583102e-05,0.4983627746360626,0.9544801850405662,36043,0,1.0,1.0,1.0,1.0,8,1,python_sklearn_cpu,measured_onboard_sensor,jetson_ina3221_vdd_in,results/configs/tier_e_core4_hgb_mlp_timed/expanded.yaml,c7151b8a1ef4edcc221d9f41023c60ab82d07852fcdbcf57c2c0ca3bbe8ed8ee,attack_type_holdout,train,test,0.0
TON_IoT,ton_iot_attack_family_holdout_full,3,mlp_sklearn,a4_split_shift,jetson_orin_nx_super_ina3221_20260608t140153z,0.895176030111214,0.9084854963645868,0.9018307632379003,0.0,1.0,0.0004440329375622,2252085.184243453,17.87550926208496,7.885391547583102e-05,1.6880900727082642,0.8659827955189827,36043,0,1.0,1.0,1.0,1.0,8,1,python_sklearn_cpu,measured_onboard_sensor,jetson_ina3221_vdd_in,results/configs/tier_e_core4_hgb_mlp_timed/expanded.yaml,d303b92a26705759f970055ffa3d6af303caa89273be58a0b9a2ee2acf07655d,attack_type_holdout,train,test,0.0
TON_IoT,ton_iot_attack_family_holdout_full,4,mlp_sklearn,a4_split_shift,jetson_orin_nx_super_ina3221_20260608t140153z,0.8843765463175086,0.8990134597411649,0.8916950030293367,0.0,1.0,0.0004480639896689,2231824.076598475,17.87550926208496,7.885391547583102e-05,1.8691308051767015,0.8522262122560288,36043,0,1.0,1.0,1.0,1.0,8,1,python_sklearn_cpu,measured_onboard_sensor,jetson_ina3221_vdd_in,results/configs/tier_e_core4_hgb_mlp_timed/expanded.yaml,1cb8df7b674e28ccf3999788420ff577268c32424e356c096d0fbd1193ec0a8c,attack_type_holdout,train,test,0.0
TON_IoT,ton_iot_attack_family_holdout_full,5,mlp_sklearn,a4_split_shift,jetson_orin_nx_super_ina3221_20260608t140153z,0.9809026597150756,0.981648811164441,0.9812757354397584,0.0,1.0,0.0004403963494697,2270681.855569415,17.875612258911133,7.885391547583102e-05,0.2146237767111787,0.9748970926654436,36043,0,1.0,1.0,1.0,1.0,8,1,python_sklearn_cpu,measured_onboard_sensor,jetson_ina3221_vdd_in,results/configs/tier_e_core4_hgb_mlp_timed/expanded.yaml,91ec0b83e77b7feab871dba7efde4e4fe93c55e9300845d2c42dd26dfa921e73,attack_type_holdout,train,test,0.0
TON_IoT,ton_iot_attack_family_holdout_full,6,mlp_sklearn,a4_split_shift,jetson_orin_nx_super_ina3221_20260608t140153z,0.960798274762692,0.964721839408196,0.962760057085444,0.0,1.0,0.000428202932016,2335341.318873768,17.87566375732422,7.885391547583102e-05,0.5555632118360817,0.9495626467538392,36043,0,1.0,1.0,1.0,1.0,8,1,python_sklearn_cpu,measured_onboard_sensor,jetson_ina3221_vdd_in,results/configs/tier_e_core4_hgb_mlp_timed/expanded.yaml,eed43062033afd51054d93b4068cff75b135ed7426b222aee49205ce01455556,attack_type_holdout,train,test,0.0
TON_IoT,ton_iot_attack_family_holdout_full,7,mlp_sklearn,a4_split_shift,jetson_orin_nx_super_ina3221_20260608t140153z,0.9343054373885892,0.9419529471399832,0.938129192264286,0.0,1.0,0.0004442334846993,2251068.4908786207,17.875612258911133,7.885391547583102e-05,1.0001410572003355,0.916040195879494,36043,0,1.0,1.0,1.0,1.0,8,1,python_sklearn_cpu,measured_onboard_sensor,jetson_ina3221_vdd_in,results/configs/tier_e_core4_hgb_mlp_timed/expanded.yaml,2fb4d100674949176f6c4fd647d3e69d17c899bd5d529536408d83d693ffdc95,attack_type_holdout,train,test,0.0
TON_IoT,ton_iot_attack_family_holdout_full,8,mlp_sklearn,a4_split_shift,jetson_orin_nx_super_ina3221_20260608t140153z,0.979817542419088,0.9812199052733293,0.9805187238462084,0.0,1.0,0.0004564147955151,2190989.4460614086,17.875560760498047,7.885391547583102e-05,0.2544018945334157,0.9733444895948312,36043,0,1.0,1.0,1.0,1.0,8,1,python_sklearn_cpu,measured_onboard_sensor,jetson_ina3221_vdd_in,results/configs/tier_e_core4_hgb_mlp_timed/expanded.yaml,afad0a6044b7d2028cde41a75950f81adb42900728f136683d00756b6551a171,attack_type_holdout,train,test,0.0
TON_IoT,ton_iot_attack_family_holdout_full,9,mlp_sklearn,a4_split_shift,jetson_orin_nx_super_ina3221_20260608t140153z,0.9806340675276854,0.9818036734305944,0.98121887047914,0.0,1.0,0.0004426100072595,2259325.328388999,17.875612258911133,7.885391547583102e-05,0.23612653138811,0.9744101679956556,36043,0,1.0,1.0,1.0,1.0,8,1,python_sklearn_cpu,measured_onboard_sensor,jetson_ina3221_vdd_in,results/configs/tier_e_core4_hgb_mlp_timed/expanded.yaml,cfd65d39d2615679dedf82f74e4eda711492a1f7e40d30e6fd1945da3a532bc8,attack_type_holdout,train,test,0.0
TON_IoT,ton_iot_attack_family_holdout_full,0,random_forest,a0_clean,jetson_orin_nx_super_ina3221_20260608t140153z,0.9859695166072528,0.9875105213135008,0.9867400189603768,0.0,1.0,0.0019581269297834,510692.12357473024,7.850978851318359,7.885391547583102e-05,0.2011895737299814,0.9814754565024104,36043,0,1.0,1.0,1.0,1.0,8,1,python_sklearn_cpu,measured_onboard_sensor,jetson_ina3221_vdd_in,results/configs/tier_e_core4_hgb_mlp_timed/expanded.yaml,5d7ef13326a62fe67b086641ecbab539f8eed090359a55a029ee1a61dbda66ce,,,,0.0
TON_IoT,ton_iot_attack_family_holdout_full,1,random_forest,a0_clean,jetson_orin_nx_super_ina3221_20260608t140153z,0.9859712860492176,0.9875775285526462,0.986774407300932,0.0,1.0,0.0019323132544552,517514.4339016094,7.850927352905273,7.885391547583102e-05,0.2040494289470766,0.9814527059953596,36043,0,1.0,1.0,1.0,1.0,8,1,python_sklearn_cpu,measured_onboard_sensor,jetson_ina3221_vdd_in,results/configs/tier_e_core4_hgb_mlp_timed/expanded.yaml,4d0cbacdebde4e7676ad5505614b53275431520b78767fe691fab299c3d576ff,,,,0.0
TON_IoT,ton_iot_attack_family_holdout_full,2,random_forest,a0_clean,jetson_orin_nx_super_ina3221_20260608t140153z,0.9865096364714168,0.9880289850940138,0.9872693107827152,0.0,1.0,0.0019339018983817,517089.3109090901,7.850978851318359,7.885391547583102e-05,0.1950202981197231,0.9821281843402396,36043,0,1.0,1.0,1.0,1.0,8,1,python_sklearn_cpu,measured_onboard_sensor,jetson_ina3221_vdd_in,results/configs/tier_e_core4_hgb_mlp_timed/expanded.yaml,c7151b8a1ef4edcc221d9f41023c60ab82d07852fcdbcf57c2c0ca3bbe8ed8ee,,,,0.0
TON_IoT,ton_iot_attack_family_holdout_full,3,random_forest,a0_clean,jetson_orin_nx_super_ina3221_20260608t140153z,0.9857747781318472,0.9874782096976034,0.9866264939147252,0.0,1.0,0.0020129096750549,496793.2800922742,7.850927352905273,7.885391547583102e-05,0.2102358060479336,0.9811808970436904,36043,0,1.0,1.0,1.0,1.0,8,1,python_sklearn_cpu,measured_onboard_sensor,jetson_ina3221_vdd_in,results/configs/tier_e_core4_hgb_mlp_timed/expanded.yaml,d303b92a26705759f970055ffa3d6af303caa89273be58a0b9a2ee2acf07655d,,,,0.0
TON_IoT,ton_iot_attack_family_holdout_full,4,random_forest,a0_clean,jetson_orin_nx_super_ina3221_20260608t140153z,0.9866842369452548,0.9883534271095692,0.987518832027412,0.0,1.0,0.0019281056356113,518643.78254509816,7.850927352905273,7.885391547583102e-05,0.1999314578086141,0.9822794989164828,36043,0,1.0,1.0,1.0,1.0,8,1,python_sklearn_cpu,measured_onboard_sensor,jetson_ina3221_vdd_in,results/configs/tier_e_core4_hgb_mlp_timed/expanded.yaml,1cb8df7b674e28ccf3999788420ff577268c32424e356c096d0fbd1193ec0a8c,,,,0.0
TON_IoT,ton_iot_attack_family_holdout_full,5,random_forest,a0_clean,jetson_orin_nx_super_ina3221_20260608t140153z,0.986849500390083,0.9883045430784584,0.9875770217342708,0.0,1.0,0.001930696129181,517947.8970749208,7.850871086120605,7.885391547583102e-05,0.1889091384308321,0.9825581344631036,36043,0,1.0,1.0,1.0,1.0,8,1,python_sklearn_cpu,measured_onboard_sensor,jetson_ina3221_vdd_in,results/configs/tier_e_core4_hgb_mlp_timed/expanded.yaml,91ec0b83e77b7feab871dba7efde4e4fe93c55e9300845d2c42dd26dfa921e73,,,,0.0
TON_IoT,ton_iot_attack_family_holdout_full,6,random_forest,a0_clean,jetson_orin_nx_super_ina3221_20260608t140153z,0.9857974779796717,0.9872913763880308,0.9865444271838512,0.0,1.0,0.001873218026436,533840.6879964573,7.850824356079102,7.885391547583102e-05,0.2007724722393828,0.9812883970951368,36043,0,1.0,1.0,1.0,1.0,8,1,python_sklearn_cpu,measured_onboard_sensor,jetson_ina3221_vdd_in,results/configs/tier_e_core4_hgb_mlp_timed/expanded.yaml,eed43062033afd51054d93b4068cff75b135ed7426b222aee49205ce01455556,,,,0.0
TON_IoT,ton_iot_attack_family_holdout_full,7,random_forest,a0_clean,jetson_orin_nx_super_ina3221_20260608t140153z,0.9868521136583313,0.9884098401685436,0.9876309769134376,0.0,1.0,0.0019297413821531,518204.1538044034,7.850978851318359,7.885391547583102e-05,0.1934031966291245,0.9825222011744484,36043,0,1.0,1.0,1.0,1.0,8,1,python_sklearn_cpu,measured_onboard_sensor,jetson_ina3221_vdd_in,results/configs/tier_e_core4_hgb_mlp_timed/expanded.yaml,2fb4d100674949176f6c4fd647d3e69d17c899bd5d529536408d83d693ffdc95,,,,0.0
TON_IoT,ton_iot_attack_family_holdout_full,8,random_forest,a0_clean,jetson_orin_nx_super_ina3221_20260608t140153z,0.9867382791445508,0.9882956517606803,0.9875169654526156,0.0,1.0,0.0018902048547786,529043.1867592889,7.850927352905273,7.885391547583102e-05,0.1944869647863897,0.982386601216312,36043,0,1.0,1.0,1.0,1.0,8,1,python_sklearn_cpu,measured_onboard_sensor,jetson_ina3221_vdd_in,results/configs/tier_e_core4_hgb_mlp_timed/expanded.yaml,afad0a6044b7d2028cde41a75950f81adb42900728f136683d00756b6551a171,,,,0.0
TON_IoT,ton_iot_attack_family_holdout_full,9,random_forest,a0_clean,jetson_orin_nx_super_ina3221_20260608t140153z,0.9855131200885432,0.9870154778311078,0.9862642989598254,0.0,1.0,0.0019121877826525,522961.1908788816,7.850978851318359,7.885391547583102e-05,0.2038904433778453,0.98094581488093,36043,0,1.0,1.0,1.0,1.0,8,1,python_sklearn_cpu,measured_onboard_sensor,jetson_ina3221_vdd_in,results/configs/tier_e_core4_hgb_mlp_timed/expanded.yaml,cfd65d39d2615679dedf82f74e4eda711492a1f7e40d30e6fd1945da3a532bc8,,,,0.0
TON_IoT,ton_iot_attack_family_holdout_full,0,random_forest,a1_constrained_feature,jetson_orin_nx_super_ina3221_20260608t140153z,0.9859695166072528,0.9875105213135008,0.9056021356631668,0.1691539923954372,0.9998612768082568,0.0019581269297834,510692.12357473024,7.850978851318359,7.885391547583102e-05,0.2011895737299814,0.9287358323592236,36038,5,0.999916766084954,0.9999445107233028,1.0,1.0,8,1,python_sklearn_cpu,measured_onboard_sensor,jetson_ina3221_vdd_in,results/configs/tier_e_core4_hgb_mlp_timed/expanded.yaml,5d7ef13326a62fe67b086641ecbab539f8eed090359a55a029ee1a61dbda66ce,,,,0.0
TON_IoT,ton_iot_attack_family_holdout_full,1,random_forest,a1_constrained_feature,jetson_orin_nx_super_ina3221_20260608t140153z,0.9859712860492176,0.9875775285526462,0.9186390599781412,0.1453897338403041,0.999916766084954,0.0019323132544552,517514.4339016094,7.850927352905273,7.885391547583102e-05,0.2040494289470766,0.9371647302355458,36040,3,0.999916766084954,1.0,1.0,1.0,8,1,python_sklearn_cpu,measured_onboard_sensor,jetson_ina3221_vdd_in,results/configs/tier_e_core4_hgb_mlp_timed/expanded.yaml,4d0cbacdebde4e7676ad5505614b53275431520b78767fe691fab299c3d576ff,,,,0.0
TON_IoT,ton_iot_attack_family_holdout_full,2,random_forest,a1_constrained_feature,jetson_orin_nx_super_ina3221_20260608t140153z,0.9865096364714168,0.9880289850940138,0.8984403316453773,0.1828422053231939,0.9998890214466054,0.0019339018983817,517089.3109090901,7.850978851318359,7.885391547583102e-05,0.1950202981197231,0.92438934790097,36039,4,0.999916766084954,0.9999722553616514,1.0,1.0,8,1,python_sklearn_cpu,measured_onboard_sensor,jetson_ina3221_vdd_in,results/configs/tier_e_core4_hgb_mlp_timed/expanded.yaml,c7151b8a1ef4edcc221d9f41023c60ab82d07852fcdbcf57c2c0ca3bbe8ed8ee,,,,0.0
TON_IoT,ton_iot_attack_family_holdout_full,3,random_forest,a1_constrained_feature,jetson_orin_nx_super_ina3221_20260608t140153z,0.9857747781318472,0.9874782096976034,0.9279134768186093,0.1286121673003802,0.999916766084954,0.0020129096750549,496793.2800922742,7.850927352905273,7.885391547583102e-05,0.2102358060479336,0.943017435931215,36040,3,0.999916766084954,1.0,1.0,1.0,8,1,python_sklearn_cpu,measured_onboard_sensor,jetson_ina3221_vdd_in,results/configs/tier_e_core4_hgb_mlp_timed/expanded.yaml,d303b92a26705759f970055ffa3d6af303caa89273be58a0b9a2ee2acf07655d,,,,0.0
TON_IoT,ton_iot_attack_family_holdout_full,4,random_forest,a1_constrained_feature,jetson_orin_nx_super_ina3221_20260608t140153z,0.9866842369452548,0.9883534271095692,0.918173540829598,0.1473384030418251,0.999916766084954,0.0019281056356113,518643.78254509816,7.850927352905273,7.885391547583102e-05,0.1999314578086141,0.9372050596379036,36040,3,0.999916766084954,1.0,1.0,1.0,8,1,python_sklearn_cpu,measured_onboard_sensor,jetson_ina3221_vdd_in,results/configs/tier_e_core4_hgb_mlp_timed/expanded.yaml,1cb8df7b674e28ccf3999788420ff577268c32424e356c096d0fbd1193ec0a8c,,,,0.0
TON_IoT,ton_iot_attack_family_holdout_full,5,random_forest,a1_constrained_feature,jetson_orin_nx_super_ina3221_20260608t140153z,0.986849500390083,0.9883045430784584,0.9181978437434658,0.1461501901140684,0.999916766084954,0.001930696129181,517947.8970749208,7.850871086120605,7.885391547583102e-05,0.1889091384308321,0.9374616687690802,36040,3,0.999916766084954,1.0,1.0,1.0,8,1,python_sklearn_cpu,measured_onboard_sensor,jetson_ina3221_vdd_in,results/configs/tier_e_core4_hgb_mlp_timed/expanded.yaml,91ec0b83e77b7feab871dba7efde4e4fe93c55e9300845d2c42dd26dfa921e73,,,,0.0
TON_IoT,ton_iot_attack_family_holdout_full,6,random_forest,a1_constrained_feature,jetson_orin_nx_super_ina3221_20260608t140153z,0.9857974779796717,0.9872913763880308,0.9072809669985414,0.1655893536121673,0.999916766084954,0.001873218026436,533840.6879964573,7.850824356079102,7.885391547583102e-05,0.2007724722393828,0.9297671479746854,36040,3,0.999916766084954,1.0,1.0,1.0,8,1,python_sklearn_cpu,measured_onboard_sensor,jetson_ina3221_vdd_in,results/configs/tier_e_core4_hgb_mlp_timed/expanded.yaml,eed43062033afd51054d93b4068cff75b135ed7426b222aee49205ce01455556,,,,0.0
TON_IoT,ton_iot_attack_family_holdout_full,7,random_forest,a1_constrained_feature,jetson_orin_nx_super_ina3221_20260608t140153z,0.9868521136583313,0.9884098401685436,0.9257726466316554,0.1327471482889733,0.999916766084954,0.0019297413821531,518204.1538044034,7.850978851318359,7.885391547583102e-05,0.1934031966291245,0.94231428649129,36040,3,0.999916766084954,1.0,1.0,1.0,8,1,python_sklearn_cpu,measured_onboard_sensor,jetson_ina3221_vdd_in,results/configs/tier_e_core4_hgb_mlp_timed/expanded.yaml,2fb4d100674949176f6c4fd647d3e69d17c899bd5d529536408d83d693ffdc95,,,,0.0
TON_IoT,ton_iot_attack_family_holdout_full,8,random_forest,a1_constrained_feature,jetson_orin_nx_super_ina3221_20260608t140153z,0.9867382791445508,0.9882956517606803,0.9373207973868622,0.111264258555133,0.9998890214466054,0.0018902048547786,529043.1867592889,7.850927352905273,7.885391547583102e-05,0.1944869647863897,0.9497590919735726,36039,4,0.999916766084954,0.9999722553616514,1.0,1.0,8,1,python_sklearn_cpu,measured_onboard_sensor,jetson_ina3221_vdd_in,results/configs/tier_e_core4_hgb_mlp_timed/expanded.yaml,afad0a6044b7d2028cde41a75950f81adb42900728f136683d00756b6551a171,,,,0.0
TON_IoT,ton_iot_attack_family_holdout_full,9,random_forest,a1_constrained_feature,jetson_orin_nx_super_ina3221_20260608t140153z,0.9855131200885432,0.9870154778311078,0.9317037427130724,0.1201045627376425,0.999833532169908,0.0019121877826525,522961.1908788816,7.850978851318359,7.885391547583102e-05,0.2038904433778453,0.9454814533205405,36037,6,0.999916766084954,0.999916766084954,1.0,1.0,8,1,python_sklearn_cpu,measured_onboard_sensor,jetson_ina3221_vdd_in,results/configs/tier_e_core4_hgb_mlp_timed/expanded.yaml,cfd65d39d2615679dedf82f74e4eda711492a1f7e40d30e6fd1945da3a532bc8,,,,0.0
TON_IoT,ton_iot_attack_family_holdout_full,0,random_forest,a1_constrained_score_search,jetson_orin_nx_super_ina3221_20260608t140153z,0.9859695166072528,0.9875105213135008,0.818674913561937,0.3299429657794677,0.9998612768082568,0.0019581269297834,510692.12357473024,7.850978851318359,7.885391547583102e-05,0.2011895737299814,0.8722331379934242,36038,5,0.999916766084954,0.9999445107233028,1.0,1.0,8,1,python_sklearn_cpu,measured_onboard_sensor,jetson_ina3221_vdd_in,results/configs/tier_e_core4_hgb_mlp_timed/expanded.yaml,5d7ef13326a62fe67b086641ecbab539f8eed090359a55a029ee1a61dbda66ce,,,,0.0
TON_IoT,ton_iot_attack_family_holdout_full,1,random_forest,a1_constrained_score_search,jetson_orin_nx_super_ina3221_20260608t140153z,0.9859712860492176,0.9875775285526462,0.8609405846750013,0.2523764258555133,0.999916766084954,0.0019323132544552,517514.4339016094,7.850927352905273,7.885391547583102e-05,0.2040494289470766,0.8996607212885048,36040,3,0.999916766084954,1.0,1.0,1.0,8,1,python_sklearn_cpu,measured_onboard_sensor,jetson_ina3221_vdd_in,results/configs/tier_e_core4_hgb_mlp_timed/expanded.yaml,4d0cbacdebde4e7676ad5505614b53275431520b78767fe691fab299c3d576ff,,,,0.0
TON_IoT,ton_iot_attack_family_holdout_full,2,random_forest,a1_constrained_score_search,jetson_orin_nx_super_ina3221_20260608t140153z,0.9865096364714168,0.9880289850940138,0.7896340358210964,0.3834125475285171,0.9998890214466054,0.0019339018983817,517089.3109090901,7.850978851318359,7.885391547583102e-05,0.1950202981197231,0.8536652556151874,36039,4,0.999916766084954,0.9999722553616514,1.0,1.0,8,1,python_sklearn_cpu,measured_onboard_sensor,jetson_ina3221_vdd_in,results/configs/tier_e_core4_hgb_mlp_timed/expanded.yaml,c7151b8a1ef4edcc221d9f41023c60ab82d07852fcdbcf57c2c0ca3bbe8ed8ee,,,,0.0
TON_IoT,ton_iot_attack_family_holdout_full,3,random_forest,a1_constrained_score_search,jetson_orin_nx_super_ina3221_20260608t140153z,0.9857747781318472,0.9874782096976034,0.8540152267212449,0.2655893536121673,0.999916766084954,0.0020129096750549,496793.2800922742,7.850927352905273,7.885391547583102e-05,0.2102358060479336,0.8949835733679282,36040,3,0.999916766084954,1.0,1.0,1.0,8,1,python_sklearn_cpu,measured_onboard_sensor,jetson_ina3221_vdd_in,results/configs/tier_e_core4_hgb_mlp_timed/expanded.yaml,d303b92a26705759f970055ffa3d6af303caa89273be58a0b9a2ee2acf07655d,,,,0.0
TON_IoT,ton_iot_attack_family_holdout_full,4,random_forest,a1_constrained_score_search,jetson_orin_nx_super_ina3221_20260608t140153z,0.9866842369452548,0.9883534271095692,0.8652443468720765,0.2454847908745247,0.999916766084954,0.0019281056356113,518643.78254509816,7.850927352905273,7.885391547583102e-05,0.1999314578086141,0.9028010835655148,36040,3,0.999916766084954,1.0,1.0,1.0,8,1,python_sklearn_cpu,measured_onboard_sensor,jetson_ina3221_vdd_in,results/configs/tier_e_core4_hgb_mlp_timed/expanded.yaml,1cb8df7b674e28ccf3999788420ff577268c32424e356c096d0fbd1193ec0a8c,,,,0.0
TON_IoT,ton_iot_attack_family_holdout_full,5,random_forest,a1_constrained_score_search,jetson_orin_nx_super_ina3221_20260608t140153z,0.986849500390083,0.9883045430784584,0.8603965320666327,0.2533269961977186,0.999916766084954,0.001930696129181,517947.8970749208,7.850871086120605,7.885391547583102e-05,0.1889091384308321,0.8998908161791387,36040,3,0.999916766084954,1.0,1.0,1.0,8,1,python_sklearn_cpu,measured_onboard_sensor,jetson_ina3221_vdd_in,results/configs/tier_e_core4_hgb_mlp_timed/expanded.yaml,91ec0b83e77b7feab871dba7efde4e4fe93c55e9300845d2c42dd26dfa921e73,,,,0.0
TON_IoT,ton_iot_attack_family_holdout_full,6,random_forest,a1_constrained_score_search,jetson_orin_nx_super_ina3221_20260608t140153z,0.9857974779796717,0.9872913763880308,0.8183333257912329,0.3301330798479087,0.999916766084954,0.001873218026436,533840.6879964573,7.850824356079102,7.885391547583102e-05,0.2007724722393828,0.8719511811899349,36040,3,0.999916766084954,1.0,1.0,1.0,8,1,python_sklearn_cpu,measured_onboard_sensor,jetson_ina3221_vdd_in,results/configs/tier_e_core4_hgb_mlp_timed/expanded.yaml,eed43062033afd51054d93b4068cff75b135ed7426b222aee49205ce01455556,,,,0.0
TON_IoT,ton_iot_attack_family_holdout_full,7,random_forest,a1_constrained_score_search,jetson_orin_nx_super_ina3221_20260608t140153z,0.9868521136583313,0.9884098401685436,0.8749710118514274,0.2269486692015209,0.999916766084954,0.0019297413821531,518204.1538044034,7.850978851318359,7.885391547583102e-05,0.1934031966291245,0.9092932238841418,36040,3,0.999916766084954,1.0,1.0,1.0,8,1,python_sklearn_cpu,measured_onboard_sensor,jetson_ina3221_vdd_in,results/configs/tier_e_core4_hgb_mlp_timed/expanded.yaml,2fb4d100674949176f6c4fd647d3e69d17c899bd5d529536408d83d693ffdc95,,,,0.0
TON_IoT,ton_iot_attack_family_holdout_full,8,random_forest,a1_constrained_score_search,jetson_orin_nx_super_ina3221_20260608t140153z,0.9867382791445508,0.9882956517606803,0.904554125415898,0.1719581749049429,0.9998890214466054,0.0018902048547786,529043.1867592889,7.850927352905273,7.885391547583102e-05,0.1944869647863897,0.9284607551924456,36039,4,0.999916766084954,0.9999722553616514,1.0,1.0,8,1,python_sklearn_cpu,measured_onboard_sensor,jetson_ina3221_vdd_in,results/configs/tier_e_core4_hgb_mlp_timed/expanded.yaml,afad0a6044b7d2028cde41a75950f81adb42900728f136683d00756b6551a171,,,,0.0
TON_IoT,ton_iot_attack_family_holdout_full,9,random_forest,a1_constrained_score_search,jetson_orin_nx_super_ina3221_20260608t140153z,0.9855131200885432,0.9870154778311078,0.8666637545874251,0.2406844106463878,0.999833532169908,0.0019121877826525,522961.1908788816,7.850978851318359,7.885391547583102e-05,0.2038904433778453,0.9032054610388696,36037,6,0.999916766084954,0.999916766084954,1.0,1.0,8,1,python_sklearn_cpu,measured_onboard_sensor,jetson_ina3221_vdd_in,results/configs/tier_e_core4_hgb_mlp_timed/expanded.yaml,cfd65d39d2615679dedf82f74e4eda711492a1f7e40d30e6fd1945da3a532bc8,,,,0.0
TON_IoT,ton_iot_attack_family_holdout_full,0,random_forest,a4_split_shift,jetson_orin_nx_super_ina3221_20260608t140153z,0.9859695166072528,0.9875105213135008,0.9867400189603768,0.0,1.0,0.0019581269297834,510692.12357473024,7.850978851318359,7.885391547583102e-05,0.2011895737299814,0.9814754565024104,36043,0,1.0,1.0,1.0,1.0,8,1,python_sklearn_cpu,measured_onboard_sensor,jetson_ina3221_vdd_in,results/configs/tier_e_core4_hgb_mlp_timed/expanded.yaml,5d7ef13326a62fe67b086641ecbab539f8eed090359a55a029ee1a61dbda66ce,attack_type_holdout,train,test,0.0
TON_IoT,ton_iot_attack_family_holdout_full,1,random_forest,a4_split_shift,jetson_orin_nx_super_ina3221_20260608t140153z,0.9859712860492176,0.9875775285526462,0.986774407300932,0.0,1.0,0.0019323132544552,517514.4339016094,7.850927352905273,7.885391547583102e-05,0.2040494289470766,0.9814527059953596,36043,0,1.0,1.0,1.0,1.0,8,1,python_sklearn_cpu,measured_onboard_sensor,jetson_ina3221_vdd_in,results/configs/tier_e_core4_hgb_mlp_timed/expanded.yaml,4d0cbacdebde4e7676ad5505614b53275431520b78767fe691fab299c3d576ff,attack_type_holdout,train,test,0.0
TON_IoT,ton_iot_attack_family_holdout_full,2,random_forest,a4_split_shift,jetson_orin_nx_super_ina3221_20260608t140153z,0.9865096364714168,0.9880289850940138,0.9872693107827152,0.0,1.0,0.0019339018983817,517089.3109090901,7.850978851318359,7.885391547583102e-05,0.1950202981197231,0.9821281843402396,36043,0,1.0,1.0,1.0,1.0,8,1,python_sklearn_cpu,measured_onboard_sensor,jetson_ina3221_vdd_in,results/configs/tier_e_core4_hgb_mlp_timed/expanded.yaml,c7151b8a1ef4edcc221d9f41023c60ab82d07852fcdbcf57c2c0ca3bbe8ed8ee,attack_type_holdout,train,test,0.0
TON_IoT,ton_iot_attack_family_holdout_full,3,random_forest,a4_split_shift,jetson_orin_nx_super_ina3221_20260608t140153z,0.9857747781318472,0.9874782096976034,0.9866264939147252,0.0,1.0,0.0020129096750549,496793.2800922742,7.850927352905273,7.885391547583102e-05,0.2102358060479336,0.9811808970436904,36043,0,1.0,1.0,1.0,1.0,8,1,python_sklearn_cpu,measured_onboard_sensor,jetson_ina3221_vdd_in,results/configs/tier_e_core4_hgb_mlp_timed/expanded.yaml,d303b92a26705759f970055ffa3d6af303caa89273be58a0b9a2ee2acf07655d,attack_type_holdout,train,test,0.0
TON_IoT,ton_iot_attack_family_holdout_full,4,random_forest,a4_split_shift,jetson_orin_nx_super_ina3221_20260608t140153z,0.9866842369452548,0.9883534271095692,0.987518832027412,0.0,1.0,0.0019281056356113,518643.78254509816,7.850927352905273,7.885391547583102e-05,0.1999314578086141,0.9822794989164828,36043,0,1.0,1.0,1.0,1.0,8,1,python_sklearn_cpu,measured_onboard_sensor,jetson_ina3221_vdd_in,results/configs/tier_e_core4_hgb_mlp_timed/expanded.yaml,1cb8df7b674e28ccf3999788420ff577268c32424e356c096d0fbd1193ec0a8c,attack_type_holdout,train,test,0.0
TON_IoT,ton_iot_attack_family_holdout_full,5,random_forest,a4_split_shift,jetson_orin_nx_super_ina3221_20260608t140153z,0.986849500390083,0.9883045430784584,0.9875770217342708,0.0,1.0,0.001930696129181,517947.8970749208,7.850871086120605,7.885391547583102e-05,0.1889091384308321,0.9825581344631036,36043,0,1.0,1.0,1.0,1.0,8,1,python_sklearn_cpu,measured_onboard_sensor,jetson_ina3221_vdd_in,results/configs/tier_e_core4_hgb_mlp_timed/expanded.yaml,91ec0b83e77b7feab871dba7efde4e4fe93c55e9300845d2c42dd26dfa921e73,attack_type_holdout,train,test,0.0
TON_IoT,ton_iot_attack_family_holdout_full,6,random_forest,a4_split_shift,jetson_orin_nx_super_ina3221_20260608t140153z,0.9857974779796717,0.9872913763880308,0.9865444271838512,0.0,1.0,0.001873218026436,533840.6879964573,7.850824356079102,7.885391547583102e-05,0.2007724722393828,0.9812883970951368,36043,0,1.0,1.0,1.0,1.0,8,1,python_sklearn_cpu,measured_onboard_sensor,jetson_ina3221_vdd_in,results/configs/tier_e_core4_hgb_mlp_timed/expanded.yaml,eed43062033afd51054d93b4068cff75b135ed7426b222aee49205ce01455556,attack_type_holdout,train,test,0.0
TON_IoT,ton_iot_attack_family_holdout_full,7,random_forest,a4_split_shift,jetson_orin_nx_super_ina3221_20260608t140153z,0.9868521136583313,0.9884098401685436,0.9876309769134376,0.0,1.0,0.0019297413821531,518204.1538044034,7.850978851318359,7.885391547583102e-05,0.1934031966291245,0.9825222011744484,36043,0,1.0,1.0,1.0,1.0,8,1,python_sklearn_cpu,measured_onboard_sensor,jetson_ina3221_vdd_in,results/configs/tier_e_core4_hgb_mlp_timed/expanded.yaml,2fb4d100674949176f6c4fd647d3e69d17c899bd5d529536408d83d693ffdc95,attack_type_holdout,train,test,0.0
TON_IoT,ton_iot_attack_family_holdout_full,8,random_forest,a4_split_shift,jetson_orin_nx_super_ina3221_20260608t140153z,0.9867382791445508,0.9882956517606803,0.9875169654526156,0.0,1.0,0.0018902048547786,529043.1867592889,7.850927352905273,7.885391547583102e-05,0.1944869647863897,0.982386601216312,36043,0,1.0,1.0,1.0,1.0,8,1,python_sklearn_cpu,measured_onboard_sensor,jetson_ina3221_vdd_in,results/configs/tier_e_core4_hgb_mlp_timed/expanded.yaml,afad0a6044b7d2028cde41a75950f81adb42900728f136683d00756b6551a171,attack_type_holdout,train,test,0.0
TON_IoT,ton_iot_attack_family_holdout_full,9,random_forest,a4_split_shift,jetson_orin_nx_super_ina3221_20260608t140153z,0.9855131200885432,0.9870154778311078,0.9862642989598254,0.0,1.0,0.0019121877826525,522961.1908788816,7.850978851318359,7.885391547583102e-05,0.2038904433778453,0.98094581488093,36043,0,1.0,1.0,1.0,1.0,8,1,python_sklearn_cpu,measured_onboard_sensor,jetson_ina3221_vdd_in,results/configs/tier_e_core4_hgb_mlp_timed/expanded.yaml,cfd65d39d2615679dedf82f74e4eda711492a1f7e40d30e6fd1945da3a532bc8,attack_type_holdout,train,test,0.0
UNSW-NB15,unsw_nb15_official_full,0,extra_trees,a0_clean,jetson_orin_nx_super_ina3221_20260608t140153z,0.8609050455913386,0.8544858831301079,0.8576954643607233,0.0,1.0,0.0096835022345426,103268.42249623602,64.0818681716919,7.885391547583102e-05,0.4778499049654083,0.8424853150318677,82332,0,1.0,1.0,1.0,1.0,8,1,python_sklearn_cpu,measured_onboard_sensor,jetson_ina3221_vdd_in,results/configs/tier_e_core4_hgb_mlp_timed/expanded.yaml,8f47a868529bc27cfe1f2d7304a0f3b476d0de8716464a992281aed7e8c34237,,,,0.0
UNSW-NB15,unsw_nb15_official_full,1,extra_trees,a0_clean,jetson_orin_nx_super_ina3221_20260608t140153z,0.8607208729643595,0.8542599428600046,0.8574904079121821,0.0,1.0,0.0095715919777455,104475.82829742967,64.08373260498047,7.885391547583102e-05,0.4699633049620696,0.8424380911598578,82332,0,1.0,1.0,1.0,1.0,8,1,python_sklearn_cpu,measured_onboard_sensor,jetson_ina3221_vdd_in,results/configs/tier_e_core4_hgb_mlp_timed/expanded.yaml,8f47a868529bc27cfe1f2d7304a0f3b476d0de8716464a992281aed7e8c34237,,,,0.0
UNSW-NB15,unsw_nb15_official_full,2,extra_trees,a0_clean,jetson_orin_nx_super_ina3221_20260608t140153z,0.8619569636371264,0.855562585704031,0.8587597746705786,0.0,1.0,0.009718306411995,102898.58722356496,64.08350944519043,7.885391547583102e-05,0.4796672048382981,0.8435130901574412,82332,0,1.0,1.0,1.0,1.0,8,1,python_sklearn_cpu,measured_onboard_sensor,jetson_ina3221_vdd_in,results/configs/tier_e_core4_hgb_mlp_timed/expanded.yaml,8f47a868529bc27cfe1f2d7304a0f3b476d0de8716464a992281aed7e8c34237,,,,0.0
UNSW-NB15,unsw_nb15_official_full,3,extra_trees,a0_clean,jetson_orin_nx_super_ina3221_20260608t140153z,0.8601736334766937,0.8537752235161129,0.8569744284964034,0.0,1.0,0.0099956034363345,100043.98497492923,64.08355617523193,7.885391547583102e-05,0.4840360702182814,0.8416397857136173,82332,0,1.0,1.0,1.0,1.0,8,1,python_sklearn_cpu,measured_onboard_sensor,jetson_ina3221_vdd_in,results/configs/tier_e_core4_hgb_mlp_timed/expanded.yaml,8f47a868529bc27cfe1f2d7304a0f3b476d0de8716464a992281aed7e8c34237,,,,0.0
UNSW-NB15,unsw_nb15_official_full,4,extra_trees,a0_clean,jetson_orin_nx_super_ina3221_20260608t140153z,0.8626964904344108,0.8562326213092118,0.8594645558718113,0.0,1.0,0.0095821348109531,104360.87779279782,64.08350944519043,7.885391547583102e-05,0.4638340603022505,0.8445348179154929,82332,0,1.0,1.0,1.0,1.0,8,1,python_sklearn_cpu,measured_onboard_sensor,jetson_ina3221_vdd_in,results/configs/tier_e_core4_hgb_mlp_timed/expanded.yaml,8f47a868529bc27cfe1f2d7304a0f3b476d0de8716464a992281aed7e8c34237,,,,0.0
UNSW-NB15,unsw_nb15_official_full,5,extra_trees,a0_clean,jetson_orin_nx_super_ina3221_20260608t140153z,0.862266228217218,0.8557913483941897,0.8590287883057038,0.0,1.0,0.0094493961599531,105826.86798951538,64.08366394042969,7.885391547583102e-05,0.4629297888729636,0.8441174013127638,82332,0,1.0,1.0,1.0,1.0,8,1,python_sklearn_cpu,measured_onboard_sensor,jetson_ina3221_vdd_in,results/configs/tier_e_core4_hgb_mlp_timed/expanded.yaml,8f47a868529bc27cfe1f2d7304a0f3b476d0de8716464a992281aed7e8c34237,,,,0.0
UNSW-NB15,unsw_nb15_official_full,6,extra_trees,a0_clean,jetson_orin_nx_super_ina3221_20260608t140153z,0.8620961856242109,0.8556874912060211,0.858891838415116,0.0,1.0,0.0096695227663351,103417.72020864816,64.08360767364502,7.885391547583102e-05,0.4764393650687659,0.8437098053372171,82332,0,1.0,1.0,1.0,1.0,8,1,python_sklearn_cpu,measured_onboard_sensor,jetson_ina3221_vdd_in,results/configs/tier_e_core4_hgb_mlp_timed/expanded.yaml,8f47a868529bc27cfe1f2d7304a0f3b476d0de8716464a992281aed7e8c34237,,,,0.0
UNSW-NB15,unsw_nb15_official_full,7,extra_trees,a0_clean,jetson_orin_nx_super_ina3221_20260608t140153z,0.8614803564399889,0.8550885181042686,0.8582844372721288,0.0,1.0,0.0096850760887932,103251.64106424672,64.0836124420166,7.885391547583102e-05,0.481608016293007,0.8429989984309011,82332,0,1.0,1.0,1.0,1.0,8,1,python_sklearn_cpu,measured_onboard_sensor,jetson_ina3221_vdd_in,results/configs/tier_e_core4_hgb_mlp_timed/expanded.yaml,8f47a868529bc27cfe1f2d7304a0f3b476d0de8716464a992281aed7e8c34237,,,,0.0
UNSW-NB15,unsw_nb15_official_full,8,extra_trees,a0_clean,jetson_orin_nx_super_ina3221_20260608t140153z,0.8623778024746579,0.8559334292821013,0.8591556158783795,0.0,1.0,0.0098291807079926,101737.87925038786,64.08366394042969,7.885391547583102e-05,0.4686016846282442,0.8441299998206542,82332,0,1.0,1.0,1.0,1.0,8,1,python_sklearn_cpu,measured_onboard_sensor,jetson_ina3221_vdd_in,results/configs/tier_e_core4_hgb_mlp_timed/expanded.yaml,8f47a868529bc27cfe1f2d7304a0f3b476d0de8716464a992281aed7e8c34237,,,,0.0
UNSW-NB15,unsw_nb15_official_full,9,extra_trees,a0_clean,jetson_orin_nx_super_ina3221_20260608t140153z,0.859337253726085,0.8529525828661098,0.8561449182960974,0.0,1.0,0.0097972072779241,102069.9033543242,64.08448791503906,7.885391547583102e-05,0.4890564507859134,0.8407102149401849,82332,0,1.0,1.0,1.0,1.0,8,1,python_sklearn_cpu,measured_onboard_sensor,jetson_ina3221_vdd_in,results/configs/tier_e_core4_hgb_mlp_timed/expanded.yaml,8f47a868529bc27cfe1f2d7304a0f3b476d0de8716464a992281aed7e8c34237,,,,0.0
UNSW-NB15,unsw_nb15_official_full,0,extra_trees,a1_constrained_feature,jetson_orin_nx_super_ina3221_20260608t140153z,0.8609050455913386,0.8544858831301079,0.8625993378983622,0.0111030174602123,0.9991254919108,0.0096835022345426,103268.42249623602,64.0818681716919,7.885391547583102e-05,0.4778499049654083,0.8456728328313331,82260,72,1.0,0.9991254919108,1.0,1.0,8,1,python_sklearn_cpu,measured_onboard_sensor,jetson_ina3221_vdd_in,results/configs/tier_e_core4_hgb_mlp_timed/expanded.yaml,8f47a868529bc27cfe1f2d7304a0f3b476d0de8716464a992281aed7e8c34237,,,,0.0
UNSW-NB15,unsw_nb15_official_full,1,extra_trees,a1_constrained_feature,jetson_orin_nx_super_ina3221_20260608t140153z,0.8607208729643595,0.8542599428600046,0.8612416556210938,0.0123832858751076,0.9991254919108,0.0095715919777455,104475.82829742967,64.08373260498047,7.885391547583102e-05,0.4699633049620696,0.8448764021706504,82260,72,1.0,0.9991254919108,1.0,1.0,8,1,python_sklearn_cpu,measured_onboard_sensor,jetson_ina3221_vdd_in,results/configs/tier_e_core4_hgb_mlp_timed/expanded.yaml,8f47a868529bc27cfe1f2d7304a0f3b476d0de8716464a992281aed7e8c34237,,,,0.0
UNSW-NB15,unsw_nb15_official_full,2,extra_trees,a1_constrained_feature,jetson_orin_nx_super_ina3221_20260608t140153z,0.8619569636371264,0.855562585704031,0.8627225230969885,0.0133765975763194,0.9991254919108,0.009718306411995,102898.58722356496,64.08350944519043,7.885391547583102e-05,0.4796672048382981,0.8460888766346076,82260,72,1.0,0.9991254919108,1.0,1.0,8,1,python_sklearn_cpu,measured_onboard_sensor,jetson_ina3221_vdd_in,results/configs/tier_e_core4_hgb_mlp_timed/expanded.yaml,8f47a868529bc27cfe1f2d7304a0f3b476d0de8716464a992281aed7e8c34237,,,,0.0
UNSW-NB15,unsw_nb15_official_full,3,extra_trees,a1_constrained_feature,jetson_orin_nx_super_ina3221_20260608t140153z,0.8601736334766937,0.8537752235161129,0.8614869403205562,0.0124053594684678,0.9991254919108,0.0099956034363345,100043.98497492923,64.08355617523193,7.885391547583102e-05,0.4840360702182814,0.8445729183993166,82260,72,1.0,0.9991254919108,1.0,1.0,8,1,python_sklearn_cpu,measured_onboard_sensor,jetson_ina3221_vdd_in,results/configs/tier_e_core4_hgb_mlp_timed/expanded.yaml,8f47a868529bc27cfe1f2d7304a0f3b476d0de8716464a992281aed7e8c34237,,,,0.0
UNSW-NB15,unsw_nb15_official_full,4,extra_trees,a1_constrained_feature,jetson_orin_nx_super_ina3221_20260608t140153z,0.8626964904344108,0.8562326213092118,0.8634749473204311,0.0116769308875791,0.9991254919108,0.0095821348109531,104360.87779279782,64.08350944519043,7.885391547583102e-05,0.4638340603022505,0.8471415723570958,82260,72,1.0,0.9991254919108,1.0,1.0,8,1,python_sklearn_cpu,measured_onboard_sensor,jetson_ina3221_vdd_in,results/configs/tier_e_core4_hgb_mlp_timed/expanded.yaml,8f47a868529bc27cfe1f2d7304a0f3b476d0de8716464a992281aed7e8c34237,,,,0.0
UNSW-NB15,unsw_nb15_official_full,5,extra_trees,a1_constrained_feature,jetson_orin_nx_super_ina3221_20260608t140153z,0.862266228217218,0.8557913483941897,0.8632649924695082,0.010992649493411,0.9991254919108,0.0094493961599531,105826.86798951538,64.08366394042969,7.885391547583102e-05,0.4629297888729636,0.8468709340192365,82260,72,1.0,0.9991254919108,1.0,1.0,8,1,python_sklearn_cpu,measured_onboard_sensor,jetson_ina3221_vdd_in,results/configs/tier_e_core4_hgb_mlp_timed/expanded.yaml,8f47a868529bc27cfe1f2d7304a0f3b476d0de8716464a992281aed7e8c34237,,,,0.0
UNSW-NB15,unsw_nb15_official_full,6,extra_trees,a1_constrained_feature,jetson_orin_nx_super_ina3221_20260608t140153z,0.8620961856242109,0.8556874912060211,0.8632948154836078,0.0122287707215857,0.9991254919108,0.0096695227663351,103417.72020864816,64.08360767364502,7.885391547583102e-05,0.4764393650687659,0.8465717404317367,82260,72,1.0,0.9991254919108,1.0,1.0,8,1,python_sklearn_cpu,measured_onboard_sensor,jetson_ina3221_vdd_in,results/configs/tier_e_core4_hgb_mlp_timed/expanded.yaml,8f47a868529bc27cfe1f2d7304a0f3b476d0de8716464a992281aed7e8c34237,,,,0.0
UNSW-NB15,unsw_nb15_official_full,7,extra_trees,a1_constrained_feature,jetson_orin_nx_super_ina3221_20260608t140153z,0.8614803564399889,0.8550885181042686,0.8628109763682716,0.0124053594684678,0.9991254919108,0.0096850760887932,103251.64106424672,64.0836124420166,7.885391547583102e-05,0.481608016293007,0.8459412488433941,82260,72,1.0,0.9991254919108,1.0,1.0,8,1,python_sklearn_cpu,measured_onboard_sensor,jetson_ina3221_vdd_in,results/configs/tier_e_core4_hgb_mlp_timed/expanded.yaml,8f47a868529bc27cfe1f2d7304a0f3b476d0de8716464a992281aed7e8c34237,,,,0.0
UNSW-NB15,unsw_nb15_official_full,8,extra_trees,a1_constrained_feature,jetson_orin_nx_super_ina3221_20260608t140153z,0.8623778024746579,0.8559334292821013,0.8633919386983683,0.0116548572942189,0.9991254919108,0.0098291807079926,101737.87925038786,64.08366394042969,7.885391547583102e-05,0.4686016846282442,0.8468836096536468,82260,72,1.0,0.9991254919108,1.0,1.0,8,1,python_sklearn_cpu,measured_onboard_sensor,jetson_ina3221_vdd_in,results/configs/tier_e_core4_hgb_mlp_timed/expanded.yaml,8f47a868529bc27cfe1f2d7304a0f3b476d0de8716464a992281aed7e8c34237,,,,0.0
UNSW-NB15,unsw_nb15_official_full,9,extra_trees,a1_constrained_feature,jetson_orin_nx_super_ina3221_20260608t140153z,0.859337253726085,0.8529525828661098,0.8606076801363294,0.0128468313356731,0.9991254919108,0.0097972072779241,102069.9033543242,64.08448791503906,7.885391547583102e-05,0.4890564507859134,0.8436110101363358,82260,72,1.0,0.9991254919108,1.0,1.0,8,1,python_sklearn_cpu,measured_onboard_sensor,jetson_ina3221_vdd_in,results/configs/tier_e_core4_hgb_mlp_timed/expanded.yaml,8f47a868529bc27cfe1f2d7304a0f3b476d0de8716464a992281aed7e8c34237,,,,0.0
UNSW-NB15,unsw_nb15_official_full,0,extra_trees,a1_constrained_score_search,jetson_orin_nx_super_ina3221_20260608t140153z,0.8609050455913386,0.8544858831301079,0.8563242487750257,0.0231331258415557,0.9991254919108,0.0096835022345426,103268.42249623602,64.0818681716919,7.885391547583102e-05,0.4778499049654083,0.8415940249011643,82260,72,1.0,0.9991254919108,1.0,1.0,8,1,python_sklearn_cpu,measured_onboard_sensor,jetson_ina3221_vdd_in,results/configs/tier_e_core4_hgb_mlp_timed/expanded.yaml,8f47a868529bc27cfe1f2d7304a0f3b476d0de8716464a992281aed7e8c34237,,,,0.0
UNSW-NB15,unsw_nb15_official_full,1,extra_trees,a1_constrained_score_search,jetson_orin_nx_super_ina3221_20260608t140153z,0.8607208729643595,0.8542599428600046,0.8546697174393313,0.0249873076838178,0.9991254919108,0.0095715919777455,104475.82829742967,64.08373260498047,7.885391547583102e-05,0.4699633049620696,0.8406046423525048,82260,72,1.0,0.9991254919108,1.0,1.0,8,1,python_sklearn_cpu,measured_onboard_sensor,jetson_ina3221_vdd_in,results/configs/tier_e_core4_hgb_mlp_timed/expanded.yaml,8f47a868529bc27cfe1f2d7304a0f3b476d0de8716464a992281aed7e8c34237,,,,0.0
UNSW-NB15,unsw_nb15_official_full,2,extra_trees,a1_constrained_score_search,jetson_orin_nx_super_ina3221_20260608t140153z,0.8619569636371264,0.855562585704031,0.856563551357295,0.0251859700240602,0.9991254919108,0.009718306411995,102898.58722356496,64.08350944519043,7.885391547583102e-05,0.4796672048382981,0.8420855450038068,82260,72,1.0,0.9991254919108,1.0,1.0,8,1,python_sklearn_cpu,measured_onboard_sensor,jetson_ina3221_vdd_in,results/configs/tier_e_core4_hgb_mlp_timed/expanded.yaml,8f47a868529bc27cfe1f2d7304a0f3b476d0de8716464a992281aed7e8c34237,,,,0.0
UNSW-NB15,unsw_nb15_official_full,3,extra_trees,a1_constrained_score_search,jetson_orin_nx_super_ina3221_20260608t140153z,0.8601736334766937,0.8537752235161129,0.8553286937743794,0.0242147319162086,0.9991254919108,0.0099956034363345,100043.98497492923,64.08355617523193,7.885391547583102e-05,0.4840360702182814,0.8405700581443017,82260,72,1.0,0.9991254919108,1.0,1.0,8,1,python_sklearn_cpu,measured_onboard_sensor,jetson_ina3221_vdd_in,results/configs/tier_e_core4_hgb_mlp_timed/expanded.yaml,8f47a868529bc27cfe1f2d7304a0f3b476d0de8716464a992281aed7e8c34237,,,,0.0
UNSW-NB15,unsw_nb15_official_full,4,extra_trees,a1_constrained_score_search,jetson_orin_nx_super_ina3221_20260608t140153z,0.8626964904344108,0.8562326213092118,0.8569347215418115,0.0242147319162086,0.9991254919108,0.0095821348109531,104360.87779279782,64.08350944519043,7.885391547583102e-05,0.4638340603022505,0.8428904256009931,82260,72,1.0,0.9991254919108,1.0,1.0,8,1,python_sklearn_cpu,measured_onboard_sensor,jetson_ina3221_vdd_in,results/configs/tier_e_core4_hgb_mlp_timed/expanded.yaml,8f47a868529bc27cfe1f2d7304a0f3b476d0de8716464a992281aed7e8c34237,,,,0.0
UNSW-NB15,unsw_nb15_official_full,5,extra_trees,a1_constrained_score_search,jetson_orin_nx_super_ina3221_20260608t140153z,0.862266228217218,0.8557913483941897,0.8572882687260407,0.0224488444473875,0.9991254919108,0.0094493961599531,105826.86798951538,64.08366394042969,7.885391547583102e-05,0.4629297888729636,0.8429860635859826,82260,72,1.0,0.9991254919108,1.0,1.0,8,1,python_sklearn_cpu,measured_onboard_sensor,jetson_ina3221_vdd_in,results/configs/tier_e_core4_hgb_mlp_timed/expanded.yaml,8f47a868529bc27cfe1f2d7304a0f3b476d0de8716464a992281aed7e8c34237,,,,0.0
UNSW-NB15,unsw_nb15_official_full,6,extra_trees,a1_constrained_score_search,jetson_orin_nx_super_ina3221_20260608t140153z,0.8620961856242109,0.8556874912060211,0.8569161178286571,0.0244575414431715,0.9991254919108,0.0096695227663351,103417.72020864816,64.08360767364502,7.885391547583102e-05,0.4764393650687659,0.8424255869560188,82260,72,1.0,0.9991254919108,1.0,1.0,8,1,python_sklearn_cpu,measured_onboard_sensor,jetson_ina3221_vdd_in,results/configs/tier_e_core4_hgb_mlp_timed/expanded.yaml,8f47a868529bc27cfe1f2d7304a0f3b476d0de8716464a992281aed7e8c34237,,,,0.0
UNSW-NB15,unsw_nb15_official_full,7,extra_trees,a1_constrained_score_search,jetson_orin_nx_super_ina3221_20260608t140153z,0.8614803564399889,0.8550885181042686,0.8566283975307843,0.0242588791029291,0.9991254919108,0.0096850760887932,103251.64106424672,64.0836124420166,7.885391547583102e-05,0.481608016293007,0.8419225725990273,82260,72,1.0,0.9991254919108,1.0,1.0,8,1,python_sklearn_cpu,measured_onboard_sensor,jetson_ina3221_vdd_in,results/configs/tier_e_core4_hgb_mlp_timed/expanded.yaml,8f47a868529bc27cfe1f2d7304a0f3b476d0de8716464a992281aed7e8c34237,,,,0.0
UNSW-NB15,unsw_nb15_official_full,8,extra_trees,a1_constrained_score_search,jetson_orin_nx_super_ina3221_20260608t140153z,0.8623778024746579,0.8559334292821013,0.8576455346093144,0.0226695803809902,0.9991254919108,0.0098291807079926,101737.87925038786,64.08366394042969,7.885391547583102e-05,0.4686016846282442,0.8431484469957619,82260,72,1.0,0.9991254919108,1.0,1.0,8,1,python_sklearn_cpu,measured_onboard_sensor,jetson_ina3221_vdd_in,results/configs/tier_e_core4_hgb_mlp_timed/expanded.yaml,8f47a868529bc27cfe1f2d7304a0f3b476d0de8716464a992281aed7e8c34237,,,,0.0
UNSW-NB15,unsw_nb15_official_full,9,extra_trees,a1_constrained_score_search,jetson_orin_nx_super_ina3221_20260608t140153z,0.859337253726085,0.8529525828661098,0.8536918399559348,0.0261130609451912,0.9991254919108,0.0097972072779241,102069.9033543242,64.08448791503906,7.885391547583102e-05,0.4890564507859134,0.8391157140190791,82260,72,1.0,0.9991254919108,1.0,1.0,8,1,python_sklearn_cpu,measured_onboard_sensor,jetson_ina3221_vdd_in,results/configs/tier_e_core4_hgb_mlp_timed/expanded.yaml,8f47a868529bc27cfe1f2d7304a0f3b476d0de8716464a992281aed7e8c34237,,,,0.0
UNSW-NB15,unsw_nb15_official_full,0,extra_trees,a4_split_shift,jetson_orin_nx_super_ina3221_20260608t140153z,0.8609050455913386,0.8544858831301079,0.8576954643607233,0.0,1.0,0.0096835022345426,103268.42249623602,64.0818681716919,7.885391547583102e-05,0.4778499049654083,0.8424853150318677,82332,0,1.0,1.0,1.0,1.0,8,1,python_sklearn_cpu,measured_onboard_sensor,jetson_ina3221_vdd_in,results/configs/tier_e_core4_hgb_mlp_timed/expanded.yaml,8f47a868529bc27cfe1f2d7304a0f3b476d0de8716464a992281aed7e8c34237,,train,test,0.0
UNSW-NB15,unsw_nb15_official_full,1,extra_trees,a4_split_shift,jetson_orin_nx_super_ina3221_20260608t140153z,0.8607208729643595,0.8542599428600046,0.8574904079121821,0.0,1.0,0.0095715919777455,104475.82829742967,64.08373260498047,7.885391547583102e-05,0.4699633049620696,0.8424380911598578,82332,0,1.0,1.0,1.0,1.0,8,1,python_sklearn_cpu,measured_onboard_sensor,jetson_ina3221_vdd_in,results/configs/tier_e_core4_hgb_mlp_timed/expanded.yaml,8f47a868529bc27cfe1f2d7304a0f3b476d0de8716464a992281aed7e8c34237,,train,test,0.0
UNSW-NB15,unsw_nb15_official_full,2,extra_trees,a4_split_shift,jetson_orin_nx_super_ina3221_20260608t140153z,0.8619569636371264,0.855562585704031,0.8587597746705786,0.0,1.0,0.009718306411995,102898.58722356496,64.08350944519043,7.885391547583102e-05,0.4796672048382981,0.8435130901574412,82332,0,1.0,1.0,1.0,1.0,8,1,python_sklearn_cpu,measured_onboard_sensor,jetson_ina3221_vdd_in,results/configs/tier_e_core4_hgb_mlp_timed/expanded.yaml,8f47a868529bc27cfe1f2d7304a0f3b476d0de8716464a992281aed7e8c34237,,train,test,0.0
UNSW-NB15,unsw_nb15_official_full,3,extra_trees,a4_split_shift,jetson_orin_nx_super_ina3221_20260608t140153z,0.8601736334766937,0.8537752235161129,0.8569744284964034,0.0,1.0,0.0099956034363345,100043.98497492923,64.08355617523193,7.885391547583102e-05,0.4840360702182814,0.8416397857136173,82332,0,1.0,1.0,1.0,1.0,8,1,python_sklearn_cpu,measured_onboard_sensor,jetson_ina3221_vdd_in,results/configs/tier_e_core4_hgb_mlp_timed/expanded.yaml,8f47a868529bc27cfe1f2d7304a0f3b476d0de8716464a992281aed7e8c34237,,train,test,0.0
UNSW-NB15,unsw_nb15_official_full,4,extra_trees,a4_split_shift,jetson_orin_nx_super_ina3221_20260608t140153z,0.8626964904344108,0.8562326213092118,0.8594645558718113,0.0,1.0,0.0095821348109531,104360.87779279782,64.08350944519043,7.885391547583102e-05,0.4638340603022505,0.8445348179154929,82332,0,1.0,1.0,1.0,1.0,8,1,python_sklearn_cpu,measured_onboard_sensor,jetson_ina3221_vdd_in,results/configs/tier_e_core4_hgb_mlp_timed/expanded.yaml,8f47a868529bc27cfe1f2d7304a0f3b476d0de8716464a992281aed7e8c34237,,train,test,0.0
UNSW-NB15,unsw_nb15_official_full,5,extra_trees,a4_split_shift,jetson_orin_nx_super_ina3221_20260608t140153z,0.862266228217218,0.8557913483941897,0.8590287883057038,0.0,1.0,0.0094493961599531,105826.86798951538,64.08366394042969,7.885391547583102e-05,0.4629297888729636,0.8441174013127638,82332,0,1.0,1.0,1.0,1.0,8,1,python_sklearn_cpu,measured_onboard_sensor,jetson_ina3221_vdd_in,results/configs/tier_e_core4_hgb_mlp_timed/expanded.yaml,8f47a868529bc27cfe1f2d7304a0f3b476d0de8716464a992281aed7e8c34237,,train,test,0.0
UNSW-NB15,unsw_nb15_official_full,6,extra_trees,a4_split_shift,jetson_orin_nx_super_ina3221_20260608t140153z,0.8620961856242109,0.8556874912060211,0.858891838415116,0.0,1.0,0.0096695227663351,103417.72020864816,64.08360767364502,7.885391547583102e-05,0.4764393650687659,0.8437098053372171,82332,0,1.0,1.0,1.0,1.0,8,1,python_sklearn_cpu,measured_onboard_sensor,jetson_ina3221_vdd_in,results/configs/tier_e_core4_hgb_mlp_timed/expanded.yaml,8f47a868529bc27cfe1f2d7304a0f3b476d0de8716464a992281aed7e8c34237,,train,test,0.0
UNSW-NB15,unsw_nb15_official_full,7,extra_trees,a4_split_shift,jetson_orin_nx_super_ina3221_20260608t140153z,0.8614803564399889,0.8550885181042686,0.8582844372721288,0.0,1.0,0.0096850760887932,103251.64106424672,64.0836124420166,7.885391547583102e-05,0.481608016293007,0.8429989984309011,82332,0,1.0,1.0,1.0,1.0,8,1,python_sklearn_cpu,measured_onboard_sensor,jetson_ina3221_vdd_in,results/configs/tier_e_core4_hgb_mlp_timed/expanded.yaml,8f47a868529bc27cfe1f2d7304a0f3b476d0de8716464a992281aed7e8c34237,,train,test,0.0
UNSW-NB15,unsw_nb15_official_full,8,extra_trees,a4_split_shift,jetson_orin_nx_super_ina3221_20260608t140153z,0.8623778024746579,0.8559334292821013,0.8591556158783795,0.0,1.0,0.0098291807079926,101737.87925038786,64.08366394042969,7.885391547583102e-05,0.4686016846282442,0.8441299998206542,82332,0,1.0,1.0,1.0,1.0,8,1,python_sklearn_cpu,measured_onboard_sensor,jetson_ina3221_vdd_in,results/configs/tier_e_core4_hgb_mlp_timed/expanded.yaml,8f47a868529bc27cfe1f2d7304a0f3b476d0de8716464a992281aed7e8c34237,,train,test,0.0
UNSW-NB15,unsw_nb15_official_full,9,extra_trees,a4_split_shift,jetson_orin_nx_super_ina3221_20260608t140153z,0.859337253726085,0.8529525828661098,0.8561449182960974,0.0,1.0,0.0097972072779241,102069.9033543242,64.08448791503906,7.885391547583102e-05,0.4890564507859134,0.8407102149401849,82332,0,1.0,1.0,1.0,1.0,8,1,python_sklearn_cpu,measured_onboard_sensor,jetson_ina3221_vdd_in,results/configs/tier_e_core4_hgb_mlp_timed/expanded.yaml,8f47a868529bc27cfe1f2d7304a0f3b476d0de8716464a992281aed7e8c34237,,train,test,0.0
UNSW-NB15,unsw_nb15_official_full,0,hist_gradient_boosting,a0_clean,jetson_orin_nx_super_ina3221_20260608t140153z,0.9086734892344352,0.904525447091846,0.9065994681631406,0.0,1.0,0.0010456169495308,956373.1732243882,1.8854026794433596,7.885391547583102e-05,0.4889505176225374,0.8961019994158709,82332,0,1.0,1.0,1.0,1.0,8,1,python_sklearn_cpu,measured_onboard_sensor,jetson_ina3221_vdd_in,results/configs/tier_e_core4_hgb_mlp_timed/expanded.yaml,8f47a868529bc27cfe1f2d7304a0f3b476d0de8716464a992281aed7e8c34237,,,,0.0
UNSW-NB15,unsw_nb15_official_full,1,hist_gradient_boosting,a0_clean,jetson_orin_nx_super_ina3221_20260608t140153z,0.9082894148885224,0.9041824306438264,0.9062359227661744,0.0,1.0,0.0013328241476989,750286.5263406392,1.8854026794433596,7.885391547583102e-05,0.4967838195559011,0.8955811891779248,82332,0,1.0,1.0,1.0,1.0,8,1,python_sklearn_cpu,measured_onboard_sensor,jetson_ina3221_vdd_in,results/configs/tier_e_core4_hgb_mlp_timed/expanded.yaml,8f47a868529bc27cfe1f2d7304a0f3b476d0de8716464a992281aed7e8c34237,,,,0.0
UNSW-NB15,unsw_nb15_official_full,2,hist_gradient_boosting,a0_clean,jetson_orin_nx_super_ina3221_20260608t140153z,0.909452085581937,0.9053448038614808,0.9073984447217088,0.0,1.0,0.0014071213347871,710670.768239929,1.8854026794433596,7.885391547583102e-05,0.4869147335811943,0.8969409379525063,82332,0,1.0,1.0,1.0,1.0,8,1,python_sklearn_cpu,measured_onboard_sensor,jetson_ina3221_vdd_in,results/configs/tier_e_core4_hgb_mlp_timed/expanded.yaml,8f47a868529bc27cfe1f2d7304a0f3b476d0de8716464a992281aed7e8c34237,,,,0.0
UNSW-NB15,unsw_nb15_official_full,3,hist_gradient_boosting,a0_clean,jetson_orin_nx_super_ina3221_20260608t140153z,0.908326381115381,0.9042180036296776,0.9062721923725292,0.0,1.0,0.0012222117795297,818188.8088042587,1.8854026794433596,7.885391547583102e-05,0.4963156030821256,0.8956270537289956,82332,0,1.0,1.0,1.0,1.0,8,1,python_sklearn_cpu,measured_onboard_sensor,jetson_ina3221_vdd_in,results/configs/tier_e_core4_hgb_mlp_timed/expanded.yaml,8f47a868529bc27cfe1f2d7304a0f3b476d0de8716464a992281aed7e8c34237,,,,0.0
UNSW-NB15,unsw_nb15_official_full,4,hist_gradient_boosting,a0_clean,jetson_orin_nx_super_ina3221_20260608t140153z,0.9089031186318428,0.904895952027206,0.9068995353295244,0.0,1.0,0.0010630612479489,940679.5722535952,1.8853511810302732,7.885391547583102e-05,0.5027025810775039,0.8961269934870575,82332,0,1.0,1.0,1.0,1.0,8,1,python_sklearn_cpu,measured_onboard_sensor,jetson_ina3221_vdd_in,results/configs/tier_e_core4_hgb_mlp_timed/expanded.yaml,8f47a868529bc27cfe1f2d7304a0f3b476d0de8716464a992281aed7e8c34237,,,,0.0
UNSW-NB15,unsw_nb15_official_full,5,hist_gradient_boosting,a0_clean,jetson_orin_nx_super_ina3221_20260608t140153z,0.907233587740077,0.9029583851035364,0.9050959864218068,0.0,1.0,0.0010717747044513,933031.910388241,1.8853511810302732,7.885391547583102e-05,0.4867241898211633,0.8946429942374378,82332,0,1.0,1.0,1.0,1.0,8,1,python_sklearn_cpu,measured_onboard_sensor,jetson_ina3221_vdd_in,results/configs/tier_e_core4_hgb_mlp_timed/expanded.yaml,8f47a868529bc27cfe1f2d7304a0f3b476d0de8716464a992281aed7e8c34237,,,,0.0
UNSW-NB15,unsw_nb15_official_full,6,hist_gradient_boosting,a0_clean,jetson_orin_nx_super_ina3221_20260608t140153z,0.9094361746001776,0.905352549717281,0.9073943621587292,0.0,1.0,0.0010633536618383,940420.8927735494,1.8854026794433596,7.885391547583102e-05,0.4896787353841091,0.8968822920762098,82332,0,1.0,1.0,1.0,1.0,8,1,python_sklearn_cpu,measured_onboard_sensor,jetson_ina3221_vdd_in,results/configs/tier_e_core4_hgb_mlp_timed/expanded.yaml,8f47a868529bc27cfe1f2d7304a0f3b476d0de8716464a992281aed7e8c34237,,,,0.0
UNSW-NB15,unsw_nb15_official_full,7,hist_gradient_boosting,a0_clean,jetson_orin_nx_super_ina3221_20260608t140153z,0.9087622084469602,0.9047136251225196,0.9067379167847398,0.0,1.0,0.0010694984121153,935017.7510054955,1.8854026794433596,7.885391547583102e-05,0.4992950651171776,0.8960335072961257,82332,0,1.0,1.0,1.0,1.0,8,1,python_sklearn_cpu,measured_onboard_sensor,jetson_ina3221_vdd_in,results/configs/tier_e_core4_hgb_mlp_timed/expanded.yaml,8f47a868529bc27cfe1f2d7304a0f3b476d0de8716464a992281aed7e8c34237,,,,0.0
UNSW-NB15,unsw_nb15_official_full,8,hist_gradient_boosting,a0_clean,jetson_orin_nx_super_ina3221_20260608t140153z,0.909171837971994,0.9051485413322968,0.9071601896521452,0.0,1.0,0.0010642213120246,939654.1759698136,1.8854026794433596,7.885391547583102e-05,0.4986237679486598,0.8964692171093362,82332,0,1.0,1.0,1.0,1.0,8,1,python_sklearn_cpu,measured_onboard_sensor,jetson_ina3221_vdd_in,results/configs/tier_e_core4_hgb_mlp_timed/expanded.yaml,8f47a868529bc27cfe1f2d7304a0f3b476d0de8716464a992281aed7e8c34237,,,,0.0
UNSW-NB15,unsw_nb15_official_full,9,hist_gradient_boosting,a0_clean,jetson_orin_nx_super_ina3221_20260608t140153z,0.9091100551121882,0.9050235523620328,0.9070668037371106,0.0,1.0,0.0010707200052065,933950.9817107886,1.8854026794433596,7.885391547583102e-05,0.4921235473539365,0.8965058220568145,82332,0,1.0,1.0,1.0,1.0,8,1,python_sklearn_cpu,measured_onboard_sensor,jetson_ina3221_vdd_in,results/configs/tier_e_core4_hgb_mlp_timed/expanded.yaml,8f47a868529bc27cfe1f2d7304a0f3b476d0de8716464a992281aed7e8c34237,,,,0.0
UNSW-NB15,unsw_nb15_official_full,0,hist_gradient_boosting,a1_constrained_feature,jetson_orin_nx_super_ina3221_20260608t140153z,0.9086734892344352,0.904525447091846,0.9067500459918784,0.0327130653599099,0.9991254919108,0.0010456169495308,956373.1732243882,1.8854026794433596,7.885391547583102e-05,0.4889505176225374,0.8961998750045505,82260,72,1.0,0.9991254919108,1.0,1.0,8,1,python_sklearn_cpu,measured_onboard_sensor,jetson_ina3221_vdd_in,results/configs/tier_e_core4_hgb_mlp_timed/expanded.yaml,8f47a868529bc27cfe1f2d7304a0f3b476d0de8716464a992281aed7e8c34237,,,,0.0
UNSW-NB15,unsw_nb15_official_full,1,hist_gradient_boosting,a1_constrained_feature,jetson_orin_nx_super_ina3221_20260608t140153z,0.9082894148885224,0.9041824306438264,0.9074853943661374,0.0314107233516544,0.9991254919108,0.0013328241476989,750286.5263406392,1.8854026794433596,7.885391547583102e-05,0.4967838195559011,0.8963933457179007,82260,72,1.0,0.9991254919108,1.0,1.0,8,1,python_sklearn_cpu,measured_onboard_sensor,jetson_ina3221_vdd_in,results/configs/tier_e_core4_hgb_mlp_timed/expanded.yaml,8f47a868529bc27cfe1f2d7304a0f3b476d0de8716464a992281aed7e8c34237,,,,0.0
UNSW-NB15,unsw_nb15_official_full,2,hist_gradient_boosting,a1_constrained_feature,jetson_orin_nx_super_ina3221_20260608t140153z,0.909452085581937,0.9053448038614808,0.9085914175133204,0.0306822947707657,0.9991254919108,0.0014071213347871,710670.768239929,1.8854026794433596,7.885391547583102e-05,0.4869147335811943,0.8977163702670536,82260,72,1.0,0.9991254919108,1.0,1.0,8,1,python_sklearn_cpu,measured_onboard_sensor,jetson_ina3221_vdd_in,results/configs/tier_e_core4_hgb_mlp_timed/expanded.yaml,8f47a868529bc27cfe1f2d7304a0f3b476d0de8716464a992281aed7e8c34237,,,,0.0
UNSW-NB15,unsw_nb15_official_full,3,hist_gradient_boosting,a1_constrained_feature,jetson_orin_nx_super_ina3221_20260608t140153z,0.908326381115381,0.9042180036296776,0.9069662904275017,0.0324261086462265,0.9991254919108,0.0012222117795297,818188.8088042587,1.8854026794433596,7.885391547583102e-05,0.4963156030821256,0.8960782174647277,82260,72,1.0,0.9991254919108,1.0,1.0,8,1,python_sklearn_cpu,measured_onboard_sensor,jetson_ina3221_vdd_in,results/configs/tier_e_core4_hgb_mlp_timed/expanded.yaml,8f47a868529bc27cfe1f2d7304a0f3b476d0de8716464a992281aed7e8c34237,,,,0.0
UNSW-NB15,unsw_nb15_official_full,4,hist_gradient_boosting,a1_constrained_feature,jetson_orin_nx_super_ina3221_20260608t140153z,0.9089031186318428,0.904895952027206,0.9085201990680918,0.0315210913184557,0.9991254919108,0.0010630612479489,940679.5722535952,1.8853511810302732,7.885391547583102e-05,0.5027025810775039,0.8971804249171262,82260,72,1.0,0.9991254919108,1.0,1.0,8,1,python_sklearn_cpu,measured_onboard_sensor,jetson_ina3221_vdd_in,results/configs/tier_e_core4_hgb_mlp_timed/expanded.yaml,8f47a868529bc27cfe1f2d7304a0f3b476d0de8716464a992281aed7e8c34237,,,,0.0
UNSW-NB15,unsw_nb15_official_full,5,hist_gradient_boosting,a1_constrained_feature,jetson_orin_nx_super_ina3221_20260608t140153z,0.907233587740077,0.9029583851035364,0.9059736731413376,0.0307264419574862,0.9991254919108,0.0010717747044513,933031.910388241,1.8853511810302732,7.885391547583102e-05,0.4867241898211633,0.8952134906051328,82260,72,1.0,0.9991254919108,1.0,1.0,8,1,python_sklearn_cpu,measured_onboard_sensor,jetson_ina3221_vdd_in,results/configs/tier_e_core4_hgb_mlp_timed/expanded.yaml,8f47a868529bc27cfe1f2d7304a0f3b476d0de8716464a992281aed7e8c34237,,,,0.0
UNSW-NB15,unsw_nb15_official_full,6,hist_gradient_boosting,a1_constrained_feature,jetson_orin_nx_super_ina3221_20260608t140153z,0.9094361746001776,0.905352549717281,0.908147584299858,0.0318301216254994,0.9991254919108,0.0010633536618383,940420.8927735494,1.8854026794433596,7.885391547583102e-05,0.4896787353841091,0.8973718864679435,82260,72,1.0,0.9991254919108,1.0,1.0,8,1,python_sklearn_cpu,measured_onboard_sensor,jetson_ina3221_vdd_in,results/configs/tier_e_core4_hgb_mlp_timed/expanded.yaml,8f47a868529bc27cfe1f2d7304a0f3b476d0de8716464a992281aed7e8c34237,,,,0.0
UNSW-NB15,unsw_nb15_official_full,7,hist_gradient_boosting,a1_constrained_feature,jetson_orin_nx_super_ina3221_20260608t140153z,0.9087622084469602,0.9047136251225196,0.9076061739995056,0.0325364766130278,0.9991254919108,0.0010694984121153,935017.7510054955,1.8854026794433596,7.885391547583102e-05,0.4992950651171776,0.8965978744857236,82260,72,1.0,0.9991254919108,1.0,1.0,8,1,python_sklearn_cpu,measured_onboard_sensor,jetson_ina3221_vdd_in,results/configs/tier_e_core4_hgb_mlp_timed/expanded.yaml,8f47a868529bc27cfe1f2d7304a0f3b476d0de8716464a992281aed7e8c34237,,,,0.0
UNSW-NB15,unsw_nb15_official_full,8,hist_gradient_boosting,a1_constrained_feature,jetson_orin_nx_super_ina3221_20260608t140153z,0.909171837971994,0.9051485413322968,0.907855384150761,0.032889654106792,0.9991254919108,0.0010642213120246,939654.1759698136,1.8854026794433596,7.885391547583102e-05,0.4986237679486598,0.8969210935334364,82260,72,1.0,0.9991254919108,1.0,1.0,8,1,python_sklearn_cpu,measured_onboard_sensor,jetson_ina3221_vdd_in,results/configs/tier_e_core4_hgb_mlp_timed/expanded.yaml,8f47a868529bc27cfe1f2d7304a0f3b476d0de8716464a992281aed7e8c34237,,,,0.0
UNSW-NB15,unsw_nb15_official_full,9,hist_gradient_boosting,a1_constrained_feature,jetson_orin_nx_super_ina3221_20260608t140153z,0.9091100551121882,0.9050235523620328,0.908143681038901,0.0314107233516544,0.9991254919108,0.0010707200052065,933950.9817107886,1.8854026794433596,7.885391547583102e-05,0.4921235473539365,0.8972057923029784,82260,72,1.0,0.9991254919108,1.0,1.0,8,1,python_sklearn_cpu,measured_onboard_sensor,jetson_ina3221_vdd_in,results/configs/tier_e_core4_hgb_mlp_timed/expanded.yaml,8f47a868529bc27cfe1f2d7304a0f3b476d0de8716464a992281aed7e8c34237,,,,0.0
UNSW-NB15,unsw_nb15_official_full,0,hist_gradient_boosting,a1_constrained_score_search,jetson_orin_nx_super_ina3221_20260608t140153z,0.9086734892344352,0.904525447091846,0.9031418154527028,0.039600026488312,0.9991254919108,0.0010456169495308,956373.1732243882,1.8854026794433596,7.885391547583102e-05,0.4889505176225374,0.8938545251540864,82260,72,1.0,0.9991254919108,1.0,1.0,8,1,python_sklearn_cpu,measured_onboard_sensor,jetson_ina3221_vdd_in,results/configs/tier_e_core4_hgb_mlp_timed/expanded.yaml,8f47a868529bc27cfe1f2d7304a0f3b476d0de8716464a992281aed7e8c34237,,,,0.0
UNSW-NB15,unsw_nb15_official_full,1,hist_gradient_boosting,a1_constrained_score_search,jetson_orin_nx_super_ina3221_20260608t140153z,0.9082894148885224,0.9041824306438264,0.9039806132115836,0.0380990221398141,0.9991254919108,0.0013328241476989,750286.5263406392,1.8854026794433596,7.885391547583102e-05,0.4967838195559011,0.8941152379674406,82260,72,1.0,0.9991254919108,1.0,1.0,8,1,python_sklearn_cpu,measured_onboard_sensor,jetson_ina3221_vdd_in,results/configs/tier_e_core4_hgb_mlp_timed/expanded.yaml,8f47a868529bc27cfe1f2d7304a0f3b476d0de8716464a992281aed7e8c34237,,,,0.0
UNSW-NB15,unsw_nb15_official_full,2,hist_gradient_boosting,a1_constrained_score_search,jetson_orin_nx_super_ina3221_20260608t140153z,0.909452085581937,0.9053448038614808,0.9044963379126224,0.0384963468202988,0.9991254919108,0.0014071213347871,710670.768239929,1.8854026794433596,7.885391547583102e-05,0.4869147335811943,0.8950545685266001,82260,72,1.0,0.9991254919108,1.0,1.0,8,1,python_sklearn_cpu,measured_onboard_sensor,jetson_ina3221_vdd_in,results/configs/tier_e_core4_hgb_mlp_timed/expanded.yaml,8f47a868529bc27cfe1f2d7304a0f3b476d0de8716464a992281aed7e8c34237,,,,0.0
UNSW-NB15,unsw_nb15_official_full,3,hist_gradient_boosting,a1_constrained_score_search,jetson_orin_nx_super_ina3221_20260608t140153z,0.908326381115381,0.9042180036296776,0.903473512200963,0.0390923338410259,0.9991254919108,0.0012222117795297,818188.8088042587,1.8854026794433596,7.885391547583102e-05,0.4963156030821256,0.8938079116174775,82260,72,1.0,0.9991254919108,1.0,1.0,8,1,python_sklearn_cpu,measured_onboard_sensor,jetson_ina3221_vdd_in,results/configs/tier_e_core4_hgb_mlp_timed/expanded.yaml,8f47a868529bc27cfe1f2d7304a0f3b476d0de8716464a992281aed7e8c34237,,,,0.0
UNSW-NB15,unsw_nb15_official_full,4,hist_gradient_boosting,a1_constrained_score_search,jetson_orin_nx_super_ina3221_20260608t140153z,0.9089031186318428,0.904895952027206,0.9041941730570652,0.0397766152351941,0.9991254919108,0.0010630612479489,940679.5722535952,1.8853511810302732,7.885391547583102e-05,0.5027025810775039,0.8943685080099589,82260,72,1.0,0.9991254919108,1.0,1.0,8,1,python_sklearn_cpu,measured_onboard_sensor,jetson_ina3221_vdd_in,results/configs/tier_e_core4_hgb_mlp_timed/expanded.yaml,8f47a868529bc27cfe1f2d7304a0f3b476d0de8716464a992281aed7e8c34237,,,,0.0
UNSW-NB15,unsw_nb15_official_full,5,hist_gradient_boosting,a1_constrained_score_search,jetson_orin_nx_super_ina3221_20260608t140153z,0.907233587740077,0.9029583851035364,0.9016716287115488,0.0389378186875041,0.9991254919108,0.0010717747044513,933031.910388241,1.8853511810302732,7.885391547583102e-05,0.4867241898211633,0.8924171617257702,82260,72,1.0,0.9991254919108,1.0,1.0,8,1,python_sklearn_cpu,measured_onboard_sensor,jetson_ina3221_vdd_in,results/configs/tier_e_core4_hgb_mlp_timed/expanded.yaml,8f47a868529bc27cfe1f2d7304a0f3b476d0de8716464a992281aed7e8c34237,,,,0.0
UNSW-NB15,unsw_nb15_official_full,6,hist_gradient_boosting,a1_constrained_score_search,jetson_orin_nx_super_ina3221_20260608t140153z,0.9094361746001776,0.905352549717281,0.90438831002608,0.0390040394675849,0.9991254919108,0.0010633536618383,940420.8927735494,1.8854026794433596,7.885391547583102e-05,0.4896787353841091,0.8949283581899878,82260,72,1.0,0.9991254919108,1.0,1.0,8,1,python_sklearn_cpu,measured_onboard_sensor,jetson_ina3221_vdd_in,results/configs/tier_e_core4_hgb_mlp_timed/expanded.yaml,8f47a868529bc27cfe1f2d7304a0f3b476d0de8716464a992281aed7e8c34237,,,,0.0
UNSW-NB15,unsw_nb15_official_full,7,hist_gradient_boosting,a1_constrained_score_search,jetson_orin_nx_super_ina3221_20260608t140153z,0.9087622084469602,0.9047136251225196,0.903454249866865,0.0404608966293622,0.9991254919108,0.0010694984121153,935017.7510054955,1.8854026794433596,7.885391547583102e-05,0.4992950651171776,0.893899123799507,82260,72,1.0,0.9991254919108,1.0,1.0,8,1,python_sklearn_cpu,measured_onboard_sensor,jetson_ina3221_vdd_in,results/configs/tier_e_core4_hgb_mlp_timed/expanded.yaml,8f47a868529bc27cfe1f2d7304a0f3b476d0de8716464a992281aed7e8c34237,,,,0.0
UNSW-NB15,unsw_nb15_official_full,8,hist_gradient_boosting,a1_constrained_score_search,jetson_orin_nx_super_ina3221_20260608t140153z,0.909171837971994,0.9051485413322968,0.9033566842467584,0.0414762819239344,0.9991254919108,0.0010642213120246,939654.1759698136,1.8854026794433596,7.885391547583102e-05,0.4986237679486598,0.8939969385958348,82260,72,1.0,0.9991254919108,1.0,1.0,8,1,python_sklearn_cpu,measured_onboard_sensor,jetson_ina3221_vdd_in,results/configs/tier_e_core4_hgb_mlp_timed/expanded.yaml,8f47a868529bc27cfe1f2d7304a0f3b476d0de8716464a992281aed7e8c34237,,,,0.0
UNSW-NB15,unsw_nb15_official_full,9,hist_gradient_boosting,a1_constrained_score_search,jetson_orin_nx_super_ina3221_20260608t140153z,0.9091100551121882,0.9050235523620328,0.90403744150196,0.0392468489945478,0.9991254919108,0.0010707200052065,933950.9817107886,1.8854026794433596,7.885391547583102e-05,0.4921235473539365,0.8945367366039667,82260,72,1.0,0.9991254919108,1.0,1.0,8,1,python_sklearn_cpu,measured_onboard_sensor,jetson_ina3221_vdd_in,results/configs/tier_e_core4_hgb_mlp_timed/expanded.yaml,8f47a868529bc27cfe1f2d7304a0f3b476d0de8716464a992281aed7e8c34237,,,,0.0
UNSW-NB15,unsw_nb15_official_full,0,hist_gradient_boosting,a4_split_shift,jetson_orin_nx_super_ina3221_20260608t140153z,0.9086734892344352,0.904525447091846,0.9065994681631406,0.0,1.0,0.0010456169495308,956373.1732243882,1.8854026794433596,7.885391547583102e-05,0.4889505176225374,0.8961019994158709,82332,0,1.0,1.0,1.0,1.0,8,1,python_sklearn_cpu,measured_onboard_sensor,jetson_ina3221_vdd_in,results/configs/tier_e_core4_hgb_mlp_timed/expanded.yaml,8f47a868529bc27cfe1f2d7304a0f3b476d0de8716464a992281aed7e8c34237,,train,test,0.0
UNSW-NB15,unsw_nb15_official_full,1,hist_gradient_boosting,a4_split_shift,jetson_orin_nx_super_ina3221_20260608t140153z,0.9082894148885224,0.9041824306438264,0.9062359227661744,0.0,1.0,0.0013328241476989,750286.5263406392,1.8854026794433596,7.885391547583102e-05,0.4967838195559011,0.8955811891779248,82332,0,1.0,1.0,1.0,1.0,8,1,python_sklearn_cpu,measured_onboard_sensor,jetson_ina3221_vdd_in,results/configs/tier_e_core4_hgb_mlp_timed/expanded.yaml,8f47a868529bc27cfe1f2d7304a0f3b476d0de8716464a992281aed7e8c34237,,train,test,0.0
UNSW-NB15,unsw_nb15_official_full,2,hist_gradient_boosting,a4_split_shift,jetson_orin_nx_super_ina3221_20260608t140153z,0.909452085581937,0.9053448038614808,0.9073984447217088,0.0,1.0,0.0014071213347871,710670.768239929,1.8854026794433596,7.885391547583102e-05,0.4869147335811943,0.8969409379525063,82332,0,1.0,1.0,1.0,1.0,8,1,python_sklearn_cpu,measured_onboard_sensor,jetson_ina3221_vdd_in,results/configs/tier_e_core4_hgb_mlp_timed/expanded.yaml,8f47a868529bc27cfe1f2d7304a0f3b476d0de8716464a992281aed7e8c34237,,train,test,0.0
UNSW-NB15,unsw_nb15_official_full,3,hist_gradient_boosting,a4_split_shift,jetson_orin_nx_super_ina3221_20260608t140153z,0.908326381115381,0.9042180036296776,0.9062721923725292,0.0,1.0,0.0012222117795297,818188.8088042587,1.8854026794433596,7.885391547583102e-05,0.4963156030821256,0.8956270537289956,82332,0,1.0,1.0,1.0,1.0,8,1,python_sklearn_cpu,measured_onboard_sensor,jetson_ina3221_vdd_in,results/configs/tier_e_core4_hgb_mlp_timed/expanded.yaml,8f47a868529bc27cfe1f2d7304a0f3b476d0de8716464a992281aed7e8c34237,,train,test,0.0
UNSW-NB15,unsw_nb15_official_full,4,hist_gradient_boosting,a4_split_shift,jetson_orin_nx_super_ina3221_20260608t140153z,0.9089031186318428,0.904895952027206,0.9068995353295244,0.0,1.0,0.0010630612479489,940679.5722535952,1.8853511810302732,7.885391547583102e-05,0.5027025810775039,0.8961269934870575,82332,0,1.0,1.0,1.0,1.0,8,1,python_sklearn_cpu,measured_onboard_sensor,jetson_ina3221_vdd_in,results/configs/tier_e_core4_hgb_mlp_timed/expanded.yaml,8f47a868529bc27cfe1f2d7304a0f3b476d0de8716464a992281aed7e8c34237,,train,test,0.0
UNSW-NB15,unsw_nb15_official_full,5,hist_gradient_boosting,a4_split_shift,jetson_orin_nx_super_ina3221_20260608t140153z,0.907233587740077,0.9029583851035364,0.9050959864218068,0.0,1.0,0.0010717747044513,933031.910388241,1.8853511810302732,7.885391547583102e-05,0.4867241898211633,0.8946429942374378,82332,0,1.0,1.0,1.0,1.0,8,1,python_sklearn_cpu,measured_onboard_sensor,jetson_ina3221_vdd_in,results/configs/tier_e_core4_hgb_mlp_timed/expanded.yaml,8f47a868529bc27cfe1f2d7304a0f3b476d0de8716464a992281aed7e8c34237,,train,test,0.0
UNSW-NB15,unsw_nb15_official_full,6,hist_gradient_boosting,a4_split_shift,jetson_orin_nx_super_ina3221_20260608t140153z,0.9094361746001776,0.905352549717281,0.9073943621587292,0.0,1.0,0.0010633536618383,940420.8927735494,1.8854026794433596,7.885391547583102e-05,0.4896787353841091,0.8968822920762098,82332,0,1.0,1.0,1.0,1.0,8,1,python_sklearn_cpu,measured_onboard_sensor,jetson_ina3221_vdd_in,results/configs/tier_e_core4_hgb_mlp_timed/expanded.yaml,8f47a868529bc27cfe1f2d7304a0f3b476d0de8716464a992281aed7e8c34237,,train,test,0.0
UNSW-NB15,unsw_nb15_official_full,7,hist_gradient_boosting,a4_split_shift,jetson_orin_nx_super_ina3221_20260608t140153z,0.9087622084469602,0.9047136251225196,0.9067379167847398,0.0,1.0,0.0010694984121153,935017.7510054955,1.8854026794433596,7.885391547583102e-05,0.4992950651171776,0.8960335072961257,82332,0,1.0,1.0,1.0,1.0,8,1,python_sklearn_cpu,measured_onboard_sensor,jetson_ina3221_vdd_in,results/configs/tier_e_core4_hgb_mlp_timed/expanded.yaml,8f47a868529bc27cfe1f2d7304a0f3b476d0de8716464a992281aed7e8c34237,,train,test,0.0
UNSW-NB15,unsw_nb15_official_full,8,hist_gradient_boosting,a4_split_shift,jetson_orin_nx_super_ina3221_20260608t140153z,0.909171837971994,0.9051485413322968,0.9071601896521452,0.0,1.0,0.0010642213120246,939654.1759698136,1.8854026794433596,7.885391547583102e-05,0.4986237679486598,0.8964692171093362,82332,0,1.0,1.0,1.0,1.0,8,1,python_sklearn_cpu,measured_onboard_sensor,jetson_ina3221_vdd_in,results/configs/tier_e_core4_hgb_mlp_timed/expanded.yaml,8f47a868529bc27cfe1f2d7304a0f3b476d0de8716464a992281aed7e8c34237,,train,test,0.0
UNSW-NB15,unsw_nb15_official_full,9,hist_gradient_boosting,a4_split_shift,jetson_orin_nx_super_ina3221_20260608t140153z,0.9091100551121882,0.9050235523620328,0.9070668037371106,0.0,1.0,0.0010707200052065,933950.9817107886,1.8854026794433596,7.885391547583102e-05,0.4921235473539365,0.8965058220568145,82332,0,1.0,1.0,1.0,1.0,8,1,python_sklearn_cpu,measured_onboard_sensor,jetson_ina3221_vdd_in,results/configs/tier_e_core4_hgb_mlp_timed/expanded.yaml,8f47a868529bc27cfe1f2d7304a0f3b476d0de8716464a992281aed7e8c34237,,train,test,0.0
UNSW-NB15,unsw_nb15_official_full,0,logistic_regression,a0_clean,jetson_orin_nx_super_ina3221_20260608t140153z,0.8339997182890706,0.8295477331209264,0.8317737257049985,0.0,1.0,0.0002851816012971,3506537.5727303927,1.8858642578125,7.885391547583102e-05,0.9863426348787684,0.8113299594080152,82332,0,1.0,1.0,1.0,1.0,8,1,python_sklearn_cpu,measured_onboard_sensor,jetson_ina3221_vdd_in,results/configs/tier_e_core4_hgb_mlp_timed/expanded.yaml,8f47a868529bc27cfe1f2d7304a0f3b476d0de8716464a992281aed7e8c34237,,,,0.0
UNSW-NB15,unsw_nb15_official_full,1,logistic_regression,a0_clean,jetson_orin_nx_super_ina3221_20260608t140153z,0.8339997182890706,0.8295477331209264,0.8317737257049985,0.0,1.0,0.0002894823435943,3454442.117551798,1.8858642578125,7.885391547583102e-05,0.9863426348787684,0.8113299504405287,82332,0,1.0,1.0,1.0,1.0,8,1,python_sklearn_cpu,measured_onboard_sensor,jetson_ina3221_vdd_in,results/configs/tier_e_core4_hgb_mlp_timed/expanded.yaml,8f47a868529bc27cfe1f2d7304a0f3b476d0de8716464a992281aed7e8c34237,,,,0.0
UNSW-NB15,unsw_nb15_official_full,2,logistic_regression,a0_clean,jetson_orin_nx_super_ina3221_20260608t140153z,0.8339997182890706,0.8295477331209264,0.8317737257049985,0.0,1.0,0.0002876431588925,3476529.75252401,1.8858642578125,7.885391547583102e-05,0.9863426348787684,0.811329954275416,82332,0,1.0,1.0,1.0,1.0,8,1,python_sklearn_cpu,measured_onboard_sensor,jetson_ina3221_vdd_in,results/configs/tier_e_core4_hgb_mlp_timed/expanded.yaml,8f47a868529bc27cfe1f2d7304a0f3b476d0de8716464a992281aed7e8c34237,,,,0.0
UNSW-NB15,unsw_nb15_official_full,3,logistic_regression,a0_clean,jetson_orin_nx_super_ina3221_20260608t140153z,0.8339997182890706,0.8295477331209264,0.8317737257049985,0.0,1.0,0.000286288996072,3492973.930958994,1.885812759399414,7.885391547583102e-05,0.9863426348787684,0.8113299616432306,82332,0,1.0,1.0,1.0,1.0,8,1,python_sklearn_cpu,measured_onboard_sensor,jetson_ina3221_vdd_in,results/configs/tier_e_core4_hgb_mlp_timed/expanded.yaml,8f47a868529bc27cfe1f2d7304a0f3b476d0de8716464a992281aed7e8c34237,,,,0.0
UNSW-NB15,unsw_nb15_official_full,4,logistic_regression,a0_clean,jetson_orin_nx_super_ina3221_20260608t140153z,0.8339997182890706,0.8295477331209264,0.8317737257049985,0.0,1.0,0.0002870099560526,3484199.690329233,1.8857097625732424,7.885391547583102e-05,0.9863426348787684,0.8113299692284516,82332,0,1.0,1.0,1.0,1.0,8,1,python_sklearn_cpu,measured_onboard_sensor,jetson_ina3221_vdd_in,results/configs/tier_e_core4_hgb_mlp_timed/expanded.yaml,8f47a868529bc27cfe1f2d7304a0f3b476d0de8716464a992281aed7e8c34237,,,,0.0
UNSW-NB15,unsw_nb15_official_full,5,logistic_regression,a0_clean,jetson_orin_nx_super_ina3221_20260608t140153z,0.8339997182890706,0.8295477331209264,0.8317737257049985,0.0,1.0,0.0002866863887772,3488132.1162998118,1.8857097625732424,7.885391547583102e-05,0.9863426348787684,0.8113299699031224,82332,0,1.0,1.0,1.0,1.0,8,1,python_sklearn_cpu,measured_onboard_sensor,jetson_ina3221_vdd_in,results/configs/tier_e_core4_hgb_mlp_timed/expanded.yaml,8f47a868529bc27cfe1f2d7304a0f3b476d0de8716464a992281aed7e8c34237,,,,0.0
UNSW-NB15,unsw_nb15_official_full,6,logistic_regression,a0_clean,jetson_orin_nx_super_ina3221_20260608t140153z,0.8339997182890706,0.8295477331209264,0.8317737257049985,0.0,1.0,0.0002892470486411,3457252.216393559,1.8858642578125,7.885391547583102e-05,0.9863426348787684,0.8113299509311426,82332,0,1.0,1.0,1.0,1.0,8,1,python_sklearn_cpu,measured_onboard_sensor,jetson_ina3221_vdd_in,results/configs/tier_e_core4_hgb_mlp_timed/expanded.yaml,8f47a868529bc27cfe1f2d7304a0f3b476d0de8716464a992281aed7e8c34237,,,,0.0
UNSW-NB15,unsw_nb15_official_full,7,logistic_regression,a0_clean,jetson_orin_nx_super_ina3221_20260608t140153z,0.8339997182890706,0.8295477331209264,0.8317737257049985,0.0,1.0,0.0002862078371711,3493964.420694961,1.885967254638672,7.885391547583102e-05,0.9863426348787684,0.8113299481797176,82332,0,1.0,1.0,1.0,1.0,8,1,python_sklearn_cpu,measured_onboard_sensor,jetson_ina3221_vdd_in,results/configs/tier_e_core4_hgb_mlp_timed/expanded.yaml,8f47a868529bc27cfe1f2d7304a0f3b476d0de8716464a992281aed7e8c34237,,,,0.0
UNSW-NB15,unsw_nb15_official_full,8,logistic_regression,a0_clean,jetson_orin_nx_super_ina3221_20260608t140153z,0.8339997182890706,0.8295477331209264,0.8317737257049985,0.0,1.0,0.0002901680157284,3446279.209958711,1.885915756225586,7.885391547583102e-05,0.9863426348787684,0.8113299444665867,82332,0,1.0,1.0,1.0,1.0,8,1,python_sklearn_cpu,measured_onboard_sensor,jetson_ina3221_vdd_in,results/configs/tier_e_core4_hgb_mlp_timed/expanded.yaml,8f47a868529bc27cfe1f2d7304a0f3b476d0de8716464a992281aed7e8c34237,,,,0.0
UNSW-NB15,unsw_nb15_official_full,9,logistic_regression,a0_clean,jetson_orin_nx_super_ina3221_20260608t140153z,0.8339997182890706,0.8295477331209264,0.8317737257049985,0.0,1.0,0.0002872330269516,3481493.791340264,1.885812759399414,7.885391547583102e-05,0.9863426348787684,0.8113299596748297,82332,0,1.0,1.0,1.0,1.0,8,1,python_sklearn_cpu,measured_onboard_sensor,jetson_ina3221_vdd_in,results/configs/tier_e_core4_hgb_mlp_timed/expanded.yaml,8f47a868529bc27cfe1f2d7304a0f3b476d0de8716464a992281aed7e8c34237,,,,0.0
UNSW-NB15,unsw_nb15_official_full,0,logistic_regression,a1_constrained_feature,jetson_orin_nx_super_ina3221_20260608t140153z,0.8339997182890706,0.8295477331209264,0.8313421827188547,0.0723130918482219,0.9991254919108,0.0002851816012971,3506537.5727303927,1.8858642578125,7.885391547583102e-05,0.9863426348787684,0.8110494564670218,82260,72,1.0,0.9991254919108,1.0,1.0,8,1,python_sklearn_cpu,measured_onboard_sensor,jetson_ina3221_vdd_in,results/configs/tier_e_core4_hgb_mlp_timed/expanded.yaml,8f47a868529bc27cfe1f2d7304a0f3b476d0de8716464a992281aed7e8c34237,,,,0.0
UNSW-NB15,unsw_nb15_official_full,1,logistic_regression,a1_constrained_feature,jetson_orin_nx_super_ina3221_20260608t140153z,0.8339997182890706,0.8295477331209264,0.8315363976488046,0.0719378407610975,0.9991254919108,0.0002894823435943,3454442.117551798,1.8858642578125,7.885391547583102e-05,0.9863426348787684,0.8111756872040026,82260,72,1.0,0.9991254919108,1.0,1.0,8,1,python_sklearn_cpu,measured_onboard_sensor,jetson_ina3221_vdd_in,results/configs/tier_e_core4_hgb_mlp_timed/expanded.yaml,8f47a868529bc27cfe1f2d7304a0f3b476d0de8716464a992281aed7e8c34237,,,,0.0
UNSW-NB15,unsw_nb15_official_full,2,logistic_regression,a1_constrained_feature,jetson_orin_nx_super_ina3221_20260608t140153z,0.8339997182890706,0.8295477331209264,0.831502123819183,0.0720040615411782,0.9991254919108,0.0002876431588925,3476529.75252401,1.8858642578125,7.885391547583102e-05,0.9863426348787684,0.8111534130496358,82260,72,1.0,0.9991254919108,1.0,1.0,8,1,python_sklearn_cpu,measured_onboard_sensor,jetson_ina3221_vdd_in,results/configs/tier_e_core4_hgb_mlp_timed/expanded.yaml,8f47a868529bc27cfe1f2d7304a0f3b476d0de8716464a992281aed7e8c34237,,,,0.0
UNSW-NB15,unsw_nb15_official_full,3,logistic_regression,a1_constrained_feature,jetson_orin_nx_super_ina3221_20260608t140153z,0.8339997182890706,0.8295477331209264,0.8319020013963647,0.071231485773569,0.9991254919108,0.000286288996072,3492973.930958994,1.885812759399414,7.885391547583102e-05,0.9863426348787684,0.8114133408426186,82260,72,1.0,0.9991254919108,1.0,1.0,8,1,python_sklearn_cpu,measured_onboard_sensor,jetson_ina3221_vdd_in,results/configs/tier_e_core4_hgb_mlp_timed/expanded.yaml,8f47a868529bc27cfe1f2d7304a0f3b476d0de8716464a992281aed7e8c34237,,,,0.0
UNSW-NB15,unsw_nb15_official_full,4,logistic_regression,a1_constrained_feature,jetson_orin_nx_super_ina3221_20260608t140153z,0.8339997182890706,0.8295477331209264,0.8309880475111279,0.0729973732423901,0.9991254919108,0.0002870099560526,3484199.690329233,1.8857097625732424,7.885391547583102e-05,0.9863426348787684,0.8108192784024356,82260,72,1.0,0.9991254919108,1.0,1.0,8,1,python_sklearn_cpu,measured_onboard_sensor,jetson_ina3221_vdd_in,results/configs/tier_e_core4_hgb_mlp_timed/expanded.yaml,8f47a868529bc27cfe1f2d7304a0f3b476d0de8716464a992281aed7e8c34237,,,,0.0
UNSW-NB15,unsw_nb15_official_full,5,logistic_regression,a1_constrained_feature,jetson_orin_nx_super_ina3221_20260608t140153z,0.8339997182890706,0.8295477331209264,0.8313878795987961,0.0722247974747809,0.9991254919108,0.0002866863887772,3488132.1162998118,1.8857097625732424,7.885391547583102e-05,0.9863426348787684,0.8110791699340909,82260,72,1.0,0.9991254919108,1.0,1.0,8,1,python_sklearn_cpu,measured_onboard_sensor,jetson_ina3221_vdd_in,results/configs/tier_e_core4_hgb_mlp_timed/expanded.yaml,8f47a868529bc27cfe1f2d7304a0f3b476d0de8716464a992281aed7e8c34237,,,,0.0
UNSW-NB15,unsw_nb15_official_full,6,logistic_regression,a1_constrained_feature,jetson_orin_nx_super_ina3221_20260608t140153z,0.8339997182890706,0.8295477331209264,0.8312050948452094,0.0725779749685451,0.9991254919108,0.0002892470486411,3457252.216393559,1.8858642578125,7.885391547583102e-05,0.9863426348787684,0.8109603408722796,82260,72,1.0,0.9991254919108,1.0,1.0,8,1,python_sklearn_cpu,measured_onboard_sensor,jetson_ina3221_vdd_in,results/configs/tier_e_core4_hgb_mlp_timed/expanded.yaml,8f47a868529bc27cfe1f2d7304a0f3b476d0de8716464a992281aed7e8c34237,,,,0.0
UNSW-NB15,unsw_nb15_official_full,7,logistic_regression,a1_constrained_feature,jetson_orin_nx_super_ina3221_20260608t140153z,0.8339997182890706,0.8295477331209264,0.8315478223165282,0.0719157671677372,0.9991254919108,0.0002862078371711,3493964.420694961,1.885967254638672,7.885391547583102e-05,0.9863426348787684,0.8111831109772119,82260,72,1.0,0.9991254919108,1.0,1.0,8,1,python_sklearn_cpu,measured_onboard_sensor,jetson_ina3221_vdd_in,results/configs/tier_e_core4_hgb_mlp_timed/expanded.yaml,8f47a868529bc27cfe1f2d7304a0f3b476d0de8716464a992281aed7e8c34237,,,,0.0
UNSW-NB15,unsw_nb15_official_full,8,logistic_regression,a1_constrained_feature,jetson_orin_nx_super_ina3221_20260608t140153z,0.8339997182890706,0.8295477331209264,0.8313193344518864,0.0723572390349425,0.9991254919108,0.0002901680157284,3446279.209958711,1.885915756225586,7.885391547583102e-05,0.9863426348787684,0.8110345901520638,82260,72,1.0,0.9991254919108,1.0,1.0,8,1,python_sklearn_cpu,measured_onboard_sensor,jetson_ina3221_vdd_in,results/configs/tier_e_core4_hgb_mlp_timed/expanded.yaml,8f47a868529bc27cfe1f2d7304a0f3b476d0de8716464a992281aed7e8c34237,,,,0.0
UNSW-NB15,unsw_nb15_official_full,9,logistic_regression,a1_constrained_feature,jetson_orin_nx_super_ina3221_20260608t140153z,0.8339997182890706,0.8295477331209264,0.8309766242540744,0.0730194468357503,0.9991254919108,0.0002872330269516,3481493.791340264,1.885812759399414,7.885391547583102e-05,0.9863426348787684,0.810811843731729,82260,72,1.0,0.9991254919108,1.0,1.0,8,1,python_sklearn_cpu,measured_onboard_sensor,jetson_ina3221_vdd_in,results/configs/tier_e_core4_hgb_mlp_timed/expanded.yaml,8f47a868529bc27cfe1f2d7304a0f3b476d0de8716464a992281aed7e8c34237,,,,0.0
UNSW-NB15,unsw_nb15_official_full,0,logistic_regression,a1_constrained_score_search,jetson_orin_nx_super_ina3221_20260608t140153z,0.8339997182890706,0.8295477331209264,0.8190082925891636,0.0961746462706664,0.9991254919108,0.0002851816012971,3506537.5727303927,1.8858642578125,7.885391547583102e-05,0.9863426348787684,0.8030324278827226,82260,72,1.0,0.9991254919108,1.0,1.0,8,1,python_sklearn_cpu,measured_onboard_sensor,jetson_ina3221_vdd_in,results/configs/tier_e_core4_hgb_mlp_timed/expanded.yaml,8f47a868529bc27cfe1f2d7304a0f3b476d0de8716464a992281aed7e8c34237,,,,0.0
UNSW-NB15,unsw_nb15_official_full,1,logistic_regression,a1_constrained_score_search,jetson_orin_nx_super_ina3221_20260608t140153z,0.8339997182890706,0.8295477331209264,0.8195553441563879,0.0951151137893737,0.9991254919108,0.0002894823435943,3454442.117551798,1.8858642578125,7.885391547583102e-05,0.9863426348787684,0.8033880024339317,82260,72,1.0,0.9991254919108,1.0,1.0,8,1,python_sklearn_cpu,measured_onboard_sensor,jetson_ina3221_vdd_in,results/configs/tier_e_core4_hgb_mlp_timed/expanded.yaml,8f47a868529bc27cfe1f2d7304a0f3b476d0de8716464a992281aed7e8c34237,,,,0.0
UNSW-NB15,unsw_nb15_official_full,2,logistic_regression,a1_constrained_score_search,jetson_orin_nx_super_ina3221_20260608t140153z,0.8339997182890706,0.8295477331209264,0.81884874573257,0.09648367657771,0.9991254919108,0.0002876431588925,3476529.75252401,1.8858642578125,7.885391547583102e-05,0.9863426348787684,0.8029287172933375,82260,72,1.0,0.9991254919108,1.0,1.0,8,1,python_sklearn_cpu,measured_onboard_sensor,jetson_ina3221_vdd_in,results/configs/tier_e_core4_hgb_mlp_timed/expanded.yaml,8f47a868529bc27cfe1f2d7304a0f3b476d0de8716464a992281aed7e8c34237,,,,0.0
UNSW-NB15,unsw_nb15_official_full,3,logistic_regression,a1_constrained_score_search,jetson_orin_nx_super_ina3221_20260608t140153z,0.8339997182890706,0.8295477331209264,0.81925901804671,0.0956890272167406,0.9991254919108,0.000286288996072,3492973.930958994,1.885812759399414,7.885391547583102e-05,0.9863426348787684,0.803195401665343,82260,72,1.0,0.9991254919108,1.0,1.0,8,1,python_sklearn_cpu,measured_onboard_sensor,jetson_ina3221_vdd_in,results/configs/tier_e_core4_hgb_mlp_timed/expanded.yaml,8f47a868529bc27cfe1f2d7304a0f3b476d0de8716464a992281aed7e8c34237,,,,0.0
UNSW-NB15,unsw_nb15_official_full,4,logistic_regression,a1_constrained_score_search,jetson_orin_nx_super_ina3221_20260608t140153z,0.8339997182890706,0.8295477331209264,0.8189627073210138,0.0962629406441074,0.9991254919108,0.0002870099560526,3484199.690329233,1.8857097625732424,7.885391547583102e-05,0.9863426348787684,0.8030028072788615,82260,72,1.0,0.9991254919108,1.0,1.0,8,1,python_sklearn_cpu,measured_onboard_sensor,jetson_ina3221_vdd_in,results/configs/tier_e_core4_hgb_mlp_timed/expanded.yaml,8f47a868529bc27cfe1f2d7304a0f3b476d0de8716464a992281aed7e8c34237,,,,0.0
UNSW-NB15,unsw_nb15_official_full,5,logistic_regression,a1_constrained_score_search,jetson_orin_nx_super_ina3221_20260608t140153z,0.8339997182890706,0.8295477331209264,0.8191906372866509,0.0958214687769021,0.9991254919108,0.0002866863887772,3488132.1162998118,1.8857097625732424,7.885391547583102e-05,0.9863426348787684,0.8031509624311964,82260,72,1.0,0.9991254919108,1.0,1.0,8,1,python_sklearn_cpu,measured_onboard_sensor,jetson_ina3221_vdd_in,results/configs/tier_e_core4_hgb_mlp_timed/expanded.yaml,8f47a868529bc27cfe1f2d7304a0f3b476d0de8716464a992281aed7e8c34237,,,,0.0
UNSW-NB15,unsw_nb15_official_full,6,logistic_regression,a1_constrained_score_search,jetson_orin_nx_super_ina3221_20260608t140153z,0.8339997182890706,0.8295477331209264,0.8190994642122058,0.0959980575237842,0.9991254919108,0.0002892470486411,3457252.216393559,1.8858642578125,7.885391547583102e-05,0.9863426348787684,0.8030916809608273,82260,72,1.0,0.9991254919108,1.0,1.0,8,1,python_sklearn_cpu,measured_onboard_sensor,jetson_ina3221_vdd_in,results/configs/tier_e_core4_hgb_mlp_timed/expanded.yaml,8f47a868529bc27cfe1f2d7304a0f3b476d0de8716464a992281aed7e8c34237,,,,0.0
UNSW-NB15,unsw_nb15_official_full,7,logistic_regression,a1_constrained_score_search,jetson_orin_nx_super_ina3221_20260608t140153z,0.8339997182890706,0.8295477331209264,0.8191222573446348,0.0959539103370637,0.9991254919108,0.0002862078371711,3493964.420694961,1.885967254638672,7.885391547583102e-05,0.9863426348787684,0.8031064937454812,82260,72,1.0,0.9991254919108,1.0,1.0,8,1,python_sklearn_cpu,measured_onboard_sensor,jetson_ina3221_vdd_in,results/configs/tier_e_core4_hgb_mlp_timed/expanded.yaml,8f47a868529bc27cfe1f2d7304a0f3b476d0de8716464a992281aed7e8c34237,,,,0.0
UNSW-NB15,unsw_nb15_official_full,8,logistic_regression,a1_constrained_score_search,jetson_orin_nx_super_ina3221_20260608t140153z,0.8339997182890706,0.8295477331209264,0.8187575780859588,0.0966602653245922,0.9991254919108,0.0002901680157284,3446279.209958711,1.885915756225586,7.885391547583102e-05,0.9863426348787684,0.8028694485142108,82260,72,1.0,0.9991254919108,1.0,1.0,8,1,python_sklearn_cpu,measured_onboard_sensor,jetson_ina3221_vdd_in,results/configs/tier_e_core4_hgb_mlp_timed/expanded.yaml,8f47a868529bc27cfe1f2d7304a0f3b476d0de8716464a992281aed7e8c34237,,,,0.0
UNSW-NB15,unsw_nb15_official_full,9,logistic_regression,a1_constrained_score_search,jetson_orin_nx_super_ina3221_20260608t140153z,0.8339997182890706,0.8295477331209264,0.8191336539448808,0.0959318367437035,0.9991254919108,0.0002872330269516,3481493.791340264,1.885812759399414,7.885391547583102e-05,0.9863426348787684,0.8031139130307532,82260,72,1.0,0.9991254919108,1.0,1.0,8,1,python_sklearn_cpu,measured_onboard_sensor,jetson_ina3221_vdd_in,results/configs/tier_e_core4_hgb_mlp_timed/expanded.yaml,8f47a868529bc27cfe1f2d7304a0f3b476d0de8716464a992281aed7e8c34237,,,,0.0
UNSW-NB15,unsw_nb15_official_full,0,logistic_regression,a4_split_shift,jetson_orin_nx_super_ina3221_20260608t140153z,0.8339997182890706,0.8295477331209264,0.8317737257049985,0.0,1.0,0.0002851816012971,3506537.5727303927,1.8858642578125,7.885391547583102e-05,0.9863426348787684,0.8113299594080152,82332,0,1.0,1.0,1.0,1.0,8,1,python_sklearn_cpu,measured_onboard_sensor,jetson_ina3221_vdd_in,results/configs/tier_e_core4_hgb_mlp_timed/expanded.yaml,8f47a868529bc27cfe1f2d7304a0f3b476d0de8716464a992281aed7e8c34237,,train,test,0.0
UNSW-NB15,unsw_nb15_official_full,1,logistic_regression,a4_split_shift,jetson_orin_nx_super_ina3221_20260608t140153z,0.8339997182890706,0.8295477331209264,0.8317737257049985,0.0,1.0,0.0002894823435943,3454442.117551798,1.8858642578125,7.885391547583102e-05,0.9863426348787684,0.8113299504405287,82332,0,1.0,1.0,1.0,1.0,8,1,python_sklearn_cpu,measured_onboard_sensor,jetson_ina3221_vdd_in,results/configs/tier_e_core4_hgb_mlp_timed/expanded.yaml,8f47a868529bc27cfe1f2d7304a0f3b476d0de8716464a992281aed7e8c34237,,train,test,0.0
UNSW-NB15,unsw_nb15_official_full,2,logistic_regression,a4_split_shift,jetson_orin_nx_super_ina3221_20260608t140153z,0.8339997182890706,0.8295477331209264,0.8317737257049985,0.0,1.0,0.0002876431588925,3476529.75252401,1.8858642578125,7.885391547583102e-05,0.9863426348787684,0.811329954275416,82332,0,1.0,1.0,1.0,1.0,8,1,python_sklearn_cpu,measured_onboard_sensor,jetson_ina3221_vdd_in,results/configs/tier_e_core4_hgb_mlp_timed/expanded.yaml,8f47a868529bc27cfe1f2d7304a0f3b476d0de8716464a992281aed7e8c34237,,train,test,0.0
UNSW-NB15,unsw_nb15_official_full,3,logistic_regression,a4_split_shift,jetson_orin_nx_super_ina3221_20260608t140153z,0.8339997182890706,0.8295477331209264,0.8317737257049985,0.0,1.0,0.000286288996072,3492973.930958994,1.885812759399414,7.885391547583102e-05,0.9863426348787684,0.8113299616432306,82332,0,1.0,1.0,1.0,1.0,8,1,python_sklearn_cpu,measured_onboard_sensor,jetson_ina3221_vdd_in,results/configs/tier_e_core4_hgb_mlp_timed/expanded.yaml,8f47a868529bc27cfe1f2d7304a0f3b476d0de8716464a992281aed7e8c34237,,train,test,0.0
UNSW-NB15,unsw_nb15_official_full,4,logistic_regression,a4_split_shift,jetson_orin_nx_super_ina3221_20260608t140153z,0.8339997182890706,0.8295477331209264,0.8317737257049985,0.0,1.0,0.0002870099560526,3484199.690329233,1.8857097625732424,7.885391547583102e-05,0.9863426348787684,0.8113299692284516,82332,0,1.0,1.0,1.0,1.0,8,1,python_sklearn_cpu,measured_onboard_sensor,jetson_ina3221_vdd_in,results/configs/tier_e_core4_hgb_mlp_timed/expanded.yaml,8f47a868529bc27cfe1f2d7304a0f3b476d0de8716464a992281aed7e8c34237,,train,test,0.0
UNSW-NB15,unsw_nb15_official_full,5,logistic_regression,a4_split_shift,jetson_orin_nx_super_ina3221_20260608t140153z,0.8339997182890706,0.8295477331209264,0.8317737257049985,0.0,1.0,0.0002866863887772,3488132.1162998118,1.8857097625732424,7.885391547583102e-05,0.9863426348787684,0.8113299699031224,82332,0,1.0,1.0,1.0,1.0,8,1,python_sklearn_cpu,measured_onboard_sensor,jetson_ina3221_vdd_in,results/configs/tier_e_core4_hgb_mlp_timed/expanded.yaml,8f47a868529bc27cfe1f2d7304a0f3b476d0de8716464a992281aed7e8c34237,,train,test,0.0
UNSW-NB15,unsw_nb15_official_full,6,logistic_regression,a4_split_shift,jetson_orin_nx_super_ina3221_20260608t140153z,0.8339997182890706,0.8295477331209264,0.8317737257049985,0.0,1.0,0.0002892470486411,3457252.216393559,1.8858642578125,7.885391547583102e-05,0.9863426348787684,0.8113299509311426,82332,0,1.0,1.0,1.0,1.0,8,1,python_sklearn_cpu,measured_onboard_sensor,jetson_ina3221_vdd_in,results/configs/tier_e_core4_hgb_mlp_timed/expanded.yaml,8f47a868529bc27cfe1f2d7304a0f3b476d0de8716464a992281aed7e8c34237,,train,test,0.0
UNSW-NB15,unsw_nb15_official_full,7,logistic_regression,a4_split_shift,jetson_orin_nx_super_ina3221_20260608t140153z,0.8339997182890706,0.8295477331209264,0.8317737257049985,0.0,1.0,0.0002862078371711,3493964.420694961,1.885967254638672,7.885391547583102e-05,0.9863426348787684,0.8113299481797176,82332,0,1.0,1.0,1.0,1.0,8,1,python_sklearn_cpu,measured_onboard_sensor,jetson_ina3221_vdd_in,results/configs/tier_e_core4_hgb_mlp_timed/expanded.yaml,8f47a868529bc27cfe1f2d7304a0f3b476d0de8716464a992281aed7e8c34237,,train,test,0.0
UNSW-NB15,unsw_nb15_official_full,8,logistic_regression,a4_split_shift,jetson_orin_nx_super_ina3221_20260608t140153z,0.8339997182890706,0.8295477331209264,0.8317737257049985,0.0,1.0,0.0002901680157284,3446279.209958711,1.885915756225586,7.885391547583102e-05,0.9863426348787684,0.8113299444665867,82332,0,1.0,1.0,1.0,1.0,8,1,python_sklearn_cpu,measured_onboard_sensor,jetson_ina3221_vdd_in,results/configs/tier_e_core4_hgb_mlp_timed/expanded.yaml,8f47a868529bc27cfe1f2d7304a0f3b476d0de8716464a992281aed7e8c34237,,train,test,0.0
UNSW-NB15,unsw_nb15_official_full,9,logistic_regression,a4_split_shift,jetson_orin_nx_super_ina3221_20260608t140153z,0.8339997182890706,0.8295477331209264,0.8317737257049985,0.0,1.0,0.0002872330269516,3481493.791340264,1.885812759399414,7.885391547583102e-05,0.9863426348787684,0.8113299596748297,82332,0,1.0,1.0,1.0,1.0,8,1,python_sklearn_cpu,measured_onboard_sensor,jetson_ina3221_vdd_in,results/configs/tier_e_core4_hgb_mlp_timed/expanded.yaml,8f47a868529bc27cfe1f2d7304a0f3b476d0de8716464a992281aed7e8c34237,,train,test,0.0
UNSW-NB15,unsw_nb15_official_full,0,mlp_sklearn,a0_clean,jetson_orin_nx_super_ina3221_20260608t140153z,0.8372066579476185,0.8311103224021692,0.8341584901748939,0.0,1.0,0.0007573009452648,1320479.0067313022,40.83082008361816,7.885391547583102e-05,0.5637124708755346,0.8189658222490935,82332,0,1.0,1.0,1.0,1.0,8,1,python_sklearn_cpu,measured_onboard_sensor,jetson_ina3221_vdd_in,results/configs/tier_e_core4_hgb_mlp_timed/expanded.yaml,8f47a868529bc27cfe1f2d7304a0f3b476d0de8716464a992281aed7e8c34237,,,,0.0
UNSW-NB15,unsw_nb15_official_full,1,mlp_sklearn,a0_clean,jetson_orin_nx_super_ina3221_20260608t140153z,0.8550177996555302,0.8487155687408929,0.8518666841982115,0.0,1.0,0.0007454718176993,1341432.333533571,40.83082008361816,7.885391547583102e-05,0.5163913278848424,0.8376204637960186,82332,0,1.0,1.0,1.0,1.0,8,1,python_sklearn_cpu,measured_onboard_sensor,jetson_ina3221_vdd_in,results/configs/tier_e_core4_hgb_mlp_timed/expanded.yaml,8f47a868529bc27cfe1f2d7304a0f3b476d0de8716464a992281aed7e8c34237,,,,0.0
UNSW-NB15,unsw_nb15_official_full,2,mlp_sklearn,a0_clean,jetson_orin_nx_super_ina3221_20260608t140153z,0.8304495081564871,0.8243812699578605,0.8274153890571738,0.0,1.0,0.0007564091642306,1322035.8071906313,40.83071708679199,7.885391547583102e-05,0.5275367630049532,0.812946245044213,82332,0,1.0,1.0,1.0,1.0,8,1,python_sklearn_cpu,measured_onboard_sensor,jetson_ina3221_vdd_in,results/configs/tier_e_core4_hgb_mlp_timed/expanded.yaml,8f47a868529bc27cfe1f2d7304a0f3b476d0de8716464a992281aed7e8c34237,,,,0.0
UNSW-NB15,unsw_nb15_official_full,3,mlp_sklearn,a0_clean,jetson_orin_nx_super_ina3221_20260608t140153z,0.8506288712409114,0.8444057249696533,0.8475172981052823,0.0,1.0,0.0007583454136995,1318660.3122205425,40.83101177215576,7.885391547583102e-05,0.541290906012339,0.8327730446035859,82332,0,1.0,1.0,1.0,1.0,8,1,python_sklearn_cpu,measured_onboard_sensor,jetson_ina3221_vdd_in,results/configs/tier_e_core4_hgb_mlp_timed/expanded.yaml,8f47a868529bc27cfe1f2d7304a0f3b476d0de8716464a992281aed7e8c34237,,,,0.0
UNSW-NB15,unsw_nb15_official_full,4,mlp_sklearn,a0_clean,jetson_orin_nx_super_ina3221_20260608t140153z,0.8362982151494038,0.83010253719704,0.8332003761732218,0.0,1.0,0.0007526323360581,1328669.9920939663,40.83082008361816,7.885391547583102e-05,0.5262195263294707,0.8187575768724142,82332,0,1.0,1.0,1.0,1.0,8,1,python_sklearn_cpu,measured_onboard_sensor,jetson_ina3221_vdd_in,results/configs/tier_e_core4_hgb_mlp_timed/expanded.yaml,8f47a868529bc27cfe1f2d7304a0f3b476d0de8716464a992281aed7e8c34237,,,,0.0
UNSW-NB15,unsw_nb15_official_full,5,mlp_sklearn,a0_clean,jetson_orin_nx_super_ina3221_20260608t140153z,0.8458850403965774,0.8398713694281946,0.842878204912386,0.0,1.0,0.0007802028712651,1281717.9182876716,40.83082008361816,7.885391547583102e-05,0.5962212600847561,0.8270353134518472,82332,0,1.0,1.0,1.0,1.0,8,1,python_sklearn_cpu,measured_onboard_sensor,jetson_ina3221_vdd_in,results/configs/tier_e_core4_hgb_mlp_timed/expanded.yaml,8f47a868529bc27cfe1f2d7304a0f3b476d0de8716464a992281aed7e8c34237,,,,0.0
UNSW-NB15,unsw_nb15_official_full,6,mlp_sklearn,a0_clean,jetson_orin_nx_super_ina3221_20260608t140153z,0.851166274058578,0.8453339410618596,0.8482501075602188,0.0,1.0,0.0007601314635848,1315561.9098884768,40.83076858520508,7.885391547583102e-05,0.6265914490330797,0.8317998581176562,82332,0,1.0,1.0,1.0,1.0,8,1,python_sklearn_cpu,measured_onboard_sensor,jetson_ina3221_vdd_in,results/configs/tier_e_core4_hgb_mlp_timed/expanded.yaml,8f47a868529bc27cfe1f2d7304a0f3b476d0de8716464a992281aed7e8c34237,,,,0.0
UNSW-NB15,unsw_nb15_official_full,7,mlp_sklearn,a0_clean,jetson_orin_nx_super_ina3221_20260608t140153z,0.8490376214853033,0.8429351916550805,0.8459864065701919,0.0,1.0,0.0007939598470658,1259509.537787797,40.83071708679199,7.885391547583102e-05,0.5714313020335257,0.8306392934834734,82332,0,1.0,1.0,1.0,1.0,8,1,python_sklearn_cpu,measured_onboard_sensor,jetson_ina3221_vdd_in,results/configs/tier_e_core4_hgb_mlp_timed/expanded.yaml,8f47a868529bc27cfe1f2d7304a0f3b476d0de8716464a992281aed7e8c34237,,,,0.0
UNSW-NB15,unsw_nb15_official_full,8,mlp_sklearn,a0_clean,jetson_orin_nx_super_ina3221_20260608t140153z,0.8478397471735643,0.841672500304063,0.8447561237388137,0.0,1.0,0.0008065741403866,1239811.6303612469,40.83082008361816,7.885391547583102e-05,0.5572797236484698,0.8296920080229959,82332,0,1.0,1.0,1.0,1.0,8,1,python_sklearn_cpu,measured_onboard_sensor,jetson_ina3221_vdd_in,results/configs/tier_e_core4_hgb_mlp_timed/expanded.yaml,8f47a868529bc27cfe1f2d7304a0f3b476d0de8716464a992281aed7e8c34237,,,,0.0
UNSW-NB15,unsw_nb15_official_full,9,mlp_sklearn,a0_clean,jetson_orin_nx_super_ina3221_20260608t140153z,0.8496353722186891,0.8435753778131789,0.846605375015934,0.0,1.0,0.0007525573549164,1328802.37428684,40.83087158203125,7.885391547583102e-05,0.5802762275202052,0.8310814378996184,82332,0,1.0,1.0,1.0,1.0,8,1,python_sklearn_cpu,measured_onboard_sensor,jetson_ina3221_vdd_in,results/configs/tier_e_core4_hgb_mlp_timed/expanded.yaml,8f47a868529bc27cfe1f2d7304a0f3b476d0de8716464a992281aed7e8c34237,,,,0.0
UNSW-NB15,unsw_nb15_official_full,0,mlp_sklearn,a1_constrained_feature,jetson_orin_nx_super_ina3221_20260608t140153z,0.8372066579476185,0.8311103224021692,0.8335998359546989,0.0258481778248681,0.9991254919108,0.0007573009452648,1320479.0067313022,40.83082008361816,7.885391547583102e-05,0.5637124708755346,0.8186026970059668,82260,72,1.0,0.9991254919108,1.0,1.0,8,1,python_sklearn_cpu,measured_onboard_sensor,jetson_ina3221_vdd_in,results/configs/tier_e_core4_hgb_mlp_timed/expanded.yaml,8f47a868529bc27cfe1f2d7304a0f3b476d0de8716464a992281aed7e8c34237,,,,0.0
UNSW-NB15,unsw_nb15_official_full,1,mlp_sklearn,a1_constrained_feature,jetson_orin_nx_super_ina3221_20260608t140153z,0.8550177996555302,0.8487155687408929,0.8511403131162811,0.0249652340904575,0.9991254919108,0.0007454718176993,1341432.333533571,40.83082008361816,7.885391547583102e-05,0.5163913278848424,0.837148322592764,82260,72,1.0,0.9991254919108,1.0,1.0,8,1,python_sklearn_cpu,measured_onboard_sensor,jetson_ina3221_vdd_in,results/configs/tier_e_core4_hgb_mlp_timed/expanded.yaml,8f47a868529bc27cfe1f2d7304a0f3b476d0de8716464a992281aed7e8c34237,,,,0.0
UNSW-NB15,unsw_nb15_official_full,2,mlp_sklearn,a1_constrained_feature,jetson_orin_nx_super_ina3221_20260608t140153z,0.8304495081564871,0.8243812699578605,0.827085630980843,0.0199766019910381,0.9991254919108,0.0007564091642306,1322035.8071906313,40.83071708679199,7.885391547583102e-05,0.5275367630049532,0.8127319022945979,82260,72,1.0,0.9991254919108,1.0,1.0,8,1,python_sklearn_cpu,measured_onboard_sensor,jetson_ina3221_vdd_in,results/configs/tier_e_core4_hgb_mlp_timed/expanded.yaml,8f47a868529bc27cfe1f2d7304a0f3b476d0de8716464a992281aed7e8c34237,,,,0.0
UNSW-NB15,unsw_nb15_official_full,3,mlp_sklearn,a1_constrained_feature,jetson_orin_nx_super_ina3221_20260608t140153z,0.8506288712409114,0.8444057249696533,0.8474026887585479,0.0255391475178244,0.9991254919108,0.0007583454136995,1318660.3122205425,40.83101177215576,7.885391547583102e-05,0.541290906012339,0.8326985485282085,82260,72,1.0,0.9991254919108,1.0,1.0,8,1,python_sklearn_cpu,measured_onboard_sensor,jetson_ina3221_vdd_in,results/configs/tier_e_core4_hgb_mlp_timed/expanded.yaml,8f47a868529bc27cfe1f2d7304a0f3b476d0de8716464a992281aed7e8c34237,,,,0.0
UNSW-NB15,unsw_nb15_official_full,4,mlp_sklearn,a1_constrained_feature,jetson_orin_nx_super_ina3221_20260608t140153z,0.8362982151494038,0.83010253719704,0.8327699241830387,0.0212568704059333,0.9991254919108,0.0007526323360581,1328669.9920939663,40.83082008361816,7.885391547583102e-05,0.5262195263294707,0.8184777830787953,82260,72,1.0,0.9991254919108,1.0,1.0,8,1,python_sklearn_cpu,measured_onboard_sensor,jetson_ina3221_vdd_in,results/configs/tier_e_core4_hgb_mlp_timed/expanded.yaml,8f47a868529bc27cfe1f2d7304a0f3b476d0de8716464a992281aed7e8c34237,,,,0.0
UNSW-NB15,unsw_nb15_official_full,5,mlp_sklearn,a1_constrained_feature,jetson_orin_nx_super_ina3221_20260608t140153z,0.8458850403965774,0.8398713694281946,0.8428854034398445,0.0303953380570823,0.9991254919108,0.0007802028712651,1281717.9182876716,40.83082008361816,7.885391547583102e-05,0.5962212600847561,0.8270399924946953,82260,72,1.0,0.9991254919108,1.0,1.0,8,1,python_sklearn_cpu,measured_onboard_sensor,jetson_ina3221_vdd_in,results/configs/tier_e_core4_hgb_mlp_timed/expanded.yaml,8f47a868529bc27cfe1f2d7304a0f3b476d0de8716464a992281aed7e8c34237,,,,0.0
UNSW-NB15,unsw_nb15_official_full,6,mlp_sklearn,a1_constrained_feature,jetson_orin_nx_super_ina3221_20260608t140153z,0.851166274058578,0.8453339410618596,0.8485441340282941,0.0345010264220912,0.9991254919108,0.0007601314635848,1315561.9098884768,40.83076858520508,7.885391547583102e-05,0.6265914490330797,0.8319909753219051,82260,72,1.0,0.9991254919108,1.0,1.0,8,1,python_sklearn_cpu,measured_onboard_sensor,jetson_ina3221_vdd_in,results/configs/tier_e_core4_hgb_mlp_timed/expanded.yaml,8f47a868529bc27cfe1f2d7304a0f3b476d0de8716464a992281aed7e8c34237,,,,0.0
UNSW-NB15,unsw_nb15_official_full,7,mlp_sklearn,a1_constrained_feature,jetson_orin_nx_super_ina3221_20260608t140153z,0.8490376214853033,0.8429351916550805,0.8453042000558446,0.0296006886961128,0.9991254919108,0.0007939598470658,1259509.537787797,40.83071708679199,7.885391547583102e-05,0.5714313020335257,0.8301958592491476,82260,72,1.0,0.9991254919108,1.0,1.0,8,1,python_sklearn_cpu,measured_onboard_sensor,jetson_ina3221_vdd_in,results/configs/tier_e_core4_hgb_mlp_timed/expanded.yaml,8f47a868529bc27cfe1f2d7304a0f3b476d0de8716464a992281aed7e8c34237,,,,0.0
UNSW-NB15,unsw_nb15_official_full,8,mlp_sklearn,a1_constrained_feature,jetson_orin_nx_super_ina3221_20260608t140153z,0.8478397471735643,0.841672500304063,0.8440147214880378,0.027856874820652,0.9991254919108,0.0008065741403866,1239811.6303612469,40.83082008361816,7.885391547583102e-05,0.5572797236484698,0.8292100965599916,82260,72,1.0,0.9991254919108,1.0,1.0,8,1,python_sklearn_cpu,measured_onboard_sensor,jetson_ina3221_vdd_in,results/configs/tier_e_core4_hgb_mlp_timed/expanded.yaml,8f47a868529bc27cfe1f2d7304a0f3b476d0de8716464a992281aed7e8c34237,,,,0.0
UNSW-NB15,unsw_nb15_official_full,9,mlp_sklearn,a1_constrained_feature,jetson_orin_nx_super_ina3221_20260608t140153z,0.8496353722186891,0.8435753778131789,0.8460700813142472,0.0305498532106041,0.9991254919108,0.0007525573549164,1328802.37428684,40.83087158203125,7.885391547583102e-05,0.5802762275202052,0.830733496993522,82260,72,1.0,0.9991254919108,1.0,1.0,8,1,python_sklearn_cpu,measured_onboard_sensor,jetson_ina3221_vdd_in,results/configs/tier_e_core4_hgb_mlp_timed/expanded.yaml,8f47a868529bc27cfe1f2d7304a0f3b476d0de8716464a992281aed7e8c34237,,,,0.0
UNSW-NB15,unsw_nb15_official_full,0,mlp_sklearn,a1_constrained_score_search,jetson_orin_nx_super_ina3221_20260608t140153z,0.8372066579476185,0.8311103224021692,0.8293540067596885,0.0340374809615257,0.9991254919108,0.0007573009452648,1320479.0067313022,40.83082008361816,7.885391547583102e-05,0.5637124708755346,0.81584290802921,82260,72,1.0,0.9991254919108,1.0,1.0,8,1,python_sklearn_cpu,measured_onboard_sensor,jetson_ina3221_vdd_in,results/configs/tier_e_core4_hgb_mlp_timed/expanded.yaml,8f47a868529bc27cfe1f2d7304a0f3b476d0de8716464a992281aed7e8c34237,,,,0.0
UNSW-NB15,unsw_nb15_official_full,1,mlp_sklearn,a1_constrained_score_search,jetson_orin_nx_super_ina3221_20260608t140153z,0.8550177996555302,0.8487155687408929,0.8453429401567265,0.0361123987373904,0.9991254919108,0.0007454718176993,1341432.333533571,40.83082008361816,7.885391547583102e-05,0.5163913278848424,0.8333800301690534,82260,72,1.0,0.9991254919108,1.0,1.0,8,1,python_sklearn_cpu,measured_onboard_sensor,jetson_ina3221_vdd_in,results/configs/tier_e_core4_hgb_mlp_timed/expanded.yaml,8f47a868529bc27cfe1f2d7304a0f3b476d0de8716464a992281aed7e8c34237,,,,0.0
UNSW-NB15,unsw_nb15_official_full,2,mlp_sklearn,a1_constrained_score_search,jetson_orin_nx_super_ina3221_20260608t140153z,0.8304495081564871,0.8243812699578605,0.8234494187827042,0.0269960046796017,0.9991254919108,0.0007564091642306,1322035.8071906313,40.83071708679199,7.885391547583102e-05,0.5275367630049532,0.8103683643658077,82260,72,1.0,0.9991254919108,1.0,1.0,8,1,python_sklearn_cpu,measured_onboard_sensor,jetson_ina3221_vdd_in,results/configs/tier_e_core4_hgb_mlp_timed/expanded.yaml,8f47a868529bc27cfe1f2d7304a0f3b476d0de8716464a992281aed7e8c34237,,,,0.0
UNSW-NB15,unsw_nb15_official_full,3,mlp_sklearn,a1_constrained_score_search,jetson_orin_nx_super_ina3221_20260608t140153z,0.8506288712409114,0.8444057249696533,0.8420564339122405,0.035825442023707,0.9991254919108,0.0007583454136995,1318660.3122205425,40.83101177215576,7.885391547583102e-05,0.541290906012339,0.8292234828781088,82260,72,1.0,0.9991254919108,1.0,1.0,8,1,python_sklearn_cpu,measured_onboard_sensor,jetson_ina3221_vdd_in,results/configs/tier_e_core4_hgb_mlp_timed/expanded.yaml,8f47a868529bc27cfe1f2d7304a0f3b476d0de8716464a992281aed7e8c34237,,,,0.0
UNSW-NB15,unsw_nb15_official_full,4,mlp_sklearn,a1_constrained_score_search,jetson_orin_nx_super_ina3221_20260608t140153z,0.8362982151494038,0.83010253719704,0.827528563917276,0.0313665761649338,0.9991254919108,0.0007526323360581,1328669.9920939663,40.83082008361816,7.885391547583102e-05,0.5262195263294707,0.8150708989060494,82260,72,1.0,0.9991254919108,1.0,1.0,8,1,python_sklearn_cpu,measured_onboard_sensor,jetson_ina3221_vdd_in,results/configs/tier_e_core4_hgb_mlp_timed/expanded.yaml,8f47a868529bc27cfe1f2d7304a0f3b476d0de8716464a992281aed7e8c34237,,,,0.0
UNSW-NB15,unsw_nb15_official_full,5,mlp_sklearn,a1_constrained_score_search,jetson_orin_nx_super_ina3221_20260608t140153z,0.8458850403965774,0.8398713694281946,0.8375223452317909,0.0407257797496854,0.9991254919108,0.0007802028712651,1281717.9182876716,40.83082008361816,7.885391547583102e-05,0.5962212600847561,0.8235540046594604,82260,72,1.0,0.9991254919108,1.0,1.0,8,1,python_sklearn_cpu,measured_onboard_sensor,jetson_ina3221_vdd_in,results/configs/tier_e_core4_hgb_mlp_timed/expanded.yaml,8f47a868529bc27cfe1f2d7304a0f3b476d0de8716464a992281aed7e8c34237,,,,0.0
UNSW-NB15,unsw_nb15_official_full,6,mlp_sklearn,a1_constrained_score_search,jetson_orin_nx_super_ina3221_20260608t140153z,0.851166274058578,0.8453339410618596,0.8433487917393768,0.0445003642142904,0.9991254919108,0.0007601314635848,1315561.9098884768,40.83076858520508,7.885391547583102e-05,0.6265914490330797,0.8286140028341089,82260,72,1.0,0.9991254919108,1.0,1.0,8,1,python_sklearn_cpu,measured_onboard_sensor,jetson_ina3221_vdd_in,results/configs/tier_e_core4_hgb_mlp_timed/expanded.yaml,8f47a868529bc27cfe1f2d7304a0f3b476d0de8716464a992281aed7e8c34237,,,,0.0
UNSW-NB15,unsw_nb15_official_full,7,mlp_sklearn,a1_constrained_score_search,jetson_orin_nx_super_ina3221_20260608t140153z,0.8490376214853033,0.8429351916550805,0.8403165577757997,0.0392027018078273,0.9991254919108,0.0007939598470658,1259509.537787797,40.83071708679199,7.885391547583102e-05,0.5714313020335257,0.8269538917671186,82260,72,1.0,0.9991254919108,1.0,1.0,8,1,python_sklearn_cpu,measured_onboard_sensor,jetson_ina3221_vdd_in,results/configs/tier_e_core4_hgb_mlp_timed/expanded.yaml,8f47a868529bc27cfe1f2d7304a0f3b476d0de8716464a992281aed7e8c34237,,,,0.0
UNSW-NB15,unsw_nb15_official_full,8,mlp_sklearn,a1_constrained_score_search,jetson_orin_nx_super_ina3221_20260608t140153z,0.8478397471735643,0.841672500304063,0.8381113736263156,0.0392247754011875,0.9991254919108,0.0008065741403866,1239811.6303612469,40.83082008361816,7.885391547583102e-05,0.5572797236484698,0.8253729204498722,82260,72,1.0,0.9991254919108,1.0,1.0,8,1,python_sklearn_cpu,measured_onboard_sensor,jetson_ina3221_vdd_in,results/configs/tier_e_core4_hgb_mlp_timed/expanded.yaml,8f47a868529bc27cfe1f2d7304a0f3b476d0de8716464a992281aed7e8c34237,,,,0.0
UNSW-NB15,unsw_nb15_official_full,9,mlp_sklearn,a1_constrained_score_search,jetson_orin_nx_super_ina3221_20260608t140153z,0.8496353722186891,0.8435753778131789,0.8412310034802669,0.0398649096086351,0.9991254919108,0.0007525573549164,1328802.37428684,40.83087158203125,7.885391547583102e-05,0.5802762275202052,0.8275880964014347,82260,72,1.0,0.9991254919108,1.0,1.0,8,1,python_sklearn_cpu,measured_onboard_sensor,jetson_ina3221_vdd_in,results/configs/tier_e_core4_hgb_mlp_timed/expanded.yaml,8f47a868529bc27cfe1f2d7304a0f3b476d0de8716464a992281aed7e8c34237,,,,0.0
UNSW-NB15,unsw_nb15_official_full,0,mlp_sklearn,a4_split_shift,jetson_orin_nx_super_ina3221_20260608t140153z,0.8372066579476185,0.8311103224021692,0.8341584901748939,0.0,1.0,0.0007573009452648,1320479.0067313022,40.83082008361816,7.885391547583102e-05,0.5637124708755346,0.8189658222490935,82332,0,1.0,1.0,1.0,1.0,8,1,python_sklearn_cpu,measured_onboard_sensor,jetson_ina3221_vdd_in,results/configs/tier_e_core4_hgb_mlp_timed/expanded.yaml,8f47a868529bc27cfe1f2d7304a0f3b476d0de8716464a992281aed7e8c34237,,train,test,0.0
UNSW-NB15,unsw_nb15_official_full,1,mlp_sklearn,a4_split_shift,jetson_orin_nx_super_ina3221_20260608t140153z,0.8550177996555302,0.8487155687408929,0.8518666841982115,0.0,1.0,0.0007454718176993,1341432.333533571,40.83082008361816,7.885391547583102e-05,0.5163913278848424,0.8376204637960186,82332,0,1.0,1.0,1.0,1.0,8,1,python_sklearn_cpu,measured_onboard_sensor,jetson_ina3221_vdd_in,results/configs/tier_e_core4_hgb_mlp_timed/expanded.yaml,8f47a868529bc27cfe1f2d7304a0f3b476d0de8716464a992281aed7e8c34237,,train,test,0.0
UNSW-NB15,unsw_nb15_official_full,2,mlp_sklearn,a4_split_shift,jetson_orin_nx_super_ina3221_20260608t140153z,0.8304495081564871,0.8243812699578605,0.8274153890571738,0.0,1.0,0.0007564091642306,1322035.8071906313,40.83071708679199,7.885391547583102e-05,0.5275367630049532,0.812946245044213,82332,0,1.0,1.0,1.0,1.0,8,1,python_sklearn_cpu,measured_onboard_sensor,jetson_ina3221_vdd_in,results/configs/tier_e_core4_hgb_mlp_timed/expanded.yaml,8f47a868529bc27cfe1f2d7304a0f3b476d0de8716464a992281aed7e8c34237,,train,test,0.0
UNSW-NB15,unsw_nb15_official_full,3,mlp_sklearn,a4_split_shift,jetson_orin_nx_super_ina3221_20260608t140153z,0.8506288712409114,0.8444057249696533,0.8475172981052823,0.0,1.0,0.0007583454136995,1318660.3122205425,40.83101177215576,7.885391547583102e-05,0.541290906012339,0.8327730446035859,82332,0,1.0,1.0,1.0,1.0,8,1,python_sklearn_cpu,measured_onboard_sensor,jetson_ina3221_vdd_in,results/configs/tier_e_core4_hgb_mlp_timed/expanded.yaml,8f47a868529bc27cfe1f2d7304a0f3b476d0de8716464a992281aed7e8c34237,,train,test,0.0
UNSW-NB15,unsw_nb15_official_full,4,mlp_sklearn,a4_split_shift,jetson_orin_nx_super_ina3221_20260608t140153z,0.8362982151494038,0.83010253719704,0.8332003761732218,0.0,1.0,0.0007526323360581,1328669.9920939663,40.83082008361816,7.885391547583102e-05,0.5262195263294707,0.8187575768724142,82332,0,1.0,1.0,1.0,1.0,8,1,python_sklearn_cpu,measured_onboard_sensor,jetson_ina3221_vdd_in,results/configs/tier_e_core4_hgb_mlp_timed/expanded.yaml,8f47a868529bc27cfe1f2d7304a0f3b476d0de8716464a992281aed7e8c34237,,train,test,0.0
UNSW-NB15,unsw_nb15_official_full,5,mlp_sklearn,a4_split_shift,jetson_orin_nx_super_ina3221_20260608t140153z,0.8458850403965774,0.8398713694281946,0.842878204912386,0.0,1.0,0.0007802028712651,1281717.9182876716,40.83082008361816,7.885391547583102e-05,0.5962212600847561,0.8270353134518472,82332,0,1.0,1.0,1.0,1.0,8,1,python_sklearn_cpu,measured_onboard_sensor,jetson_ina3221_vdd_in,results/configs/tier_e_core4_hgb_mlp_timed/expanded.yaml,8f47a868529bc27cfe1f2d7304a0f3b476d0de8716464a992281aed7e8c34237,,train,test,0.0
UNSW-NB15,unsw_nb15_official_full,6,mlp_sklearn,a4_split_shift,jetson_orin_nx_super_ina3221_20260608t140153z,0.851166274058578,0.8453339410618596,0.8482501075602188,0.0,1.0,0.0007601314635848,1315561.9098884768,40.83076858520508,7.885391547583102e-05,0.6265914490330797,0.8317998581176562,82332,0,1.0,1.0,1.0,1.0,8,1,python_sklearn_cpu,measured_onboard_sensor,jetson_ina3221_vdd_in,results/configs/tier_e_core4_hgb_mlp_timed/expanded.yaml,8f47a868529bc27cfe1f2d7304a0f3b476d0de8716464a992281aed7e8c34237,,train,test,0.0
UNSW-NB15,unsw_nb15_official_full,7,mlp_sklearn,a4_split_shift,jetson_orin_nx_super_ina3221_20260608t140153z,0.8490376214853033,0.8429351916550805,0.8459864065701919,0.0,1.0,0.0007939598470658,1259509.537787797,40.83071708679199,7.885391547583102e-05,0.5714313020335257,0.8306392934834734,82332,0,1.0,1.0,1.0,1.0,8,1,python_sklearn_cpu,measured_onboard_sensor,jetson_ina3221_vdd_in,results/configs/tier_e_core4_hgb_mlp_timed/expanded.yaml,8f47a868529bc27cfe1f2d7304a0f3b476d0de8716464a992281aed7e8c34237,,train,test,0.0
UNSW-NB15,unsw_nb15_official_full,8,mlp_sklearn,a4_split_shift,jetson_orin_nx_super_ina3221_20260608t140153z,0.8478397471735643,0.841672500304063,0.8447561237388137,0.0,1.0,0.0008065741403866,1239811.6303612469,40.83082008361816,7.885391547583102e-05,0.5572797236484698,0.8296920080229959,82332,0,1.0,1.0,1.0,1.0,8,1,python_sklearn_cpu,measured_onboard_sensor,jetson_ina3221_vdd_in,results/configs/tier_e_core4_hgb_mlp_timed/expanded.yaml,8f47a868529bc27cfe1f2d7304a0f3b476d0de8716464a992281aed7e8c34237,,train,test,0.0
UNSW-NB15,unsw_nb15_official_full,9,mlp_sklearn,a4_split_shift,jetson_orin_nx_super_ina3221_20260608t140153z,0.8496353722186891,0.8435753778131789,0.846605375015934,0.0,1.0,0.0007525573549164,1328802.37428684,40.83087158203125,7.885391547583102e-05,0.5802762275202052,0.8310814378996184,82332,0,1.0,1.0,1.0,1.0,8,1,python_sklearn_cpu,measured_onboard_sensor,jetson_ina3221_vdd_in,results/configs/tier_e_core4_hgb_mlp_timed/expanded.yaml,8f47a868529bc27cfe1f2d7304a0f3b476d0de8716464a992281aed7e8c34237,,train,test,0.0
UNSW-NB15,unsw_nb15_official_full,0,random_forest,a0_clean,jetson_orin_nx_super_ina3221_20260608t140153z,0.8665881909095363,0.8599233713551193,0.8632557811323278,0.0,1.0,0.0065033945203651,153765.8521051639,64.08478546142578,7.885391547583102e-05,0.4133704107354509,0.8493416399637114,82332,0,1.0,1.0,1.0,1.0,8,1,python_sklearn_cpu,measured_onboard_sensor,jetson_ina3221_vdd_in,results/configs/tier_e_core4_hgb_mlp_timed/expanded.yaml,8f47a868529bc27cfe1f2d7304a0f3b476d0de8716464a992281aed7e8c34237,,,,0.0
UNSW-NB15,unsw_nb15_official_full,1,random_forest,a0_clean,jetson_orin_nx_super_ina3221_20260608t140153z,0.8659652531348021,0.859332144109167,0.8626486986219846,0.0,1.0,0.0066623500416119,150097.1869917024,64.08366394042969,7.885391547583102e-05,0.4213030637626067,0.8485756528959718,82332,0,1.0,1.0,1.0,1.0,8,1,python_sklearn_cpu,measured_onboard_sensor,jetson_ina3221_vdd_in,results/configs/tier_e_core4_hgb_mlp_timed/expanded.yaml,8f47a868529bc27cfe1f2d7304a0f3b476d0de8716464a992281aed7e8c34237,,,,0.0
UNSW-NB15,unsw_nb15_official_full,2,random_forest,a0_clean,jetson_orin_nx_super_ina3221_20260608t140153z,0.867309639758384,0.860665814495339,0.8639877271268614,0.0,1.0,0.0064812977818884,154290.0872097606,64.08366394042969,7.885391547583102e-05,0.4150620884716005,0.8500398781820143,82332,0,1.0,1.0,1.0,1.0,8,1,python_sklearn_cpu,measured_onboard_sensor,jetson_ina3221_vdd_in,results/configs/tier_e_core4_hgb_mlp_timed/expanded.yaml,8f47a868529bc27cfe1f2d7304a0f3b476d0de8716464a992281aed7e8c34237,,,,0.0
UNSW-NB15,unsw_nb15_official_full,3,random_forest,a0_clean,jetson_orin_nx_super_ina3221_20260608t140153z,0.8665464291453937,0.859880347037234,0.8632133880913139,0.0,1.0,0.0064348491943211,155403.79732325676,64.08345317840576,7.885391547583102e-05,0.4132579241201848,0.849301734207704,82332,0,1.0,1.0,1.0,1.0,8,1,python_sklearn_cpu,measured_onboard_sensor,jetson_ina3221_vdd_in,results/configs/tier_e_core4_hgb_mlp_timed/expanded.yaml,8f47a868529bc27cfe1f2d7304a0f3b476d0de8716464a992281aed7e8c34237,,,,0.0
UNSW-NB15,unsw_nb15_official_full,4,random_forest,a0_clean,jetson_orin_nx_super_ina3221_20260608t140153z,0.8669889497976986,0.8603149687232454,0.863651959260472,0.0,1.0,0.006374209290749,156882.20364074135,64.0836124420166,7.885391547583102e-05,0.4104033282377939,0.8497975123349322,82332,0,1.0,1.0,1.0,1.0,8,1,python_sklearn_cpu,measured_onboard_sensor,jetson_ina3221_vdd_in,results/configs/tier_e_core4_hgb_mlp_timed/expanded.yaml,8f47a868529bc27cfe1f2d7304a0f3b476d0de8716464a992281aed7e8c34237,,,,0.0
UNSW-NB15,unsw_nb15_official_full,5,random_forest,a0_clean,jetson_orin_nx_super_ina3221_20260608t140153z,0.8671999390103644,0.8605438983499515,0.863871918680158,0.0,1.0,0.0064194236699597,155777.22415792427,64.08356094360352,7.885391547583102e-05,0.4131220330009706,0.8499630071015428,82332,0,1.0,1.0,1.0,1.0,8,1,python_sklearn_cpu,measured_onboard_sensor,jetson_ina3221_vdd_in,results/configs/tier_e_core4_hgb_mlp_timed/expanded.yaml,8f47a868529bc27cfe1f2d7304a0f3b476d0de8716464a992281aed7e8c34237,,,,0.0
UNSW-NB15,unsw_nb15_official_full,6,random_forest,a0_clean,jetson_orin_nx_super_ina3221_20260608t140153z,0.8676591192951206,0.8609881606215763,0.8643236399583485,0.0,1.0,0.0064599529082724,154799.89006102848,64.0836124420166,7.885391547583102e-05,0.4088584091900954,0.8504999127390903,82332,0,1.0,1.0,1.0,1.0,8,1,python_sklearn_cpu,measured_onboard_sensor,jetson_ina3221_vdd_in,results/configs/tier_e_core4_hgb_mlp_timed/expanded.yaml,8f47a868529bc27cfe1f2d7304a0f3b476d0de8716464a992281aed7e8c34237,,,,0.0
UNSW-NB15,unsw_nb15_official_full,7,random_forest,a0_clean,jetson_orin_nx_super_ina3221_20260608t140153z,0.8655696179105392,0.8589971680407134,0.8622833929756263,0.0,1.0,0.0063458405281295,157583.53768381686,64.08355617523193,7.885391547583102e-05,0.4340836662127582,0.8479554024066774,82332,0,1.0,1.0,1.0,1.0,8,1,python_sklearn_cpu,measured_onboard_sensor,jetson_ina3221_vdd_in,results/configs/tier_e_core4_hgb_mlp_timed/expanded.yaml,8f47a868529bc27cfe1f2d7304a0f3b476d0de8716464a992281aed7e8c34237,,,,0.0
UNSW-NB15,unsw_nb15_official_full,8,random_forest,a0_clean,jetson_orin_nx_super_ina3221_20260608t140153z,0.8672799341391257,0.8606338199136223,0.863956877026374,0.0,1.0,0.0064362464865708,155370.05956600563,64.08448791503906,7.885391547583102e-05,0.4147290071329602,0.8500157250074591,82332,0,1.0,1.0,1.0,1.0,8,1,python_sklearn_cpu,measured_onboard_sensor,jetson_ina3221_vdd_in,results/configs/tier_e_core4_hgb_mlp_timed/expanded.yaml,8f47a868529bc27cfe1f2d7304a0f3b476d0de8716464a992281aed7e8c34237,,,,0.0
UNSW-NB15,unsw_nb15_official_full,9,random_forest,a0_clean,jetson_orin_nx_super_ina3221_20260608t140153z,0.8654953959608607,0.8588414901710146,0.8621684430659377,0.0,1.0,0.0064696403566006,154568.09727912364,64.08448791503906,7.885391547583102e-05,0.4187107371202491,0.8481475868605536,82332,0,1.0,1.0,1.0,1.0,8,1,python_sklearn_cpu,measured_onboard_sensor,jetson_ina3221_vdd_in,results/configs/tier_e_core4_hgb_mlp_timed/expanded.yaml,8f47a868529bc27cfe1f2d7304a0f3b476d0de8716464a992281aed7e8c34237,,,,0.0
UNSW-NB15,unsw_nb15_official_full,0,random_forest,a1_constrained_feature,jetson_orin_nx_super_ina3221_20260608t140153z,0.8665881909095363,0.8599233713551193,0.8659472016901613,0.0094254243648323,0.9991254919108,0.0065033945203651,153765.8521051639,64.08478546142578,7.885391547583102e-05,0.4133704107354509,0.851091063326303,82260,72,1.0,0.9991254919108,1.0,1.0,8,1,python_sklearn_cpu,measured_onboard_sensor,jetson_ina3221_vdd_in,results/configs/tier_e_core4_hgb_mlp_timed/expanded.yaml,8f47a868529bc27cfe1f2d7304a0f3b476d0de8716464a992281aed7e8c34237,,,,0.0
UNSW-NB15,unsw_nb15_official_full,1,random_forest,a1_constrained_feature,jetson_orin_nx_super_ina3221_20260608t140153z,0.8659652531348021,0.859332144109167,0.8660311095560679,0.0088515109374655,0.9991254919108,0.0066623500416119,150097.1869917024,64.08366394042969,7.885391547583102e-05,0.4213030637626067,0.850774220003126,82260,72,1.0,0.9991254919108,1.0,1.0,8,1,python_sklearn_cpu,measured_onboard_sensor,jetson_ina3221_vdd_in,results/configs/tier_e_core4_hgb_mlp_timed/expanded.yaml,8f47a868529bc27cfe1f2d7304a0f3b476d0de8716464a992281aed7e8c34237,,,,0.0
UNSW-NB15,unsw_nb15_official_full,2,random_forest,a1_constrained_feature,jetson_orin_nx_super_ina3221_20260608t140153z,0.867309639758384,0.860665814495339,0.8675340056218299,0.008145155949937,0.9991254919108,0.0064812977818884,154290.0872097606,64.08366394042969,7.885391547583102e-05,0.4150620884716005,0.8523449592037439,82260,72,1.0,0.9991254919108,1.0,1.0,8,1,python_sklearn_cpu,measured_onboard_sensor,jetson_ina3221_vdd_in,results/configs/tier_e_core4_hgb_mlp_timed/expanded.yaml,8f47a868529bc27cfe1f2d7304a0f3b476d0de8716464a992281aed7e8c34237,,,,0.0
UNSW-NB15,unsw_nb15_official_full,3,random_forest,a1_constrained_feature,jetson_orin_nx_super_ina3221_20260608t140153z,0.8665464291453937,0.859880347037234,0.866493035564595,0.0082775975100986,0.9991254919108,0.0064348491943211,155403.79732325676,64.08345317840576,7.885391547583102e-05,0.4132579241201848,0.8514335050653368,82260,72,1.0,0.9991254919108,1.0,1.0,8,1,python_sklearn_cpu,measured_onboard_sensor,jetson_ina3221_vdd_in,results/configs/tier_e_core4_hgb_mlp_timed/expanded.yaml,8f47a868529bc27cfe1f2d7304a0f3b476d0de8716464a992281aed7e8c34237,,,,0.0
UNSW-NB15,unsw_nb15_official_full,4,random_forest,a1_constrained_feature,jetson_orin_nx_super_ina3221_20260608t140153z,0.8669889497976986,0.8603149687232454,0.8664709166902844,0.0089398053109065,0.9991254919108,0.006374209290749,156882.20364074135,64.0836124420166,7.885391547583102e-05,0.4104033282377939,0.8516298346643102,82260,72,1.0,0.9991254919108,1.0,1.0,8,1,python_sklearn_cpu,measured_onboard_sensor,jetson_ina3221_vdd_in,results/configs/tier_e_core4_hgb_mlp_timed/expanded.yaml,8f47a868529bc27cfe1f2d7304a0f3b476d0de8716464a992281aed7e8c34237,,,,0.0
UNSW-NB15,unsw_nb15_official_full,5,random_forest,a1_constrained_feature,jetson_orin_nx_super_ina3221_20260608t140153z,0.8671999390103644,0.8605438983499515,0.8669334604170373,0.0088294373441052,0.9991254919108,0.0064194236699597,155777.22415792427,64.08356094360352,7.885391547583102e-05,0.4131220330009706,0.8519530092305144,82260,72,1.0,0.9991254919108,1.0,1.0,8,1,python_sklearn_cpu,measured_onboard_sensor,jetson_ina3221_vdd_in,results/configs/tier_e_core4_hgb_mlp_timed/expanded.yaml,8f47a868529bc27cfe1f2d7304a0f3b476d0de8716464a992281aed7e8c34237,,,,0.0
UNSW-NB15,unsw_nb15_official_full,6,random_forest,a1_constrained_feature,jetson_orin_nx_super_ina3221_20260608t140153z,0.8676591192951206,0.8609881606215763,0.8673282780618775,0.008564554223782,0.9991254919108,0.0064599529082724,154799.89006102848,64.0836124420166,7.885391547583102e-05,0.4088584091900954,0.8524529275063841,82260,72,1.0,0.9991254919108,1.0,1.0,8,1,python_sklearn_cpu,measured_onboard_sensor,jetson_ina3221_vdd_in,results/configs/tier_e_core4_hgb_mlp_timed/expanded.yaml,8f47a868529bc27cfe1f2d7304a0f3b476d0de8716464a992281aed7e8c34237,,,,0.0
UNSW-NB15,unsw_nb15_official_full,7,random_forest,a1_constrained_feature,jetson_orin_nx_super_ina3221_20260608t140153z,0.8655696179105392,0.8589971680407134,0.8662532353237995,0.0090722468710681,0.9991254919108,0.0063458405281295,157583.53768381686,64.08355617523193,7.885391547583102e-05,0.4340836662127582,0.85053579993299,82260,72,1.0,0.9991254919108,1.0,1.0,8,1,python_sklearn_cpu,measured_onboard_sensor,jetson_ina3221_vdd_in,results/configs/tier_e_core4_hgb_mlp_timed/expanded.yaml,8f47a868529bc27cfe1f2d7304a0f3b476d0de8716464a992281aed7e8c34237,,,,0.0
UNSW-NB15,unsw_nb15_official_full,8,random_forest,a1_constrained_feature,jetson_orin_nx_super_ina3221_20260608t140153z,0.8672799341391257,0.8606338199136223,0.8671223686875447,0.0088294373441052,0.9991254919108,0.0064362464865708,155370.05956600563,64.08448791503906,7.885391547583102e-05,0.4147290071329602,0.8520732945872203,82260,72,1.0,0.9991254919108,1.0,1.0,8,1,python_sklearn_cpu,measured_onboard_sensor,jetson_ina3221_vdd_in,results/configs/tier_e_core4_hgb_mlp_timed/expanded.yaml,8f47a868529bc27cfe1f2d7304a0f3b476d0de8716464a992281aed7e8c34237,,,,0.0
UNSW-NB15,unsw_nb15_official_full,9,random_forest,a1_constrained_feature,jetson_orin_nx_super_ina3221_20260608t140153z,0.8654953959608607,0.8588414901710146,0.8651464064914289,0.0092267620245899,0.9991254919108,0.0064696403566006,154568.09727912364,64.08448791503906,7.885391547583102e-05,0.4187107371202491,0.8500832630871229,82260,72,1.0,0.9991254919108,1.0,1.0,8,1,python_sklearn_cpu,measured_onboard_sensor,jetson_ina3221_vdd_in,results/configs/tier_e_core4_hgb_mlp_timed/expanded.yaml,8f47a868529bc27cfe1f2d7304a0f3b476d0de8716464a992281aed7e8c34237,,,,0.0
UNSW-NB15,unsw_nb15_official_full,0,random_forest,a1_constrained_score_search,jetson_orin_nx_super_ina3221_20260608t140153z,0.8665881909095363,0.8599233713551193,0.8612911257755305,0.0183431560823786,0.9991254919108,0.0065033945203651,153765.8521051639,64.08478546142578,7.885391547583102e-05,0.4133704107354509,0.848064613981793,82260,72,1.0,0.9991254919108,1.0,1.0,8,1,python_sklearn_cpu,measured_onboard_sensor,jetson_ina3221_vdd_in,results/configs/tier_e_core4_hgb_mlp_timed/expanded.yaml,8f47a868529bc27cfe1f2d7304a0f3b476d0de8716464a992281aed7e8c34237,,,,0.0
UNSW-NB15,unsw_nb15_official_full,1,random_forest,a1_constrained_score_search,jetson_orin_nx_super_ina3221_20260608t140153z,0.8659652531348021,0.859332144109167,0.8616972083227213,0.0171511820409244,0.9991254919108,0.0066623500416119,150097.1869917024,64.08366394042969,7.885391547583102e-05,0.4213030637626067,0.8479571842014507,82260,72,1.0,0.9991254919108,1.0,1.0,8,1,python_sklearn_cpu,measured_onboard_sensor,jetson_ina3221_vdd_in,results/configs/tier_e_core4_hgb_mlp_timed/expanded.yaml,8f47a868529bc27cfe1f2d7304a0f3b476d0de8716464a992281aed7e8c34237,,,,0.0
UNSW-NB15,unsw_nb15_official_full,2,random_forest,a1_constrained_score_search,jetson_orin_nx_super_ina3221_20260608t140153z,0.867309639758384,0.860665814495339,0.8629338134297828,0.016952519700682,0.9991254919108,0.0064812977818884,154290.0872097606,64.08366394042969,7.885391547583102e-05,0.4150620884716005,0.8493548342789131,82260,72,1.0,0.9991254919108,1.0,1.0,8,1,python_sklearn_cpu,measured_onboard_sensor,jetson_ina3221_vdd_in,results/configs/tier_e_core4_hgb_mlp_timed/expanded.yaml,8f47a868529bc27cfe1f2d7304a0f3b476d0de8716464a992281aed7e8c34237,,,,0.0
UNSW-NB15,unsw_nb15_official_full,3,random_forest,a1_constrained_score_search,jetson_orin_nx_super_ina3221_20260608t140153z,0.8665464291453937,0.859880347037234,0.8616632905045005,0.0175264331280489,0.9991254919108,0.0064348491943211,155403.79732325676,64.08345317840576,7.885391547583102e-05,0.4132579241201848,0.8482941707762753,82260,72,1.0,0.9991254919108,1.0,1.0,8,1,python_sklearn_cpu,measured_onboard_sensor,jetson_ina3221_vdd_in,results/configs/tier_e_core4_hgb_mlp_timed/expanded.yaml,8f47a868529bc27cfe1f2d7304a0f3b476d0de8716464a992281aed7e8c34237,,,,0.0
UNSW-NB15,unsw_nb15_official_full,4,random_forest,a1_constrained_score_search,jetson_orin_nx_super_ina3221_20260608t140153z,0.8669889497976986,0.8603149687232454,0.8617105906062229,0.0180561993686952,0.9991254919108,0.006374209290749,156882.20364074135,64.0836124420166,7.885391547583102e-05,0.4104033282377939,0.8485356227096702,82260,72,1.0,0.9991254919108,1.0,1.0,8,1,python_sklearn_cpu,measured_onboard_sensor,jetson_ina3221_vdd_in,results/configs/tier_e_core4_hgb_mlp_timed/expanded.yaml,8f47a868529bc27cfe1f2d7304a0f3b476d0de8716464a992281aed7e8c34237,,,,0.0
UNSW-NB15,unsw_nb15_official_full,5,random_forest,a1_constrained_score_search,jetson_orin_nx_super_ina3221_20260608t140153z,0.8671999390103644,0.8605438983499515,0.8628408589848918,0.0166655629869986,0.9991254919108,0.0064194236699597,155777.22415792427,64.08356094360352,7.885391547583102e-05,0.4131220330009706,0.8492928182996199,82260,72,1.0,0.9991254919108,1.0,1.0,8,1,python_sklearn_cpu,measured_onboard_sensor,jetson_ina3221_vdd_in,results/configs/tier_e_core4_hgb_mlp_timed/expanded.yaml,8f47a868529bc27cfe1f2d7304a0f3b476d0de8716464a992281aed7e8c34237,,,,0.0
UNSW-NB15,unsw_nb15_official_full,6,random_forest,a1_constrained_score_search,jetson_orin_nx_super_ina3221_20260608t140153z,0.8676591192951206,0.8609881606215763,0.8627168964937513,0.0173939915678873,0.9991254919108,0.0064599529082724,154799.89006102848,64.0836124420166,7.885391547583102e-05,0.4088584091900954,0.8494555294871021,82260,72,1.0,0.9991254919108,1.0,1.0,8,1,python_sklearn_cpu,measured_onboard_sensor,jetson_ina3221_vdd_in,results/configs/tier_e_core4_hgb_mlp_timed/expanded.yaml,8f47a868529bc27cfe1f2d7304a0f3b476d0de8716464a992281aed7e8c34237,,,,0.0
UNSW-NB15,unsw_nb15_official_full,7,random_forest,a1_constrained_score_search,jetson_orin_nx_super_ina3221_20260608t140153z,0.8655696179105392,0.8589971680407134,0.861182200277285,0.0187846279495839,0.9991254919108,0.0063458405281295,157583.53768381686,64.08355617523193,7.885391547583102e-05,0.4340836662127582,0.8472396271527556,82260,72,1.0,0.9991254919108,1.0,1.0,8,1,python_sklearn_cpu,measured_onboard_sensor,jetson_ina3221_vdd_in,results/configs/tier_e_core4_hgb_mlp_timed/expanded.yaml,8f47a868529bc27cfe1f2d7304a0f3b476d0de8716464a992281aed7e8c34237,,,,0.0
UNSW-NB15,unsw_nb15_official_full,8,random_forest,a1_constrained_score_search,jetson_orin_nx_super_ina3221_20260608t140153z,0.8672799341391257,0.8606338199136223,0.8622348083174671,0.0181886409288568,0.9991254919108,0.0064362464865708,155370.05956600563,64.08448791503906,7.885391547583102e-05,0.4147290071329602,0.8488963803466698,82260,72,1.0,0.9991254919108,1.0,1.0,8,1,python_sklearn_cpu,measured_onboard_sensor,jetson_ina3221_vdd_in,results/configs/tier_e_core4_hgb_mlp_timed/expanded.yaml,8f47a868529bc27cfe1f2d7304a0f3b476d0de8716464a992281aed7e8c34237,,,,0.0
UNSW-NB15,unsw_nb15_official_full,9,random_forest,a1_constrained_score_search,jetson_orin_nx_super_ina3221_20260608t140153z,0.8654953959608607,0.8588414901710146,0.8600648187765614,0.018961216696466,0.9991254919108,0.0064696403566006,154568.09727912364,64.08448791503906,7.885391547583102e-05,0.4187107371202491,0.846780231072459,82260,72,1.0,0.9991254919108,1.0,1.0,8,1,python_sklearn_cpu,measured_onboard_sensor,jetson_ina3221_vdd_in,results/configs/tier_e_core4_hgb_mlp_timed/expanded.yaml,8f47a868529bc27cfe1f2d7304a0f3b476d0de8716464a992281aed7e8c34237,,,,0.0
UNSW-NB15,unsw_nb15_official_full,0,random_forest,a4_split_shift,jetson_orin_nx_super_ina3221_20260608t140153z,0.8665881909095363,0.8599233713551193,0.8632557811323278,0.0,1.0,0.0065033945203651,153765.8521051639,64.08478546142578,7.885391547583102e-05,0.4133704107354509,0.8493416399637114,82332,0,1.0,1.0,1.0,1.0,8,1,python_sklearn_cpu,measured_onboard_sensor,jetson_ina3221_vdd_in,results/configs/tier_e_core4_hgb_mlp_timed/expanded.yaml,8f47a868529bc27cfe1f2d7304a0f3b476d0de8716464a992281aed7e8c34237,,train,test,0.0
UNSW-NB15,unsw_nb15_official_full,1,random_forest,a4_split_shift,jetson_orin_nx_super_ina3221_20260608t140153z,0.8659652531348021,0.859332144109167,0.8626486986219846,0.0,1.0,0.0066623500416119,150097.1869917024,64.08366394042969,7.885391547583102e-05,0.4213030637626067,0.8485756528959718,82332,0,1.0,1.0,1.0,1.0,8,1,python_sklearn_cpu,measured_onboard_sensor,jetson_ina3221_vdd_in,results/configs/tier_e_core4_hgb_mlp_timed/expanded.yaml,8f47a868529bc27cfe1f2d7304a0f3b476d0de8716464a992281aed7e8c34237,,train,test,0.0
UNSW-NB15,unsw_nb15_official_full,2,random_forest,a4_split_shift,jetson_orin_nx_super_ina3221_20260608t140153z,0.867309639758384,0.860665814495339,0.8639877271268614,0.0,1.0,0.0064812977818884,154290.0872097606,64.08366394042969,7.885391547583102e-05,0.4150620884716005,0.8500398781820143,82332,0,1.0,1.0,1.0,1.0,8,1,python_sklearn_cpu,measured_onboard_sensor,jetson_ina3221_vdd_in,results/configs/tier_e_core4_hgb_mlp_timed/expanded.yaml,8f47a868529bc27cfe1f2d7304a0f3b476d0de8716464a992281aed7e8c34237,,train,test,0.0
UNSW-NB15,unsw_nb15_official_full,3,random_forest,a4_split_shift,jetson_orin_nx_super_ina3221_20260608t140153z,0.8665464291453937,0.859880347037234,0.8632133880913139,0.0,1.0,0.0064348491943211,155403.79732325676,64.08345317840576,7.885391547583102e-05,0.4132579241201848,0.849301734207704,82332,0,1.0,1.0,1.0,1.0,8,1,python_sklearn_cpu,measured_onboard_sensor,jetson_ina3221_vdd_in,results/configs/tier_e_core4_hgb_mlp_timed/expanded.yaml,8f47a868529bc27cfe1f2d7304a0f3b476d0de8716464a992281aed7e8c34237,,train,test,0.0
UNSW-NB15,unsw_nb15_official_full,4,random_forest,a4_split_shift,jetson_orin_nx_super_ina3221_20260608t140153z,0.8669889497976986,0.8603149687232454,0.863651959260472,0.0,1.0,0.006374209290749,156882.20364074135,64.0836124420166,7.885391547583102e-05,0.4104033282377939,0.8497975123349322,82332,0,1.0,1.0,1.0,1.0,8,1,python_sklearn_cpu,measured_onboard_sensor,jetson_ina3221_vdd_in,results/configs/tier_e_core4_hgb_mlp_timed/expanded.yaml,8f47a868529bc27cfe1f2d7304a0f3b476d0de8716464a992281aed7e8c34237,,train,test,0.0
UNSW-NB15,unsw_nb15_official_full,5,random_forest,a4_split_shift,jetson_orin_nx_super_ina3221_20260608t140153z,0.8671999390103644,0.8605438983499515,0.863871918680158,0.0,1.0,0.0064194236699597,155777.22415792427,64.08356094360352,7.885391547583102e-05,0.4131220330009706,0.8499630071015428,82332,0,1.0,1.0,1.0,1.0,8,1,python_sklearn_cpu,measured_onboard_sensor,jetson_ina3221_vdd_in,results/configs/tier_e_core4_hgb_mlp_timed/expanded.yaml,8f47a868529bc27cfe1f2d7304a0f3b476d0de8716464a992281aed7e8c34237,,train,test,0.0
UNSW-NB15,unsw_nb15_official_full,6,random_forest,a4_split_shift,jetson_orin_nx_super_ina3221_20260608t140153z,0.8676591192951206,0.8609881606215763,0.8643236399583485,0.0,1.0,0.0064599529082724,154799.89006102848,64.0836124420166,7.885391547583102e-05,0.4088584091900954,0.8504999127390903,82332,0,1.0,1.0,1.0,1.0,8,1,python_sklearn_cpu,measured_onboard_sensor,jetson_ina3221_vdd_in,results/configs/tier_e_core4_hgb_mlp_timed/expanded.yaml,8f47a868529bc27cfe1f2d7304a0f3b476d0de8716464a992281aed7e8c34237,,train,test,0.0
UNSW-NB15,unsw_nb15_official_full,7,random_forest,a4_split_shift,jetson_orin_nx_super_ina3221_20260608t140153z,0.8655696179105392,0.8589971680407134,0.8622833929756263,0.0,1.0,0.0063458405281295,157583.53768381686,64.08355617523193,7.885391547583102e-05,0.4340836662127582,0.8479554024066774,82332,0,1.0,1.0,1.0,1.0,8,1,python_sklearn_cpu,measured_onboard_sensor,jetson_ina3221_vdd_in,results/configs/tier_e_core4_hgb_mlp_timed/expanded.yaml,8f47a868529bc27cfe1f2d7304a0f3b476d0de8716464a992281aed7e8c34237,,train,test,0.0
UNSW-NB15,unsw_nb15_official_full,8,random_forest,a4_split_shift,jetson_orin_nx_super_ina3221_20260608t140153z,0.8672799341391257,0.8606338199136223,0.863956877026374,0.0,1.0,0.0064362464865708,155370.05956600563,64.08448791503906,7.885391547583102e-05,0.4147290071329602,0.8500157250074591,82332,0,1.0,1.0,1.0,1.0,8,1,python_sklearn_cpu,measured_onboard_sensor,jetson_ina3221_vdd_in,results/configs/tier_e_core4_hgb_mlp_timed/expanded.yaml,8f47a868529bc27cfe1f2d7304a0f3b476d0de8716464a992281aed7e8c34237,,train,test,0.0
UNSW-NB15,unsw_nb15_official_full,9,random_forest,a4_split_shift,jetson_orin_nx_super_ina3221_20260608t140153z,0.8654953959608607,0.8588414901710146,0.8621684430659377,0.0,1.0,0.0064696403566006,154568.09727912364,64.08448791503906,7.885391547583102e-05,0.4187107371202491,0.8481475868605536,82332,0,1.0,1.0,1.0,1.0,8,1,python_sklearn_cpu,measured_onboard_sensor,jetson_ina3221_vdd_in,results/configs/tier_e_core4_hgb_mlp_timed/expanded.yaml,8f47a868529bc27cfe1f2d7304a0f3b476d0de8716464a992281aed7e8c34237,,train,test,0.0
CICIDS2017,cicids2017_friday_holdout_sample,0,extra_trees,a0_clean,jetson_orin_nx_super_ina3221_20260608t140153z,0.5530229925779655,0.5896402941028356,0.5713316433404005,0.0,1.0,0.0050150750729113,199398.8096811257,29.885329246521,7.885391547583102e-05,8.192256491901492,0.4044141971778633,90000,0,1.0,1.0,1.0,1.0,8,1,python_sklearn_cpu,measured_onboard_sensor,jetson_ina3221_vdd_in,results/configs/tier_e_core4_hgb_mlp_timed/cicids2017.yaml,c1a742e08c7ef81748b8a538e7a6a7d71046a45539e1067d3979fe7984cc55e1,,,,0.0
CICIDS2017,cicids2017_friday_holdout_sample,1,extra_trees,a0_clean,jetson_orin_nx_super_ina3221_20260608t140153z,0.4722738253739957,0.5435015517330609,0.5078876885535284,0.0,1.0,0.0049488862407613,202065.6671724493,29.88225078582764,7.885391547583102e-05,9.120492406882155,0.3224059070785858,90000,0,1.0,1.0,1.0,1.0,8,1,python_sklearn_cpu,measured_onboard_sensor,jetson_ina3221_vdd_in,results/configs/tier_e_core4_hgb_mlp_timed/cicids2017.yaml,dda0d04b7b5243543b3b901e78c630c688728729dc345fa894703feadcf095ac,,,,0.0
CICIDS2017,cicids2017_friday_holdout_sample,2,extra_trees,a0_clean,jetson_orin_nx_super_ina3221_20260608t140153z,0.5347648544331536,0.5786184696031751,0.5566916620181643,0.0,1.0,0.0048230136346278,207339.2438330008,29.88197135925293,7.885391547583102e-05,8.413817319338708,0.3853436668728096,90000,0,1.0,1.0,1.0,1.0,8,1,python_sklearn_cpu,measured_onboard_sensor,jetson_ina3221_vdd_in,results/configs/tier_e_core4_hgb_mlp_timed/cicids2017.yaml,1c850558226c77cd66dc1d6b24325d24a6c18a723efa2321e4ec284a6edd21ce,,,,0.0
CICIDS2017,cicids2017_friday_holdout_sample,3,extra_trees,a0_clean,jetson_orin_nx_super_ina3221_20260608t140153z,0.4705998104148,0.5424987559758317,0.5065492831953159,0.0,1.0,0.0046693824815964,214161.0810297329,29.882125854492188,7.885391547583102e-05,9.13733592932958,0.3207312237463126,90000,0,1.0,1.0,1.0,1.0,8,1,python_sklearn_cpu,measured_onboard_sensor,jetson_ina3221_vdd_in,results/configs/tier_e_core4_hgb_mlp_timed/cicids2017.yaml,f53ede00bdb7188e4b262fb87fee7ecc2bd99448d4434706334678781c0b9e6e,,,,0.0
CICIDS2017,cicids2017_friday_holdout_sample,4,extra_trees,a0_clean,jetson_orin_nx_super_ina3221_20260608t140153z,0.4860929759063757,0.5508897086908626,0.5184913422986192,0.0,1.0,0.0050244108568424,199028.30968493823,29.8820743560791,7.885391547583102e-05,8.970319973203255,0.3360128661383498,90000,0,1.0,1.0,1.0,1.0,8,1,python_sklearn_cpu,measured_onboard_sensor,jetson_ina3221_vdd_in,results/configs/tier_e_core4_hgb_mlp_timed/cicids2017.yaml,83a33f689ce51881ad2773568a01cbe7d54d794e380216ddfc4c903bdf74fa46,,,,0.0
CICIDS2017,cicids2017_friday_holdout_sample,5,extra_trees,a0_clean,jetson_orin_nx_super_ina3221_20260608t140153z,0.471428132836877,0.5429403610631224,0.5071842469499996,0.0,1.0,0.0050242791928596,199033.52533059177,29.88197135925293,7.885391547583102e-05,9.128503827583769,0.321542102174988,90000,0,1.0,1.0,1.0,1.0,8,1,python_sklearn_cpu,measured_onboard_sensor,jetson_ina3221_vdd_in,results/configs/tier_e_core4_hgb_mlp_timed/cicids2017.yaml,154decb67e6b890c3fd614b7ea21f2fbd7da180b43b82fd0199906bbaab6d2c8,,,,0.0
CICIDS2017,cicids2017_friday_holdout_sample,6,extra_trees,a0_clean,jetson_orin_nx_super_ina3221_20260608t140153z,0.5643851078635922,0.5967363279516565,0.5805607179076244,0.0,1.0,0.0050509811083126,197981.338388744,29.88206958770752,7.885391547583102e-05,8.051942011273653,0.4164497459901244,90000,0,1.0,1.0,1.0,1.0,8,1,python_sklearn_cpu,measured_onboard_sensor,jetson_ina3221_vdd_in,results/configs/tier_e_core4_hgb_mlp_timed/cicids2017.yaml,699ce3fad5f9c0dd5634a12cb62cc2028ef9d1e7654cffb383e35c3f90a2b669,,,,0.0
CICIDS2017,cicids2017_friday_holdout_sample,7,extra_trees,a0_clean,jetson_orin_nx_super_ina3221_20260608t140153z,0.5361730911121625,0.5795266914299081,0.5578498912710352,0.0,1.0,0.0047820132875414,209116.94298409903,29.88294982910156,7.885391547583102e-05,8.398222796961775,0.3868137941392457,90000,0,1.0,1.0,1.0,1.0,8,1,python_sklearn_cpu,measured_onboard_sensor,jetson_ina3221_vdd_in,results/configs/tier_e_core4_hgb_mlp_timed/cicids2017.yaml,47333d555b1d86b5a6293e99504dde3a76fb3eea4e754d56bdc8f267bbd77aad,,,,0.0
CICIDS2017,cicids2017_friday_holdout_sample,8,extra_trees,a0_clean,jetson_orin_nx_super_ina3221_20260608t140153z,0.5406724641804543,0.5821843331536809,0.5614283986670676,0.0,1.0,0.0046899332194718,213222.6522646766,29.88284683227539,7.885391547583102e-05,8.343624385772598,0.3914844698684682,90000,0,1.0,1.0,1.0,1.0,8,1,python_sklearn_cpu,measured_onboard_sensor,jetson_ina3221_vdd_in,results/configs/tier_e_core4_hgb_mlp_timed/cicids2017.yaml,1a15cd41c285693e76533aeff6d85a03deed253227a0fa7db3c6a63db7caf4ad,,,,0.0
CICIDS2017,cicids2017_friday_holdout_sample,9,extra_trees,a0_clean,jetson_orin_nx_super_ina3221_20260608t140153z,0.470051232514239,0.5422342489799667,0.5061427407471029,0.0,1.0,0.0047794782270405,209227.85971538865,29.88284683227539,7.885391547583102e-05,9.143429167421171,0.3202025296880513,90000,0,1.0,1.0,1.0,1.0,8,1,python_sklearn_cpu,measured_onboard_sensor,jetson_ina3221_vdd_in,results/configs/tier_e_core4_hgb_mlp_timed/cicids2017.yaml,360aa5fc7a19f9c9cb1fbe22a5a5a97888eb5557cac716a5a08a937b7d627da5,,,,0.0
CICIDS2017,cicids2017_friday_holdout_sample,0,extra_trees,a1_constrained_feature,jetson_orin_nx_super_ina3221_20260608t140153z,0.5530229925779655,0.5896402941028356,0.5630013648505252,0.8317368622712135,0.9994888888888888,0.0050150750729113,199398.8096811257,29.885329246521,7.885391547583102e-05,8.192256491901492,0.3989995161594443,89954,46,1.0,0.9994888888888888,1.0,1.0,8,1,python_sklearn_cpu,measured_onboard_sensor,jetson_ina3221_vdd_in,results/configs/tier_e_core4_hgb_mlp_timed/cicids2017.yaml,c1a742e08c7ef81748b8a538e7a6a7d71046a45539e1067d3979fe7984cc55e1,,,,0.0
CICIDS2017,cicids2017_friday_holdout_sample,1,extra_trees,a1_constrained_feature,jetson_orin_nx_super_ina3221_20260608t140153z,0.4722738253739957,0.5435015517330609,0.5069653571529273,0.9132728237166264,0.9995111111111112,0.0049488862407613,202065.6671724493,29.88225078582764,7.885391547583102e-05,9.120492406882155,0.3218063916681952,89956,44,1.0,0.9995111111111112,1.0,1.0,8,1,python_sklearn_cpu,measured_onboard_sensor,jetson_ina3221_vdd_in,results/configs/tier_e_core4_hgb_mlp_timed/cicids2017.yaml,dda0d04b7b5243543b3b901e78c630c688728729dc345fa894703feadcf095ac,,,,0.0
CICIDS2017,cicids2017_friday_holdout_sample,2,extra_trees,a1_constrained_feature,jetson_orin_nx_super_ina3221_20260608t140153z,0.5347648544331536,0.5786184696031751,0.5274262446688174,0.8855104878196216,0.9893111111111113,0.0048230136346278,207339.2438330008,29.88197135925293,7.885391547583102e-05,8.413817319338708,0.3663211455957341,89038,962,1.0,0.9893111111111113,1.0,1.0,8,1,python_sklearn_cpu,measured_onboard_sensor,jetson_ina3221_vdd_in,results/configs/tier_e_core4_hgb_mlp_timed/cicids2017.yaml,1c850558226c77cd66dc1d6b24325d24a6c18a723efa2321e4ec284a6edd21ce,,,,0.0
CICIDS2017,cicids2017_friday_holdout_sample,3,extra_trees,a1_constrained_feature,jetson_orin_nx_super_ina3221_20260608t140153z,0.4705998104148,0.5424987559758317,0.5089229832268025,0.9116245400253364,0.9901111111111112,0.0046693824815964,214161.0810297329,29.882125854492188,7.885391547583102e-05,9.13733592932958,0.3222741287667789,89110,890,1.0,0.9901111111111112,1.0,1.0,8,1,python_sklearn_cpu,measured_onboard_sensor,jetson_ina3221_vdd_in,results/configs/tier_e_core4_hgb_mlp_timed/cicids2017.yaml,f53ede00bdb7188e4b262fb87fee7ecc2bd99448d4434706334678781c0b9e6e,,,,0.0
CICIDS2017,cicids2017_friday_holdout_sample,4,extra_trees,a1_constrained_feature,jetson_orin_nx_super_ina3221_20260608t140153z,0.4860929759063757,0.5508897086908626,0.513438251066882,0.9054511391793074,0.9892666666666666,0.0050244108568424,199028.30968493823,29.8820743560791,7.885391547583102e-05,8.970319973203255,0.3327283568377206,89034,966,1.0,0.9892666666666666,1.0,1.0,8,1,python_sklearn_cpu,measured_onboard_sensor,jetson_ina3221_vdd_in,results/configs/tier_e_core4_hgb_mlp_timed/cicids2017.yaml,83a33f689ce51881ad2773568a01cbe7d54d794e380216ddfc4c903bdf74fa46,,,,0.0
CICIDS2017,cicids2017_friday_holdout_sample,5,extra_trees,a1_constrained_feature,jetson_orin_nx_super_ina3221_20260608t140153z,0.471428132836877,0.5429403610631224,0.5060071232754386,0.914395167231472,0.9995777777777778,0.0050242791928596,199033.52533059177,29.88197135925293,7.885391547583102e-05,9.128503827583769,0.3207769717865233,89962,38,1.0,0.9995777777777778,1.0,1.0,8,1,python_sklearn_cpu,measured_onboard_sensor,jetson_ina3221_vdd_in,results/configs/tier_e_core4_hgb_mlp_timed/cicids2017.yaml,154decb67e6b890c3fd614b7ea21f2fbd7da180b43b82fd0199906bbaab6d2c8,,,,0.0
CICIDS2017,cicids2017_friday_holdout_sample,6,extra_trees,a1_constrained_feature,jetson_orin_nx_super_ina3221_20260608t140153z,0.5643851078635922,0.5967363279516565,0.5505597305300323,0.8504080850938448,0.9994555555555557,0.0050509811083126,197981.338388744,29.88206958770752,7.885391547583102e-05,8.051942011273653,0.3969491041946896,89951,49,1.0,0.9994555555555557,1.0,1.0,8,1,python_sklearn_cpu,measured_onboard_sensor,jetson_ina3221_vdd_in,results/configs/tier_e_core4_hgb_mlp_timed/cicids2017.yaml,699ce3fad5f9c0dd5634a12cb62cc2028ef9d1e7654cffb383e35c3f90a2b669,,,,0.0
CICIDS2017,cicids2017_friday_holdout_sample,7,extra_trees,a1_constrained_feature,jetson_orin_nx_super_ina3221_20260608t140153z,0.5361730911121625,0.5795266914299081,0.5371372961211728,0.8715289293574939,0.9900111111111112,0.0047820132875414,209116.94298409903,29.88294982910156,7.885391547583102e-05,8.398222796961775,0.3733506072918351,89101,899,1.0,0.9900111111111112,1.0,1.0,8,1,python_sklearn_cpu,measured_onboard_sensor,jetson_ina3221_vdd_in,results/configs/tier_e_core4_hgb_mlp_timed/cicids2017.yaml,47333d555b1d86b5a6293e99504dde3a76fb3eea4e754d56bdc8f267bbd77aad,,,,0.0
CICIDS2017,cicids2017_friday_holdout_sample,8,extra_trees,a1_constrained_feature,jetson_orin_nx_super_ina3221_20260608t140153z,0.5406724641804543,0.5821843331536809,0.5548577065998341,0.8441148720367968,0.9991777777777778,0.0046899332194718,213222.6522646766,29.88284683227539,7.885391547583102e-05,8.343624385772598,0.3872135200247665,89926,74,1.0,0.9991777777777778,1.0,1.0,8,1,python_sklearn_cpu,measured_onboard_sensor,jetson_ina3221_vdd_in,results/configs/tier_e_core4_hgb_mlp_timed/cicids2017.yaml,1a15cd41c285693e76533aeff6d85a03deed253227a0fa7db3c6a63db7caf4ad,,,,0.0
CICIDS2017,cicids2017_friday_holdout_sample,9,extra_trees,a1_constrained_feature,jetson_orin_nx_super_ina3221_20260608t140153z,0.470051232514239,0.5422342489799667,0.5062151601639384,0.9141846063108228,0.9991111111111112,0.0047794782270405,209227.85971538865,29.88284683227539,7.885391547583102e-05,9.143429167421171,0.3202496023089945,89920,80,1.0,0.9991111111111112,1.0,1.0,8,1,python_sklearn_cpu,measured_onboard_sensor,jetson_ina3221_vdd_in,results/configs/tier_e_core4_hgb_mlp_timed/cicids2017.yaml,360aa5fc7a19f9c9cb1fbe22a5a5a97888eb5557cac716a5a08a937b7d627da5,,,,0.0
CICIDS2017,cicids2017_friday_holdout_sample,0,extra_trees,a1_constrained_score_search,jetson_orin_nx_super_ina3221_20260608t140153z,0.5530229925779655,0.5896402941028356,0.5414537958129817,0.8637154057001385,0.9994888888888888,0.0050150750729113,199398.8096811257,29.885329246521,7.885391547583102e-05,8.192256491901492,0.3849935962850411,89954,46,1.0,0.9994888888888888,1.0,1.0,8,1,python_sklearn_cpu,measured_onboard_sensor,jetson_ina3221_vdd_in,results/configs/tier_e_core4_hgb_mlp_timed/cicids2017.yaml,c1a742e08c7ef81748b8a538e7a6a7d71046a45539e1067d3979fe7984cc55e1,,,,0.0
CICIDS2017,cicids2017_friday_holdout_sample,1,extra_trees,a1_constrained_score_search,jetson_orin_nx_super_ina3221_20260608t140153z,0.4722738253739957,0.5435015517330609,0.5061594967667218,0.9143926445452938,0.9995111111111112,0.0049488862407613,202065.6671724493,29.88225078582764,7.885391547583102e-05,9.120492406882155,0.3212825824171615,89956,44,1.0,0.9995111111111112,1.0,1.0,8,1,python_sklearn_cpu,measured_onboard_sensor,jetson_ina3221_vdd_in,results/configs/tier_e_core4_hgb_mlp_timed/cicids2017.yaml,dda0d04b7b5243543b3b901e78c630c688728729dc345fa894703feadcf095ac,,,,0.0
CICIDS2017,cicids2017_friday_holdout_sample,2,extra_trees,a1_constrained_score_search,jetson_orin_nx_super_ina3221_20260608t140153z,0.5347648544331536,0.5786184696031751,0.5123673508740725,0.906848818231276,0.9893111111111113,0.0048230136346278,207339.2438330008,29.88197135925293,7.885391547583102e-05,8.413817319338708,0.3565328646291499,89038,962,1.0,0.9893111111111113,1.0,1.0,8,1,python_sklearn_cpu,measured_onboard_sensor,jetson_ina3221_vdd_in,results/configs/tier_e_core4_hgb_mlp_timed/cicids2017.yaml,1c850558226c77cd66dc1d6b24325d24a6c18a723efa2321e4ec284a6edd21ce,,,,0.0
CICIDS2017,cicids2017_friday_holdout_sample,3,extra_trees,a1_constrained_score_search,jetson_orin_nx_super_ina3221_20260608t140153z,0.4705998104148,0.5424987559758317,0.5076889003873659,0.9133437895879832,0.9901111111111112,0.0046693824815964,214161.0810297329,29.882125854492188,7.885391547583102e-05,9.13733592932958,0.3214719749211451,89110,890,1.0,0.9901111111111112,1.0,1.0,8,1,python_sklearn_cpu,measured_onboard_sensor,jetson_ina3221_vdd_in,results/configs/tier_e_core4_hgb_mlp_timed/cicids2017.yaml,f53ede00bdb7188e4b262fb87fee7ecc2bd99448d4434706334678781c0b9e6e,,,,0.0
CICIDS2017,cicids2017_friday_holdout_sample,4,extra_trees,a1_constrained_score_search,jetson_orin_nx_super_ina3221_20260608t140153z,0.4860929759063757,0.5508897086908626,0.508533065337858,0.9123103885900768,0.9892666666666666,0.0050244108568424,199028.30968493823,29.8820743560791,7.885391547583102e-05,8.970319973203255,0.329539986113855,89034,966,1.0,0.9892666666666666,1.0,1.0,8,1,python_sklearn_cpu,measured_onboard_sensor,jetson_ina3221_vdd_in,results/configs/tier_e_core4_hgb_mlp_timed/cicids2017.yaml,83a33f689ce51881ad2773568a01cbe7d54d794e380216ddfc4c903bdf74fa46,,,,0.0
CICIDS2017,cicids2017_friday_holdout_sample,5,extra_trees,a1_constrained_score_search,jetson_orin_nx_super_ina3221_20260608t140153z,0.471428132836877,0.5429403610631224,0.5042442242469387,0.916841019596287,0.9995777777777778,0.0050242791928596,199033.52533059177,29.88197135925293,7.885391547583102e-05,9.128503827583769,0.3196310874179984,89962,38,1.0,0.9995777777777778,1.0,1.0,8,1,python_sklearn_cpu,measured_onboard_sensor,jetson_ina3221_vdd_in,results/configs/tier_e_core4_hgb_mlp_timed/cicids2017.yaml,154decb67e6b890c3fd614b7ea21f2fbd7da180b43b82fd0199906bbaab6d2c8,,,,0.0
CICIDS2017,cicids2017_friday_holdout_sample,6,extra_trees,a1_constrained_score_search,jetson_orin_nx_super_ina3221_20260608t140153z,0.5643851078635922,0.5967363279516565,0.5180828910256484,0.8974041662983588,0.9994555555555557,0.0050509811083126,197981.338388744,29.88206958770752,7.885391547583102e-05,8.051942011273653,0.3758391585168401,89951,49,1.0,0.9994555555555557,1.0,1.0,8,1,python_sklearn_cpu,measured_onboard_sensor,jetson_ina3221_vdd_in,results/configs/tier_e_core4_hgb_mlp_timed/cicids2017.yaml,699ce3fad5f9c0dd5634a12cb62cc2028ef9d1e7654cffb383e35c3f90a2b669,,,,0.0
CICIDS2017,cicids2017_friday_holdout_sample,7,extra_trees,a1_constrained_score_search,jetson_orin_nx_super_ina3221_20260608t140153z,0.5361730911121625,0.5795266914299081,0.5195148591939152,0.896795007085356,0.9900111111111112,0.0047820132875414,209116.94298409903,29.88294982910156,7.885391547583102e-05,8.398222796961775,0.3618960232891177,89101,899,1.0,0.9900111111111112,1.0,1.0,8,1,python_sklearn_cpu,measured_onboard_sensor,jetson_ina3221_vdd_in,results/configs/tier_e_core4_hgb_mlp_timed/cicids2017.yaml,47333d555b1d86b5a6293e99504dde3a76fb3eea4e754d56bdc8f267bbd77aad,,,,0.0
CICIDS2017,cicids2017_friday_holdout_sample,8,extra_trees,a1_constrained_score_search,jetson_orin_nx_super_ina3221_20260608t140153z,0.5406724641804543,0.5821843331536809,0.5401948719560983,0.8657270904587805,0.9991777777777778,0.0046899332194718,213222.6522646766,29.88284683227539,7.885391547583102e-05,8.343624385772598,0.3776826775063381,89926,74,1.0,0.9991777777777778,1.0,1.0,8,1,python_sklearn_cpu,measured_onboard_sensor,jetson_ina3221_vdd_in,results/configs/tier_e_core4_hgb_mlp_timed/cicids2017.yaml,1a15cd41c285693e76533aeff6d85a03deed253227a0fa7db3c6a63db7caf4ad,,,,0.0
CICIDS2017,cicids2017_friday_holdout_sample,9,extra_trees,a1_constrained_score_search,jetson_orin_nx_super_ina3221_20260608t140153z,0.470051232514239,0.5422342489799667,0.5046214626845994,0.9163963432615748,0.9991111111111112,0.0047794782270405,209227.85971538865,29.88284683227539,7.885391547583102e-05,9.143429167421171,0.3192136989474241,89920,80,1.0,0.9991111111111112,1.0,1.0,8,1,python_sklearn_cpu,measured_onboard_sensor,jetson_ina3221_vdd_in,results/configs/tier_e_core4_hgb_mlp_timed/cicids2017.yaml,360aa5fc7a19f9c9cb1fbe22a5a5a97888eb5557cac716a5a08a937b7d627da5,,,,0.0
CICIDS2017,cicids2017_friday_holdout_sample,0,extra_trees,a4_split_shift,jetson_orin_nx_super_ina3221_20260608t140153z,0.5530229925779655,0.5896402941028356,0.5713316433404005,0.0,1.0,0.0050150750729113,199398.8096811257,29.885329246521,7.885391547583102e-05,8.192256491901492,0.4044141971778633,90000,0,1.0,1.0,1.0,1.0,8,1,python_sklearn_cpu,measured_onboard_sensor,jetson_ina3221_vdd_in,results/configs/tier_e_core4_hgb_mlp_timed/cicids2017.yaml,c1a742e08c7ef81748b8a538e7a6a7d71046a45539e1067d3979fe7984cc55e1,day_holdout,train,test,0.0
CICIDS2017,cicids2017_friday_holdout_sample,1,extra_trees,a4_split_shift,jetson_orin_nx_super_ina3221_20260608t140153z,0.4722738253739957,0.5435015517330609,0.5078876885535284,0.0,1.0,0.0049488862407613,202065.6671724493,29.88225078582764,7.885391547583102e-05,9.120492406882155,0.3224059070785858,90000,0,1.0,1.0,1.0,1.0,8,1,python_sklearn_cpu,measured_onboard_sensor,jetson_ina3221_vdd_in,results/configs/tier_e_core4_hgb_mlp_timed/cicids2017.yaml,dda0d04b7b5243543b3b901e78c630c688728729dc345fa894703feadcf095ac,day_holdout,train,test,0.0
CICIDS2017,cicids2017_friday_holdout_sample,2,extra_trees,a4_split_shift,jetson_orin_nx_super_ina3221_20260608t140153z,0.5347648544331536,0.5786184696031751,0.5566916620181643,0.0,1.0,0.0048230136346278,207339.2438330008,29.88197135925293,7.885391547583102e-05,8.413817319338708,0.3853436668728096,90000,0,1.0,1.0,1.0,1.0,8,1,python_sklearn_cpu,measured_onboard_sensor,jetson_ina3221_vdd_in,results/configs/tier_e_core4_hgb_mlp_timed/cicids2017.yaml,1c850558226c77cd66dc1d6b24325d24a6c18a723efa2321e4ec284a6edd21ce,day_holdout,train,test,0.0
CICIDS2017,cicids2017_friday_holdout_sample,3,extra_trees,a4_split_shift,jetson_orin_nx_super_ina3221_20260608t140153z,0.4705998104148,0.5424987559758317,0.5065492831953159,0.0,1.0,0.0046693824815964,214161.0810297329,29.882125854492188,7.885391547583102e-05,9.13733592932958,0.3207312237463126,90000,0,1.0,1.0,1.0,1.0,8,1,python_sklearn_cpu,measured_onboard_sensor,jetson_ina3221_vdd_in,results/configs/tier_e_core4_hgb_mlp_timed/cicids2017.yaml,f53ede00bdb7188e4b262fb87fee7ecc2bd99448d4434706334678781c0b9e6e,day_holdout,train,test,0.0
CICIDS2017,cicids2017_friday_holdout_sample,4,extra_trees,a4_split_shift,jetson_orin_nx_super_ina3221_20260608t140153z,0.4860929759063757,0.5508897086908626,0.5184913422986192,0.0,1.0,0.0050244108568424,199028.30968493823,29.8820743560791,7.885391547583102e-05,8.970319973203255,0.3360128661383498,90000,0,1.0,1.0,1.0,1.0,8,1,python_sklearn_cpu,measured_onboard_sensor,jetson_ina3221_vdd_in,results/configs/tier_e_core4_hgb_mlp_timed/cicids2017.yaml,83a33f689ce51881ad2773568a01cbe7d54d794e380216ddfc4c903bdf74fa46,day_holdout,train,test,0.0
CICIDS2017,cicids2017_friday_holdout_sample,5,extra_trees,a4_split_shift,jetson_orin_nx_super_ina3221_20260608t140153z,0.471428132836877,0.5429403610631224,0.5071842469499996,0.0,1.0,0.0050242791928596,199033.52533059177,29.88197135925293,7.885391547583102e-05,9.128503827583769,0.321542102174988,90000,0,1.0,1.0,1.0,1.0,8,1,python_sklearn_cpu,measured_onboard_sensor,jetson_ina3221_vdd_in,results/configs/tier_e_core4_hgb_mlp_timed/cicids2017.yaml,154decb67e6b890c3fd614b7ea21f2fbd7da180b43b82fd0199906bbaab6d2c8,day_holdout,train,test,0.0
CICIDS2017,cicids2017_friday_holdout_sample,6,extra_trees,a4_split_shift,jetson_orin_nx_super_ina3221_20260608t140153z,0.5643851078635922,0.5967363279516565,0.5805607179076244,0.0,1.0,0.0050509811083126,197981.338388744,29.88206958770752,7.885391547583102e-05,8.051942011273653,0.4164497459901244,90000,0,1.0,1.0,1.0,1.0,8,1,python_sklearn_cpu,measured_onboard_sensor,jetson_ina3221_vdd_in,results/configs/tier_e_core4_hgb_mlp_timed/cicids2017.yaml,699ce3fad5f9c0dd5634a12cb62cc2028ef9d1e7654cffb383e35c3f90a2b669,day_holdout,train,test,0.0
CICIDS2017,cicids2017_friday_holdout_sample,7,extra_trees,a4_split_shift,jetson_orin_nx_super_ina3221_20260608t140153z,0.5361730911121625,0.5795266914299081,0.5578498912710352,0.0,1.0,0.0047820132875414,209116.94298409903,29.88294982910156,7.885391547583102e-05,8.398222796961775,0.3868137941392457,90000,0,1.0,1.0,1.0,1.0,8,1,python_sklearn_cpu,measured_onboard_sensor,jetson_ina3221_vdd_in,results/configs/tier_e_core4_hgb_mlp_timed/cicids2017.yaml,47333d555b1d86b5a6293e99504dde3a76fb3eea4e754d56bdc8f267bbd77aad,day_holdout,train,test,0.0
CICIDS2017,cicids2017_friday_holdout_sample,8,extra_trees,a4_split_shift,jetson_orin_nx_super_ina3221_20260608t140153z,0.5406724641804543,0.5821843331536809,0.5614283986670676,0.0,1.0,0.0046899332194718,213222.6522646766,29.88284683227539,7.885391547583102e-05,8.343624385772598,0.3914844698684682,90000,0,1.0,1.0,1.0,1.0,8,1,python_sklearn_cpu,measured_onboard_sensor,jetson_ina3221_vdd_in,results/configs/tier_e_core4_hgb_mlp_timed/cicids2017.yaml,1a15cd41c285693e76533aeff6d85a03deed253227a0fa7db3c6a63db7caf4ad,day_holdout,train,test,0.0
CICIDS2017,cicids2017_friday_holdout_sample,9,extra_trees,a4_split_shift,jetson_orin_nx_super_ina3221_20260608t140153z,0.470051232514239,0.5422342489799667,0.5061427407471029,0.0,1.0,0.0047794782270405,209227.85971538865,29.88284683227539,7.885391547583102e-05,9.143429167421171,0.3202025296880513,90000,0,1.0,1.0,1.0,1.0,8,1,python_sklearn_cpu,measured_onboard_sensor,jetson_ina3221_vdd_in,results/configs/tier_e_core4_hgb_mlp_timed/cicids2017.yaml,360aa5fc7a19f9c9cb1fbe22a5a5a97888eb5557cac716a5a08a937b7d627da5,day_holdout,train,test,0.0
CICIDS2017,cicids2017_friday_holdout_sample,0,hist_gradient_boosting,a0_clean,jetson_orin_nx_super_ina3221_20260608t140153z,0.6572216675571954,0.660104509573404,0.6586630885652998,0.0,1.0,0.0009762509761559,1024326.7606631112,2.0609092712402344,7.885391547583102e-05,6.791163783867883,0.522106017566044,90000,0,1.0,1.0,1.0,1.0,8,1,python_sklearn_cpu,measured_onboard_sensor,jetson_ina3221_vdd_in,results/configs/tier_e_core4_hgb_mlp_timed/cicids2017.yaml,c1a742e08c7ef81748b8a538e7a6a7d71046a45539e1067d3979fe7984cc55e1,,,,0.0
CICIDS2017,cicids2017_friday_holdout_sample,1,hist_gradient_boosting,a0_clean,jetson_orin_nx_super_ina3221_20260608t140153z,0.4817168865087012,0.5487866146065271,0.5152517505576142,0.0,1.0,0.000941267050738,1062397.7533431305,2.0610179901123047,7.885391547583102e-05,9.02089469553744,0.3341001246782248,90000,0,1.0,1.0,1.0,1.0,8,1,python_sklearn_cpu,measured_onboard_sensor,jetson_ina3221_vdd_in,results/configs/tier_e_core4_hgb_mlp_timed/cicids2017.yaml,dda0d04b7b5243543b3b901e78c630c688728729dc345fa894703feadcf095ac,,,,0.0
CICIDS2017,cicids2017_friday_holdout_sample,2,hist_gradient_boosting,a0_clean,jetson_orin_nx_super_ina3221_20260608t140153z,0.4763022134956007,0.5457194125955802,0.5110108130455905,0.0,1.0,0.0009605544692991,1041065.3762608452,2.0609092712402344,7.885391547583102e-05,9.077902005615211,0.3287190103379778,90000,0,1.0,1.0,1.0,1.0,8,1,python_sklearn_cpu,measured_onboard_sensor,jetson_ina3221_vdd_in,results/configs/tier_e_core4_hgb_mlp_timed/cicids2017.yaml,1c850558226c77cd66dc1d6b24325d24a6c18a723efa2321e4ec284a6edd21ce,,,,0.0
CICIDS2017,cicids2017_friday_holdout_sample,3,hist_gradient_boosting,a0_clean,jetson_orin_nx_super_ina3221_20260608t140153z,0.4757918990124624,0.5454995221649535,0.5106457105887079,0.0,1.0,0.0009961522568482,1003862.6054654368,2.0608577728271484,7.885391547583102e-05,9.083906010576326,0.3282337581031462,90000,0,1.0,1.0,1.0,1.0,8,1,python_sklearn_cpu,measured_onboard_sensor,jetson_ina3221_vdd_in,results/configs/tier_e_core4_hgb_mlp_timed/cicids2017.yaml,f53ede00bdb7188e4b262fb87fee7ecc2bd99448d4434706334678781c0b9e6e,,,,0.0
CICIDS2017,cicids2017_friday_holdout_sample,4,hist_gradient_boosting,a0_clean,jetson_orin_nx_super_ina3221_20260608t140153z,0.4813075680533856,0.5483891040889196,0.5148483360711527,0.0,1.0,0.0010091338340296,990948.8377838066,2.0609092712402344,7.885391547583102e-05,9.023544457939272,0.3336435830311905,90000,0,1.0,1.0,1.0,1.0,8,1,python_sklearn_cpu,measured_onboard_sensor,jetson_ina3221_vdd_in,results/configs/tier_e_core4_hgb_mlp_timed/cicids2017.yaml,83a33f689ce51881ad2773568a01cbe7d54d794e380216ddfc4c903bdf74fa46,,,,0.0
CICIDS2017,cicids2017_friday_holdout_sample,5,hist_gradient_boosting,a0_clean,jetson_orin_nx_super_ina3221_20260608t140153z,0.6557530488895821,0.6590335197073585,0.6573932842984702,0.0,1.0,0.0008888949026974,1124992.388825029,2.0609750747680664,7.885391547583102e-05,6.8137079186328,0.5203855069358942,90000,0,1.0,1.0,1.0,1.0,8,1,python_sklearn_cpu,measured_onboard_sensor,jetson_ina3221_vdd_in,results/configs/tier_e_core4_hgb_mlp_timed/cicids2017.yaml,154decb67e6b890c3fd614b7ea21f2fbd7da180b43b82fd0199906bbaab6d2c8,,,,0.0
CICIDS2017,cicids2017_friday_holdout_sample,6,hist_gradient_boosting,a0_clean,jetson_orin_nx_super_ina3221_20260608t140153z,0.6543288562006987,0.6579481997891998,0.6561385279949492,0.0,1.0,0.0008351389887522,1197405.4779720276,2.06106948852539,7.885391547583102e-05,6.832041304663953,0.5187641866664117,90000,0,1.0,1.0,1.0,1.0,8,1,python_sklearn_cpu,measured_onboard_sensor,jetson_ina3221_vdd_in,results/configs/tier_e_core4_hgb_mlp_timed/cicids2017.yaml,699ce3fad5f9c0dd5634a12cb62cc2028ef9d1e7654cffb383e35c3f90a2b669,,,,0.0
CICIDS2017,cicids2017_friday_holdout_sample,7,hist_gradient_boosting,a0_clean,jetson_orin_nx_super_ina3221_20260608t140153z,0.6563896870956788,0.6595201974163967,0.6579549422560378,0.0,1.0,0.0010691228680015,935346.188852248,2.0609092712402344,7.885391547583102e-05,6.805580560800616,0.5211093420849942,90000,0,1.0,1.0,1.0,1.0,8,1,python_sklearn_cpu,measured_onboard_sensor,jetson_ina3221_vdd_in,results/configs/tier_e_core4_hgb_mlp_timed/cicids2017.yaml,47333d555b1d86b5a6293e99504dde3a76fb3eea4e754d56bdc8f267bbd77aad,,,,0.0
CICIDS2017,cicids2017_friday_holdout_sample,8,hist_gradient_boosting,a0_clean,jetson_orin_nx_super_ina3221_20260608t140153z,0.6554279586931173,0.6587640620289372,0.6570960103610273,0.0,1.0,0.000999057081709,1000943.80822494,2.0608577728271484,7.885391547583102e-05,6.816366538408637,0.5200348412623934,90000,0,1.0,1.0,1.0,1.0,8,1,python_sklearn_cpu,measured_onboard_sensor,jetson_ina3221_vdd_in,results/configs/tier_e_core4_hgb_mlp_timed/cicids2017.yaml,1a15cd41c285693e76533aeff6d85a03deed253227a0fa7db3c6a63db7caf4ad,,,,0.0
CICIDS2017,cicids2017_friday_holdout_sample,9,hist_gradient_boosting,a0_clean,jetson_orin_nx_super_ina3221_20260608t140153z,0.4756366023122447,0.5453781782953144,0.5105073903037796,0.0,1.0,0.0010090321056971,991048.7430021632,2.0609092712402344,7.885391547583102e-05,9.0852085505251,0.3280693556241996,90000,0,1.0,1.0,1.0,1.0,8,1,python_sklearn_cpu,measured_onboard_sensor,jetson_ina3221_vdd_in,results/configs/tier_e_core4_hgb_mlp_timed/cicids2017.yaml,360aa5fc7a19f9c9cb1fbe22a5a5a97888eb5557cac716a5a08a937b7d627da5,,,,0.0
CICIDS2017,cicids2017_friday_holdout_sample,0,hist_gradient_boosting,a1_constrained_feature,jetson_orin_nx_super_ina3221_20260608t140153z,0.6572216675571954,0.660104509573404,0.6578332742627844,0.6805092988299095,0.9994888888888888,0.0009762509761559,1024326.7606631112,2.0609092712402344,7.885391547583102e-05,6.791163783867883,0.5215666382694091,89954,46,1.0,0.9994888888888888,1.0,1.0,8,1,python_sklearn_cpu,measured_onboard_sensor,jetson_ina3221_vdd_in,results/configs/tier_e_core4_hgb_mlp_timed/cicids2017.yaml,c1a742e08c7ef81748b8a538e7a6a7d71046a45539e1067d3979fe7984cc55e1,,,,0.0
CICIDS2017,cicids2017_friday_holdout_sample,1,hist_gradient_boosting,a1_constrained_feature,jetson_orin_nx_super_ina3221_20260608t140153z,0.4817168865087012,0.5487866146065271,0.4905116340845348,0.9362586196734838,0.9995111111111112,0.000941267050738,1062397.7533431305,2.0610179901123047,7.885391547583102e-05,9.02089469553744,0.3180190489707233,89956,44,1.0,0.9995111111111112,1.0,1.0,8,1,python_sklearn_cpu,measured_onboard_sensor,jetson_ina3221_vdd_in,results/configs/tier_e_core4_hgb_mlp_timed/cicids2017.yaml,dda0d04b7b5243543b3b901e78c630c688728729dc345fa894703feadcf095ac,,,,0.0
CICIDS2017,cicids2017_friday_holdout_sample,2,hist_gradient_boosting,a1_constrained_feature,jetson_orin_nx_super_ina3221_20260608t140153z,0.4763022134956007,0.5457194125955802,0.5030154026475645,0.920268391464668,0.9893111111111113,0.0009605544692991,1041065.3762608452,2.0609092712402344,7.885391547583102e-05,9.077902005615211,0.3235219935792609,89038,962,1.0,0.9893111111111113,1.0,1.0,8,1,python_sklearn_cpu,measured_onboard_sensor,jetson_ina3221_vdd_in,results/configs/tier_e_core4_hgb_mlp_timed/cicids2017.yaml,1c850558226c77cd66dc1d6b24325d24a6c18a723efa2321e4ec284a6edd21ce,,,,0.0
CICIDS2017,cicids2017_friday_holdout_sample,3,hist_gradient_boosting,a1_constrained_feature,jetson_orin_nx_super_ina3221_20260608t140153z,0.4757918990124624,0.5454995221649535,0.5085033580214864,0.9126500573083188,0.9901111111111112,0.0009961522568482,1003862.6054654368,2.0608577728271484,7.885391547583102e-05,9.083906010576326,0.3268412289344522,89110,890,1.0,0.9901111111111112,1.0,1.0,8,1,python_sklearn_cpu,measured_onboard_sensor,jetson_ina3221_vdd_in,results/configs/tier_e_core4_hgb_mlp_timed/cicids2017.yaml,f53ede00bdb7188e4b262fb87fee7ecc2bd99448d4434706334678781c0b9e6e,,,,0.0
CICIDS2017,cicids2017_friday_holdout_sample,4,hist_gradient_boosting,a1_constrained_feature,jetson_orin_nx_super_ina3221_20260608t140153z,0.4813075680533856,0.5483891040889196,0.5045533555217359,0.9180516105638484,0.9892666666666666,0.0010091338340296,990948.8377838066,2.0609092712402344,7.885391547583102e-05,9.023544457939272,0.3269518456740696,89034,966,1.0,0.9892666666666666,1.0,1.0,8,1,python_sklearn_cpu,measured_onboard_sensor,jetson_ina3221_vdd_in,results/configs/tier_e_core4_hgb_mlp_timed/cicids2017.yaml,83a33f689ce51881ad2773568a01cbe7d54d794e380216ddfc4c903bdf74fa46,,,,0.0
CICIDS2017,cicids2017_friday_holdout_sample,5,hist_gradient_boosting,a1_constrained_feature,jetson_orin_nx_super_ina3221_20260608t140153z,0.6557530488895821,0.6590335197073585,0.5352161370574349,0.8734639752467953,0.9995777777777778,0.0008888949026974,1124992.388825029,2.0609750747680664,7.885391547583102e-05,6.8137079186328,0.4409703612292213,89962,38,1.0,0.9995777777777778,1.0,1.0,8,1,python_sklearn_cpu,measured_onboard_sensor,jetson_ina3221_vdd_in,results/configs/tier_e_core4_hgb_mlp_timed/cicids2017.yaml,154decb67e6b890c3fd614b7ea21f2fbd7da180b43b82fd0199906bbaab6d2c8,,,,0.0
CICIDS2017,cicids2017_friday_holdout_sample,6,hist_gradient_boosting,a1_constrained_feature,jetson_orin_nx_super_ina3221_20260608t140153z,0.6543288562006987,0.6579481997891998,0.6551952790122864,0.6847284834556115,0.9994555555555557,0.0008351389887522,1197405.4779720276,2.06106948852539,7.885391547583102e-05,6.832041304663953,0.5181510748276809,89951,49,1.0,0.9994555555555557,1.0,1.0,8,1,python_sklearn_cpu,measured_onboard_sensor,jetson_ina3221_vdd_in,results/configs/tier_e_core4_hgb_mlp_timed/cicids2017.yaml,699ce3fad5f9c0dd5634a12cb62cc2028ef9d1e7654cffb383e35c3f90a2b669,,,,0.0
CICIDS2017,cicids2017_friday_holdout_sample,7,hist_gradient_boosting,a1_constrained_feature,jetson_orin_nx_super_ina3221_20260608t140153z,0.6563896870956788,0.6595201974163967,0.6482792157354764,0.6981638375493714,0.9900111111111112,0.0010691228680015,935346.188852248,2.0609092712402344,7.885391547583102e-05,6.805580560800616,0.5148201198466293,89101,899,1.0,0.9900111111111112,1.0,1.0,8,1,python_sklearn_cpu,measured_onboard_sensor,jetson_ina3221_vdd_in,results/configs/tier_e_core4_hgb_mlp_timed/cicids2017.yaml,47333d555b1d86b5a6293e99504dde3a76fb3eea4e754d56bdc8f267bbd77aad,,,,0.0
CICIDS2017,cicids2017_friday_holdout_sample,8,hist_gradient_boosting,a1_constrained_feature,jetson_orin_nx_super_ina3221_20260608t140153z,0.6554279586931173,0.6587640620289372,0.6564524694289535,0.6827161221842198,0.9991777777777778,0.000999057081709,1000943.80822494,2.0608577728271484,7.885391547583102e-05,6.816366538408637,0.5196165396565454,89926,74,1.0,0.9991777777777778,1.0,1.0,8,1,python_sklearn_cpu,measured_onboard_sensor,jetson_ina3221_vdd_in,results/configs/tier_e_core4_hgb_mlp_timed/cicids2017.yaml,1a15cd41c285693e76533aeff6d85a03deed253227a0fa7db3c6a63db7caf4ad,,,,0.0
CICIDS2017,cicids2017_friday_holdout_sample,9,hist_gradient_boosting,a1_constrained_feature,jetson_orin_nx_super_ina3221_20260608t140153z,0.4756366023122447,0.5453781782953144,0.5056937720599701,0.9152167502211735,0.9991111111111112,0.0010090321056971,991048.7430021632,2.0609092712402344,7.885391547583102e-05,9.0852085505251,0.3249405037657234,89920,80,1.0,0.9991111111111112,1.0,1.0,8,1,python_sklearn_cpu,measured_onboard_sensor,jetson_ina3221_vdd_in,results/configs/tier_e_core4_hgb_mlp_timed/cicids2017.yaml,360aa5fc7a19f9c9cb1fbe22a5a5a97888eb5557cac716a5a08a937b7d627da5,,,,0.0
CICIDS2017,cicids2017_friday_holdout_sample,0,hist_gradient_boosting,a1_constrained_score_search,jetson_orin_nx_super_ina3221_20260608t140153z,0.6572216675571954,0.660104509573404,0.6571038067982498,0.6817471779303841,0.9994888888888888,0.0009762509761559,1024326.7606631112,2.0609092712402344,7.885391547583102e-05,6.791163783867883,0.5210924844174615,89954,46,1.0,0.9994888888888888,1.0,1.0,8,1,python_sklearn_cpu,measured_onboard_sensor,jetson_ina3221_vdd_in,results/configs/tier_e_core4_hgb_mlp_timed/cicids2017.yaml,c1a742e08c7ef81748b8a538e7a6a7d71046a45539e1067d3979fe7984cc55e1,,,,0.0
CICIDS2017,cicids2017_friday_holdout_sample,1,hist_gradient_boosting,a1_constrained_score_search,jetson_orin_nx_super_ina3221_20260608t140153z,0.4817168865087012,0.5487866146065271,0.4747873162073047,0.9573289326339364,0.9995111111111112,0.000941267050738,1062397.7533431305,2.0610179901123047,7.885391547583102e-05,9.02089469553744,0.3077982423505238,89956,44,1.0,0.9995111111111112,1.0,1.0,8,1,python_sklearn_cpu,measured_onboard_sensor,jetson_ina3221_vdd_in,results/configs/tier_e_core4_hgb_mlp_timed/cicids2017.yaml,dda0d04b7b5243543b3b901e78c630c688728729dc345fa894703feadcf095ac,,,,0.0
CICIDS2017,cicids2017_friday_holdout_sample,2,hist_gradient_boosting,a1_constrained_score_search,jetson_orin_nx_super_ina3221_20260608t140153z,0.4763022134956007,0.5457194125955802,0.4888856194942069,0.939581696185698,0.9893111111111113,0.0009605544692991,1041065.3762608452,2.0609092712402344,7.885391547583102e-05,9.077902005615211,0.3143376345295785,89038,962,1.0,0.9893111111111113,1.0,1.0,8,1,python_sklearn_cpu,measured_onboard_sensor,jetson_ina3221_vdd_in,results/configs/tier_e_core4_hgb_mlp_timed/cicids2017.yaml,1c850558226c77cd66dc1d6b24325d24a6c18a723efa2321e4ec284a6edd21ce,,,,0.0
CICIDS2017,cicids2017_friday_holdout_sample,3,hist_gradient_boosting,a1_constrained_score_search,jetson_orin_nx_super_ina3221_20260608t140153z,0.4757918990124624,0.5454995221649535,0.5028026573832833,0.9205525728418894,0.9901111111111112,0.0009961522568482,1003862.6054654368,2.0608577728271484,7.885391547583102e-05,9.083906010576326,0.3231357735196203,89110,890,1.0,0.9901111111111112,1.0,1.0,8,1,python_sklearn_cpu,measured_onboard_sensor,jetson_ina3221_vdd_in,results/configs/tier_e_core4_hgb_mlp_timed/cicids2017.yaml,f53ede00bdb7188e4b262fb87fee7ecc2bd99448d4434706334678781c0b9e6e,,,,0.0
CICIDS2017,cicids2017_friday_holdout_sample,4,hist_gradient_boosting,a1_constrained_score_search,jetson_orin_nx_super_ina3221_20260608t140153z,0.4813075680533856,0.5483891040889196,0.490796142527362,0.9369069922040248,0.9892666666666666,0.0010091338340296,990948.8377838066,2.0609092712402344,7.885391547583102e-05,9.023544457939272,0.3180096572277266,89034,966,1.0,0.9892666666666666,1.0,1.0,8,1,python_sklearn_cpu,measured_onboard_sensor,jetson_ina3221_vdd_in,results/configs/tier_e_core4_hgb_mlp_timed/cicids2017.yaml,83a33f689ce51881ad2773568a01cbe7d54d794e380216ddfc4c903bdf74fa46,,,,0.0
CICIDS2017,cicids2017_friday_holdout_sample,5,hist_gradient_boosting,a1_constrained_score_search,jetson_orin_nx_super_ina3221_20260608t140153z,0.6557530488895821,0.6590335197073585,0.505813163833165,0.9151318697509946,0.9995777777777778,0.0008888949026974,1124992.388825029,2.0609750747680664,7.885391547583102e-05,6.8137079186328,0.4218584286334458,89962,38,1.0,0.9995777777777778,1.0,1.0,8,1,python_sklearn_cpu,measured_onboard_sensor,jetson_ina3221_vdd_in,results/configs/tier_e_core4_hgb_mlp_timed/cicids2017.yaml,154decb67e6b890c3fd614b7ea21f2fbd7da180b43b82fd0199906bbaab6d2c8,,,,0.0
CICIDS2017,cicids2017_friday_holdout_sample,6,hist_gradient_boosting,a1_constrained_score_search,jetson_orin_nx_super_ina3221_20260608t140153z,0.6543288562006987,0.6579481997891998,0.6534703871047405,0.68764548159934,0.9994555555555557,0.0008351389887522,1197405.4779720276,2.06106948852539,7.885391547583102e-05,6.832041304663953,0.517029895087776,89951,49,1.0,0.9994555555555557,1.0,1.0,8,1,python_sklearn_cpu,measured_onboard_sensor,jetson_ina3221_vdd_in,results/configs/tier_e_core4_hgb_mlp_timed/cicids2017.yaml,699ce3fad5f9c0dd5634a12cb62cc2028ef9d1e7654cffb383e35c3f90a2b669,,,,0.0
CICIDS2017,cicids2017_friday_holdout_sample,7,hist_gradient_boosting,a1_constrained_score_search,jetson_orin_nx_super_ina3221_20260608t140153z,0.6563896870956788,0.6595201974163967,0.6470208511503837,0.7002743691018181,0.9900111111111112,0.0010691228680015,935346.188852248,2.0609092712402344,7.885391547583102e-05,6.805580560800616,0.514002182866319,89101,899,1.0,0.9900111111111112,1.0,1.0,8,1,python_sklearn_cpu,measured_onboard_sensor,jetson_ina3221_vdd_in,results/configs/tier_e_core4_hgb_mlp_timed/cicids2017.yaml,47333d555b1d86b5a6293e99504dde3a76fb3eea4e754d56bdc8f267bbd77aad,,,,0.0
CICIDS2017,cicids2017_friday_holdout_sample,8,hist_gradient_boosting,a1_constrained_score_search,jetson_orin_nx_super_ina3221_20260608t140153z,0.6554279586931173,0.6587640620289372,0.6562611271292808,0.6830404528835947,0.9991777777777778,0.000999057081709,1000943.80822494,2.0608577728271484,7.885391547583102e-05,6.816366538408637,0.5194921671617582,89926,74,1.0,0.9991777777777778,1.0,1.0,8,1,python_sklearn_cpu,measured_onboard_sensor,jetson_ina3221_vdd_in,results/configs/tier_e_core4_hgb_mlp_timed/cicids2017.yaml,1a15cd41c285693e76533aeff6d85a03deed253227a0fa7db3c6a63db7caf4ad,,,,0.0
CICIDS2017,cicids2017_friday_holdout_sample,9,hist_gradient_boosting,a1_constrained_score_search,jetson_orin_nx_super_ina3221_20260608t140153z,0.4756366023122447,0.5453781782953144,0.497976582591781,0.9258625774107933,0.9991111111111112,0.0010090321056971,991048.7430021632,2.0609092712402344,7.885391547583102e-05,9.0852085505251,0.3199243306114006,89920,80,1.0,0.9991111111111112,1.0,1.0,8,1,python_sklearn_cpu,measured_onboard_sensor,jetson_ina3221_vdd_in,results/configs/tier_e_core4_hgb_mlp_timed/cicids2017.yaml,360aa5fc7a19f9c9cb1fbe22a5a5a97888eb5557cac716a5a08a937b7d627da5,,,,0.0
CICIDS2017,cicids2017_friday_holdout_sample,0,hist_gradient_boosting,a4_split_shift,jetson_orin_nx_super_ina3221_20260608t140153z,0.6572216675571954,0.660104509573404,0.6586630885652998,0.0,1.0,0.0009762509761559,1024326.7606631112,2.0609092712402344,7.885391547583102e-05,6.791163783867883,0.522106017566044,90000,0,1.0,1.0,1.0,1.0,8,1,python_sklearn_cpu,measured_onboard_sensor,jetson_ina3221_vdd_in,results/configs/tier_e_core4_hgb_mlp_timed/cicids2017.yaml,c1a742e08c7ef81748b8a538e7a6a7d71046a45539e1067d3979fe7984cc55e1,day_holdout,train,test,0.0
CICIDS2017,cicids2017_friday_holdout_sample,1,hist_gradient_boosting,a4_split_shift,jetson_orin_nx_super_ina3221_20260608t140153z,0.4817168865087012,0.5487866146065271,0.5152517505576142,0.0,1.0,0.000941267050738,1062397.7533431305,2.0610179901123047,7.885391547583102e-05,9.02089469553744,0.3341001246782248,90000,0,1.0,1.0,1.0,1.0,8,1,python_sklearn_cpu,measured_onboard_sensor,jetson_ina3221_vdd_in,results/configs/tier_e_core4_hgb_mlp_timed/cicids2017.yaml,dda0d04b7b5243543b3b901e78c630c688728729dc345fa894703feadcf095ac,day_holdout,train,test,0.0
CICIDS2017,cicids2017_friday_holdout_sample,2,hist_gradient_boosting,a4_split_shift,jetson_orin_nx_super_ina3221_20260608t140153z,0.4763022134956007,0.5457194125955802,0.5110108130455905,0.0,1.0,0.0009605544692991,1041065.3762608452,2.0609092712402344,7.885391547583102e-05,9.077902005615211,0.3287190103379778,90000,0,1.0,1.0,1.0,1.0,8,1,python_sklearn_cpu,measured_onboard_sensor,jetson_ina3221_vdd_in,results/configs/tier_e_core4_hgb_mlp_timed/cicids2017.yaml,1c850558226c77cd66dc1d6b24325d24a6c18a723efa2321e4ec284a6edd21ce,day_holdout,train,test,0.0
CICIDS2017,cicids2017_friday_holdout_sample,3,hist_gradient_boosting,a4_split_shift,jetson_orin_nx_super_ina3221_20260608t140153z,0.4757918990124624,0.5454995221649535,0.5106457105887079,0.0,1.0,0.0009961522568482,1003862.6054654368,2.0608577728271484,7.885391547583102e-05,9.083906010576326,0.3282337581031462,90000,0,1.0,1.0,1.0,1.0,8,1,python_sklearn_cpu,measured_onboard_sensor,jetson_ina3221_vdd_in,results/configs/tier_e_core4_hgb_mlp_timed/cicids2017.yaml,f53ede00bdb7188e4b262fb87fee7ecc2bd99448d4434706334678781c0b9e6e,day_holdout,train,test,0.0
CICIDS2017,cicids2017_friday_holdout_sample,4,hist_gradient_boosting,a4_split_shift,jetson_orin_nx_super_ina3221_20260608t140153z,0.4813075680533856,0.5483891040889196,0.5148483360711527,0.0,1.0,0.0010091338340296,990948.8377838066,2.0609092712402344,7.885391547583102e-05,9.023544457939272,0.3336435830311905,90000,0,1.0,1.0,1.0,1.0,8,1,python_sklearn_cpu,measured_onboard_sensor,jetson_ina3221_vdd_in,results/configs/tier_e_core4_hgb_mlp_timed/cicids2017.yaml,83a33f689ce51881ad2773568a01cbe7d54d794e380216ddfc4c903bdf74fa46,day_holdout,train,test,0.0
CICIDS2017,cicids2017_friday_holdout_sample,5,hist_gradient_boosting,a4_split_shift,jetson_orin_nx_super_ina3221_20260608t140153z,0.6557530488895821,0.6590335197073585,0.6573932842984702,0.0,1.0,0.0008888949026974,1124992.388825029,2.0609750747680664,7.885391547583102e-05,6.8137079186328,0.5203855069358942,90000,0,1.0,1.0,1.0,1.0,8,1,python_sklearn_cpu,measured_onboard_sensor,jetson_ina3221_vdd_in,results/configs/tier_e_core4_hgb_mlp_timed/cicids2017.yaml,154decb67e6b890c3fd614b7ea21f2fbd7da180b43b82fd0199906bbaab6d2c8,day_holdout,train,test,0.0
CICIDS2017,cicids2017_friday_holdout_sample,6,hist_gradient_boosting,a4_split_shift,jetson_orin_nx_super_ina3221_20260608t140153z,0.6543288562006987,0.6579481997891998,0.6561385279949492,0.0,1.0,0.0008351389887522,1197405.4779720276,2.06106948852539,7.885391547583102e-05,6.832041304663953,0.5187641866664117,90000,0,1.0,1.0,1.0,1.0,8,1,python_sklearn_cpu,measured_onboard_sensor,jetson_ina3221_vdd_in,results/configs/tier_e_core4_hgb_mlp_timed/cicids2017.yaml,699ce3fad5f9c0dd5634a12cb62cc2028ef9d1e7654cffb383e35c3f90a2b669,day_holdout,train,test,0.0
CICIDS2017,cicids2017_friday_holdout_sample,7,hist_gradient_boosting,a4_split_shift,jetson_orin_nx_super_ina3221_20260608t140153z,0.6563896870956788,0.6595201974163967,0.6579549422560378,0.0,1.0,0.0010691228680015,935346.188852248,2.0609092712402344,7.885391547583102e-05,6.805580560800616,0.5211093420849942,90000,0,1.0,1.0,1.0,1.0,8,1,python_sklearn_cpu,measured_onboard_sensor,jetson_ina3221_vdd_in,results/configs/tier_e_core4_hgb_mlp_timed/cicids2017.yaml,47333d555b1d86b5a6293e99504dde3a76fb3eea4e754d56bdc8f267bbd77aad,day_holdout,train,test,0.0
CICIDS2017,cicids2017_friday_holdout_sample,8,hist_gradient_boosting,a4_split_shift,jetson_orin_nx_super_ina3221_20260608t140153z,0.6554279586931173,0.6587640620289372,0.6570960103610273,0.0,1.0,0.000999057081709,1000943.80822494,2.0608577728271484,7.885391547583102e-05,6.816366538408637,0.5200348412623934,90000,0,1.0,1.0,1.0,1.0,8,1,python_sklearn_cpu,measured_onboard_sensor,jetson_ina3221_vdd_in,results/configs/tier_e_core4_hgb_mlp_timed/cicids2017.yaml,1a15cd41c285693e76533aeff6d85a03deed253227a0fa7db3c6a63db7caf4ad,day_holdout,train,test,0.0
CICIDS2017,cicids2017_friday_holdout_sample,9,hist_gradient_boosting,a4_split_shift,jetson_orin_nx_super_ina3221_20260608t140153z,0.4756366023122447,0.5453781782953144,0.5105073903037796,0.0,1.0,0.0010090321056971,991048.7430021632,2.0609092712402344,7.885391547583102e-05,9.0852085505251,0.3280693556241996,90000,0,1.0,1.0,1.0,1.0,8,1,python_sklearn_cpu,measured_onboard_sensor,jetson_ina3221_vdd_in,results/configs/tier_e_core4_hgb_mlp_timed/cicids2017.yaml,360aa5fc7a19f9c9cb1fbe22a5a5a97888eb5557cac716a5a08a937b7d627da5,day_holdout,train,test,0.0
CICIDS2017,cicids2017_friday_holdout_sample,0,logistic_regression,a0_clean,jetson_orin_nx_super_ina3221_20260608t140153z,0.7274282786946626,0.7160162573763442,0.7217222680355034,0.0,1.0,0.0001331389658217,7510949.13369428,2.061422348022461,7.885391547583102e-05,5.141759695333572,0.61815499149111,90000,0,1.0,1.0,1.0,1.0,8,1,python_sklearn_cpu,measured_onboard_sensor,jetson_ina3221_vdd_in,results/configs/tier_e_core4_hgb_mlp_timed/cicids2017.yaml,c1a742e08c7ef81748b8a538e7a6a7d71046a45539e1067d3979fe7984cc55e1,,,,0.0
CICIDS2017,cicids2017_friday_holdout_sample,1,logistic_regression,a0_clean,jetson_orin_nx_super_ina3221_20260608t140153z,0.7273470280897396,0.7159777618460519,0.7216623949678957,0.0,1.0,0.0001329563805484,7521263.709760891,2.061370849609375,7.885391547583102e-05,5.131768090403931,0.6182949554439653,90000,0,1.0,1.0,1.0,1.0,8,1,python_sklearn_cpu,measured_onboard_sensor,jetson_ina3221_vdd_in,results/configs/tier_e_core4_hgb_mlp_timed/cicids2017.yaml,dda0d04b7b5243543b3b901e78c630c688728729dc345fa894703feadcf095ac,,,,0.0
CICIDS2017,cicids2017_friday_holdout_sample,2,logistic_regression,a0_clean,jetson_orin_nx_super_ina3221_20260608t140153z,0.7260516634851397,0.7147841258798855,0.7204178946825126,0.0,1.0,0.0001398697707918,7149507.676595751,2.061370849609375,7.885391547583102e-05,5.158531963154705,0.616515163288225,90000,0,1.0,1.0,1.0,1.0,8,1,python_sklearn_cpu,measured_onboard_sensor,jetson_ina3221_vdd_in,results/configs/tier_e_core4_hgb_mlp_timed/cicids2017.yaml,1c850558226c77cd66dc1d6b24325d24a6c18a723efa2321e4ec284a6edd21ce,,,,0.0
CICIDS2017,cicids2017_friday_holdout_sample,3,logistic_regression,a0_clean,jetson_orin_nx_super_ina3221_20260608t140153z,0.6255748718883148,0.6308182016677691,0.628196536778042,0.0,1.0,0.0001324400004685,7550588.919227784,2.061319351196289,7.885391547583102e-05,6.88603633785444,0.4897437379229794,90000,0,1.0,1.0,1.0,1.0,8,1,python_sklearn_cpu,measured_onboard_sensor,jetson_ina3221_vdd_in,results/configs/tier_e_core4_hgb_mlp_timed/cicids2017.yaml,f53ede00bdb7188e4b262fb87fee7ecc2bd99448d4434706334678781c0b9e6e,,,,0.0
CICIDS2017,cicids2017_friday_holdout_sample,4,logistic_regression,a0_clean,jetson_orin_nx_super_ina3221_20260608t140153z,0.7278448859357829,0.7164491973899585,0.7221470416628707,0.0,1.0,0.0001325815254434,7542528.996067886,2.061473846435547,7.885391547583102e-05,5.117842029749774,0.6190581150513368,90000,0,1.0,1.0,1.0,1.0,8,1,python_sklearn_cpu,measured_onboard_sensor,jetson_ina3221_vdd_in,results/configs/tier_e_core4_hgb_mlp_timed/cicids2017.yaml,83a33f689ce51881ad2773568a01cbe7d54d794e380216ddfc4c903bdf74fa46,,,,0.0
CICIDS2017,cicids2017_friday_holdout_sample,5,logistic_regression,a0_clean,jetson_orin_nx_super_ina3221_20260608t140153z,0.625663574300314,0.6310159486633916,0.6283397614818529,0.0,1.0,0.0001428760184272,6999075.219254575,2.061370849609375,7.885391547583102e-05,6.893324772382052,0.4897411676345936,90000,0,1.0,1.0,1.0,1.0,8,1,python_sklearn_cpu,measured_onboard_sensor,jetson_ina3221_vdd_in,results/configs/tier_e_core4_hgb_mlp_timed/cicids2017.yaml,154decb67e6b890c3fd614b7ea21f2fbd7da180b43b82fd0199906bbaab6d2c8,,,,0.0
CICIDS2017,cicids2017_friday_holdout_sample,6,logistic_regression,a0_clean,jetson_orin_nx_super_ina3221_20260608t140153z,0.7295748267340326,0.7179954031300769,0.7237851149320548,0.0,1.0,0.0001320890371183,7570650.992816363,2.061473846435547,7.885391547583102e-05,5.098321909022326,0.6210865917619742,90000,0,1.0,1.0,1.0,1.0,8,1,python_sklearn_cpu,measured_onboard_sensor,jetson_ina3221_vdd_in,results/configs/tier_e_core4_hgb_mlp_timed/cicids2017.yaml,699ce3fad5f9c0dd5634a12cb62cc2028ef9d1e7654cffb383e35c3f90a2b669,,,,0.0
CICIDS2017,cicids2017_friday_holdout_sample,7,logistic_regression,a0_clean,jetson_orin_nx_super_ina3221_20260608t140153z,0.7111642533503251,0.7013539904262316,0.7062591218882783,0.0,1.0,0.0001317441976991,7590467.113274198,2.061473846435547,7.885391547583102e-05,5.428098390036929,0.5969650698169422,90000,0,1.0,1.0,1.0,1.0,8,1,python_sklearn_cpu,measured_onboard_sensor,jetson_ina3221_vdd_in,results/configs/tier_e_core4_hgb_mlp_timed/cicids2017.yaml,47333d555b1d86b5a6293e99504dde3a76fb3eea4e754d56bdc8f267bbd77aad,,,,0.0
CICIDS2017,cicids2017_friday_holdout_sample,8,logistic_regression,a0_clean,jetson_orin_nx_super_ina3221_20260608t140153z,0.7004459347941381,0.6919581705221884,0.6962020526581633,0.0,1.0,0.0001313768851751,7611689.062855515,2.061370849609375,7.885391547583102e-05,5.696485225181666,0.5815402737321382,90000,0,1.0,1.0,1.0,1.0,8,1,python_sklearn_cpu,measured_onboard_sensor,jetson_ina3221_vdd_in,results/configs/tier_e_core4_hgb_mlp_timed/cicids2017.yaml,1a15cd41c285693e76533aeff6d85a03deed253227a0fa7db3c6a63db7caf4ad,,,,0.0
CICIDS2017,cicids2017_friday_holdout_sample,9,logistic_regression,a0_clean,jetson_orin_nx_super_ina3221_20260608t140153z,0.7190566239079073,0.7083922535269037,0.7137244387174055,0.0,1.0,0.0001324399113137,7550594.002066782,2.061473846435547,7.885391547583102e-05,5.306446864571593,0.6068634157047197,90000,0,1.0,1.0,1.0,1.0,8,1,python_sklearn_cpu,measured_onboard_sensor,jetson_ina3221_vdd_in,results/configs/tier_e_core4_hgb_mlp_timed/cicids2017.yaml,360aa5fc7a19f9c9cb1fbe22a5a5a97888eb5557cac716a5a08a937b7d627da5,,,,0.0
CICIDS2017,cicids2017_friday_holdout_sample,0,logistic_regression,a1_constrained_feature,jetson_orin_nx_super_ina3221_20260608t140153z,0.7274282786946626,0.7160162573763442,0.7018172112487819,0.5459636299330956,0.9994888888888888,0.0001331389658217,7510949.13369428,2.061422348022461,7.885391547583102e-05,5.141759695333572,0.605216704579741,89954,46,1.0,0.9994888888888888,1.0,1.0,8,1,python_sklearn_cpu,measured_onboard_sensor,jetson_ina3221_vdd_in,results/configs/tier_e_core4_hgb_mlp_timed/cicids2017.yaml,c1a742e08c7ef81748b8a538e7a6a7d71046a45539e1067d3979fe7984cc55e1,,,,0.0
CICIDS2017,cicids2017_friday_holdout_sample,1,logistic_regression,a1_constrained_feature,jetson_orin_nx_super_ina3221_20260608t140153z,0.7273470280897396,0.7159777618460519,0.699970991261971,0.5482701715094006,0.9995111111111112,0.0001329563805484,7521263.709760891,2.061370849609375,7.885391547583102e-05,5.131768090403931,0.6041955430351142,89956,44,1.0,0.9995111111111112,1.0,1.0,8,1,python_sklearn_cpu,measured_onboard_sensor,jetson_ina3221_vdd_in,results/configs/tier_e_core4_hgb_mlp_timed/cicids2017.yaml,dda0d04b7b5243543b3b901e78c630c688728729dc345fa894703feadcf095ac,,,,0.0
CICIDS2017,cicids2017_friday_holdout_sample,2,logistic_regression,a1_constrained_feature,jetson_orin_nx_super_ina3221_20260608t140153z,0.7260516634851397,0.7147841258798855,0.6931175209676881,0.5635314030103367,0.9893111111111113,0.0001398697707918,7149507.676595751,2.061370849609375,7.885391547583102e-05,5.158531963154705,0.598769920373589,89038,962,1.0,0.9893111111111113,1.0,1.0,8,1,python_sklearn_cpu,measured_onboard_sensor,jetson_ina3221_vdd_in,results/configs/tier_e_core4_hgb_mlp_timed/cicids2017.yaml,1c850558226c77cd66dc1d6b24325d24a6c18a723efa2321e4ec284a6edd21ce,,,,0.0
CICIDS2017,cicids2017_friday_holdout_sample,3,logistic_regression,a1_constrained_feature,jetson_orin_nx_super_ina3221_20260608t140153z,0.6255748718883148,0.6308182016677691,0.636016121216123,0.6716233335344152,0.9901111111111112,0.0001324400004685,7550588.919227784,2.061319351196289,7.885391547583102e-05,6.88603633785444,0.4948264678077321,89110,890,1.0,0.9901111111111112,1.0,1.0,8,1,python_sklearn_cpu,measured_onboard_sensor,jetson_ina3221_vdd_in,results/configs/tier_e_core4_hgb_mlp_timed/cicids2017.yaml,f53ede00bdb7188e4b262fb87fee7ecc2bd99448d4434706334678781c0b9e6e,,,,0.0
CICIDS2017,cicids2017_friday_holdout_sample,4,logistic_regression,a1_constrained_feature,jetson_orin_nx_super_ina3221_20260608t140153z,0.7278448859357829,0.7164491973899585,0.6987604583247323,0.552365987792349,0.9892666666666666,0.0001325815254434,7542528.996067886,2.061473846435547,7.885391547583102e-05,5.117842029749774,0.6038568358815468,89034,966,1.0,0.9892666666666666,1.0,1.0,8,1,python_sklearn_cpu,measured_onboard_sensor,jetson_ina3221_vdd_in,results/configs/tier_e_core4_hgb_mlp_timed/cicids2017.yaml,83a33f689ce51881ad2773568a01cbe7d54d794e380216ddfc4c903bdf74fa46,,,,0.0
CICIDS2017,cicids2017_friday_holdout_sample,5,logistic_regression,a1_constrained_feature,jetson_orin_nx_super_ina3221_20260608t140153z,0.625663574300314,0.6310159486633916,0.6450763514129247,0.6547517312509209,0.9995777777777778,0.0001428760184272,6999075.219254575,2.061370849609375,7.885391547583102e-05,6.893324772382052,0.5006199510897903,89962,38,1.0,0.9995777777777778,1.0,1.0,8,1,python_sklearn_cpu,measured_onboard_sensor,jetson_ina3221_vdd_in,results/configs/tier_e_core4_hgb_mlp_timed/cicids2017.yaml,154decb67e6b890c3fd614b7ea21f2fbd7da180b43b82fd0199906bbaab6d2c8,,,,0.0
CICIDS2017,cicids2017_friday_holdout_sample,6,logistic_regression,a1_constrained_feature,jetson_orin_nx_super_ina3221_20260608t140153z,0.7295748267340326,0.7179954031300769,0.7071365429900308,0.5356374672206017,0.9994555555555557,0.0001320890371183,7570650.992816363,2.061473846435547,7.885391547583102e-05,5.098321909022326,0.6102650199996587,89951,49,1.0,0.9994555555555557,1.0,1.0,8,1,python_sklearn_cpu,measured_onboard_sensor,jetson_ina3221_vdd_in,results/configs/tier_e_core4_hgb_mlp_timed/cicids2017.yaml,699ce3fad5f9c0dd5634a12cb62cc2028ef9d1e7654cffb383e35c3f90a2b669,,,,0.0
CICIDS2017,cicids2017_friday_holdout_sample,7,logistic_regression,a1_constrained_feature,jetson_orin_nx_super_ina3221_20260608t140153z,0.7111642533503251,0.7013539904262316,0.6788405677372226,0.5901649229655983,0.9900111111111112,0.0001317441976991,7590467.113274198,2.061473846435547,7.885391547583102e-05,5.428098390036929,0.579143009618756,89101,899,1.0,0.9900111111111112,1.0,1.0,8,1,python_sklearn_cpu,measured_onboard_sensor,jetson_ina3221_vdd_in,results/configs/tier_e_core4_hgb_mlp_timed/cicids2017.yaml,47333d555b1d86b5a6293e99504dde3a76fb3eea4e754d56bdc8f267bbd77aad,,,,0.0
CICIDS2017,cicids2017_friday_holdout_sample,8,logistic_regression,a1_constrained_feature,jetson_orin_nx_super_ina3221_20260608t140153z,0.7004459347941381,0.6919581705221884,0.6828181238852575,0.5894268192003774,0.9991777777777778,0.0001313768851751,7611689.062855515,2.061370849609375,7.885391547583102e-05,5.696485225181666,0.5728407200297494,89926,74,1.0,0.9991777777777778,1.0,1.0,8,1,python_sklearn_cpu,measured_onboard_sensor,jetson_ina3221_vdd_in,results/configs/tier_e_core4_hgb_mlp_timed/cicids2017.yaml,1a15cd41c285693e76533aeff6d85a03deed253227a0fa7db3c6a63db7caf4ad,,,,0.0
CICIDS2017,cicids2017_friday_holdout_sample,9,logistic_regression,a1_constrained_feature,jetson_orin_nx_super_ina3221_20260608t140153z,0.7190566239079073,0.7083922535269037,0.6881287267036402,0.5730168092008258,0.9991111111111112,0.0001324399113137,7550594.002066782,2.061473846435547,7.885391547583102e-05,5.306446864571593,0.5902262028957722,89920,80,1.0,0.9991111111111112,1.0,1.0,8,1,python_sklearn_cpu,measured_onboard_sensor,jetson_ina3221_vdd_in,results/configs/tier_e_core4_hgb_mlp_timed/cicids2017.yaml,360aa5fc7a19f9c9cb1fbe22a5a5a97888eb5557cac716a5a08a937b7d627da5,,,,0.0
CICIDS2017,cicids2017_friday_holdout_sample,0,logistic_regression,a1_constrained_score_search,jetson_orin_nx_super_ina3221_20260608t140153z,0.7274282786946626,0.7160162573763442,0.651831427440936,0.637507736744378,0.9994888888888888,0.0001331389658217,7510949.13369428,2.061422348022461,7.885391547583102e-05,5.141759695333572,0.5727259451046411,89954,46,1.0,0.9994888888888888,1.0,1.0,8,1,python_sklearn_cpu,measured_onboard_sensor,jetson_ina3221_vdd_in,results/configs/tier_e_core4_hgb_mlp_timed/cicids2017.yaml,c1a742e08c7ef81748b8a538e7a6a7d71046a45539e1067d3979fe7984cc55e1,,,,0.0
CICIDS2017,cicids2017_friday_holdout_sample,1,logistic_regression,a1_constrained_score_search,jetson_orin_nx_super_ina3221_20260608t140153z,0.7273470280897396,0.7159777618460519,0.6492050950632406,0.6411268933812695,0.9995111111111112,0.0001329563805484,7521263.709760891,2.061370849609375,7.885391547583102e-05,5.131768090403931,0.5711977105059395,89956,44,1.0,0.9995111111111112,1.0,1.0,8,1,python_sklearn_cpu,measured_onboard_sensor,jetson_ina3221_vdd_in,results/configs/tier_e_core4_hgb_mlp_timed/cicids2017.yaml,dda0d04b7b5243543b3b901e78c630c688728729dc345fa894703feadcf095ac,,,,0.0
CICIDS2017,cicids2017_friday_holdout_sample,2,logistic_regression,a1_constrained_score_search,jetson_orin_nx_super_ina3221_20260608t140153z,0.7260516634851397,0.7147841258798855,0.6390498043769224,0.6616091398174454,0.9893111111111113,0.0001398697707918,7149507.676595751,2.061370849609375,7.885391547583102e-05,5.158531963154705,0.5636259045895914,89038,962,1.0,0.9893111111111113,1.0,1.0,8,1,python_sklearn_cpu,measured_onboard_sensor,jetson_ina3221_vdd_in,results/configs/tier_e_core4_hgb_mlp_timed/cicids2017.yaml,1c850558226c77cd66dc1d6b24325d24a6c18a723efa2321e4ec284a6edd21ce,,,,0.0
CICIDS2017,cicids2017_friday_holdout_sample,3,logistic_regression,a1_constrained_score_search,jetson_orin_nx_super_ina3221_20260608t140153z,0.6255748718883148,0.6308182016677691,0.6188339557248559,0.7013934970139349,0.9901111111111112,0.0001324400004685,7550588.919227784,2.061319351196289,7.885391547583102e-05,6.88603633785444,0.4836580602384084,89110,890,1.0,0.9901111111111112,1.0,1.0,8,1,python_sklearn_cpu,measured_onboard_sensor,jetson_ina3221_vdd_in,results/configs/tier_e_core4_hgb_mlp_timed/cicids2017.yaml,f53ede00bdb7188e4b262fb87fee7ecc2bd99448d4434706334678781c0b9e6e,,,,0.0
CICIDS2017,cicids2017_friday_holdout_sample,4,logistic_regression,a1_constrained_score_search,jetson_orin_nx_super_ina3221_20260608t140153z,0.7278448859357829,0.7164491973899585,0.6489529478165686,0.6434701154287786,0.9892666666666666,0.0001325815254434,7542528.996067886,2.061473846435547,7.885391547583102e-05,5.117842029749774,0.5714819540512405,89034,966,1.0,0.9892666666666666,1.0,1.0,8,1,python_sklearn_cpu,measured_onboard_sensor,jetson_ina3221_vdd_in,results/configs/tier_e_core4_hgb_mlp_timed/cicids2017.yaml,83a33f689ce51881ad2773568a01cbe7d54d794e380216ddfc4c903bdf74fa46,,,,0.0
CICIDS2017,cicids2017_friday_holdout_sample,5,logistic_regression,a1_constrained_score_search,jetson_orin_nx_super_ina3221_20260608t140153z,0.625663574300314,0.6310159486633916,0.6265164946798003,0.6871666421099161,0.9995777777777778,0.0001428760184272,6999075.219254575,2.061370849609375,7.885391547583102e-05,6.893324772382052,0.4885560442132595,89962,38,1.0,0.9995777777777778,1.0,1.0,8,1,python_sklearn_cpu,measured_onboard_sensor,jetson_ina3221_vdd_in,results/configs/tier_e_core4_hgb_mlp_timed/cicids2017.yaml,154decb67e6b890c3fd614b7ea21f2fbd7da180b43b82fd0199906bbaab6d2c8,,,,0.0
CICIDS2017,cicids2017_friday_holdout_sample,6,logistic_regression,a1_constrained_score_search,jetson_orin_nx_super_ina3221_20260608t140153z,0.7295748267340326,0.7179954031300769,0.6592444200089804,0.6239134918530305,0.9994555555555557,0.0001320890371183,7570650.992816363,2.061473846435547,7.885391547583102e-05,5.098321909022326,0.579135140061976,89951,49,1.0,0.9994555555555557,1.0,1.0,8,1,python_sklearn_cpu,measured_onboard_sensor,jetson_ina3221_vdd_in,results/configs/tier_e_core4_hgb_mlp_timed/cicids2017.yaml,699ce3fad5f9c0dd5634a12cb62cc2028ef9d1e7654cffb383e35c3f90a2b669,,,,0.0
CICIDS2017,cicids2017_friday_holdout_sample,7,logistic_regression,a1_constrained_score_search,jetson_orin_nx_super_ina3221_20260608t140153z,0.7111642533503251,0.7013539904262316,0.6228445871075738,0.6901136671993247,0.9900111111111112,0.0001317441976991,7590467.113274198,2.061473846435547,7.885391547583102e-05,5.428098390036929,0.5427456222094843,89101,899,1.0,0.9900111111111112,1.0,1.0,8,1,python_sklearn_cpu,measured_onboard_sensor,jetson_ina3221_vdd_in,results/configs/tier_e_core4_hgb_mlp_timed/cicids2017.yaml,47333d555b1d86b5a6293e99504dde3a76fb3eea4e754d56bdc8f267bbd77aad,,,,0.0
CICIDS2017,cicids2017_friday_holdout_sample,8,logistic_regression,a1_constrained_score_search,jetson_orin_nx_super_ina3221_20260608t140153z,0.7004459347941381,0.6919581705221884,0.6346200444732414,0.6754629083618351,0.9991777777777778,0.0001313768851751,7611689.062855515,2.061370849609375,7.885391547583102e-05,5.696485225181666,0.5415119684119389,89926,74,1.0,0.9991777777777778,1.0,1.0,8,1,python_sklearn_cpu,measured_onboard_sensor,jetson_ina3221_vdd_in,results/configs/tier_e_core4_hgb_mlp_timed/cicids2017.yaml,1a15cd41c285693e76533aeff6d85a03deed253227a0fa7db3c6a63db7caf4ad,,,,0.0
CICIDS2017,cicids2017_friday_holdout_sample,9,logistic_regression,a1_constrained_score_search,jetson_orin_nx_super_ina3221_20260608t140153z,0.7190566239079073,0.7083922535269037,0.632895259623513,0.6723975228546152,0.9991111111111112,0.0001324399113137,7550594.002066782,2.061473846435547,7.885391547583102e-05,5.306446864571593,0.5543244492936895,89920,80,1.0,0.9991111111111112,1.0,1.0,8,1,python_sklearn_cpu,measured_onboard_sensor,jetson_ina3221_vdd_in,results/configs/tier_e_core4_hgb_mlp_timed/cicids2017.yaml,360aa5fc7a19f9c9cb1fbe22a5a5a97888eb5557cac716a5a08a937b7d627da5,,,,0.0
CICIDS2017,cicids2017_friday_holdout_sample,0,logistic_regression,a4_split_shift,jetson_orin_nx_super_ina3221_20260608t140153z,0.7274282786946626,0.7160162573763442,0.7217222680355034,0.0,1.0,0.0001331389658217,7510949.13369428,2.061422348022461,7.885391547583102e-05,5.141759695333572,0.61815499149111,90000,0,1.0,1.0,1.0,1.0,8,1,python_sklearn_cpu,measured_onboard_sensor,jetson_ina3221_vdd_in,results/configs/tier_e_core4_hgb_mlp_timed/cicids2017.yaml,c1a742e08c7ef81748b8a538e7a6a7d71046a45539e1067d3979fe7984cc55e1,day_holdout,train,test,0.0
CICIDS2017,cicids2017_friday_holdout_sample,1,logistic_regression,a4_split_shift,jetson_orin_nx_super_ina3221_20260608t140153z,0.7273470280897396,0.7159777618460519,0.7216623949678957,0.0,1.0,0.0001329563805484,7521263.709760891,2.061370849609375,7.885391547583102e-05,5.131768090403931,0.6182949554439653,90000,0,1.0,1.0,1.0,1.0,8,1,python_sklearn_cpu,measured_onboard_sensor,jetson_ina3221_vdd_in,results/configs/tier_e_core4_hgb_mlp_timed/cicids2017.yaml,dda0d04b7b5243543b3b901e78c630c688728729dc345fa894703feadcf095ac,day_holdout,train,test,0.0
CICIDS2017,cicids2017_friday_holdout_sample,2,logistic_regression,a4_split_shift,jetson_orin_nx_super_ina3221_20260608t140153z,0.7260516634851397,0.7147841258798855,0.7204178946825126,0.0,1.0,0.0001398697707918,7149507.676595751,2.061370849609375,7.885391547583102e-05,5.158531963154705,0.616515163288225,90000,0,1.0,1.0,1.0,1.0,8,1,python_sklearn_cpu,measured_onboard_sensor,jetson_ina3221_vdd_in,results/configs/tier_e_core4_hgb_mlp_timed/cicids2017.yaml,1c850558226c77cd66dc1d6b24325d24a6c18a723efa2321e4ec284a6edd21ce,day_holdout,train,test,0.0
CICIDS2017,cicids2017_friday_holdout_sample,3,logistic_regression,a4_split_shift,jetson_orin_nx_super_ina3221_20260608t140153z,0.6255748718883148,0.6308182016677691,0.628196536778042,0.0,1.0,0.0001324400004685,7550588.919227784,2.061319351196289,7.885391547583102e-05,6.88603633785444,0.4897437379229794,90000,0,1.0,1.0,1.0,1.0,8,1,python_sklearn_cpu,measured_onboard_sensor,jetson_ina3221_vdd_in,results/configs/tier_e_core4_hgb_mlp_timed/cicids2017.yaml,f53ede00bdb7188e4b262fb87fee7ecc2bd99448d4434706334678781c0b9e6e,day_holdout,train,test,0.0
CICIDS2017,cicids2017_friday_holdout_sample,4,logistic_regression,a4_split_shift,jetson_orin_nx_super_ina3221_20260608t140153z,0.7278448859357829,0.7164491973899585,0.7221470416628707,0.0,1.0,0.0001325815254434,7542528.996067886,2.061473846435547,7.885391547583102e-05,5.117842029749774,0.6190581150513368,90000,0,1.0,1.0,1.0,1.0,8,1,python_sklearn_cpu,measured_onboard_sensor,jetson_ina3221_vdd_in,results/configs/tier_e_core4_hgb_mlp_timed/cicids2017.yaml,83a33f689ce51881ad2773568a01cbe7d54d794e380216ddfc4c903bdf74fa46,day_holdout,train,test,0.0
CICIDS2017,cicids2017_friday_holdout_sample,5,logistic_regression,a4_split_shift,jetson_orin_nx_super_ina3221_20260608t140153z,0.625663574300314,0.6310159486633916,0.6283397614818529,0.0,1.0,0.0001428760184272,6999075.219254575,2.061370849609375,7.885391547583102e-05,6.893324772382052,0.4897411676345936,90000,0,1.0,1.0,1.0,1.0,8,1,python_sklearn_cpu,measured_onboard_sensor,jetson_ina3221_vdd_in,results/configs/tier_e_core4_hgb_mlp_timed/cicids2017.yaml,154decb67e6b890c3fd614b7ea21f2fbd7da180b43b82fd0199906bbaab6d2c8,day_holdout,train,test,0.0
CICIDS2017,cicids2017_friday_holdout_sample,6,logistic_regression,a4_split_shift,jetson_orin_nx_super_ina3221_20260608t140153z,0.7295748267340326,0.7179954031300769,0.7237851149320548,0.0,1.0,0.0001320890371183,7570650.992816363,2.061473846435547,7.885391547583102e-05,5.098321909022326,0.6210865917619742,90000,0,1.0,1.0,1.0,1.0,8,1,python_sklearn_cpu,measured_onboard_sensor,jetson_ina3221_vdd_in,results/configs/tier_e_core4_hgb_mlp_timed/cicids2017.yaml,699ce3fad5f9c0dd5634a12cb62cc2028ef9d1e7654cffb383e35c3f90a2b669,day_holdout,train,test,0.0
CICIDS2017,cicids2017_friday_holdout_sample,7,logistic_regression,a4_split_shift,jetson_orin_nx_super_ina3221_20260608t140153z,0.7111642533503251,0.7013539904262316,0.7062591218882783,0.0,1.0,0.0001317441976991,7590467.113274198,2.061473846435547,7.885391547583102e-05,5.428098390036929,0.5969650698169422,90000,0,1.0,1.0,1.0,1.0,8,1,python_sklearn_cpu,measured_onboard_sensor,jetson_ina3221_vdd_in,results/configs/tier_e_core4_hgb_mlp_timed/cicids2017.yaml,47333d555b1d86b5a6293e99504dde3a76fb3eea4e754d56bdc8f267bbd77aad,day_holdout,train,test,0.0
CICIDS2017,cicids2017_friday_holdout_sample,8,logistic_regression,a4_split_shift,jetson_orin_nx_super_ina3221_20260608t140153z,0.7004459347941381,0.6919581705221884,0.6962020526581633,0.0,1.0,0.0001313768851751,7611689.062855515,2.061370849609375,7.885391547583102e-05,5.696485225181666,0.5815402737321382,90000,0,1.0,1.0,1.0,1.0,8,1,python_sklearn_cpu,measured_onboard_sensor,jetson_ina3221_vdd_in,results/configs/tier_e_core4_hgb_mlp_timed/cicids2017.yaml,1a15cd41c285693e76533aeff6d85a03deed253227a0fa7db3c6a63db7caf4ad,day_holdout,train,test,0.0
CICIDS2017,cicids2017_friday_holdout_sample,9,logistic_regression,a4_split_shift,jetson_orin_nx_super_ina3221_20260608t140153z,0.7190566239079073,0.7083922535269037,0.7137244387174055,0.0,1.0,0.0001324399113137,7550594.002066782,2.061473846435547,7.885391547583102e-05,5.306446864571593,0.6068634157047197,90000,0,1.0,1.0,1.0,1.0,8,1,python_sklearn_cpu,measured_onboard_sensor,jetson_ina3221_vdd_in,results/configs/tier_e_core4_hgb_mlp_timed/cicids2017.yaml,360aa5fc7a19f9c9cb1fbe22a5a5a97888eb5557cac716a5a08a937b7d627da5,day_holdout,train,test,0.0
CICIDS2017,cicids2017_friday_holdout_sample,0,mlp_sklearn,a0_clean,jetson_orin_nx_super_ina3221_20260608t140153z,0.6496777317242423,0.6536810978654233,0.6516794147948328,0.0,1.0,0.000449313907787,2225615.5054829684,44.63346290588379,7.885391547583102e-05,6.842695212930501,0.5106180632025793,90000,0,1.0,1.0,1.0,1.0,8,1,python_sklearn_cpu,measured_onboard_sensor,jetson_ina3221_vdd_in,results/configs/tier_e_core4_hgb_mlp_timed/cicids2017.yaml,c1a742e08c7ef81748b8a538e7a6a7d71046a45539e1067d3979fe7984cc55e1,,,,0.0
CICIDS2017,cicids2017_friday_holdout_sample,1,mlp_sklearn,a0_clean,jetson_orin_nx_super_ina3221_20260608t140153z,0.6536879742526862,0.6570614015847778,0.655374687918732,0.0,1.0,0.0004547464167828,2199027.7726091547,44.63351440429688,7.885391547583102e-05,6.812352893830473,0.5149201674832383,90000,0,1.0,1.0,1.0,1.0,8,1,python_sklearn_cpu,measured_onboard_sensor,jetson_ina3221_vdd_in,results/configs/tier_e_core4_hgb_mlp_timed/cicids2017.yaml,dda0d04b7b5243543b3b901e78c630c688728729dc345fa894703feadcf095ac,,,,0.0
CICIDS2017,cicids2017_friday_holdout_sample,2,mlp_sklearn,a0_clean,jetson_orin_nx_super_ina3221_20260608t140153z,0.6491554016543133,0.653750731599626,0.6514530666269697,0.0,1.0,0.0004531143539417,2206948.4034237,44.63351440429688,7.885391547583102e-05,6.880975588056378,0.5096260957099188,90000,0,1.0,1.0,1.0,1.0,8,1,python_sklearn_cpu,measured_onboard_sensor,jetson_ina3221_vdd_in,results/configs/tier_e_core4_hgb_mlp_timed/cicids2017.yaml,1c850558226c77cd66dc1d6b24325d24a6c18a723efa2321e4ec284a6edd21ce,,,,0.0
CICIDS2017,cicids2017_friday_holdout_sample,3,mlp_sklearn,a0_clean,jetson_orin_nx_super_ina3221_20260608t140153z,0.6520127473865888,0.6558838539577154,0.653948300672152,0.0,1.0,0.0004479161832326,2232560.549125363,44.6336030960083,7.885391547583102e-05,6.841204294322035,0.512916759754949,90000,0,1.0,1.0,1.0,1.0,8,1,python_sklearn_cpu,measured_onboard_sensor,jetson_ina3221_vdd_in,results/configs/tier_e_core4_hgb_mlp_timed/cicids2017.yaml,f53ede00bdb7188e4b262fb87fee7ecc2bd99448d4434706334678781c0b9e6e,,,,0.0
CICIDS2017,cicids2017_friday_holdout_sample,4,mlp_sklearn,a0_clean,jetson_orin_nx_super_ina3221_20260608t140153z,0.6517093493422964,0.6556259899923517,0.653667669667324,0.0,1.0,0.0004493928895681,2225224.3487008386,44.63351440429688,7.885391547583102e-05,6.843309800567009,0.5125940222595663,90000,0,1.0,1.0,1.0,1.0,8,1,python_sklearn_cpu,measured_onboard_sensor,jetson_ina3221_vdd_in,results/configs/tier_e_core4_hgb_mlp_timed/cicids2017.yaml,83a33f689ce51881ad2773568a01cbe7d54d794e380216ddfc4c903bdf74fa46,,,,0.0
CICIDS2017,cicids2017_friday_holdout_sample,5,mlp_sklearn,a0_clean,jetson_orin_nx_super_ina3221_20260608t140153z,0.648755268831049,0.6526011791695174,0.6506782240002832,0.0,1.0,0.000475797016374,2101736.59267706,44.63351440429688,7.885391547583102e-05,6.828957267179851,0.5098915722059346,90000,0,1.0,1.0,1.0,1.0,8,1,python_sklearn_cpu,measured_onboard_sensor,jetson_ina3221_vdd_in,results/configs/tier_e_core4_hgb_mlp_timed/cicids2017.yaml,154decb67e6b890c3fd614b7ea21f2fbd7da180b43b82fd0199906bbaab6d2c8,,,,0.0
CICIDS2017,cicids2017_friday_holdout_sample,6,mlp_sklearn,a0_clean,jetson_orin_nx_super_ina3221_20260608t140153z,0.6523711176203455,0.656040303144944,0.6542057103826447,0.0,1.0,0.0004589765675094,2178760.4657605025,44.63351440429688,7.885391547583102e-05,6.828438132485983,0.5134294763538945,90000,0,1.0,1.0,1.0,1.0,8,1,python_sklearn_cpu,measured_onboard_sensor,jetson_ina3221_vdd_in,results/configs/tier_e_core4_hgb_mlp_timed/cicids2017.yaml,699ce3fad5f9c0dd5634a12cb62cc2028ef9d1e7654cffb383e35c3f90a2b669,,,,0.0
CICIDS2017,cicids2017_friday_holdout_sample,7,mlp_sklearn,a0_clean,jetson_orin_nx_super_ina3221_20260608t140153z,0.6494807171422148,0.6538281731999074,0.6516544451710611,0.0,1.0,0.0004507839045577,2218357.8204305726,44.63351440429688,7.885391547583102e-05,6.865452847818102,0.5101379339179205,90000,0,1.0,1.0,1.0,1.0,8,1,python_sklearn_cpu,measured_onboard_sensor,jetson_ina3221_vdd_in,results/configs/tier_e_core4_hgb_mlp_timed/cicids2017.yaml,47333d555b1d86b5a6293e99504dde3a76fb3eea4e754d56bdc8f267bbd77aad,,,,0.0
CICIDS2017,cicids2017_friday_holdout_sample,8,mlp_sklearn,a0_clean,jetson_orin_nx_super_ina3221_20260608t140153z,0.6514667542223653,0.6554618537835113,0.6534643040029383,0.0,1.0,0.0004505694421176,2219413.716341002,44.6334114074707,7.885391547583102e-05,6.847877481822679,0.5122993083130589,90000,0,1.0,1.0,1.0,1.0,8,1,python_sklearn_cpu,measured_onboard_sensor,jetson_ina3221_vdd_in,results/configs/tier_e_core4_hgb_mlp_timed/cicids2017.yaml,1a15cd41c285693e76533aeff6d85a03deed253227a0fa7db3c6a63db7caf4ad,,,,0.0
CICIDS2017,cicids2017_friday_holdout_sample,9,mlp_sklearn,a0_clean,jetson_orin_nx_super_ina3221_20260608t140153z,0.6518298949939891,0.6557111845532908,0.65377053977364,0.0,1.0,0.0004475491389813,2234391.517937235,44.63346290588379,7.885391547583102e-05,6.84128467007851,0.51273740271809,90000,0,1.0,1.0,1.0,1.0,8,1,python_sklearn_cpu,measured_onboard_sensor,jetson_ina3221_vdd_in,results/configs/tier_e_core4_hgb_mlp_timed/cicids2017.yaml,360aa5fc7a19f9c9cb1fbe22a5a5a97888eb5557cac716a5a08a937b7d627da5,,,,0.0
CICIDS2017,cicids2017_friday_holdout_sample,0,mlp_sklearn,a1_constrained_feature,jetson_orin_nx_super_ina3221_20260608t140153z,0.6496777317242423,0.6536810978654233,0.6512792157743683,0.6840755695717528,0.9994888888888888,0.000449313907787,2225615.5054829684,44.63346290588379,7.885391547583102e-05,6.842695212930501,0.5103579338392774,89954,46,1.0,0.9994888888888888,1.0,1.0,8,1,python_sklearn_cpu,measured_onboard_sensor,jetson_ina3221_vdd_in,results/configs/tier_e_core4_hgb_mlp_timed/cicids2017.yaml,c1a742e08c7ef81748b8a538e7a6a7d71046a45539e1067d3979fe7984cc55e1,,,,0.0
CICIDS2017,cicids2017_friday_holdout_sample,1,mlp_sklearn,a1_constrained_feature,jetson_orin_nx_super_ina3221_20260608t140153z,0.6536879742526862,0.6570614015847778,0.6551503580724745,0.6811457535215418,0.9995111111111112,0.0004547464167828,2199027.7726091547,44.63351440429688,7.885391547583102e-05,6.812352893830473,0.514774353083171,89956,44,1.0,0.9995111111111112,1.0,1.0,8,1,python_sklearn_cpu,measured_onboard_sensor,jetson_ina3221_vdd_in,results/configs/tier_e_core4_hgb_mlp_timed/cicids2017.yaml,dda0d04b7b5243543b3b901e78c630c688728729dc345fa894703feadcf095ac,,,,0.0
CICIDS2017,cicids2017_friday_holdout_sample,2,mlp_sklearn,a1_constrained_feature,jetson_orin_nx_super_ina3221_20260608t140153z,0.6491554016543133,0.653750731599626,0.6415621484768723,0.7057063410505954,0.9893111111111113,0.0004531143539417,2206948.4034237,44.63351440429688,7.885391547583102e-05,6.880975588056378,0.5031969989123555,89038,962,1.0,0.9893111111111113,1.0,1.0,8,1,python_sklearn_cpu,measured_onboard_sensor,jetson_ina3221_vdd_in,results/configs/tier_e_core4_hgb_mlp_timed/cicids2017.yaml,1c850558226c77cd66dc1d6b24325d24a6c18a723efa2321e4ec284a6edd21ce,,,,0.0
CICIDS2017,cicids2017_friday_holdout_sample,3,mlp_sklearn,a1_constrained_feature,jetson_orin_nx_super_ina3221_20260608t140153z,0.6520127473865888,0.6558838539577154,0.6449169256896193,0.7002473306388369,0.9901111111111112,0.0004479161832326,2232560.549125363,44.6336030960083,7.885391547583102e-05,6.841204294322035,0.5070463660163028,89110,890,1.0,0.9901111111111112,1.0,1.0,8,1,python_sklearn_cpu,measured_onboard_sensor,jetson_ina3221_vdd_in,results/configs/tier_e_core4_hgb_mlp_timed/cicids2017.yaml,f53ede00bdb7188e4b262fb87fee7ecc2bd99448d4434706334678781c0b9e6e,,,,0.0
CICIDS2017,cicids2017_friday_holdout_sample,4,mlp_sklearn,a1_constrained_feature,jetson_orin_nx_super_ina3221_20260608t140153z,0.6517093493422964,0.6556259899923517,0.6438205241154178,0.7018794947724664,0.9892666666666666,0.0004493928895681,2225224.3487008386,44.63351440429688,7.885391547583102e-05,6.843309800567009,0.5061933776508273,89034,966,1.0,0.9892666666666666,1.0,1.0,8,1,python_sklearn_cpu,measured_onboard_sensor,jetson_ina3221_vdd_in,results/configs/tier_e_core4_hgb_mlp_timed/cicids2017.yaml,83a33f689ce51881ad2773568a01cbe7d54d794e380216ddfc4c903bdf74fa46,,,,0.0
CICIDS2017,cicids2017_friday_holdout_sample,5,mlp_sklearn,a1_constrained_feature,jetson_orin_nx_super_ina3221_20260608t140153z,0.648755268831049,0.6526011791695174,0.650493330850452,0.6819507882716959,0.9995777777777778,0.000475797016374,2101736.59267706,44.63351440429688,7.885391547583102e-05,6.828957267179851,0.5097713916585443,89962,38,1.0,0.9995777777777778,1.0,1.0,8,1,python_sklearn_cpu,measured_onboard_sensor,jetson_ina3221_vdd_in,results/configs/tier_e_core4_hgb_mlp_timed/cicids2017.yaml,154decb67e6b890c3fd614b7ea21f2fbd7da180b43b82fd0199906bbaab6d2c8,,,,0.0
CICIDS2017,cicids2017_friday_holdout_sample,6,mlp_sklearn,a1_constrained_feature,jetson_orin_nx_super_ina3221_20260608t140153z,0.6523711176203455,0.656040303144944,0.6538714906164621,0.6828722119096026,0.9994555555555557,0.0004589765675094,2178760.4657605025,44.63351440429688,7.885391547583102e-05,6.828438132485983,0.5132122335058757,89951,49,1.0,0.9994555555555557,1.0,1.0,8,1,python_sklearn_cpu,measured_onboard_sensor,jetson_ina3221_vdd_in,results/configs/tier_e_core4_hgb_mlp_timed/cicids2017.yaml,699ce3fad5f9c0dd5634a12cb62cc2028ef9d1e7654cffb383e35c3f90a2b669,,,,0.0
CICIDS2017,cicids2017_friday_holdout_sample,7,mlp_sklearn,a1_constrained_feature,jetson_orin_nx_super_ina3221_20260608t140153z,0.6494807171422148,0.6538281731999074,0.6423892228288971,0.7028070069647542,0.9900111111111112,0.0004507839045577,2218357.8204305726,44.63351440429688,7.885391547583102e-05,6.865452847818102,0.5041155393955139,89101,899,1.0,0.9900111111111112,1.0,1.0,8,1,python_sklearn_cpu,measured_onboard_sensor,jetson_ina3221_vdd_in,results/configs/tier_e_core4_hgb_mlp_timed/cicids2017.yaml,47333d555b1d86b5a6293e99504dde3a76fb3eea4e754d56bdc8f267bbd77aad,,,,0.0
CICIDS2017,cicids2017_friday_holdout_sample,8,mlp_sklearn,a1_constrained_feature,jetson_orin_nx_super_ina3221_20260608t140153z,0.6514667542223653,0.6554618537835113,0.652886320193999,0.6853697369972874,0.9991777777777778,0.0004505694421176,2219413.716341002,44.6334114074707,7.885391547583102e-05,6.847877481822679,0.5119236188372484,89926,74,1.0,0.9991777777777778,1.0,1.0,8,1,python_sklearn_cpu,measured_onboard_sensor,jetson_ina3221_vdd_in,results/configs/tier_e_core4_hgb_mlp_timed/cicids2017.yaml,1a15cd41c285693e76533aeff6d85a03deed253227a0fa7db3c6a63db7caf4ad,,,,0.0
CICIDS2017,cicids2017_friday_holdout_sample,9,mlp_sklearn,a1_constrained_feature,jetson_orin_nx_super_ina3221_20260608t140153z,0.6518298949939891,0.6557111845532908,0.6531709982291288,0.6847242701268063,0.9991111111111112,0.0004475491389813,2234391.517937235,44.63346290588379,7.885391547583102e-05,6.84128467007851,0.5123477007141577,89920,80,1.0,0.9991111111111112,1.0,1.0,8,1,python_sklearn_cpu,measured_onboard_sensor,jetson_ina3221_vdd_in,results/configs/tier_e_core4_hgb_mlp_timed/cicids2017.yaml,360aa5fc7a19f9c9cb1fbe22a5a5a97888eb5557cac716a5a08a937b7d627da5,,,,0.0
CICIDS2017,cicids2017_friday_holdout_sample,0,mlp_sklearn,a1_constrained_score_search,jetson_orin_nx_super_ina3221_20260608t140153z,0.6496777317242423,0.6536810978654233,0.6505679960711492,0.6852839753603113,0.9994888888888888,0.000449313907787,2225615.5054829684,44.63346290588379,7.885391547583102e-05,6.842695212930501,0.509895641032185,89954,46,1.0,0.9994888888888888,1.0,1.0,8,1,python_sklearn_cpu,measured_onboard_sensor,jetson_ina3221_vdd_in,results/configs/tier_e_core4_hgb_mlp_timed/cicids2017.yaml,c1a742e08c7ef81748b8a538e7a6a7d71046a45539e1067d3979fe7984cc55e1,,,,0.0
CICIDS2017,cicids2017_friday_holdout_sample,1,mlp_sklearn,a1_constrained_score_search,jetson_orin_nx_super_ina3221_20260608t140153z,0.6536879742526862,0.6570614015847778,0.654422051520299,0.682383450226911,0.9995111111111112,0.0004547464167828,2199027.7726091547,44.63351440429688,7.885391547583102e-05,6.812352893830473,0.5143009538242569,89956,44,1.0,0.9995111111111112,1.0,1.0,8,1,python_sklearn_cpu,measured_onboard_sensor,jetson_ina3221_vdd_in,results/configs/tier_e_core4_hgb_mlp_timed/cicids2017.yaml,dda0d04b7b5243543b3b901e78c630c688728729dc345fa894703feadcf095ac,,,,0.0
CICIDS2017,cicids2017_friday_holdout_sample,2,mlp_sklearn,a1_constrained_score_search,jetson_orin_nx_super_ina3221_20260608t140153z,0.6491554016543133,0.653750731599626,0.6400433296744015,0.7082451792298857,0.9893111111111113,0.0004531143539417,2206948.4034237,44.63351440429688,7.885391547583102e-05,6.880975588056378,0.5022097666907495,89038,962,1.0,0.9893111111111113,1.0,1.0,8,1,python_sklearn_cpu,measured_onboard_sensor,jetson_ina3221_vdd_in,results/configs/tier_e_core4_hgb_mlp_timed/cicids2017.yaml,1c850558226c77cd66dc1d6b24325d24a6c18a723efa2321e4ec284a6edd21ce,,,,0.0
CICIDS2017,cicids2017_friday_holdout_sample,3,mlp_sklearn,a1_constrained_score_search,jetson_orin_nx_super_ina3221_20260608t140153z,0.6520127473865888,0.6558838539577154,0.6438744929274755,0.7019967424745128,0.9901111111111112,0.0004479161832326,2232560.549125363,44.6336030960083,7.885391547583102e-05,6.841204294322035,0.5063687847209092,89110,890,1.0,0.9901111111111112,1.0,1.0,8,1,python_sklearn_cpu,measured_onboard_sensor,jetson_ina3221_vdd_in,results/configs/tier_e_core4_hgb_mlp_timed/cicids2017.yaml,f53ede00bdb7188e4b262fb87fee7ecc2bd99448d4434706334678781c0b9e6e,,,,0.0
CICIDS2017,cicids2017_friday_holdout_sample,4,mlp_sklearn,a1_constrained_score_search,jetson_orin_nx_super_ina3221_20260608t140153z,0.6517093493422964,0.6556259899923517,0.6437124517814687,0.7020607965190064,0.9892666666666666,0.0004493928895681,2225224.3487008386,44.63351440429688,7.885391547583102e-05,6.843309800567009,0.5061231306337604,89034,966,1.0,0.9892666666666666,1.0,1.0,8,1,python_sklearn_cpu,measured_onboard_sensor,jetson_ina3221_vdd_in,results/configs/tier_e_core4_hgb_mlp_timed/cicids2017.yaml,83a33f689ce51881ad2773568a01cbe7d54d794e380216ddfc4c903bdf74fa46,,,,0.0
CICIDS2017,cicids2017_friday_holdout_sample,5,mlp_sklearn,a1_constrained_score_search,jetson_orin_nx_super_ina3221_20260608t140153z,0.648755268831049,0.6526011791695174,0.6500784511427856,0.6826580226904376,0.9995777777777778,0.000475797016374,2101736.59267706,44.63351440429688,7.885391547583102e-05,6.828957267179851,0.5095017198485612,89962,38,1.0,0.9995777777777778,1.0,1.0,8,1,python_sklearn_cpu,measured_onboard_sensor,jetson_ina3221_vdd_in,results/configs/tier_e_core4_hgb_mlp_timed/cicids2017.yaml,154decb67e6b890c3fd614b7ea21f2fbd7da180b43b82fd0199906bbaab6d2c8,,,,0.0
CICIDS2017,cicids2017_friday_holdout_sample,6,mlp_sklearn,a1_constrained_score_search,jetson_orin_nx_super_ina3221_20260608t140153z,0.6523711176203455,0.656040303144944,0.6537326948494941,0.683107928931318,0.9994555555555557,0.0004589765675094,2178760.4657605025,44.63351440429688,7.885391547583102e-05,6.828438132485983,0.5131220162573464,89951,49,1.0,0.9994555555555557,1.0,1.0,8,1,python_sklearn_cpu,measured_onboard_sensor,jetson_ina3221_vdd_in,results/configs/tier_e_core4_hgb_mlp_timed/cicids2017.yaml,699ce3fad5f9c0dd5634a12cb62cc2028ef9d1e7654cffb383e35c3f90a2b669,,,,0.0
CICIDS2017,cicids2017_friday_holdout_sample,7,mlp_sklearn,a1_constrained_score_search,jetson_orin_nx_super_ina3221_20260608t140153z,0.6494807171422148,0.6538281731999074,0.6409861688635496,0.7051587421231947,0.9900111111111112,0.0004507839045577,2218357.8204305726,44.63351440429688,7.885391547583102e-05,6.865452847818102,0.5032035543180381,89101,899,1.0,0.9900111111111112,1.0,1.0,8,1,python_sklearn_cpu,measured_onboard_sensor,jetson_ina3221_vdd_in,results/configs/tier_e_core4_hgb_mlp_timed/cicids2017.yaml,47333d555b1d86b5a6293e99504dde3a76fb3eea4e754d56bdc8f267bbd77aad,,,,0.0
CICIDS2017,cicids2017_friday_holdout_sample,8,mlp_sklearn,a1_constrained_score_search,jetson_orin_nx_super_ina3221_20260608t140153z,0.6514667542223653,0.6554618537835113,0.6523294684068403,0.6863132444863781,0.9991777777777778,0.0004505694421176,2219413.716341002,44.6334114074707,7.885391547583102e-05,6.847877481822679,0.5115616651755952,89926,74,1.0,0.9991777777777778,1.0,1.0,8,1,python_sklearn_cpu,measured_onboard_sensor,jetson_ina3221_vdd_in,results/configs/tier_e_core4_hgb_mlp_timed/cicids2017.yaml,1a15cd41c285693e76533aeff6d85a03deed253227a0fa7db3c6a63db7caf4ad,,,,0.0
CICIDS2017,cicids2017_friday_holdout_sample,9,mlp_sklearn,a1_constrained_score_search,jetson_orin_nx_super_ina3221_20260608t140153z,0.6518298949939891,0.6557111845532908,0.6528405328491462,0.6852845768209967,0.9991111111111112,0.0004475491389813,2234391.517937235,44.63346290588379,7.885391547583102e-05,6.84128467007851,0.5121328982171691,89920,80,1.0,0.9991111111111112,1.0,1.0,8,1,python_sklearn_cpu,measured_onboard_sensor,jetson_ina3221_vdd_in,results/configs/tier_e_core4_hgb_mlp_timed/cicids2017.yaml,360aa5fc7a19f9c9cb1fbe22a5a5a97888eb5557cac716a5a08a937b7d627da5,,,,0.0
CICIDS2017,cicids2017_friday_holdout_sample,0,mlp_sklearn,a4_split_shift,jetson_orin_nx_super_ina3221_20260608t140153z,0.6496777317242423,0.6536810978654233,0.6516794147948328,0.0,1.0,0.000449313907787,2225615.5054829684,44.63346290588379,7.885391547583102e-05,6.842695212930501,0.5106180632025793,90000,0,1.0,1.0,1.0,1.0,8,1,python_sklearn_cpu,measured_onboard_sensor,jetson_ina3221_vdd_in,results/configs/tier_e_core4_hgb_mlp_timed/cicids2017.yaml,c1a742e08c7ef81748b8a538e7a6a7d71046a45539e1067d3979fe7984cc55e1,day_holdout,train,test,0.0
CICIDS2017,cicids2017_friday_holdout_sample,1,mlp_sklearn,a4_split_shift,jetson_orin_nx_super_ina3221_20260608t140153z,0.6536879742526862,0.6570614015847778,0.655374687918732,0.0,1.0,0.0004547464167828,2199027.7726091547,44.63351440429688,7.885391547583102e-05,6.812352893830473,0.5149201674832383,90000,0,1.0,1.0,1.0,1.0,8,1,python_sklearn_cpu,measured_onboard_sensor,jetson_ina3221_vdd_in,results/configs/tier_e_core4_hgb_mlp_timed/cicids2017.yaml,dda0d04b7b5243543b3b901e78c630c688728729dc345fa894703feadcf095ac,day_holdout,train,test,0.0
CICIDS2017,cicids2017_friday_holdout_sample,2,mlp_sklearn,a4_split_shift,jetson_orin_nx_super_ina3221_20260608t140153z,0.6491554016543133,0.653750731599626,0.6514530666269697,0.0,1.0,0.0004531143539417,2206948.4034237,44.63351440429688,7.885391547583102e-05,6.880975588056378,0.5096260957099188,90000,0,1.0,1.0,1.0,1.0,8,1,python_sklearn_cpu,measured_onboard_sensor,jetson_ina3221_vdd_in,results/configs/tier_e_core4_hgb_mlp_timed/cicids2017.yaml,1c850558226c77cd66dc1d6b24325d24a6c18a723efa2321e4ec284a6edd21ce,day_holdout,train,test,0.0
CICIDS2017,cicids2017_friday_holdout_sample,3,mlp_sklearn,a4_split_shift,jetson_orin_nx_super_ina3221_20260608t140153z,0.6520127473865888,0.6558838539577154,0.653948300672152,0.0,1.0,0.0004479161832326,2232560.549125363,44.6336030960083,7.885391547583102e-05,6.841204294322035,0.512916759754949,90000,0,1.0,1.0,1.0,1.0,8,1,python_sklearn_cpu,measured_onboard_sensor,jetson_ina3221_vdd_in,results/configs/tier_e_core4_hgb_mlp_timed/cicids2017.yaml,f53ede00bdb7188e4b262fb87fee7ecc2bd99448d4434706334678781c0b9e6e,day_holdout,train,test,0.0
CICIDS2017,cicids2017_friday_holdout_sample,4,mlp_sklearn,a4_split_shift,jetson_orin_nx_super_ina3221_20260608t140153z,0.6517093493422964,0.6556259899923517,0.653667669667324,0.0,1.0,0.0004493928895681,2225224.3487008386,44.63351440429688,7.885391547583102e-05,6.843309800567009,0.5125940222595663,90000,0,1.0,1.0,1.0,1.0,8,1,python_sklearn_cpu,measured_onboard_sensor,jetson_ina3221_vdd_in,results/configs/tier_e_core4_hgb_mlp_timed/cicids2017.yaml,83a33f689ce51881ad2773568a01cbe7d54d794e380216ddfc4c903bdf74fa46,day_holdout,train,test,0.0
CICIDS2017,cicids2017_friday_holdout_sample,5,mlp_sklearn,a4_split_shift,jetson_orin_nx_super_ina3221_20260608t140153z,0.648755268831049,0.6526011791695174,0.6506782240002832,0.0,1.0,0.000475797016374,2101736.59267706,44.63351440429688,7.885391547583102e-05,6.828957267179851,0.5098915722059346,90000,0,1.0,1.0,1.0,1.0,8,1,python_sklearn_cpu,measured_onboard_sensor,jetson_ina3221_vdd_in,results/configs/tier_e_core4_hgb_mlp_timed/cicids2017.yaml,154decb67e6b890c3fd614b7ea21f2fbd7da180b43b82fd0199906bbaab6d2c8,day_holdout,train,test,0.0
CICIDS2017,cicids2017_friday_holdout_sample,6,mlp_sklearn,a4_split_shift,jetson_orin_nx_super_ina3221_20260608t140153z,0.6523711176203455,0.656040303144944,0.6542057103826447,0.0,1.0,0.0004589765675094,2178760.4657605025,44.63351440429688,7.885391547583102e-05,6.828438132485983,0.5134294763538945,90000,0,1.0,1.0,1.0,1.0,8,1,python_sklearn_cpu,measured_onboard_sensor,jetson_ina3221_vdd_in,results/configs/tier_e_core4_hgb_mlp_timed/cicids2017.yaml,699ce3fad5f9c0dd5634a12cb62cc2028ef9d1e7654cffb383e35c3f90a2b669,day_holdout,train,test,0.0
CICIDS2017,cicids2017_friday_holdout_sample,7,mlp_sklearn,a4_split_shift,jetson_orin_nx_super_ina3221_20260608t140153z,0.6494807171422148,0.6538281731999074,0.6516544451710611,0.0,1.0,0.0004507839045577,2218357.8204305726,44.63351440429688,7.885391547583102e-05,6.865452847818102,0.5101379339179205,90000,0,1.0,1.0,1.0,1.0,8,1,python_sklearn_cpu,measured_onboard_sensor,jetson_ina3221_vdd_in,results/configs/tier_e_core4_hgb_mlp_timed/cicids2017.yaml,47333d555b1d86b5a6293e99504dde3a76fb3eea4e754d56bdc8f267bbd77aad,day_holdout,train,test,0.0
CICIDS2017,cicids2017_friday_holdout_sample,8,mlp_sklearn,a4_split_shift,jetson_orin_nx_super_ina3221_20260608t140153z,0.6514667542223653,0.6554618537835113,0.6534643040029383,0.0,1.0,0.0004505694421176,2219413.716341002,44.6334114074707,7.885391547583102e-05,6.847877481822679,0.5122993083130589,90000,0,1.0,1.0,1.0,1.0,8,1,python_sklearn_cpu,measured_onboard_sensor,jetson_ina3221_vdd_in,results/configs/tier_e_core4_hgb_mlp_timed/cicids2017.yaml,1a15cd41c285693e76533aeff6d85a03deed253227a0fa7db3c6a63db7caf4ad,day_holdout,train,test,0.0
CICIDS2017,cicids2017_friday_holdout_sample,9,mlp_sklearn,a4_split_shift,jetson_orin_nx_super_ina3221_20260608t140153z,0.6518298949939891,0.6557111845532908,0.65377053977364,0.0,1.0,0.0004475491389813,2234391.517937235,44.63346290588379,7.885391547583102e-05,6.84128467007851,0.51273740271809,90000,0,1.0,1.0,1.0,1.0,8,1,python_sklearn_cpu,measured_onboard_sensor,jetson_ina3221_vdd_in,results/configs/tier_e_core4_hgb_mlp_timed/cicids2017.yaml,360aa5fc7a19f9c9cb1fbe22a5a5a97888eb5557cac716a5a08a937b7d627da5,day_holdout,train,test,0.0
CICIDS2017,cicids2017_friday_holdout_sample,0,random_forest,a0_clean,jetson_orin_nx_super_ina3221_20260608t140153z,0.6553029042209461,0.65870387912015,0.657003391670548,0.0,1.0,0.0032642638555908,306347.784443724,29.882393836975098,7.885391547583102e-05,6.820461350011827,0.5175257312148562,90000,0,1.0,1.0,1.0,1.0,8,1,python_sklearn_cpu,measured_onboard_sensor,jetson_ina3221_vdd_in,results/configs/tier_e_core4_hgb_mlp_timed/cicids2017.yaml,c1a742e08c7ef81748b8a538e7a6a7d71046a45539e1067d3979fe7984cc55e1,,,,0.0
CICIDS2017,cicids2017_friday_holdout_sample,1,random_forest,a0_clean,jetson_orin_nx_super_ina3221_20260608t140153z,0.4675089613318325,0.5411852102486,0.5043470857902163,0.0,1.0,0.0032609918121145,306655.17045612494,29.8820743560791,7.885391547583102e-05,9.17308340233084,0.3178170165390648,90000,0,1.0,1.0,1.0,1.0,8,1,python_sklearn_cpu,measured_onboard_sensor,jetson_ina3221_vdd_in,results/configs/tier_e_core4_hgb_mlp_timed/cicids2017.yaml,dda0d04b7b5243543b3b901e78c630c688728729dc345fa894703feadcf095ac,,,,0.0
CICIDS2017,cicids2017_friday_holdout_sample,2,random_forest,a0_clean,jetson_orin_nx_super_ina3221_20260608t140153z,0.6532762282491665,0.6572296478190143,0.6552529380340903,0.0,1.0,0.0031236096453439,320142.43568834354,29.8820743560791,7.885391547583102e-05,6.851230933113407,0.5151602045399366,90000,0,1.0,1.0,1.0,1.0,8,1,python_sklearn_cpu,measured_onboard_sensor,jetson_ina3221_vdd_in,results/configs/tier_e_core4_hgb_mlp_timed/cicids2017.yaml,1c850558226c77cd66dc1d6b24325d24a6c18a723efa2321e4ec284a6edd21ce,,,,0.0
CICIDS2017,cicids2017_friday_holdout_sample,3,random_forest,a0_clean,jetson_orin_nx_super_ina3221_20260608t140153z,0.4755864050189197,0.5454924230779429,0.5105394140484313,0.0,1.0,0.0031268453544665,319811.1472227271,29.882022857666016,7.885391547583102e-05,9.08709976537884,0.3257293012633314,90000,0,1.0,1.0,1.0,1.0,8,1,python_sklearn_cpu,measured_onboard_sensor,jetson_ina3221_vdd_in,results/configs/tier_e_core4_hgb_mlp_timed/cicids2017.yaml,f53ede00bdb7188e4b262fb87fee7ecc2bd99448d4434706334678781c0b9e6e,,,,0.0
CICIDS2017,cicids2017_friday_holdout_sample,4,random_forest,a0_clean,jetson_orin_nx_super_ina3221_20260608t140153z,0.5828508868419295,0.60872134826491,0.5957861175534198,0.0,1.0,0.0033437580255364,299064.70275747933,29.882022857666016,7.885391547583102e-05,7.82236064200464,0.4362703350840389,90000,0,1.0,1.0,1.0,1.0,8,1,python_sklearn_cpu,measured_onboard_sensor,jetson_ina3221_vdd_in,results/configs/tier_e_core4_hgb_mlp_timed/cicids2017.yaml,83a33f689ce51881ad2773568a01cbe7d54d794e380216ddfc4c903bdf74fa46,,,,0.0
CICIDS2017,cicids2017_friday_holdout_sample,5,random_forest,a0_clean,jetson_orin_nx_super_ina3221_20260608t140153z,0.6520999673081292,0.656370081127057,0.6542350242175932,0.0,1.0,0.0034434353340637,290407.6606601667,29.88196182250977,7.885391547583102e-05,6.868582886587409,0.5137945939420849,90000,0,1.0,1.0,1.0,1.0,8,1,python_sklearn_cpu,measured_onboard_sensor,jetson_ina3221_vdd_in,results/configs/tier_e_core4_hgb_mlp_timed/cicids2017.yaml,154decb67e6b890c3fd614b7ea21f2fbd7da180b43b82fd0199906bbaab6d2c8,,,,0.0
CICIDS2017,cicids2017_friday_holdout_sample,6,random_forest,a0_clean,jetson_orin_nx_super_ina3221_20260608t140153z,0.464510782342235,0.5395923054778349,0.5020515439100349,0.0,1.0,0.0031071287349914,321840.54324442445,29.88273906707764,7.885391547583102e-05,9.204620258476426,0.3148910053528917,90000,0,1.0,1.0,1.0,1.0,8,1,python_sklearn_cpu,measured_onboard_sensor,jetson_ina3221_vdd_in,results/configs/tier_e_core4_hgb_mlp_timed/cicids2017.yaml,699ce3fad5f9c0dd5634a12cb62cc2028ef9d1e7654cffb383e35c3f90a2b669,,,,0.0
CICIDS2017,cicids2017_friday_holdout_sample,7,random_forest,a0_clean,jetson_orin_nx_super_ina3221_20260608t140153z,0.6534139746804657,0.6573451948321246,0.6553795847562951,0.0,1.0,0.0031176224505502,320757.2487885726,29.882795333862305,7.885391547583102e-05,6.850204949930063,0.5153073260170113,90000,0,1.0,1.0,1.0,1.0,8,1,python_sklearn_cpu,measured_onboard_sensor,jetson_ina3221_vdd_in,results/configs/tier_e_core4_hgb_mlp_timed/cicids2017.yaml,47333d555b1d86b5a6293e99504dde3a76fb3eea4e754d56bdc8f267bbd77aad,,,,0.0
CICIDS2017,cicids2017_friday_holdout_sample,8,random_forest,a0_clean,jetson_orin_nx_super_ina3221_20260608t140153z,0.4683671780743442,0.541611639109805,0.5049894085920746,0.0,1.0,0.0032680310661089,305994.64318759897,29.88294982910156,7.885391547583102e-05,9.163751726932448,0.3186458884888624,90000,0,1.0,1.0,1.0,1.0,8,1,python_sklearn_cpu,measured_onboard_sensor,jetson_ina3221_vdd_in,results/configs/tier_e_core4_hgb_mlp_timed/cicids2017.yaml,1a15cd41c285693e76533aeff6d85a03deed253227a0fa7db3c6a63db7caf4ad,,,,0.0
CICIDS2017,cicids2017_friday_holdout_sample,9,random_forest,a0_clean,jetson_orin_nx_super_ina3221_20260608t140153z,0.6102191040631065,0.6268534707264586,0.6185362873947826,0.0,1.0,0.0033847535807419,295442.4823389352,29.88284683227539,7.885391547583102e-05,7.459396953503953,0.4662796276541657,90000,0,1.0,1.0,1.0,1.0,8,1,python_sklearn_cpu,measured_onboard_sensor,jetson_ina3221_vdd_in,results/configs/tier_e_core4_hgb_mlp_timed/cicids2017.yaml,360aa5fc7a19f9c9cb1fbe22a5a5a97888eb5557cac716a5a08a937b7d627da5,,,,0.0
CICIDS2017,cicids2017_friday_holdout_sample,0,random_forest,a1_constrained_feature,jetson_orin_nx_super_ina3221_20260608t140153z,0.6553029042209461,0.65870387912015,0.6562743192871807,0.6832797901500192,0.9994888888888888,0.0032642638555908,306347.784443724,29.882393836975098,7.885391547583102e-05,6.820461350011827,0.5170518341656674,89954,46,1.0,0.9994888888888888,1.0,1.0,8,1,python_sklearn_cpu,measured_onboard_sensor,jetson_ina3221_vdd_in,results/configs/tier_e_core4_hgb_mlp_timed/cicids2017.yaml,c1a742e08c7ef81748b8a538e7a6a7d71046a45539e1067d3979fe7984cc55e1,,,,0.0
CICIDS2017,cicids2017_friday_holdout_sample,1,random_forest,a1_constrained_feature,jetson_orin_nx_super_ina3221_20260608t140153z,0.4675089613318325,0.5411852102486,0.4494322639235799,0.9902752401720988,0.9995111111111112,0.0032609918121145,306655.17045612494,29.8820743560791,7.885391547583102e-05,9.17308340233084,0.2821223823257512,89956,44,1.0,0.9995111111111112,1.0,1.0,8,1,python_sklearn_cpu,measured_onboard_sensor,jetson_ina3221_vdd_in,results/configs/tier_e_core4_hgb_mlp_timed/cicids2017.yaml,dda0d04b7b5243543b3b901e78c630c688728729dc345fa894703feadcf095ac,,,,0.0
CICIDS2017,cicids2017_friday_holdout_sample,2,random_forest,a1_constrained_feature,jetson_orin_nx_super_ina3221_20260608t140153z,0.6532762282491665,0.6572296478190143,0.5861584834215847,0.7986459529710451,0.9893111111111113,0.0031236096453439,320142.43568834354,29.8820743560791,7.885391547583102e-05,6.851230933113407,0.470248809041808,89038,962,1.0,0.9893111111111113,1.0,1.0,8,1,python_sklearn_cpu,measured_onboard_sensor,jetson_ina3221_vdd_in,results/configs/tier_e_core4_hgb_mlp_timed/cicids2017.yaml,1c850558226c77cd66dc1d6b24325d24a6c18a723efa2321e4ec284a6edd21ce,,,,0.0
CICIDS2017,cicids2017_friday_holdout_sample,3,random_forest,a1_constrained_feature,jetson_orin_nx_super_ina3221_20260608t140153z,0.4755864050189197,0.5454924230779429,0.4552113450673593,0.984134644386801,0.9901111111111112,0.0031268453544665,319811.1472227271,29.882022857666016,7.885391547583102e-05,9.08709976537884,0.2897660564256346,89110,890,1.0,0.9901111111111112,1.0,1.0,8,1,python_sklearn_cpu,measured_onboard_sensor,jetson_ina3221_vdd_in,results/configs/tier_e_core4_hgb_mlp_timed/cicids2017.yaml,f53ede00bdb7188e4b262fb87fee7ecc2bd99448d4434706334678781c0b9e6e,,,,0.0
CICIDS2017,cicids2017_friday_holdout_sample,4,random_forest,a1_constrained_feature,jetson_orin_nx_super_ina3221_20260608t140153z,0.5828508868419295,0.60872134826491,0.507015611250537,0.9149996978304225,0.9892666666666666,0.0033437580255364,299064.70275747933,29.882022857666016,7.885391547583102e-05,7.82236064200464,0.378569505987165,89034,966,1.0,0.9892666666666666,1.0,1.0,8,1,python_sklearn_cpu,measured_onboard_sensor,jetson_ina3221_vdd_in,results/configs/tier_e_core4_hgb_mlp_timed/cicids2017.yaml,83a33f689ce51881ad2773568a01cbe7d54d794e380216ddfc4c903bdf74fa46,,,,0.0
CICIDS2017,cicids2017_friday_holdout_sample,5,random_forest,a1_constrained_feature,jetson_orin_nx_super_ina3221_20260608t140153z,0.6520999673081292,0.656370081127057,0.5370663546975831,0.8709002504788567,0.9995777777777778,0.0034434353340637,290407.6606601667,29.88196182250977,7.885391547583102e-05,6.868582886587409,0.4376349587540784,89962,38,1.0,0.9995777777777778,1.0,1.0,8,1,python_sklearn_cpu,measured_onboard_sensor,jetson_ina3221_vdd_in,results/configs/tier_e_core4_hgb_mlp_timed/cicids2017.yaml,154decb67e6b890c3fd614b7ea21f2fbd7da180b43b82fd0199906bbaab6d2c8,,,,0.0
CICIDS2017,cicids2017_friday_holdout_sample,6,random_forest,a1_constrained_feature,jetson_orin_nx_super_ina3221_20260608t140153z,0.464510782342235,0.5395923054778349,0.4901136894992692,0.9367689089248358,0.9994555555555557,0.0031071287349914,321840.54324442445,29.88273906707764,7.885391547583102e-05,9.204620258476426,0.3071313999858941,89951,49,1.0,0.9994555555555557,1.0,1.0,8,1,python_sklearn_cpu,measured_onboard_sensor,jetson_ina3221_vdd_in,results/configs/tier_e_core4_hgb_mlp_timed/cicids2017.yaml,699ce3fad5f9c0dd5634a12cb62cc2028ef9d1e7654cffb383e35c3f90a2b669,,,,0.0
CICIDS2017,cicids2017_friday_holdout_sample,7,random_forest,a1_constrained_feature,jetson_orin_nx_super_ina3221_20260608t140153z,0.6534139746804657,0.6573451948321246,0.5163776557372453,0.9017999819097297,0.9900111111111112,0.0031176224505502,320757.2487885726,29.882795333862305,7.885391547583102e-05,6.850204949930063,0.4249560721546289,89101,899,1.0,0.9900111111111112,1.0,1.0,8,1,python_sklearn_cpu,measured_onboard_sensor,jetson_ina3221_vdd_in,results/configs/tier_e_core4_hgb_mlp_timed/cicids2017.yaml,47333d555b1d86b5a6293e99504dde3a76fb3eea4e754d56bdc8f267bbd77aad,,,,0.0
CICIDS2017,cicids2017_friday_holdout_sample,8,random_forest,a1_constrained_feature,jetson_orin_nx_super_ina3221_20260608t140153z,0.4683671780743442,0.541611639109805,0.4743886586938527,0.9578370090812596,0.9991777777777778,0.0032680310661089,305994.64318759897,29.88294982910156,7.885391547583102e-05,9.163751726932448,0.2987554010550182,89926,74,1.0,0.9991777777777778,1.0,1.0,8,1,python_sklearn_cpu,measured_onboard_sensor,jetson_ina3221_vdd_in,results/configs/tier_e_core4_hgb_mlp_timed/cicids2017.yaml,1a15cd41c285693e76533aeff6d85a03deed253227a0fa7db3c6a63db7caf4ad,,,,0.0
CICIDS2017,cicids2017_friday_holdout_sample,9,random_forest,a1_constrained_feature,jetson_orin_nx_super_ina3221_20260608t140153z,0.6102191040631065,0.6268534707264586,0.490928308769105,0.935712179298142,0.9991111111111112,0.0033847535807419,295442.4823389352,29.88284683227539,7.885391547583102e-05,7.459396953503953,0.3833344415474753,89920,80,1.0,0.9991111111111112,1.0,1.0,8,1,python_sklearn_cpu,measured_onboard_sensor,jetson_ina3221_vdd_in,results/configs/tier_e_core4_hgb_mlp_timed/cicids2017.yaml,360aa5fc7a19f9c9cb1fbe22a5a5a97888eb5557cac716a5a08a937b7d627da5,,,,0.0
CICIDS2017,cicids2017_friday_holdout_sample,0,random_forest,a1_constrained_score_search,jetson_orin_nx_super_ina3221_20260608t140153z,0.6553029042209461,0.65870387912015,0.6560481494169154,0.6836629432049279,0.9994888888888888,0.0032642638555908,306347.784443724,29.882393836975098,7.885391547583102e-05,6.820461350011827,0.5169048237499949,89954,46,1.0,0.9994888888888888,1.0,1.0,8,1,python_sklearn_cpu,measured_onboard_sensor,jetson_ina3221_vdd_in,results/configs/tier_e_core4_hgb_mlp_timed/cicids2017.yaml,c1a742e08c7ef81748b8a538e7a6a7d71046a45539e1067d3979fe7984cc55e1,,,,0.0
CICIDS2017,cicids2017_friday_holdout_sample,1,random_forest,a1_constrained_score_search,jetson_orin_nx_super_ina3221_20260608t140153z,0.4675089613318325,0.5411852102486,0.4419408404239579,0.9997642482465964,0.9995111111111112,0.0032609918121145,306655.17045612494,29.8820743560791,7.885391547583102e-05,9.17308340233084,0.2772529570509969,89956,44,1.0,0.9995111111111112,1.0,1.0,8,1,python_sklearn_cpu,measured_onboard_sensor,jetson_ina3221_vdd_in,results/configs/tier_e_core4_hgb_mlp_timed/cicids2017.yaml,dda0d04b7b5243543b3b901e78c630c688728729dc345fa894703feadcf095ac,,,,0.0
CICIDS2017,cicids2017_friday_holdout_sample,2,random_forest,a1_constrained_score_search,jetson_orin_nx_super_ina3221_20260608t140153z,0.6532762282491665,0.6572296478190143,0.5167939440196209,0.9012875536480688,0.9893111111111113,0.0031236096453439,320142.43568834354,29.8820743560791,7.885391547583102e-05,6.851230933113407,0.4251618584305314,89038,962,1.0,0.9893111111111113,1.0,1.0,8,1,python_sklearn_cpu,measured_onboard_sensor,jetson_ina3221_vdd_in,results/configs/tier_e_core4_hgb_mlp_timed/cicids2017.yaml,1c850558226c77cd66dc1d6b24325d24a6c18a723efa2321e4ec284a6edd21ce,,,,0.0
CICIDS2017,cicids2017_friday_holdout_sample,3,random_forest,a1_constrained_score_search,jetson_orin_nx_super_ina3221_20260608t140153z,0.4755864050189197,0.5454924230779429,0.4432174884197475,0.999396754539422,0.9901111111111112,0.0031268453544665,319811.1472227271,29.882022857666016,7.885391547583102e-05,9.08709976537884,0.2819700496046869,89110,890,1.0,0.9901111111111112,1.0,1.0,8,1,python_sklearn_cpu,measured_onboard_sensor,jetson_ina3221_vdd_in,results/configs/tier_e_core4_hgb_mlp_timed/cicids2017.yaml,f53ede00bdb7188e4b262fb87fee7ecc2bd99448d4434706334678781c0b9e6e,,,,0.0
CICIDS2017,cicids2017_friday_holdout_sample,4,random_forest,a1_constrained_score_search,jetson_orin_nx_super_ina3221_20260608t140153z,0.5828508868419295,0.60872134826491,0.486263026086195,0.9433734211639572,0.9892666666666666,0.0033437580255364,299064.70275747933,29.882022857666016,7.885391547583102e-05,7.82236064200464,0.3650803256303427,89034,966,1.0,0.9892666666666666,1.0,1.0,8,1,python_sklearn_cpu,measured_onboard_sensor,jetson_ina3221_vdd_in,results/configs/tier_e_core4_hgb_mlp_timed/cicids2017.yaml,83a33f689ce51881ad2773568a01cbe7d54d794e380216ddfc4c903bdf74fa46,,,,0.0
CICIDS2017,cicids2017_friday_holdout_sample,5,random_forest,a1_constrained_score_search,jetson_orin_nx_super_ina3221_20260608t140153z,0.6520999673081292,0.656370081127057,0.4794167790331505,0.95114188890526,0.9995777777777778,0.0034434353340637,290407.6606601667,29.88196182250977,7.885391547583102e-05,6.868582886587409,0.4001627345721972,89962,38,1.0,0.9995777777777778,1.0,1.0,8,1,python_sklearn_cpu,measured_onboard_sensor,jetson_ina3221_vdd_in,results/configs/tier_e_core4_hgb_mlp_timed/cicids2017.yaml,154decb67e6b890c3fd614b7ea21f2fbd7da180b43b82fd0199906bbaab6d2c8,,,,0.0
CICIDS2017,cicids2017_friday_holdout_sample,6,random_forest,a1_constrained_score_search,jetson_orin_nx_super_ina3221_20260608t140153z,0.464510782342235,0.5395923054778349,0.4755394942014095,0.956303957099502,0.9994555555555557,0.0031071287349914,321840.54324442445,29.88273906707764,7.885391547583102e-05,9.204620258476426,0.2976581730422852,89951,49,1.0,0.9994555555555557,1.0,1.0,8,1,python_sklearn_cpu,measured_onboard_sensor,jetson_ina3221_vdd_in,results/configs/tier_e_core4_hgb_mlp_timed/cicids2017.yaml,699ce3fad5f9c0dd5634a12cb62cc2028ef9d1e7654cffb383e35c3f90a2b669,,,,0.0
CICIDS2017,cicids2017_friday_holdout_sample,7,random_forest,a1_constrained_score_search,jetson_orin_nx_super_ina3221_20260608t140153z,0.6534139746804657,0.6573451948321246,0.4609056405038094,0.976754002472337,0.9900111111111112,0.0031176224505502,320757.2487885726,29.882795333862305,7.885391547583102e-05,6.850204949930063,0.3888992622528956,89101,899,1.0,0.9900111111111112,1.0,1.0,8,1,python_sklearn_cpu,measured_onboard_sensor,jetson_ina3221_vdd_in,results/configs/tier_e_core4_hgb_mlp_timed/cicids2017.yaml,47333d555b1d86b5a6293e99504dde3a76fb3eea4e754d56bdc8f267bbd77aad,,,,0.0
CICIDS2017,cicids2017_friday_holdout_sample,8,random_forest,a1_constrained_score_search,jetson_orin_nx_super_ina3221_20260608t140153z,0.4683671780743442,0.541611639109805,0.4462386338677278,0.9943094704564216,0.9991777777777778,0.0032680310661089,305994.64318759897,29.88294982910156,7.885391547583102e-05,9.163751726932448,0.2804578849180371,89926,74,1.0,0.9991777777777778,1.0,1.0,8,1,python_sklearn_cpu,measured_onboard_sensor,jetson_ina3221_vdd_in,results/configs/tier_e_core4_hgb_mlp_timed/cicids2017.yaml,1a15cd41c285693e76533aeff6d85a03deed253227a0fa7db3c6a63db7caf4ad,,,,0.0
CICIDS2017,cicids2017_friday_holdout_sample,9,random_forest,a1_constrained_score_search,jetson_orin_nx_super_ina3221_20260608t140153z,0.6102191040631065,0.6268534707264586,0.4588674983500818,0.9781775287525803,0.9991111111111112,0.0033847535807419,295442.4823389352,29.88284683227539,7.885391547583102e-05,7.459396953503953,0.3624949147751102,89920,80,1.0,0.9991111111111112,1.0,1.0,8,1,python_sklearn_cpu,measured_onboard_sensor,jetson_ina3221_vdd_in,results/configs/tier_e_core4_hgb_mlp_timed/cicids2017.yaml,360aa5fc7a19f9c9cb1fbe22a5a5a97888eb5557cac716a5a08a937b7d627da5,,,,0.0
CICIDS2017,cicids2017_friday_holdout_sample,0,random_forest,a4_split_shift,jetson_orin_nx_super_ina3221_20260608t140153z,0.6553029042209461,0.65870387912015,0.657003391670548,0.0,1.0,0.0032642638555908,306347.784443724,29.882393836975098,7.885391547583102e-05,6.820461350011827,0.5175257312148562,90000,0,1.0,1.0,1.0,1.0,8,1,python_sklearn_cpu,measured_onboard_sensor,jetson_ina3221_vdd_in,results/configs/tier_e_core4_hgb_mlp_timed/cicids2017.yaml,c1a742e08c7ef81748b8a538e7a6a7d71046a45539e1067d3979fe7984cc55e1,day_holdout,train,test,0.0
CICIDS2017,cicids2017_friday_holdout_sample,1,random_forest,a4_split_shift,jetson_orin_nx_super_ina3221_20260608t140153z,0.4675089613318325,0.5411852102486,0.5043470857902163,0.0,1.0,0.0032609918121145,306655.17045612494,29.8820743560791,7.885391547583102e-05,9.17308340233084,0.3178170165390648,90000,0,1.0,1.0,1.0,1.0,8,1,python_sklearn_cpu,measured_onboard_sensor,jetson_ina3221_vdd_in,results/configs/tier_e_core4_hgb_mlp_timed/cicids2017.yaml,dda0d04b7b5243543b3b901e78c630c688728729dc345fa894703feadcf095ac,day_holdout,train,test,0.0
CICIDS2017,cicids2017_friday_holdout_sample,2,random_forest,a4_split_shift,jetson_orin_nx_super_ina3221_20260608t140153z,0.6532762282491665,0.6572296478190143,0.6552529380340903,0.0,1.0,0.0031236096453439,320142.43568834354,29.8820743560791,7.885391547583102e-05,6.851230933113407,0.5151602045399366,90000,0,1.0,1.0,1.0,1.0,8,1,python_sklearn_cpu,measured_onboard_sensor,jetson_ina3221_vdd_in,results/configs/tier_e_core4_hgb_mlp_timed/cicids2017.yaml,1c850558226c77cd66dc1d6b24325d24a6c18a723efa2321e4ec284a6edd21ce,day_holdout,train,test,0.0
CICIDS2017,cicids2017_friday_holdout_sample,3,random_forest,a4_split_shift,jetson_orin_nx_super_ina3221_20260608t140153z,0.4755864050189197,0.5454924230779429,0.5105394140484313,0.0,1.0,0.0031268453544665,319811.1472227271,29.882022857666016,7.885391547583102e-05,9.08709976537884,0.3257293012633314,90000,0,1.0,1.0,1.0,1.0,8,1,python_sklearn_cpu,measured_onboard_sensor,jetson_ina3221_vdd_in,results/configs/tier_e_core4_hgb_mlp_timed/cicids2017.yaml,f53ede00bdb7188e4b262fb87fee7ecc2bd99448d4434706334678781c0b9e6e,day_holdout,train,test,0.0
CICIDS2017,cicids2017_friday_holdout_sample,4,random_forest,a4_split_shift,jetson_orin_nx_super_ina3221_20260608t140153z,0.5828508868419295,0.60872134826491,0.5957861175534198,0.0,1.0,0.0033437580255364,299064.70275747933,29.882022857666016,7.885391547583102e-05,7.82236064200464,0.4362703350840389,90000,0,1.0,1.0,1.0,1.0,8,1,python_sklearn_cpu,measured_onboard_sensor,jetson_ina3221_vdd_in,results/configs/tier_e_core4_hgb_mlp_timed/cicids2017.yaml,83a33f689ce51881ad2773568a01cbe7d54d794e380216ddfc4c903bdf74fa46,day_holdout,train,test,0.0
CICIDS2017,cicids2017_friday_holdout_sample,5,random_forest,a4_split_shift,jetson_orin_nx_super_ina3221_20260608t140153z,0.6520999673081292,0.656370081127057,0.6542350242175932,0.0,1.0,0.0034434353340637,290407.6606601667,29.88196182250977,7.885391547583102e-05,6.868582886587409,0.5137945939420849,90000,0,1.0,1.0,1.0,1.0,8,1,python_sklearn_cpu,measured_onboard_sensor,jetson_ina3221_vdd_in,results/configs/tier_e_core4_hgb_mlp_timed/cicids2017.yaml,154decb67e6b890c3fd614b7ea21f2fbd7da180b43b82fd0199906bbaab6d2c8,day_holdout,train,test,0.0
CICIDS2017,cicids2017_friday_holdout_sample,6,random_forest,a4_split_shift,jetson_orin_nx_super_ina3221_20260608t140153z,0.464510782342235,0.5395923054778349,0.5020515439100349,0.0,1.0,0.0031071287349914,321840.54324442445,29.88273906707764,7.885391547583102e-05,9.204620258476426,0.3148910053528917,90000,0,1.0,1.0,1.0,1.0,8,1,python_sklearn_cpu,measured_onboard_sensor,jetson_ina3221_vdd_in,results/configs/tier_e_core4_hgb_mlp_timed/cicids2017.yaml,699ce3fad5f9c0dd5634a12cb62cc2028ef9d1e7654cffb383e35c3f90a2b669,day_holdout,train,test,0.0
CICIDS2017,cicids2017_friday_holdout_sample,7,random_forest,a4_split_shift,jetson_orin_nx_super_ina3221_20260608t140153z,0.6534139746804657,0.6573451948321246,0.6553795847562951,0.0,1.0,0.0031176224505502,320757.2487885726,29.882795333862305,7.885391547583102e-05,6.850204949930063,0.5153073260170113,90000,0,1.0,1.0,1.0,1.0,8,1,python_sklearn_cpu,measured_onboard_sensor,jetson_ina3221_vdd_in,results/configs/tier_e_core4_hgb_mlp_timed/cicids2017.yaml,47333d555b1d86b5a6293e99504dde3a76fb3eea4e754d56bdc8f267bbd77aad,day_holdout,train,test,0.0
CICIDS2017,cicids2017_friday_holdout_sample,8,random_forest,a4_split_shift,jetson_orin_nx_super_ina3221_20260608t140153z,0.4683671780743442,0.541611639109805,0.5049894085920746,0.0,1.0,0.0032680310661089,305994.64318759897,29.88294982910156,7.885391547583102e-05,9.163751726932448,0.3186458884888624,90000,0,1.0,1.0,1.0,1.0,8,1,python_sklearn_cpu,measured_onboard_sensor,jetson_ina3221_vdd_in,results/configs/tier_e_core4_hgb_mlp_timed/cicids2017.yaml,1a15cd41c285693e76533aeff6d85a03deed253227a0fa7db3c6a63db7caf4ad,day_holdout,train,test,0.0
CICIDS2017,cicids2017_friday_holdout_sample,9,random_forest,a4_split_shift,jetson_orin_nx_super_ina3221_20260608t140153z,0.6102191040631065,0.6268534707264586,0.6185362873947826,0.0,1.0,0.0033847535807419,295442.4823389352,29.88284683227539,7.885391547583102e-05,7.459396953503953,0.4662796276541657,90000,0,1.0,1.0,1.0,1.0,8,1,python_sklearn_cpu,measured_onboard_sensor,jetson_ina3221_vdd_in,results/configs/tier_e_core4_hgb_mlp_timed/cicids2017.yaml,360aa5fc7a19f9c9cb1fbe22a5a5a97888eb5557cac716a5a08a937b7d627da5,day_holdout,train,test,0.0
CSE-CIC-IDS2018,cse_cic_ids2018_friday_holdout_sample,0,extra_trees,a0_clean,jetson_orin_nx_super_ina3221_20260608t140153z,0.45191443650247,0.4853379671771257,0.4686262018397978,0.0,1.0,0.0123742928839055,80812.6985017975,1.6704750061035156,7.885391547583102e-05,9.505255742664383,0.2777979955741327,5000,0,1.0,1.0,1.0,1.0,8,1,python_sklearn_cpu,measured_onboard_sensor,jetson_ina3221_vdd_in,results/configs/tier_e_core4_hgb_mlp_timed/cse_cic_ids2018.yaml,ac9d32e282a9c3432aebab298bf6bff33d6f69fdcbbc0b4fb8c8bd38eda40211,,,,0.0
CSE-CIC-IDS2018,cse_cic_ids2018_friday_holdout_sample,1,extra_trees,a0_clean,jetson_orin_nx_super_ina3221_20260608t140153z,0.5252553514493409,0.5359824412892951,0.5306188963693179,0.0,1.0,0.0120730629470199,82829.02229436615,1.6725645065307615,7.885391547583102e-05,8.511998808798113,0.3596562715953722,5000,0,1.0,1.0,1.0,1.0,8,1,python_sklearn_cpu,measured_onboard_sensor,jetson_ina3221_vdd_in,results/configs/tier_e_core4_hgb_mlp_timed/cse_cic_ids2018.yaml,d9c7ca30a503ba8288470331771f2a99b1f27ef8edba15973a9e1b648179b93c,,,,0.0
CSE-CIC-IDS2018,cse_cic_ids2018_friday_holdout_sample,2,extra_trees,a0_clean,jetson_orin_nx_super_ina3221_20260608t140153z,0.6947089735698103,0.6785415083541598,0.6866252409619851,0.0,1.0,0.01233778570313,81051.82113402264,1.6723880767822266,7.885391547583102e-05,5.615037306108995,0.5736013105060511,5000,0,1.0,1.0,1.0,1.0,8,1,python_sklearn_cpu,measured_onboard_sensor,jetson_ina3221_vdd_in,results/configs/tier_e_core4_hgb_mlp_timed/cse_cic_ids2018.yaml,e435497dc37450bf3b309c0cf0ffe11c1afb5225ef97b06c37e9594e0586c523,,,,0.0
CSE-CIC-IDS2018,cse_cic_ids2018_friday_holdout_sample,3,extra_trees,a0_clean,jetson_orin_nx_super_ina3221_20260608t140153z,0.5625815239802827,0.56347122393197,0.5630263739561263,0.0,1.0,0.0125826178508577,79474.71757094073,1.6723318099975586,7.885391547583102e-05,7.750898461226969,0.4072847154875962,5000,0,1.0,1.0,1.0,1.0,8,1,python_sklearn_cpu,measured_onboard_sensor,jetson_ina3221_vdd_in,results/configs/tier_e_core4_hgb_mlp_timed/cse_cic_ids2018.yaml,3d851933585ac3376804487dd04ae549fe64a409812413cddd52659839f64624,,,,0.0
CSE-CIC-IDS2018,cse_cic_ids2018_friday_holdout_sample,4,extra_trees,a0_clean,jetson_orin_nx_super_ina3221_20260608t140153z,0.7306788604341763,0.7160274252569293,0.7233531428455529,0.0,1.0,0.0122100308199878,81899.87517173137,1.6723365783691406,7.885391547583102e-05,4.82830017907194,0.6260642255414304,5000,0,1.0,1.0,1.0,1.0,8,1,python_sklearn_cpu,measured_onboard_sensor,jetson_ina3221_vdd_in,results/configs/tier_e_core4_hgb_mlp_timed/cse_cic_ids2018.yaml,e83f0063d2ede8d890fde48d8b13f3f5b25c3ac866caacd0310503c117dc92d4,,,,0.0
CSE-CIC-IDS2018,cse_cic_ids2018_friday_holdout_sample,5,extra_trees,a0_clean,jetson_orin_nx_super_ina3221_20260608t140153z,0.8478465410742448,0.8474034149028247,0.8476249779885348,0.0,1.0,0.012136899488396,82393.36586383464,1.672285079956055,7.885391547583102e-05,2.282657958926745,0.8012490619405909,5000,0,1.0,1.0,1.0,1.0,8,1,python_sklearn_cpu,measured_onboard_sensor,jetson_ina3221_vdd_in,results/configs/tier_e_core4_hgb_mlp_timed/cse_cic_ids2018.yaml,bda4383e56b18638e1ffbee51828898249dfe86618dfd7967f5a144718b5cfd3,,,,0.0
CSE-CIC-IDS2018,cse_cic_ids2018_friday_holdout_sample,6,extra_trees,a0_clean,jetson_orin_nx_super_ina3221_20260608t140153z,0.4491349214806933,0.4776995160331003,0.4634172187568968,0.0,1.0,0.0125394019018858,79748.62021525961,1.6732120513916016,7.885391547583102e-05,9.418277216042725,0.2743279974540705,5000,0,1.0,1.0,1.0,1.0,8,1,python_sklearn_cpu,measured_onboard_sensor,jetson_ina3221_vdd_in,results/configs/tier_e_core4_hgb_mlp_timed/cse_cic_ids2018.yaml,e710a938d577308388e5defc4a4a977e25be98448db92e982614d6ab56c72e9f,,,,0.0
CSE-CIC-IDS2018,cse_cic_ids2018_friday_holdout_sample,7,extra_trees,a0_clean,jetson_orin_nx_super_ina3221_20260608t140153z,0.668502909768608,0.6525254791548414,0.6605141944617248,0.0,1.0,0.0121871187287615,82053.849006985,1.6732120513916016,7.885391547583102e-05,6.200516970420829,0.5357809117317637,5000,0,1.0,1.0,1.0,1.0,8,1,python_sklearn_cpu,measured_onboard_sensor,jetson_ina3221_vdd_in,results/configs/tier_e_core4_hgb_mlp_timed/cse_cic_ids2018.yaml,7ab03877160b511eb6758bccd6ac51e8087d4a4717790d264b90521c01ba4b7e,,,,0.0
CSE-CIC-IDS2018,cse_cic_ids2018_friday_holdout_sample,8,extra_trees,a0_clean,jetson_orin_nx_super_ina3221_20260608t140153z,0.5369887464854715,0.5430584931185113,0.5400236198019914,0.0,1.0,0.0127799180225702,78247.76326686387,1.6731042861938477,7.885391547583102e-05,8.289359022902353,0.3735122709981118,5000,0,1.0,1.0,1.0,1.0,8,1,python_sklearn_cpu,measured_onboard_sensor,jetson_ina3221_vdd_in,results/configs/tier_e_core4_hgb_mlp_timed/cse_cic_ids2018.yaml,1534c855860ec73a29f83af8fec084672f110f1873acc6c9de976621ec4a94d1,,,,0.0
CSE-CIC-IDS2018,cse_cic_ids2018_friday_holdout_sample,9,extra_trees,a0_clean,jetson_orin_nx_super_ina3221_20260608t140153z,0.5119352724975683,0.5234217449217113,0.5176785087096398,0.0,1.0,0.0119984712166478,83343.9512370959,1.6732120513916016,7.885391547583102e-05,8.526890919547625,0.34641813988265,5000,0,1.0,1.0,1.0,1.0,8,1,python_sklearn_cpu,measured_onboard_sensor,jetson_ina3221_vdd_in,results/configs/tier_e_core4_hgb_mlp_timed/cse_cic_ids2018.yaml,52525d9bd46eced84d79483f7c71fb132ada6b8501c5bf64c37395daf3419234,,,,0.0
CSE-CIC-IDS2018,cse_cic_ids2018_friday_holdout_sample,0,extra_trees,a1_constrained_feature,jetson_orin_nx_super_ina3221_20260608t140153z,0.45191443650247,0.4853379671771257,0.4615294004129195,0.9526029526029526,0.9988,0.0123742928839055,80812.6985017975,1.6704750061035156,7.885391547583102e-05,9.505255742664383,0.2731850746466618,4994,6,1.0,0.9988,1.0,1.0,8,1,python_sklearn_cpu,measured_onboard_sensor,jetson_ina3221_vdd_in,results/configs/tier_e_core4_hgb_mlp_timed/cse_cic_ids2018.yaml,ac9d32e282a9c3432aebab298bf6bff33d6f69fdcbbc0b4fb8c8bd38eda40211,,,,0.0
CSE-CIC-IDS2018,cse_cic_ids2018_friday_holdout_sample,1,extra_trees,a1_constrained_feature,jetson_orin_nx_super_ina3221_20260608t140153z,0.5252553514493409,0.5359824412892951,0.5078603056942862,0.8797276853252648,0.9982,0.0120730629470199,82829.02229436615,1.6725645065307615,7.885391547583102e-05,8.511998808798113,0.3448631876566015,4991,9,1.0,0.9982,1.0,1.0,8,1,python_sklearn_cpu,measured_onboard_sensor,jetson_ina3221_vdd_in,results/configs/tier_e_core4_hgb_mlp_timed/cse_cic_ids2018.yaml,d9c7ca30a503ba8288470331771f2a99b1f27ef8edba15973a9e1b648179b93c,,,,0.0
CSE-CIC-IDS2018,cse_cic_ids2018_friday_holdout_sample,2,extra_trees,a1_constrained_feature,jetson_orin_nx_super_ina3221_20260608t140153z,0.6947089735698103,0.6785415083541598,0.6614026258699229,0.6020558002936858,0.9978,0.01233778570313,81051.82113402264,1.6723880767822266,7.885391547583102e-05,5.615037306108995,0.5572066106962108,4989,11,1.0,0.9978,1.0,1.0,8,1,python_sklearn_cpu,measured_onboard_sensor,jetson_ina3221_vdd_in,results/configs/tier_e_core4_hgb_mlp_timed/cse_cic_ids2018.yaml,e435497dc37450bf3b309c0cf0ffe11c1afb5225ef97b06c37e9594e0586c523,,,,0.0
CSE-CIC-IDS2018,cse_cic_ids2018_friday_holdout_sample,3,extra_trees,a1_constrained_feature,jetson_orin_nx_super_ina3221_20260608t140153z,0.5625815239802827,0.56347122393197,0.6686916722394097,0.5660511363636364,0.9976,0.0125826178508577,79474.71757094073,1.6723318099975586,7.885391547583102e-05,7.750898461226969,0.4759671593717305,4988,12,1.0,0.9976,1.0,1.0,8,1,python_sklearn_cpu,measured_onboard_sensor,jetson_ina3221_vdd_in,results/configs/tier_e_core4_hgb_mlp_timed/cse_cic_ids2018.yaml,3d851933585ac3376804487dd04ae549fe64a409812413cddd52659839f64624,,,,0.0
CSE-CIC-IDS2018,cse_cic_ids2018_friday_holdout_sample,4,extra_trees,a1_constrained_feature,jetson_orin_nx_super_ina3221_20260608t140153z,0.7306788604341763,0.7160274252569293,0.7242225411984813,0.4722427831236121,0.9974,0.0122100308199878,81899.87517173137,1.6723365783691406,7.885391547583102e-05,4.82830017907194,0.6266293344708338,4987,13,1.0,0.9974,1.0,1.0,8,1,python_sklearn_cpu,measured_onboard_sensor,jetson_ina3221_vdd_in,results/configs/tier_e_core4_hgb_mlp_timed/cse_cic_ids2018.yaml,e83f0063d2ede8d890fde48d8b13f3f5b25c3ac866caacd0310503c117dc92d4,,,,0.0
CSE-CIC-IDS2018,cse_cic_ids2018_friday_holdout_sample,5,extra_trees,a1_constrained_feature,jetson_orin_nx_super_ina3221_20260608t140153z,0.8478465410742448,0.8474034149028247,0.7870720088232444,0.3516560958421423,0.997,0.012136899488396,82393.36586383464,1.672285079956055,7.885391547583102e-05,2.282657958926745,0.7618896319831521,4985,15,1.0,0.997,1.0,1.0,8,1,python_sklearn_cpu,measured_onboard_sensor,jetson_ina3221_vdd_in,results/configs/tier_e_core4_hgb_mlp_timed/cse_cic_ids2018.yaml,bda4383e56b18638e1ffbee51828898249dfe86618dfd7967f5a144718b5cfd3,,,,0.0
CSE-CIC-IDS2018,cse_cic_ids2018_friday_holdout_sample,6,extra_trees,a1_constrained_feature,jetson_orin_nx_super_ina3221_20260608t140153z,0.4491349214806933,0.4776995160331003,0.4255403887472072,0.989409984871407,0.9986,0.0125394019018858,79748.62021525961,1.6732120513916016,7.885391547583102e-05,9.418277216042725,0.2497080579477723,4993,7,1.0,0.9986,1.0,1.0,8,1,python_sklearn_cpu,measured_onboard_sensor,jetson_ina3221_vdd_in,results/configs/tier_e_core4_hgb_mlp_timed/cse_cic_ids2018.yaml,e710a938d577308388e5defc4a4a977e25be98448db92e982614d6ab56c72e9f,,,,0.0
CSE-CIC-IDS2018,cse_cic_ids2018_friday_holdout_sample,7,extra_trees,a1_constrained_feature,jetson_orin_nx_super_ina3221_20260608t140153z,0.668502909768608,0.6525254791548414,0.6221381838901852,0.6835066864784547,0.9978,0.0121871187287615,82053.849006985,1.6732120513916016,7.885391547583102e-05,6.200516970420829,0.5108365048602629,4989,11,1.0,0.9978,1.0,1.0,8,1,python_sklearn_cpu,measured_onboard_sensor,jetson_ina3221_vdd_in,results/configs/tier_e_core4_hgb_mlp_timed/cse_cic_ids2018.yaml,7ab03877160b511eb6758bccd6ac51e8087d4a4717790d264b90521c01ba4b7e,,,,0.0
CSE-CIC-IDS2018,cse_cic_ids2018_friday_holdout_sample,8,extra_trees,a1_constrained_feature,jetson_orin_nx_super_ina3221_20260608t140153z,0.5369887464854715,0.5430584931185113,0.5453294384327615,0.8103579588728104,0.998,0.0127799180225702,78247.76326686387,1.6731042861938477,7.885391547583102e-05,8.289359022902353,0.3769610531081123,4990,10,1.0,0.998,1.0,1.0,8,1,python_sklearn_cpu,measured_onboard_sensor,jetson_ina3221_vdd_in,results/configs/tier_e_core4_hgb_mlp_timed/cse_cic_ids2018.yaml,1534c855860ec73a29f83af8fec084672f110f1873acc6c9de976621ec4a94d1,,,,0.0
CSE-CIC-IDS2018,cse_cic_ids2018_friday_holdout_sample,9,extra_trees,a1_constrained_feature,jetson_orin_nx_super_ina3221_20260608t140153z,0.5119352724975683,0.5234217449217113,0.4309131964448416,0.9809244314013206,0.9992,0.0119984712166478,83343.9512370959,1.6732120513916016,7.885391547583102e-05,8.526890919547625,0.2900206869105312,4996,4,1.0,0.9992,1.0,1.0,8,1,python_sklearn_cpu,measured_onboard_sensor,jetson_ina3221_vdd_in,results/configs/tier_e_core4_hgb_mlp_timed/cse_cic_ids2018.yaml,52525d9bd46eced84d79483f7c71fb132ada6b8501c5bf64c37395daf3419234,,,,0.0
CSE-CIC-IDS2018,cse_cic_ids2018_friday_holdout_sample,0,extra_trees,a1_constrained_score_search,jetson_orin_nx_super_ina3221_20260608t140153z,0.45191443650247,0.4853379671771257,0.4373309010257383,0.9891219891219892,0.9988,0.0123742928839055,80812.6985017975,1.6704750061035156,7.885391547583102e-05,9.505255742664383,0.257456050044994,4994,6,1.0,0.9988,1.0,1.0,8,1,python_sklearn_cpu,measured_onboard_sensor,jetson_ina3221_vdd_in,results/configs/tier_e_core4_hgb_mlp_timed/cse_cic_ids2018.yaml,ac9d32e282a9c3432aebab298bf6bff33d6f69fdcbbc0b4fb8c8bd38eda40211,,,,0.0
CSE-CIC-IDS2018,cse_cic_ids2018_friday_holdout_sample,1,extra_trees,a1_constrained_score_search,jetson_orin_nx_super_ina3221_20260608t140153z,0.5252553514493409,0.5359824412892951,0.4525833341801728,0.9659606656580938,0.9982,0.0120730629470199,82829.02229436615,1.6725645065307615,7.885391547583102e-05,8.511998808798113,0.3089331561724279,4991,9,1.0,0.9982,1.0,1.0,8,1,python_sklearn_cpu,measured_onboard_sensor,jetson_ina3221_vdd_in,results/configs/tier_e_core4_hgb_mlp_timed/cse_cic_ids2018.yaml,d9c7ca30a503ba8288470331771f2a99b1f27ef8edba15973a9e1b648179b93c,,,,0.0
CSE-CIC-IDS2018,cse_cic_ids2018_friday_holdout_sample,2,extra_trees,a1_constrained_score_search,jetson_orin_nx_super_ina3221_20260608t140153z,0.6947089735698103,0.6785415083541598,0.5890735551698971,0.7364170337738619,0.9978,0.01233778570313,81051.82113402264,1.6723880767822266,7.885391547583102e-05,5.615037306108995,0.510192714741194,4989,11,1.0,0.9978,1.0,1.0,8,1,python_sklearn_cpu,measured_onboard_sensor,jetson_ina3221_vdd_in,results/configs/tier_e_core4_hgb_mlp_timed/cse_cic_ids2018.yaml,e435497dc37450bf3b309c0cf0ffe11c1afb5225ef97b06c37e9594e0586c523,,,,0.0
CSE-CIC-IDS2018,cse_cic_ids2018_friday_holdout_sample,3,extra_trees,a1_constrained_score_search,jetson_orin_nx_super_ina3221_20260608t140153z,0.5625815239802827,0.56347122393197,0.496489851188018,0.8771306818181818,0.9976,0.0125826178508577,79474.71757094073,1.6723318099975586,7.885391547583102e-05,7.750898461226969,0.3640359756883259,4988,12,1.0,0.9976,1.0,1.0,8,1,python_sklearn_cpu,measured_onboard_sensor,jetson_ina3221_vdd_in,results/configs/tier_e_core4_hgb_mlp_timed/cse_cic_ids2018.yaml,3d851933585ac3376804487dd04ae549fe64a409812413cddd52659839f64624,,,,0.0
CSE-CIC-IDS2018,cse_cic_ids2018_friday_holdout_sample,4,extra_trees,a1_constrained_score_search,jetson_orin_nx_super_ina3221_20260608t140153z,0.7306788604341763,0.7160274252569293,0.6876225109112142,0.5462620281273131,0.9974,0.0122100308199878,81899.87517173137,1.6723365783691406,7.885391547583102e-05,4.82830017907194,0.6028393147841102,4987,13,1.0,0.9974,1.0,1.0,8,1,python_sklearn_cpu,measured_onboard_sensor,jetson_ina3221_vdd_in,results/configs/tier_e_core4_hgb_mlp_timed/cse_cic_ids2018.yaml,e83f0063d2ede8d890fde48d8b13f3f5b25c3ac866caacd0310503c117dc92d4,,,,0.0
CSE-CIC-IDS2018,cse_cic_ids2018_friday_holdout_sample,5,extra_trees,a1_constrained_score_search,jetson_orin_nx_super_ina3221_20260608t140153z,0.8478465410742448,0.8474034149028247,0.7087201750960308,0.5137420718816068,0.997,0.012136899488396,82393.36586383464,1.672285079956055,7.885391547583102e-05,2.282657958926745,0.7109609400604633,4985,15,1.0,0.997,1.0,1.0,8,1,python_sklearn_cpu,measured_onboard_sensor,jetson_ina3221_vdd_in,results/configs/tier_e_core4_hgb_mlp_timed/cse_cic_ids2018.yaml,bda4383e56b18638e1ffbee51828898249dfe86618dfd7967f5a144718b5cfd3,,,,0.0
CSE-CIC-IDS2018,cse_cic_ids2018_friday_holdout_sample,6,extra_trees,a1_constrained_score_search,jetson_orin_nx_super_ina3221_20260608t140153z,0.4491349214806933,0.4776995160331003,0.4185711414761779,1.0,0.9986,0.0125394019018858,79748.62021525961,1.6732120513916016,7.885391547583102e-05,9.418277216042725,0.2451780472216033,4993,7,1.0,0.9986,1.0,1.0,8,1,python_sklearn_cpu,measured_onboard_sensor,jetson_ina3221_vdd_in,results/configs/tier_e_core4_hgb_mlp_timed/cse_cic_ids2018.yaml,e710a938d577308388e5defc4a4a977e25be98448db92e982614d6ab56c72e9f,,,,0.0
CSE-CIC-IDS2018,cse_cic_ids2018_friday_holdout_sample,7,extra_trees,a1_constrained_score_search,jetson_orin_nx_super_ina3221_20260608t140153z,0.668502909768608,0.6525254791548414,0.5189305810990146,0.862555720653789,0.9978,0.0121871187287615,82053.849006985,1.6732120513916016,7.885391547583102e-05,6.200516970420829,0.443751563046002,4989,11,1.0,0.9978,1.0,1.0,8,1,python_sklearn_cpu,measured_onboard_sensor,jetson_ina3221_vdd_in,results/configs/tier_e_core4_hgb_mlp_timed/cse_cic_ids2018.yaml,7ab03877160b511eb6758bccd6ac51e8087d4a4717790d264b90521c01ba4b7e,,,,0.0
CSE-CIC-IDS2018,cse_cic_ids2018_friday_holdout_sample,8,extra_trees,a1_constrained_score_search,jetson_orin_nx_super_ina3221_20260608t140153z,0.5369887464854715,0.5430584931185113,0.4730232922409556,0.9291698400609292,0.998,0.0127799180225702,78247.76326686387,1.6731042861938477,7.885391547583102e-05,8.289359022902353,0.3299620580834386,4990,10,1.0,0.998,1.0,1.0,8,1,python_sklearn_cpu,measured_onboard_sensor,jetson_ina3221_vdd_in,results/configs/tier_e_core4_hgb_mlp_timed/cse_cic_ids2018.yaml,1534c855860ec73a29f83af8fec084672f110f1873acc6c9de976621ec4a94d1,,,,0.0
CSE-CIC-IDS2018,cse_cic_ids2018_friday_holdout_sample,9,extra_trees,a1_constrained_score_search,jetson_orin_nx_super_ina3221_20260608t140153z,0.5119352724975683,0.5234217449217113,0.4182795823641428,1.0,0.9992,0.0119984712166478,83343.9512370959,1.6732120513916016,7.885391547583102e-05,8.526890919547625,0.281808837758077,4996,4,1.0,0.9992,1.0,1.0,8,1,python_sklearn_cpu,measured_onboard_sensor,jetson_ina3221_vdd_in,results/configs/tier_e_core4_hgb_mlp_timed/cse_cic_ids2018.yaml,52525d9bd46eced84d79483f7c71fb132ada6b8501c5bf64c37395daf3419234,,,,0.0
CSE-CIC-IDS2018,cse_cic_ids2018_friday_holdout_sample,0,extra_trees,a4_split_shift,jetson_orin_nx_super_ina3221_20260608t140153z,0.45191443650247,0.4853379671771257,0.4686262018397978,0.0,1.0,0.0123742928839055,80812.6985017975,1.6704750061035156,7.885391547583102e-05,9.505255742664383,0.2777979955741327,5000,0,1.0,1.0,1.0,1.0,8,1,python_sklearn_cpu,measured_onboard_sensor,jetson_ina3221_vdd_in,results/configs/tier_e_core4_hgb_mlp_timed/cse_cic_ids2018.yaml,ac9d32e282a9c3432aebab298bf6bff33d6f69fdcbbc0b4fb8c8bd38eda40211,date_holdout,train,test,0.0
CSE-CIC-IDS2018,cse_cic_ids2018_friday_holdout_sample,1,extra_trees,a4_split_shift,jetson_orin_nx_super_ina3221_20260608t140153z,0.5252553514493409,0.5359824412892951,0.5306188963693179,0.0,1.0,0.0120730629470199,82829.02229436615,1.6725645065307615,7.885391547583102e-05,8.511998808798113,0.3596562715953722,5000,0,1.0,1.0,1.0,1.0,8,1,python_sklearn_cpu,measured_onboard_sensor,jetson_ina3221_vdd_in,results/configs/tier_e_core4_hgb_mlp_timed/cse_cic_ids2018.yaml,d9c7ca30a503ba8288470331771f2a99b1f27ef8edba15973a9e1b648179b93c,date_holdout,train,test,0.0
CSE-CIC-IDS2018,cse_cic_ids2018_friday_holdout_sample,2,extra_trees,a4_split_shift,jetson_orin_nx_super_ina3221_20260608t140153z,0.6947089735698103,0.6785415083541598,0.6866252409619851,0.0,1.0,0.01233778570313,81051.82113402264,1.6723880767822266,7.885391547583102e-05,5.615037306108995,0.5736013105060511,5000,0,1.0,1.0,1.0,1.0,8,1,python_sklearn_cpu,measured_onboard_sensor,jetson_ina3221_vdd_in,results/configs/tier_e_core4_hgb_mlp_timed/cse_cic_ids2018.yaml,e435497dc37450bf3b309c0cf0ffe11c1afb5225ef97b06c37e9594e0586c523,date_holdout,train,test,0.0
CSE-CIC-IDS2018,cse_cic_ids2018_friday_holdout_sample,3,extra_trees,a4_split_shift,jetson_orin_nx_super_ina3221_20260608t140153z,0.5625815239802827,0.56347122393197,0.5630263739561263,0.0,1.0,0.0125826178508577,79474.71757094073,1.6723318099975586,7.885391547583102e-05,7.750898461226969,0.4072847154875962,5000,0,1.0,1.0,1.0,1.0,8,1,python_sklearn_cpu,measured_onboard_sensor,jetson_ina3221_vdd_in,results/configs/tier_e_core4_hgb_mlp_timed/cse_cic_ids2018.yaml,3d851933585ac3376804487dd04ae549fe64a409812413cddd52659839f64624,date_holdout,train,test,0.0
CSE-CIC-IDS2018,cse_cic_ids2018_friday_holdout_sample,4,extra_trees,a4_split_shift,jetson_orin_nx_super_ina3221_20260608t140153z,0.7306788604341763,0.7160274252569293,0.7233531428455529,0.0,1.0,0.0122100308199878,81899.87517173137,1.6723365783691406,7.885391547583102e-05,4.82830017907194,0.6260642255414304,5000,0,1.0,1.0,1.0,1.0,8,1,python_sklearn_cpu,measured_onboard_sensor,jetson_ina3221_vdd_in,results/configs/tier_e_core4_hgb_mlp_timed/cse_cic_ids2018.yaml,e83f0063d2ede8d890fde48d8b13f3f5b25c3ac866caacd0310503c117dc92d4,date_holdout,train,test,0.0
CSE-CIC-IDS2018,cse_cic_ids2018_friday_holdout_sample,5,extra_trees,a4_split_shift,jetson_orin_nx_super_ina3221_20260608t140153z,0.8478465410742448,0.8474034149028247,0.8476249779885348,0.0,1.0,0.012136899488396,82393.36586383464,1.672285079956055,7.885391547583102e-05,2.282657958926745,0.8012490619405909,5000,0,1.0,1.0,1.0,1.0,8,1,python_sklearn_cpu,measured_onboard_sensor,jetson_ina3221_vdd_in,results/configs/tier_e_core4_hgb_mlp_timed/cse_cic_ids2018.yaml,bda4383e56b18638e1ffbee51828898249dfe86618dfd7967f5a144718b5cfd3,date_holdout,train,test,0.0
CSE-CIC-IDS2018,cse_cic_ids2018_friday_holdout_sample,6,extra_trees,a4_split_shift,jetson_orin_nx_super_ina3221_20260608t140153z,0.4491349214806933,0.4776995160331003,0.4634172187568968,0.0,1.0,0.0125394019018858,79748.62021525961,1.6732120513916016,7.885391547583102e-05,9.418277216042725,0.2743279974540705,5000,0,1.0,1.0,1.0,1.0,8,1,python_sklearn_cpu,measured_onboard_sensor,jetson_ina3221_vdd_in,results/configs/tier_e_core4_hgb_mlp_timed/cse_cic_ids2018.yaml,e710a938d577308388e5defc4a4a977e25be98448db92e982614d6ab56c72e9f,date_holdout,train,test,0.0
CSE-CIC-IDS2018,cse_cic_ids2018_friday_holdout_sample,7,extra_trees,a4_split_shift,jetson_orin_nx_super_ina3221_20260608t140153z,0.668502909768608,0.6525254791548414,0.6605141944617248,0.0,1.0,0.0121871187287615,82053.849006985,1.6732120513916016,7.885391547583102e-05,6.200516970420829,0.5357809117317637,5000,0,1.0,1.0,1.0,1.0,8,1,python_sklearn_cpu,measured_onboard_sensor,jetson_ina3221_vdd_in,results/configs/tier_e_core4_hgb_mlp_timed/cse_cic_ids2018.yaml,7ab03877160b511eb6758bccd6ac51e8087d4a4717790d264b90521c01ba4b7e,date_holdout,train,test,0.0
CSE-CIC-IDS2018,cse_cic_ids2018_friday_holdout_sample,8,extra_trees,a4_split_shift,jetson_orin_nx_super_ina3221_20260608t140153z,0.5369887464854715,0.5430584931185113,0.5400236198019914,0.0,1.0,0.0127799180225702,78247.76326686387,1.6731042861938477,7.885391547583102e-05,8.289359022902353,0.3735122709981118,5000,0,1.0,1.0,1.0,1.0,8,1,python_sklearn_cpu,measured_onboard_sensor,jetson_ina3221_vdd_in,results/configs/tier_e_core4_hgb_mlp_timed/cse_cic_ids2018.yaml,1534c855860ec73a29f83af8fec084672f110f1873acc6c9de976621ec4a94d1,date_holdout,train,test,0.0
CSE-CIC-IDS2018,cse_cic_ids2018_friday_holdout_sample,9,extra_trees,a4_split_shift,jetson_orin_nx_super_ina3221_20260608t140153z,0.5119352724975683,0.5234217449217113,0.5176785087096398,0.0,1.0,0.0119984712166478,83343.9512370959,1.6732120513916016,7.885391547583102e-05,8.526890919547625,0.34641813988265,5000,0,1.0,1.0,1.0,1.0,8,1,python_sklearn_cpu,measured_onboard_sensor,jetson_ina3221_vdd_in,results/configs/tier_e_core4_hgb_mlp_timed/cse_cic_ids2018.yaml,52525d9bd46eced84d79483f7c71fb132ada6b8501c5bf64c37395daf3419234,date_holdout,train,test,0.0
CSE-CIC-IDS2018,cse_cic_ids2018_friday_holdout_sample,0,hist_gradient_boosting,a0_clean,jetson_orin_nx_super_ina3221_20260608t140153z,0.4244240295336438,0.4941761819982865,0.4593001057659651,0.0,1.0,0.0016862879664404,593018.5234677858,0.1154136657714843,7.885391547583102e-05,9.997672480723924,0.2587835855032542,5000,0,1.0,1.0,1.0,1.0,8,1,python_sklearn_cpu,measured_onboard_sensor,jetson_ina3221_vdd_in,results/configs/tier_e_core4_hgb_mlp_timed/cse_cic_ids2018.yaml,ac9d32e282a9c3432aebab298bf6bff33d6f69fdcbbc0b4fb8c8bd38eda40211,,,,0.0
CSE-CIC-IDS2018,cse_cic_ids2018_friday_holdout_sample,1,hist_gradient_boosting,a0_clean,jetson_orin_nx_super_ina3221_20260608t140153z,0.4177964636089217,0.4866479266259124,0.452222195117417,0.0,1.0,0.0017559510155115,569491.9682646666,0.1154136657714843,7.885391547583102e-05,10.019896279879797,0.2512610536378454,5000,0,1.0,1.0,1.0,1.0,8,1,python_sklearn_cpu,measured_onboard_sensor,jetson_ina3221_vdd_in,results/configs/tier_e_core4_hgb_mlp_timed/cse_cic_ids2018.yaml,d9c7ca30a503ba8288470331771f2a99b1f27ef8edba15973a9e1b648179b93c,,,,0.0
CSE-CIC-IDS2018,cse_cic_ids2018_friday_holdout_sample,2,hist_gradient_boosting,a0_clean,jetson_orin_nx_super_ina3221_20260608t140153z,0.4173852248893032,0.4924388232059389,0.4549120240476211,0.0,1.0,0.0016786218102788,595726.8003290619,0.1155738830566406,7.885391547583102e-05,10.015122353588122,0.2540465080747341,5000,0,1.0,1.0,1.0,1.0,8,1,python_sklearn_cpu,measured_onboard_sensor,jetson_ina3221_vdd_in,results/configs/tier_e_core4_hgb_mlp_timed/cse_cic_ids2018.yaml,e435497dc37450bf3b309c0cf0ffe11c1afb5225ef97b06c37e9594e0586c523,,,,0.0
CSE-CIC-IDS2018,cse_cic_ids2018_friday_holdout_sample,3,hist_gradient_boosting,a0_clean,jetson_orin_nx_super_ina3221_20260608t140153z,0.5836767257319881,0.587244855993116,0.5854607908625521,0.0,1.0,0.0017822977044852,561073.4937734857,0.1154136657714843,7.885391547583102e-05,8.042129606195585,0.4240549279292684,5000,0,1.0,1.0,1.0,1.0,8,1,python_sklearn_cpu,measured_onboard_sensor,jetson_ina3221_vdd_in,results/configs/tier_e_core4_hgb_mlp_timed/cse_cic_ids2018.yaml,3d851933585ac3376804487dd04ae549fe64a409812413cddd52659839f64624,,,,0.0
CSE-CIC-IDS2018,cse_cic_ids2018_friday_holdout_sample,4,hist_gradient_boosting,a0_clean,jetson_orin_nx_super_ina3221_20260608t140153z,0.4167735915082235,0.4897203947368421,0.4532469931225328,0.0,1.0,0.0016557321412255,603962.4255042754,0.1155223846435546,7.885391547583102e-05,10.020559210526317,0.2522727923072502,5000,0,1.0,1.0,1.0,1.0,8,1,python_sklearn_cpu,measured_onboard_sensor,jetson_ina3221_vdd_in,results/configs/tier_e_core4_hgb_mlp_timed/cse_cic_ids2018.yaml,e83f0063d2ede8d890fde48d8b13f3f5b25c3ac866caacd0310503c117dc92d4,,,,0.0
CSE-CIC-IDS2018,cse_cic_ids2018_friday_holdout_sample,5,hist_gradient_boosting,a0_clean,jetson_orin_nx_super_ina3221_20260608t140153z,0.4118518865201757,0.4879219450782909,0.4498869157992333,0.0,1.0,0.0016810301598161,594873.3246459838,0.1155223846435546,7.885391547583102e-05,10.017818081674404,0.2489674848193223,5000,0,1.0,1.0,1.0,1.0,8,1,python_sklearn_cpu,measured_onboard_sensor,jetson_ina3221_vdd_in,results/configs/tier_e_core4_hgb_mlp_timed/cse_cic_ids2018.yaml,bda4383e56b18638e1ffbee51828898249dfe86618dfd7967f5a144718b5cfd3,,,,0.0
CSE-CIC-IDS2018,cse_cic_ids2018_friday_holdout_sample,6,hist_gradient_boosting,a0_clean,jetson_orin_nx_super_ina3221_20260608t140153z,0.4193040148579098,0.4885215193747177,0.4539127671163138,0.0,1.0,0.001742135323002,574008.2224363751,0.1154136657714843,7.885391547583102e-05,10.009341227513804,0.2531627554869806,5000,0,1.0,1.0,1.0,1.0,8,1,python_sklearn_cpu,measured_onboard_sensor,jetson_ina3221_vdd_in,results/configs/tier_e_core4_hgb_mlp_timed/cse_cic_ids2018.yaml,e710a938d577308388e5defc4a4a977e25be98448db92e982614d6ab56c72e9f,,,,0.0
CSE-CIC-IDS2018,cse_cic_ids2018_friday_holdout_sample,7,hist_gradient_boosting,a0_clean,jetson_orin_nx_super_ina3221_20260608t140153z,0.4163651219796895,0.4882288529975362,0.4522969874886129,0.0,1.0,0.0020090631739003,497744.4278462476,0.1153621673583984,7.885391547583102e-05,10.023542294004928,0.2512624026216911,5000,0,1.0,1.0,1.0,1.0,8,1,python_sklearn_cpu,measured_onboard_sensor,jetson_ina3221_vdd_in,results/configs/tier_e_core4_hgb_mlp_timed/cse_cic_ids2018.yaml,7ab03877160b511eb6758bccd6ac51e8087d4a4717790d264b90521c01ba4b7e,,,,0.0
CSE-CIC-IDS2018,cse_cic_ids2018_friday_holdout_sample,8,hist_gradient_boosting,a0_clean,jetson_orin_nx_super_ina3221_20260608t140153z,0.447664770837921,0.5016451041110871,0.474654937474504,0.0,1.0,0.0078739594470243,127000.90808543663,0.1154136657714843,7.885391547583102e-05,9.715673995890546,0.279765490775386,5000,0,1.0,1.0,1.0,1.0,8,1,python_sklearn_cpu,measured_onboard_sensor,jetson_ina3221_vdd_in,results/configs/tier_e_core4_hgb_mlp_timed/cse_cic_ids2018.yaml,1534c855860ec73a29f83af8fec084672f110f1873acc6c9de976621ec4a94d1,,,,0.0
CSE-CIC-IDS2018,cse_cic_ids2018_friday_holdout_sample,9,hist_gradient_boosting,a0_clean,jetson_orin_nx_super_ina3221_20260608t140153z,0.4231977994613127,0.4929452551232735,0.458071527292293,0.0,1.0,0.0016377825691597,610581.6601241757,0.1153621673583984,7.885391547583102e-05,9.94807867537341,0.258546988837054,5000,0,1.0,1.0,1.0,1.0,8,1,python_sklearn_cpu,measured_onboard_sensor,jetson_ina3221_vdd_in,results/configs/tier_e_core4_hgb_mlp_timed/cse_cic_ids2018.yaml,52525d9bd46eced84d79483f7c71fb132ada6b8501c5bf64c37395daf3419234,,,,0.0
CSE-CIC-IDS2018,cse_cic_ids2018_friday_holdout_sample,0,hist_gradient_boosting,a1_constrained_feature,jetson_orin_nx_super_ina3221_20260608t140153z,0.4244240295336438,0.4941761819982865,0.4587853818024925,0.9992229992229992,0.9988,0.0016862879664404,593018.5234677858,0.1154136657714843,7.885391547583102e-05,9.997672480723924,0.258449014926997,4994,6,1.0,0.9988,1.0,1.0,8,1,python_sklearn_cpu,measured_onboard_sensor,jetson_ina3221_vdd_in,results/configs/tier_e_core4_hgb_mlp_timed/cse_cic_ids2018.yaml,ac9d32e282a9c3432aebab298bf6bff33d6f69fdcbbc0b4fb8c8bd38eda40211,,,,0.0
CSE-CIC-IDS2018,cse_cic_ids2018_friday_holdout_sample,1,hist_gradient_boosting,a1_constrained_feature,jetson_orin_nx_super_ina3221_20260608t140153z,0.4177964636089217,0.4866479266259124,0.452323054959226,0.9992435703479576,0.9982,0.0017559510155115,569491.9682646666,0.1154136657714843,7.885391547583102e-05,10.019896279879797,0.2513266125350212,4991,9,1.0,0.9982,1.0,1.0,8,1,python_sklearn_cpu,measured_onboard_sensor,jetson_ina3221_vdd_in,results/configs/tier_e_core4_hgb_mlp_timed/cse_cic_ids2018.yaml,d9c7ca30a503ba8288470331771f2a99b1f27ef8edba15973a9e1b648179b93c,,,,0.0
CSE-CIC-IDS2018,cse_cic_ids2018_friday_holdout_sample,2,hist_gradient_boosting,a1_constrained_feature,jetson_orin_nx_super_ina3221_20260608t140153z,0.4173852248893032,0.4924388232059389,0.4549324356047235,1.0,0.9978,0.0016786218102788,595726.8003290619,0.1155738830566406,7.885391547583102e-05,10.015122353588122,0.2540597755868506,4989,11,1.0,0.9978,1.0,1.0,8,1,python_sklearn_cpu,measured_onboard_sensor,jetson_ina3221_vdd_in,results/configs/tier_e_core4_hgb_mlp_timed/cse_cic_ids2018.yaml,e435497dc37450bf3b309c0cf0ffe11c1afb5225ef97b06c37e9594e0586c523,,,,0.0
CSE-CIC-IDS2018,cse_cic_ids2018_friday_holdout_sample,3,hist_gradient_boosting,a1_constrained_feature,jetson_orin_nx_super_ina3221_20260608t140153z,0.5836767257319881,0.587244855993116,0.5710760332602008,0.8245738636363636,0.9976,0.0017822977044852,561073.4937734857,0.1154136657714843,7.885391547583102e-05,8.042129606195585,0.4147048354877402,4988,12,1.0,0.9976,1.0,1.0,8,1,python_sklearn_cpu,measured_onboard_sensor,jetson_ina3221_vdd_in,results/configs/tier_e_core4_hgb_mlp_timed/cse_cic_ids2018.yaml,3d851933585ac3376804487dd04ae549fe64a409812413cddd52659839f64624,,,,0.0
CSE-CIC-IDS2018,cse_cic_ids2018_friday_holdout_sample,4,hist_gradient_boosting,a1_constrained_feature,jetson_orin_nx_super_ina3221_20260608t140153z,0.4167735915082235,0.4897203947368421,0.453137572180241,1.0,0.9974,0.0016557321412255,603962.4255042754,0.1155223846435546,7.885391547583102e-05,10.020559210526317,0.2522016686947604,4987,13,1.0,0.9974,1.0,1.0,8,1,python_sklearn_cpu,measured_onboard_sensor,jetson_ina3221_vdd_in,results/configs/tier_e_core4_hgb_mlp_timed/cse_cic_ids2018.yaml,e83f0063d2ede8d890fde48d8b13f3f5b25c3ac866caacd0310503c117dc92d4,,,,0.0
CSE-CIC-IDS2018,cse_cic_ids2018_friday_holdout_sample,5,hist_gradient_boosting,a1_constrained_feature,jetson_orin_nx_super_ina3221_20260608t140153z,0.4118518865201757,0.4879219450782909,0.4518631151934089,0.9964763918252292,0.997,0.0016810301598161,594873.3246459838,0.1155223846435546,7.885391547583102e-05,10.017818081674404,0.2502520144255364,4985,15,1.0,0.997,1.0,1.0,8,1,python_sklearn_cpu,measured_onboard_sensor,jetson_ina3221_vdd_in,results/configs/tier_e_core4_hgb_mlp_timed/cse_cic_ids2018.yaml,bda4383e56b18638e1ffbee51828898249dfe86618dfd7967f5a144718b5cfd3,,,,0.0
CSE-CIC-IDS2018,cse_cic_ids2018_friday_holdout_sample,6,hist_gradient_boosting,a1_constrained_feature,jetson_orin_nx_super_ina3221_20260608t140153z,0.4193040148579098,0.4885215193747177,0.4538340497576684,0.9984871406959152,0.9986,0.001742135323002,574008.2224363751,0.1154136657714843,7.885391547583102e-05,10.009341227513804,0.2531115892038611,4993,7,1.0,0.9986,1.0,1.0,8,1,python_sklearn_cpu,measured_onboard_sensor,jetson_ina3221_vdd_in,results/configs/tier_e_core4_hgb_mlp_timed/cse_cic_ids2018.yaml,e710a938d577308388e5defc4a4a977e25be98448db92e982614d6ab56c72e9f,,,,0.0
CSE-CIC-IDS2018,cse_cic_ids2018_friday_holdout_sample,7,hist_gradient_boosting,a1_constrained_feature,jetson_orin_nx_super_ina3221_20260608t140153z,0.4163651219796895,0.4882288529975362,0.4522073275247632,1.0,0.9978,0.0020090631739003,497744.4278462476,0.1153621673583984,7.885391547583102e-05,10.023542294004928,0.2512041236451888,4989,11,1.0,0.9978,1.0,1.0,8,1,python_sklearn_cpu,measured_onboard_sensor,jetson_ina3221_vdd_in,results/configs/tier_e_core4_hgb_mlp_timed/cse_cic_ids2018.yaml,7ab03877160b511eb6758bccd6ac51e8087d4a4717790d264b90521c01ba4b7e,,,,0.0
CSE-CIC-IDS2018,cse_cic_ids2018_friday_holdout_sample,8,hist_gradient_boosting,a1_constrained_feature,jetson_orin_nx_super_ina3221_20260608t140153z,0.447664770837921,0.5016451041110871,0.4728939301249828,0.9710586443259712,0.998,0.0078739594470243,127000.90808543663,0.1154136657714843,7.885391547583102e-05,9.715673995890546,0.2786208359981972,4990,10,1.0,0.998,1.0,1.0,8,1,python_sklearn_cpu,measured_onboard_sensor,jetson_ina3221_vdd_in,results/configs/tier_e_core4_hgb_mlp_timed/cse_cic_ids2018.yaml,1534c855860ec73a29f83af8fec084672f110f1873acc6c9de976621ec4a94d1,,,,0.0
CSE-CIC-IDS2018,cse_cic_ids2018_friday_holdout_sample,9,hist_gradient_boosting,a1_constrained_feature,jetson_orin_nx_super_ina3221_20260608t140153z,0.4231977994613127,0.4929452551232735,0.4559271010821686,0.9955979457079972,0.9992,0.0016377825691597,610581.6601241757,0.1153621673583984,7.885391547583102e-05,9.94807867537341,0.2571531118004732,4996,4,1.0,0.9992,1.0,1.0,8,1,python_sklearn_cpu,measured_onboard_sensor,jetson_ina3221_vdd_in,results/configs/tier_e_core4_hgb_mlp_timed/cse_cic_ids2018.yaml,52525d9bd46eced84d79483f7c71fb132ada6b8501c5bf64c37395daf3419234,,,,0.0
CSE-CIC-IDS2018,cse_cic_ids2018_friday_holdout_sample,0,hist_gradient_boosting,a1_constrained_score_search,jetson_orin_nx_super_ina3221_20260608t140153z,0.4244240295336438,0.4941761819982865,0.458192443037496,1.0,0.9988,0.0016862879664404,593018.5234677858,0.1154136657714843,7.885391547583102e-05,9.997672480723924,0.2580636047297493,4994,6,1.0,0.9988,1.0,1.0,8,1,python_sklearn_cpu,measured_onboard_sensor,jetson_ina3221_vdd_in,results/configs/tier_e_core4_hgb_mlp_timed/cse_cic_ids2018.yaml,ac9d32e282a9c3432aebab298bf6bff33d6f69fdcbbc0b4fb8c8bd38eda40211,,,,0.0
CSE-CIC-IDS2018,cse_cic_ids2018_friday_holdout_sample,1,hist_gradient_boosting,a1_constrained_score_search,jetson_orin_nx_super_ina3221_20260608t140153z,0.4177964636089217,0.4866479266259124,0.452323054959226,0.9992435703479576,0.9982,0.0017559510155115,569491.9682646666,0.1154136657714843,7.885391547583102e-05,10.019896279879797,0.2513266125350212,4991,9,1.0,0.9982,1.0,1.0,8,1,python_sklearn_cpu,measured_onboard_sensor,jetson_ina3221_vdd_in,results/configs/tier_e_core4_hgb_mlp_timed/cse_cic_ids2018.yaml,d9c7ca30a503ba8288470331771f2a99b1f27ef8edba15973a9e1b648179b93c,,,,0.0
CSE-CIC-IDS2018,cse_cic_ids2018_friday_holdout_sample,2,hist_gradient_boosting,a1_constrained_score_search,jetson_orin_nx_super_ina3221_20260608t140153z,0.4173852248893032,0.4924388232059389,0.4549324356047235,1.0,0.9978,0.0016786218102788,595726.8003290619,0.1155738830566406,7.885391547583102e-05,10.015122353588122,0.2540597755868506,4989,11,1.0,0.9978,1.0,1.0,8,1,python_sklearn_cpu,measured_onboard_sensor,jetson_ina3221_vdd_in,results/configs/tier_e_core4_hgb_mlp_timed/cse_cic_ids2018.yaml,e435497dc37450bf3b309c0cf0ffe11c1afb5225ef97b06c37e9594e0586c523,,,,0.0
CSE-CIC-IDS2018,cse_cic_ids2018_friday_holdout_sample,3,hist_gradient_boosting,a1_constrained_score_search,jetson_orin_nx_super_ina3221_20260608t140153z,0.5836767257319881,0.587244855993116,0.530830541758659,0.8863636363636364,0.9976,0.0017822977044852,561073.4937734857,0.1154136657714843,7.885391547583102e-05,8.042129606195585,0.3885452660117379,4988,12,1.0,0.9976,1.0,1.0,8,1,python_sklearn_cpu,measured_onboard_sensor,jetson_ina3221_vdd_in,results/configs/tier_e_core4_hgb_mlp_timed/cse_cic_ids2018.yaml,3d851933585ac3376804487dd04ae549fe64a409812413cddd52659839f64624,,,,0.0
CSE-CIC-IDS2018,cse_cic_ids2018_friday_holdout_sample,4,hist_gradient_boosting,a1_constrained_score_search,jetson_orin_nx_super_ina3221_20260608t140153z,0.4167735915082235,0.4897203947368421,0.453137572180241,1.0,0.9974,0.0016557321412255,603962.4255042754,0.1155223846435546,7.885391547583102e-05,10.020559210526317,0.2522016686947604,4987,13,1.0,0.9974,1.0,1.0,8,1,python_sklearn_cpu,measured_onboard_sensor,jetson_ina3221_vdd_in,results/configs/tier_e_core4_hgb_mlp_timed/cse_cic_ids2018.yaml,e83f0063d2ede8d890fde48d8b13f3f5b25c3ac866caacd0310503c117dc92d4,,,,0.0
CSE-CIC-IDS2018,cse_cic_ids2018_friday_holdout_sample,5,hist_gradient_boosting,a1_constrained_score_search,jetson_orin_nx_super_ina3221_20260608t140153z,0.4118518865201757,0.4879219450782909,0.4497402080653871,0.9992952783650458,0.997,0.0016810301598161,594873.3246459838,0.1155223846435546,7.885391547583102e-05,10.017818081674404,0.2488721247923222,4985,15,1.0,0.997,1.0,1.0,8,1,python_sklearn_cpu,measured_onboard_sensor,jetson_ina3221_vdd_in,results/configs/tier_e_core4_hgb_mlp_timed/cse_cic_ids2018.yaml,bda4383e56b18638e1ffbee51828898249dfe86618dfd7967f5a144718b5cfd3,,,,0.0
CSE-CIC-IDS2018,cse_cic_ids2018_friday_holdout_sample,6,hist_gradient_boosting,a1_constrained_score_search,jetson_orin_nx_super_ina3221_20260608t140153z,0.4193040148579098,0.4885215193747177,0.4526998978305237,1.0,0.9986,0.001742135323002,574008.2224363751,0.1154136657714843,7.885391547583102e-05,10.009341227513804,0.2523743904512171,4993,7,1.0,0.9986,1.0,1.0,8,1,python_sklearn_cpu,measured_onboard_sensor,jetson_ina3221_vdd_in,results/configs/tier_e_core4_hgb_mlp_timed/cse_cic_ids2018.yaml,e710a938d577308388e5defc4a4a977e25be98448db92e982614d6ab56c72e9f,,,,0.0
CSE-CIC-IDS2018,cse_cic_ids2018_friday_holdout_sample,7,hist_gradient_boosting,a1_constrained_score_search,jetson_orin_nx_super_ina3221_20260608t140153z,0.4163651219796895,0.4882288529975362,0.4522073275247632,1.0,0.9978,0.0020090631739003,497744.4278462476,0.1153621673583984,7.885391547583102e-05,10.023542294004928,0.2512041236451888,4989,11,1.0,0.9978,1.0,1.0,8,1,python_sklearn_cpu,measured_onboard_sensor,jetson_ina3221_vdd_in,results/configs/tier_e_core4_hgb_mlp_timed/cse_cic_ids2018.yaml,7ab03877160b511eb6758bccd6ac51e8087d4a4717790d264b90521c01ba4b7e,,,,0.0
CSE-CIC-IDS2018,cse_cic_ids2018_friday_holdout_sample,8,hist_gradient_boosting,a1_constrained_score_search,jetson_orin_nx_super_ina3221_20260608t140153z,0.447664770837921,0.5016451041110871,0.4556242984660294,0.9946686976389948,0.998,0.0078739594470243,127000.90808543663,0.1154136657714843,7.885391547583102e-05,9.715673995890546,0.2673955754198776,4990,10,1.0,0.998,1.0,1.0,8,1,python_sklearn_cpu,measured_onboard_sensor,jetson_ina3221_vdd_in,results/configs/tier_e_core4_hgb_mlp_timed/cse_cic_ids2018.yaml,1534c855860ec73a29f83af8fec084672f110f1873acc6c9de976621ec4a94d1,,,,0.0
CSE-CIC-IDS2018,cse_cic_ids2018_friday_holdout_sample,9,hist_gradient_boosting,a1_constrained_score_search,jetson_orin_nx_super_ina3221_20260608t140153z,0.4231977994613127,0.4929452551232735,0.4526059324706972,1.0,0.9992,0.0016377825691597,610581.6601241757,0.1153621673583984,7.885391547583102e-05,9.94807867537341,0.2549943522030168,4996,4,1.0,0.9992,1.0,1.0,8,1,python_sklearn_cpu,measured_onboard_sensor,jetson_ina3221_vdd_in,results/configs/tier_e_core4_hgb_mlp_timed/cse_cic_ids2018.yaml,52525d9bd46eced84d79483f7c71fb132ada6b8501c5bf64c37395daf3419234,,,,0.0
CSE-CIC-IDS2018,cse_cic_ids2018_friday_holdout_sample,0,hist_gradient_boosting,a4_split_shift,jetson_orin_nx_super_ina3221_20260608t140153z,0.4244240295336438,0.4941761819982865,0.4593001057659651,0.0,1.0,0.0016862879664404,593018.5234677858,0.1154136657714843,7.885391547583102e-05,9.997672480723924,0.2587835855032542,5000,0,1.0,1.0,1.0,1.0,8,1,python_sklearn_cpu,measured_onboard_sensor,jetson_ina3221_vdd_in,results/configs/tier_e_core4_hgb_mlp_timed/cse_cic_ids2018.yaml,ac9d32e282a9c3432aebab298bf6bff33d6f69fdcbbc0b4fb8c8bd38eda40211,date_holdout,train,test,0.0
CSE-CIC-IDS2018,cse_cic_ids2018_friday_holdout_sample,1,hist_gradient_boosting,a4_split_shift,jetson_orin_nx_super_ina3221_20260608t140153z,0.4177964636089217,0.4866479266259124,0.452222195117417,0.0,1.0,0.0017559510155115,569491.9682646666,0.1154136657714843,7.885391547583102e-05,10.019896279879797,0.2512610536378454,5000,0,1.0,1.0,1.0,1.0,8,1,python_sklearn_cpu,measured_onboard_sensor,jetson_ina3221_vdd_in,results/configs/tier_e_core4_hgb_mlp_timed/cse_cic_ids2018.yaml,d9c7ca30a503ba8288470331771f2a99b1f27ef8edba15973a9e1b648179b93c,date_holdout,train,test,0.0
CSE-CIC-IDS2018,cse_cic_ids2018_friday_holdout_sample,2,hist_gradient_boosting,a4_split_shift,jetson_orin_nx_super_ina3221_20260608t140153z,0.4173852248893032,0.4924388232059389,0.4549120240476211,0.0,1.0,0.0016786218102788,595726.8003290619,0.1155738830566406,7.885391547583102e-05,10.015122353588122,0.2540465080747341,5000,0,1.0,1.0,1.0,1.0,8,1,python_sklearn_cpu,measured_onboard_sensor,jetson_ina3221_vdd_in,results/configs/tier_e_core4_hgb_mlp_timed/cse_cic_ids2018.yaml,e435497dc37450bf3b309c0cf0ffe11c1afb5225ef97b06c37e9594e0586c523,date_holdout,train,test,0.0
CSE-CIC-IDS2018,cse_cic_ids2018_friday_holdout_sample,3,hist_gradient_boosting,a4_split_shift,jetson_orin_nx_super_ina3221_20260608t140153z,0.5836767257319881,0.587244855993116,0.5854607908625521,0.0,1.0,0.0017822977044852,561073.4937734857,0.1154136657714843,7.885391547583102e-05,8.042129606195585,0.4240549279292684,5000,0,1.0,1.0,1.0,1.0,8,1,python_sklearn_cpu,measured_onboard_sensor,jetson_ina3221_vdd_in,results/configs/tier_e_core4_hgb_mlp_timed/cse_cic_ids2018.yaml,3d851933585ac3376804487dd04ae549fe64a409812413cddd52659839f64624,date_holdout,train,test,0.0
CSE-CIC-IDS2018,cse_cic_ids2018_friday_holdout_sample,4,hist_gradient_boosting,a4_split_shift,jetson_orin_nx_super_ina3221_20260608t140153z,0.4167735915082235,0.4897203947368421,0.4532469931225328,0.0,1.0,0.0016557321412255,603962.4255042754,0.1155223846435546,7.885391547583102e-05,10.020559210526317,0.2522727923072502,5000,0,1.0,1.0,1.0,1.0,8,1,python_sklearn_cpu,measured_onboard_sensor,jetson_ina3221_vdd_in,results/configs/tier_e_core4_hgb_mlp_timed/cse_cic_ids2018.yaml,e83f0063d2ede8d890fde48d8b13f3f5b25c3ac866caacd0310503c117dc92d4,date_holdout,train,test,0.0
CSE-CIC-IDS2018,cse_cic_ids2018_friday_holdout_sample,5,hist_gradient_boosting,a4_split_shift,jetson_orin_nx_super_ina3221_20260608t140153z,0.4118518865201757,0.4879219450782909,0.4498869157992333,0.0,1.0,0.0016810301598161,594873.3246459838,0.1155223846435546,7.885391547583102e-05,10.017818081674404,0.2489674848193223,5000,0,1.0,1.0,1.0,1.0,8,1,python_sklearn_cpu,measured_onboard_sensor,jetson_ina3221_vdd_in,results/configs/tier_e_core4_hgb_mlp_timed/cse_cic_ids2018.yaml,bda4383e56b18638e1ffbee51828898249dfe86618dfd7967f5a144718b5cfd3,date_holdout,train,test,0.0
CSE-CIC-IDS2018,cse_cic_ids2018_friday_holdout_sample,6,hist_gradient_boosting,a4_split_shift,jetson_orin_nx_super_ina3221_20260608t140153z,0.4193040148579098,0.4885215193747177,0.4539127671163138,0.0,1.0,0.001742135323002,574008.2224363751,0.1154136657714843,7.885391547583102e-05,10.009341227513804,0.2531627554869806,5000,0,1.0,1.0,1.0,1.0,8,1,python_sklearn_cpu,measured_onboard_sensor,jetson_ina3221_vdd_in,results/configs/tier_e_core4_hgb_mlp_timed/cse_cic_ids2018.yaml,e710a938d577308388e5defc4a4a977e25be98448db92e982614d6ab56c72e9f,date_holdout,train,test,0.0
CSE-CIC-IDS2018,cse_cic_ids2018_friday_holdout_sample,7,hist_gradient_boosting,a4_split_shift,jetson_orin_nx_super_ina3221_20260608t140153z,0.4163651219796895,0.4882288529975362,0.4522969874886129,0.0,1.0,0.0020090631739003,497744.4278462476,0.1153621673583984,7.885391547583102e-05,10.023542294004928,0.2512624026216911,5000,0,1.0,1.0,1.0,1.0,8,1,python_sklearn_cpu,measured_onboard_sensor,jetson_ina3221_vdd_in,results/configs/tier_e_core4_hgb_mlp_timed/cse_cic_ids2018.yaml,7ab03877160b511eb6758bccd6ac51e8087d4a4717790d264b90521c01ba4b7e,date_holdout,train,test,0.0
CSE-CIC-IDS2018,cse_cic_ids2018_friday_holdout_sample,8,hist_gradient_boosting,a4_split_shift,jetson_orin_nx_super_ina3221_20260608t140153z,0.447664770837921,0.5016451041110871,0.474654937474504,0.0,1.0,0.0078739594470243,127000.90808543663,0.1154136657714843,7.885391547583102e-05,9.715673995890546,0.279765490775386,5000,0,1.0,1.0,1.0,1.0,8,1,python_sklearn_cpu,measured_onboard_sensor,jetson_ina3221_vdd_in,results/configs/tier_e_core4_hgb_mlp_timed/cse_cic_ids2018.yaml,1534c855860ec73a29f83af8fec084672f110f1873acc6c9de976621ec4a94d1,date_holdout,train,test,0.0
CSE-CIC-IDS2018,cse_cic_ids2018_friday_holdout_sample,9,hist_gradient_boosting,a4_split_shift,jetson_orin_nx_super_ina3221_20260608t140153z,0.4231977994613127,0.4929452551232735,0.458071527292293,0.0,1.0,0.0016377825691597,610581.6601241757,0.1153621673583984,7.885391547583102e-05,9.94807867537341,0.258546988837054,5000,0,1.0,1.0,1.0,1.0,8,1,python_sklearn_cpu,measured_onboard_sensor,jetson_ina3221_vdd_in,results/configs/tier_e_core4_hgb_mlp_timed/cse_cic_ids2018.yaml,52525d9bd46eced84d79483f7c71fb132ada6b8501c5bf64c37395daf3419234,date_holdout,train,test,0.0
CSE-CIC-IDS2018,cse_cic_ids2018_friday_holdout_sample,0,logistic_regression,a0_clean,jetson_orin_nx_super_ina3221_20260608t140153z,0.6600295619279403,0.6620177634397086,0.6610236626838244,0.0,1.0,0.0037617658131057,265832.6035384944,0.1159782409667968,7.885391547583102e-05,5.106088696723067,0.5583344414094955,5000,0,1.0,1.0,1.0,1.0,8,1,python_sklearn_cpu,measured_onboard_sensor,jetson_ina3221_vdd_in,results/configs/tier_e_core4_hgb_mlp_timed/cse_cic_ids2018.yaml,ac9d32e282a9c3432aebab298bf6bff33d6f69fdcbbc0b4fb8c8bd38eda40211,,,,0.0
CSE-CIC-IDS2018,cse_cic_ids2018_friday_holdout_sample,1,logistic_regression,a0_clean,jetson_orin_nx_super_ina3221_20260608t140153z,0.6460239776313506,0.6482497229715222,0.6471368503014363,0.0,1.0,0.0007109639392001,1406541.0984486982,0.1159782409667968,7.885391547583102e-05,5.251155622135624,0.5415526505125852,5000,0,1.0,1.0,1.0,1.0,8,1,python_sklearn_cpu,measured_onboard_sensor,jetson_ina3221_vdd_in,results/configs/tier_e_core4_hgb_mlp_timed/cse_cic_ids2018.yaml,d9c7ca30a503ba8288470331771f2a99b1f27ef8edba15973a9e1b648179b93c,,,,0.0
CSE-CIC-IDS2018,cse_cic_ids2018_friday_holdout_sample,2,logistic_regression,a0_clean,jetson_orin_nx_super_ina3221_20260608t140153z,0.6423444402724763,0.6470806988820976,0.644712569577287,0.0,1.0,0.0007237273990176,1381735.721705896,0.1159782409667968,7.885391547583102e-05,5.083681595632723,0.542477823706522,5000,0,1.0,1.0,1.0,1.0,8,1,python_sklearn_cpu,measured_onboard_sensor,jetson_ina3221_vdd_in,results/configs/tier_e_core4_hgb_mlp_timed/cse_cic_ids2018.yaml,e435497dc37450bf3b309c0cf0ffe11c1afb5225ef97b06c37e9594e0586c523,,,,0.0
CSE-CIC-IDS2018,cse_cic_ids2018_friday_holdout_sample,3,logistic_regression,a0_clean,jetson_orin_nx_super_ina3221_20260608t140153z,0.655958949179996,0.655958949179996,0.655958949179996,0.0,1.0,0.0045440843753749,220066.3362280737,0.1159782409667968,7.885391547583102e-05,5.136945738003645,0.5526509564963195,5000,0,1.0,1.0,1.0,1.0,8,1,python_sklearn_cpu,measured_onboard_sensor,jetson_ina3221_vdd_in,results/configs/tier_e_core4_hgb_mlp_timed/cse_cic_ids2018.yaml,3d851933585ac3376804487dd04ae549fe64a409812413cddd52659839f64624,,,,0.0
CSE-CIC-IDS2018,cse_cic_ids2018_friday_holdout_sample,4,logistic_regression,a0_clean,jetson_orin_nx_super_ina3221_20260608t140153z,0.6338374213156609,0.6358067645074225,0.6348220929115417,0.0,1.0,0.0025908720330335,385970.4328311233,0.1157207489013671,7.885391547583102e-05,5.401463394062079,0.5262278412966063,5000,0,1.0,1.0,1.0,1.0,8,1,python_sklearn_cpu,measured_onboard_sensor,jetson_ina3221_vdd_in,results/configs/tier_e_core4_hgb_mlp_timed/cse_cic_ids2018.yaml,e83f0063d2ede8d890fde48d8b13f3f5b25c3ac866caacd0310503c117dc92d4,,,,0.0
CSE-CIC-IDS2018,cse_cic_ids2018_friday_holdout_sample,5,logistic_regression,a0_clean,jetson_orin_nx_super_ina3221_20260608t140153z,0.6557926565569734,0.65625934377213,0.6560260001645517,0.0,1.0,0.0007150502240983,1398503.1628525432,0.1159267425537109,7.885391547583102e-05,5.092410889920529,0.5536166910756938,5000,0,1.0,1.0,1.0,1.0,8,1,python_sklearn_cpu,measured_onboard_sensor,jetson_ina3221_vdd_in,results/configs/tier_e_core4_hgb_mlp_timed/cse_cic_ids2018.yaml,bda4383e56b18638e1ffbee51828898249dfe86618dfd7967f5a144718b5cfd3,,,,0.0
CSE-CIC-IDS2018,cse_cic_ids2018_friday_holdout_sample,6,logistic_regression,a0_clean,jetson_orin_nx_super_ina3221_20260608t140153z,0.644469433877078,0.6492887340107061,0.646879083943892,0.0,1.0,0.0012233971193199,817396.0721403621,0.1159782409667968,7.885391547583102e-05,5.112920262689632,0.5440585229411216,5000,0,1.0,1.0,1.0,1.0,8,1,python_sklearn_cpu,measured_onboard_sensor,jetson_ina3221_vdd_in,results/configs/tier_e_core4_hgb_mlp_timed/cse_cic_ids2018.yaml,e710a938d577308388e5defc4a4a977e25be98448db92e982614d6ab56c72e9f,,,,0.0
CSE-CIC-IDS2018,cse_cic_ids2018_friday_holdout_sample,7,logistic_regression,a0_clean,jetson_orin_nx_super_ina3221_20260608t140153z,0.6524393790439388,0.652870559654318,0.6526549693491284,0.0,1.0,0.003679607786471,271768.0954140667,0.1159267425537109,7.885391547583102e-05,5.23768872478936,0.5473339233381986,5000,0,1.0,1.0,1.0,1.0,8,1,python_sklearn_cpu,measured_onboard_sensor,jetson_ina3221_vdd_in,results/configs/tier_e_core4_hgb_mlp_timed/cse_cic_ids2018.yaml,7ab03877160b511eb6758bccd6ac51e8087d4a4717790d264b90521c01ba4b7e,,,,0.0
CSE-CIC-IDS2018,cse_cic_ids2018_friday_holdout_sample,8,logistic_regression,a0_clean,jetson_orin_nx_super_ina3221_20260608t140153z,0.6439681641887525,0.6474488595507858,0.6457085118697692,0.0,1.0,0.0007055167166981,1417400.8585933954,0.115875244140625,7.885391547583102e-05,5.215384078308938,0.5408397634662888,5000,0,1.0,1.0,1.0,1.0,8,1,python_sklearn_cpu,measured_onboard_sensor,jetson_ina3221_vdd_in,results/configs/tier_e_core4_hgb_mlp_timed/cse_cic_ids2018.yaml,1534c855860ec73a29f83af8fec084672f110f1873acc6c9de976621ec4a94d1,,,,0.0
CSE-CIC-IDS2018,cse_cic_ids2018_friday_holdout_sample,9,logistic_regression,a0_clean,jetson_orin_nx_super_ina3221_20260608t140153z,0.6349459277185066,0.6386434281557587,0.6367946779371326,0.0,1.0,0.0019954903185134,501129.9682701253,0.115823745727539,7.885391547583102e-05,5.252427010159503,0.5311823860316186,5000,0,1.0,1.0,1.0,1.0,8,1,python_sklearn_cpu,measured_onboard_sensor,jetson_ina3221_vdd_in,results/configs/tier_e_core4_hgb_mlp_timed/cse_cic_ids2018.yaml,52525d9bd46eced84d79483f7c71fb132ada6b8501c5bf64c37395daf3419234,,,,0.0
CSE-CIC-IDS2018,cse_cic_ids2018_friday_holdout_sample,0,logistic_regression,a1_constrained_feature,jetson_orin_nx_super_ina3221_20260608t140153z,0.6600295619279403,0.6620177634397086,0.6450582954372694,0.526029526029526,0.9988,0.0037617658131057,265832.6035384944,0.1159782409667968,7.885391547583102e-05,5.106088696723067,0.5479569526992348,4994,6,1.0,0.9988,1.0,1.0,8,1,python_sklearn_cpu,measured_onboard_sensor,jetson_ina3221_vdd_in,results/configs/tier_e_core4_hgb_mlp_timed/cse_cic_ids2018.yaml,ac9d32e282a9c3432aebab298bf6bff33d6f69fdcbbc0b4fb8c8bd38eda40211,,,,0.0
CSE-CIC-IDS2018,cse_cic_ids2018_friday_holdout_sample,1,logistic_regression,a1_constrained_feature,jetson_orin_nx_super_ina3221_20260608t140153z,0.6460239776313506,0.6482497229715222,0.6245117677219132,0.5529500756429652,0.9982,0.0007109639392001,1406541.0984486982,0.1159782409667968,7.885391547583102e-05,5.251155622135624,0.5268463468358952,4991,9,1.0,0.9982,1.0,1.0,8,1,python_sklearn_cpu,measured_onboard_sensor,jetson_ina3221_vdd_in,results/configs/tier_e_core4_hgb_mlp_timed/cse_cic_ids2018.yaml,d9c7ca30a503ba8288470331771f2a99b1f27ef8edba15973a9e1b648179b93c,,,,0.0
CSE-CIC-IDS2018,cse_cic_ids2018_friday_holdout_sample,2,logistic_regression,a1_constrained_feature,jetson_orin_nx_super_ina3221_20260608t140153z,0.6423444402724763,0.6470806988820976,0.6399969014152215,0.4977973568281938,0.9978,0.0007237273990176,1381735.721705896,0.1159782409667968,7.885391547583102e-05,5.083681595632723,0.5394126394011795,4989,11,1.0,0.9978,1.0,1.0,8,1,python_sklearn_cpu,measured_onboard_sensor,jetson_ina3221_vdd_in,results/configs/tier_e_core4_hgb_mlp_timed/cse_cic_ids2018.yaml,e435497dc37450bf3b309c0cf0ffe11c1afb5225ef97b06c37e9594e0586c523,,,,0.0
CSE-CIC-IDS2018,cse_cic_ids2018_friday_holdout_sample,3,logistic_regression,a1_constrained_feature,jetson_orin_nx_super_ina3221_20260608t140153z,0.655958949179996,0.655958949179996,0.650280921904543,0.5078125,0.9976,0.0045440843753749,220066.3362280737,0.1159782409667968,7.885391547583102e-05,5.136945738003645,0.5489602387672751,4988,12,1.0,0.9976,1.0,1.0,8,1,python_sklearn_cpu,measured_onboard_sensor,jetson_ina3221_vdd_in,results/configs/tier_e_core4_hgb_mlp_timed/cse_cic_ids2018.yaml,3d851933585ac3376804487dd04ae549fe64a409812413cddd52659839f64624,,,,0.0
CSE-CIC-IDS2018,cse_cic_ids2018_friday_holdout_sample,4,logistic_regression,a1_constrained_feature,jetson_orin_nx_super_ina3221_20260608t140153z,0.6338374213156609,0.6358067645074225,0.6063422080153986,0.5788304959289415,0.9974,0.0025908720330335,385970.4328311233,0.1157207489013671,7.885391547583102e-05,5.401463394062079,0.5077159161141133,4987,13,1.0,0.9974,1.0,1.0,8,1,python_sklearn_cpu,measured_onboard_sensor,jetson_ina3221_vdd_in,results/configs/tier_e_core4_hgb_mlp_timed/cse_cic_ids2018.yaml,e83f0063d2ede8d890fde48d8b13f3f5b25c3ac866caacd0310503c117dc92d4,,,,0.0
CSE-CIC-IDS2018,cse_cic_ids2018_friday_holdout_sample,5,logistic_regression,a1_constrained_feature,jetson_orin_nx_super_ina3221_20260608t140153z,0.6557926565569734,0.65625934377213,0.6517265094116745,0.4989429175475687,0.997,0.0007150502240983,1398503.1628525432,0.1159267425537109,7.885391547583102e-05,5.092410889920529,0.5508220220863236,4985,15,1.0,0.997,1.0,1.0,8,1,python_sklearn_cpu,measured_onboard_sensor,jetson_ina3221_vdd_in,results/configs/tier_e_core4_hgb_mlp_timed/cse_cic_ids2018.yaml,bda4383e56b18638e1ffbee51828898249dfe86618dfd7967f5a144718b5cfd3,,,,0.0
CSE-CIC-IDS2018,cse_cic_ids2018_friday_holdout_sample,6,logistic_regression,a1_constrained_feature,jetson_orin_nx_super_ina3221_20260608t140153z,0.644469433877078,0.6492887340107061,0.6260290246757226,0.5340393343419062,0.9986,0.0012233971193199,817396.0721403621,0.1159782409667968,7.885391547583102e-05,5.112920262689632,0.5305059844168114,4993,7,1.0,0.9986,1.0,1.0,8,1,python_sklearn_cpu,measured_onboard_sensor,jetson_ina3221_vdd_in,results/configs/tier_e_core4_hgb_mlp_timed/cse_cic_ids2018.yaml,e710a938d577308388e5defc4a4a977e25be98448db92e982614d6ab56c72e9f,,,,0.0
CSE-CIC-IDS2018,cse_cic_ids2018_friday_holdout_sample,7,logistic_regression,a1_constrained_feature,jetson_orin_nx_super_ina3221_20260608t140153z,0.6524393790439388,0.652870559654318,0.6396959183358183,0.5326894502228826,0.9978,0.003679607786471,271768.0954140667,0.1159267425537109,7.885391547583102e-05,5.23768872478936,0.5389105401795471,4989,11,1.0,0.9978,1.0,1.0,8,1,python_sklearn_cpu,measured_onboard_sensor,jetson_ina3221_vdd_in,results/configs/tier_e_core4_hgb_mlp_timed/cse_cic_ids2018.yaml,7ab03877160b511eb6758bccd6ac51e8087d4a4717790d264b90521c01ba4b7e,,,,0.0
CSE-CIC-IDS2018,cse_cic_ids2018_friday_holdout_sample,8,logistic_regression,a1_constrained_feature,jetson_orin_nx_super_ina3221_20260608t140153z,0.6439681641887525,0.6474488595507858,0.6280954376228152,0.5384615384615384,0.998,0.0007055167166981,1417400.8585933954,0.115875244140625,7.885391547583102e-05,5.215384078308938,0.5293912652057687,4990,10,1.0,0.998,1.0,1.0,8,1,python_sklearn_cpu,measured_onboard_sensor,jetson_ina3221_vdd_in,results/configs/tier_e_core4_hgb_mlp_timed/cse_cic_ids2018.yaml,1534c855860ec73a29f83af8fec084672f110f1873acc6c9de976621ec4a94d1,,,,0.0
CSE-CIC-IDS2018,cse_cic_ids2018_friday_holdout_sample,9,logistic_regression,a1_constrained_feature,jetson_orin_nx_super_ina3221_20260608t140153z,0.6349459277185066,0.6386434281557587,0.619557412843633,0.5407190022010272,0.9992,0.0019954903185134,501129.9682701253,0.115823745727539,7.885391547583102e-05,5.252427010159503,0.5199781637208438,4996,4,1.0,0.9992,1.0,1.0,8,1,python_sklearn_cpu,measured_onboard_sensor,jetson_ina3221_vdd_in,results/configs/tier_e_core4_hgb_mlp_timed/cse_cic_ids2018.yaml,52525d9bd46eced84d79483f7c71fb132ada6b8501c5bf64c37395daf3419234,,,,0.0
CSE-CIC-IDS2018,cse_cic_ids2018_friday_holdout_sample,0,logistic_regression,a1_constrained_score_search,jetson_orin_nx_super_ina3221_20260608t140153z,0.6600295619279403,0.6620177634397086,0.5592343526456152,0.7000777000777001,0.9988,0.0037617658131057,265832.6035384944,0.1159782409667968,7.885391547583102e-05,5.106088696723067,0.4921713898846594,4994,6,1.0,0.9988,1.0,1.0,8,1,python_sklearn_cpu,measured_onboard_sensor,jetson_ina3221_vdd_in,results/configs/tier_e_core4_hgb_mlp_timed/cse_cic_ids2018.yaml,ac9d32e282a9c3432aebab298bf6bff33d6f69fdcbbc0b4fb8c8bd38eda40211,,,,0.0
CSE-CIC-IDS2018,cse_cic_ids2018_friday_holdout_sample,1,logistic_regression,a1_constrained_score_search,jetson_orin_nx_super_ina3221_20260608t140153z,0.6460239776313506,0.6482497229715222,0.5351542232441955,0.7322239031770046,0.9982,0.0007109639392001,1406541.0984486982,0.1159782409667968,7.885391547583102e-05,5.251155622135624,0.4687639429253786,4991,9,1.0,0.9982,1.0,1.0,8,1,python_sklearn_cpu,measured_onboard_sensor,jetson_ina3221_vdd_in,results/configs/tier_e_core4_hgb_mlp_timed/cse_cic_ids2018.yaml,d9c7ca30a503ba8288470331771f2a99b1f27ef8edba15973a9e1b648179b93c,,,,0.0
CSE-CIC-IDS2018,cse_cic_ids2018_friday_holdout_sample,2,logistic_regression,a1_constrained_score_search,jetson_orin_nx_super_ina3221_20260608t140153z,0.6423444402724763,0.6470806988820976,0.6184317949939548,0.5433186490455213,0.9978,0.0007237273990176,1381735.721705896,0.1159782409667968,7.885391547583102e-05,5.083681595632723,0.5253953202273561,4989,11,1.0,0.9978,1.0,1.0,8,1,python_sklearn_cpu,measured_onboard_sensor,jetson_ina3221_vdd_in,results/configs/tier_e_core4_hgb_mlp_timed/cse_cic_ids2018.yaml,e435497dc37450bf3b309c0cf0ffe11c1afb5225ef97b06c37e9594e0586c523,,,,0.0
CSE-CIC-IDS2018,cse_cic_ids2018_friday_holdout_sample,3,logistic_regression,a1_constrained_score_search,jetson_orin_nx_super_ina3221_20260608t140153z,0.655958949179996,0.655958949179996,0.6168425008458387,0.5767045454545454,0.9976,0.0045440843753749,220066.3362280737,0.1159782409667968,7.885391547583102e-05,5.136945738003645,0.5272252650791173,4988,12,1.0,0.9976,1.0,1.0,8,1,python_sklearn_cpu,measured_onboard_sensor,jetson_ina3221_vdd_in,results/configs/tier_e_core4_hgb_mlp_timed/cse_cic_ids2018.yaml,3d851933585ac3376804487dd04ae549fe64a409812413cddd52659839f64624,,,,0.0
CSE-CIC-IDS2018,cse_cic_ids2018_friday_holdout_sample,4,logistic_regression,a1_constrained_score_search,jetson_orin_nx_super_ina3221_20260608t140153z,0.6338374213156609,0.6358067645074225,0.5063934918274273,0.7764618800888231,0.9974,0.0025908720330335,385970.4328311233,0.1157207489013671,7.885391547583102e-05,5.401463394062079,0.4427492505919319,4987,13,1.0,0.9974,1.0,1.0,8,1,python_sklearn_cpu,measured_onboard_sensor,jetson_ina3221_vdd_in,results/configs/tier_e_core4_hgb_mlp_timed/cse_cic_ids2018.yaml,e83f0063d2ede8d890fde48d8b13f3f5b25c3ac866caacd0310503c117dc92d4,,,,0.0
CSE-CIC-IDS2018,cse_cic_ids2018_friday_holdout_sample,5,logistic_regression,a1_constrained_score_search,jetson_orin_nx_super_ina3221_20260608t140153z,0.6557926565569734,0.65625934377213,0.6166038233289947,0.5715292459478506,0.997,0.0007150502240983,1398503.1628525432,0.1159267425537109,7.885391547583102e-05,5.092410889920529,0.5279922761325817,4985,15,1.0,0.997,1.0,1.0,8,1,python_sklearn_cpu,measured_onboard_sensor,jetson_ina3221_vdd_in,results/configs/tier_e_core4_hgb_mlp_timed/cse_cic_ids2018.yaml,bda4383e56b18638e1ffbee51828898249dfe86618dfd7967f5a144718b5cfd3,,,,0.0
CSE-CIC-IDS2018,cse_cic_ids2018_friday_holdout_sample,6,logistic_regression,a1_constrained_score_search,jetson_orin_nx_super_ina3221_20260608t140153z,0.644469433877078,0.6492887340107061,0.5555635127704766,0.6785173978819969,0.9986,0.0012233971193199,817396.0721403621,0.1159782409667968,7.885391547583102e-05,5.112920262689632,0.4847034016784013,4993,7,1.0,0.9986,1.0,1.0,8,1,python_sklearn_cpu,measured_onboard_sensor,jetson_ina3221_vdd_in,results/configs/tier_e_core4_hgb_mlp_timed/cse_cic_ids2018.yaml,e710a938d577308388e5defc4a4a977e25be98448db92e982614d6ab56c72e9f,,,,0.0
CSE-CIC-IDS2018,cse_cic_ids2018_friday_holdout_sample,7,logistic_regression,a1_constrained_score_search,jetson_orin_nx_super_ina3221_20260608t140153z,0.6524393790439388,0.652870559654318,0.5898241319540716,0.6344725111441307,0.9978,0.003679607786471,271768.0954140667,0.1159267425537109,7.885391547583102e-05,5.23768872478936,0.5064938790314117,4989,11,1.0,0.9978,1.0,1.0,8,1,python_sklearn_cpu,measured_onboard_sensor,jetson_ina3221_vdd_in,results/configs/tier_e_core4_hgb_mlp_timed/cse_cic_ids2018.yaml,7ab03877160b511eb6758bccd6ac51e8087d4a4717790d264b90521c01ba4b7e,,,,0.0
CSE-CIC-IDS2018,cse_cic_ids2018_friday_holdout_sample,8,logistic_regression,a1_constrained_score_search,jetson_orin_nx_super_ina3221_20260608t140153z,0.6439681641887525,0.6474488595507858,0.5514488972170426,0.6945925361766946,0.998,0.0007055167166981,1417400.8585933954,0.115875244140625,7.885391547583102e-05,5.215384078308938,0.4795710139420165,4990,10,1.0,0.998,1.0,1.0,8,1,python_sklearn_cpu,measured_onboard_sensor,jetson_ina3221_vdd_in,results/configs/tier_e_core4_hgb_mlp_timed/cse_cic_ids2018.yaml,1534c855860ec73a29f83af8fec084672f110f1873acc6c9de976621ec4a94d1,,,,0.0
CSE-CIC-IDS2018,cse_cic_ids2018_friday_holdout_sample,9,logistic_regression,a1_constrained_score_search,jetson_orin_nx_super_ina3221_20260608t140153z,0.6349459277185066,0.6386434281557587,0.5575244055416622,0.6676449009537784,0.9992,0.0019954903185134,501129.9682701253,0.115823745727539,7.885391547583102e-05,5.252427010159503,0.4796567089745628,4996,4,1.0,0.9992,1.0,1.0,8,1,python_sklearn_cpu,measured_onboard_sensor,jetson_ina3221_vdd_in,results/configs/tier_e_core4_hgb_mlp_timed/cse_cic_ids2018.yaml,52525d9bd46eced84d79483f7c71fb132ada6b8501c5bf64c37395daf3419234,,,,0.0
CSE-CIC-IDS2018,cse_cic_ids2018_friday_holdout_sample,0,logistic_regression,a4_split_shift,jetson_orin_nx_super_ina3221_20260608t140153z,0.6600295619279403,0.6620177634397086,0.6610236626838244,0.0,1.0,0.0037617658131057,265832.6035384944,0.1159782409667968,7.885391547583102e-05,5.106088696723067,0.5583344414094955,5000,0,1.0,1.0,1.0,1.0,8,1,python_sklearn_cpu,measured_onboard_sensor,jetson_ina3221_vdd_in,results/configs/tier_e_core4_hgb_mlp_timed/cse_cic_ids2018.yaml,ac9d32e282a9c3432aebab298bf6bff33d6f69fdcbbc0b4fb8c8bd38eda40211,date_holdout,train,test,0.0
CSE-CIC-IDS2018,cse_cic_ids2018_friday_holdout_sample,1,logistic_regression,a4_split_shift,jetson_orin_nx_super_ina3221_20260608t140153z,0.6460239776313506,0.6482497229715222,0.6471368503014363,0.0,1.0,0.0007109639392001,1406541.0984486982,0.1159782409667968,7.885391547583102e-05,5.251155622135624,0.5415526505125852,5000,0,1.0,1.0,1.0,1.0,8,1,python_sklearn_cpu,measured_onboard_sensor,jetson_ina3221_vdd_in,results/configs/tier_e_core4_hgb_mlp_timed/cse_cic_ids2018.yaml,d9c7ca30a503ba8288470331771f2a99b1f27ef8edba15973a9e1b648179b93c,date_holdout,train,test,0.0
CSE-CIC-IDS2018,cse_cic_ids2018_friday_holdout_sample,2,logistic_regression,a4_split_shift,jetson_orin_nx_super_ina3221_20260608t140153z,0.6423444402724763,0.6470806988820976,0.644712569577287,0.0,1.0,0.0007237273990176,1381735.721705896,0.1159782409667968,7.885391547583102e-05,5.083681595632723,0.542477823706522,5000,0,1.0,1.0,1.0,1.0,8,1,python_sklearn_cpu,measured_onboard_sensor,jetson_ina3221_vdd_in,results/configs/tier_e_core4_hgb_mlp_timed/cse_cic_ids2018.yaml,e435497dc37450bf3b309c0cf0ffe11c1afb5225ef97b06c37e9594e0586c523,date_holdout,train,test,0.0
CSE-CIC-IDS2018,cse_cic_ids2018_friday_holdout_sample,3,logistic_regression,a4_split_shift,jetson_orin_nx_super_ina3221_20260608t140153z,0.655958949179996,0.655958949179996,0.655958949179996,0.0,1.0,0.0045440843753749,220066.3362280737,0.1159782409667968,7.885391547583102e-05,5.136945738003645,0.5526509564963195,5000,0,1.0,1.0,1.0,1.0,8,1,python_sklearn_cpu,measured_onboard_sensor,jetson_ina3221_vdd_in,results/configs/tier_e_core4_hgb_mlp_timed/cse_cic_ids2018.yaml,3d851933585ac3376804487dd04ae549fe64a409812413cddd52659839f64624,date_holdout,train,test,0.0
CSE-CIC-IDS2018,cse_cic_ids2018_friday_holdout_sample,4,logistic_regression,a4_split_shift,jetson_orin_nx_super_ina3221_20260608t140153z,0.6338374213156609,0.6358067645074225,0.6348220929115417,0.0,1.0,0.0025908720330335,385970.4328311233,0.1157207489013671,7.885391547583102e-05,5.401463394062079,0.5262278412966063,5000,0,1.0,1.0,1.0,1.0,8,1,python_sklearn_cpu,measured_onboard_sensor,jetson_ina3221_vdd_in,results/configs/tier_e_core4_hgb_mlp_timed/cse_cic_ids2018.yaml,e83f0063d2ede8d890fde48d8b13f3f5b25c3ac866caacd0310503c117dc92d4,date_holdout,train,test,0.0
CSE-CIC-IDS2018,cse_cic_ids2018_friday_holdout_sample,5,logistic_regression,a4_split_shift,jetson_orin_nx_super_ina3221_20260608t140153z,0.6557926565569734,0.65625934377213,0.6560260001645517,0.0,1.0,0.0007150502240983,1398503.1628525432,0.1159267425537109,7.885391547583102e-05,5.092410889920529,0.5536166910756938,5000,0,1.0,1.0,1.0,1.0,8,1,python_sklearn_cpu,measured_onboard_sensor,jetson_ina3221_vdd_in,results/configs/tier_e_core4_hgb_mlp_timed/cse_cic_ids2018.yaml,bda4383e56b18638e1ffbee51828898249dfe86618dfd7967f5a144718b5cfd3,date_holdout,train,test,0.0
CSE-CIC-IDS2018,cse_cic_ids2018_friday_holdout_sample,6,logistic_regression,a4_split_shift,jetson_orin_nx_super_ina3221_20260608t140153z,0.644469433877078,0.6492887340107061,0.646879083943892,0.0,1.0,0.0012233971193199,817396.0721403621,0.1159782409667968,7.885391547583102e-05,5.112920262689632,0.5440585229411216,5000,0,1.0,1.0,1.0,1.0,8,1,python_sklearn_cpu,measured_onboard_sensor,jetson_ina3221_vdd_in,results/configs/tier_e_core4_hgb_mlp_timed/cse_cic_ids2018.yaml,e710a938d577308388e5defc4a4a977e25be98448db92e982614d6ab56c72e9f,date_holdout,train,test,0.0
CSE-CIC-IDS2018,cse_cic_ids2018_friday_holdout_sample,7,logistic_regression,a4_split_shift,jetson_orin_nx_super_ina3221_20260608t140153z,0.6524393790439388,0.652870559654318,0.6526549693491284,0.0,1.0,0.003679607786471,271768.0954140667,0.1159267425537109,7.885391547583102e-05,5.23768872478936,0.5473339233381986,5000,0,1.0,1.0,1.0,1.0,8,1,python_sklearn_cpu,measured_onboard_sensor,jetson_ina3221_vdd_in,results/configs/tier_e_core4_hgb_mlp_timed/cse_cic_ids2018.yaml,7ab03877160b511eb6758bccd6ac51e8087d4a4717790d264b90521c01ba4b7e,date_holdout,train,test,0.0
CSE-CIC-IDS2018,cse_cic_ids2018_friday_holdout_sample,8,logistic_regression,a4_split_shift,jetson_orin_nx_super_ina3221_20260608t140153z,0.6439681641887525,0.6474488595507858,0.6457085118697692,0.0,1.0,0.0007055167166981,1417400.8585933954,0.115875244140625,7.885391547583102e-05,5.215384078308938,0.5408397634662888,5000,0,1.0,1.0,1.0,1.0,8,1,python_sklearn_cpu,measured_onboard_sensor,jetson_ina3221_vdd_in,results/configs/tier_e_core4_hgb_mlp_timed/cse_cic_ids2018.yaml,1534c855860ec73a29f83af8fec084672f110f1873acc6c9de976621ec4a94d1,date_holdout,train,test,0.0
CSE-CIC-IDS2018,cse_cic_ids2018_friday_holdout_sample,9,logistic_regression,a4_split_shift,jetson_orin_nx_super_ina3221_20260608t140153z,0.6349459277185066,0.6386434281557587,0.6367946779371326,0.0,1.0,0.0019954903185134,501129.9682701253,0.115823745727539,7.885391547583102e-05,5.252427010159503,0.5311823860316186,5000,0,1.0,1.0,1.0,1.0,8,1,python_sklearn_cpu,measured_onboard_sensor,jetson_ina3221_vdd_in,results/configs/tier_e_core4_hgb_mlp_timed/cse_cic_ids2018.yaml,52525d9bd46eced84d79483f7c71fb132ada6b8501c5bf64c37395daf3419234,date_holdout,train,test,0.0
CSE-CIC-IDS2018,cse_cic_ids2018_friday_holdout_sample,0,mlp_sklearn,a0_clean,jetson_orin_nx_super_ina3221_20260608t140153z,0.7548186194677595,0.7285587117155707,0.7416886655916651,0.0,1.0,0.0011174435244174,894899.8120699731,2.505800247192383,7.885391547583102e-05,4.973006800171343,0.6414552428866895,5000,0,1.0,1.0,1.0,1.0,8,1,python_sklearn_cpu,measured_onboard_sensor,jetson_ina3221_vdd_in,results/configs/tier_e_core4_hgb_mlp_timed/cse_cic_ids2018.yaml,ac9d32e282a9c3432aebab298bf6bff33d6f69fdcbbc0b4fb8c8bd38eda40211,,,,0.0
CSE-CIC-IDS2018,cse_cic_ids2018_friday_holdout_sample,1,mlp_sklearn,a0_clean,jetson_orin_nx_super_ina3221_20260608t140153z,0.7506357606282938,0.7241532635887918,0.7373945121085428,0.0,1.0,0.001138969194726,877986.8714890853,2.505800247192383,7.885391547583102e-05,5.078924940295941,0.6350426817216297,5000,0,1.0,1.0,1.0,1.0,8,1,python_sklearn_cpu,measured_onboard_sensor,jetson_ina3221_vdd_in,results/configs/tier_e_core4_hgb_mlp_timed/cse_cic_ids2018.yaml,d9c7ca30a503ba8288470331771f2a99b1f27ef8edba15973a9e1b648179b93c,,,,0.0
CSE-CIC-IDS2018,cse_cic_ids2018_friday_holdout_sample,2,mlp_sklearn,a0_clean,jetson_orin_nx_super_ina3221_20260608t140153z,0.7599558387409074,0.7346549918694529,0.7473054153051801,0.0,1.0,0.0011098392907297,901031.3550374452,2.505800247192383,7.885391547583102e-05,4.849105276715973,0.6495500389236052,5000,0,1.0,1.0,1.0,1.0,8,1,python_sklearn_cpu,measured_onboard_sensor,jetson_ina3221_vdd_in,results/configs/tier_e_core4_hgb_mlp_timed/cse_cic_ids2018.yaml,e435497dc37450bf3b309c0cf0ffe11c1afb5225ef97b06c37e9594e0586c523,,,,0.0
CSE-CIC-IDS2018,cse_cic_ids2018_friday_holdout_sample,3,mlp_sklearn,a0_clean,jetson_orin_nx_super_ina3221_20260608t140153z,0.8777296847871274,0.8690722122393197,0.8734009485132236,0.0,1.0,0.0011329391412436,882659.9449130509,2.5059404373168945,7.885391547583102e-05,2.1475089846122697,0.8296774374714152,5000,0,1.0,1.0,1.0,1.0,8,1,python_sklearn_cpu,measured_onboard_sensor,jetson_ina3221_vdd_in,results/configs/tier_e_core4_hgb_mlp_timed/cse_cic_ids2018.yaml,3d851933585ac3376804487dd04ae549fe64a409812413cddd52659839f64624,,,,0.0
CSE-CIC-IDS2018,cse_cic_ids2018_friday_holdout_sample,4,mlp_sklearn,a0_clean,jetson_orin_nx_super_ina3221_20260608t140153z,0.748102847833306,0.7202909270216963,0.7341968874275011,0.0,1.0,0.0011173441383289,894979.4120686798,2.5058517456054688,7.885391547583102e-05,5.219181459566075,0.6290399672084958,5000,0,1.0,1.0,1.0,1.0,8,1,python_sklearn_cpu,measured_onboard_sensor,jetson_ina3221_vdd_in,results/configs/tier_e_core4_hgb_mlp_timed/cse_cic_ids2018.yaml,e83f0063d2ede8d890fde48d8b13f3f5b25c3ac866caacd0310503c117dc92d4,,,,0.0
CSE-CIC-IDS2018,cse_cic_ids2018_friday_holdout_sample,5,mlp_sklearn,a0_clean,jetson_orin_nx_super_ina3221_20260608t140153z,0.7392348552896031,0.7193150523251239,0.7292749538073635,0.0,1.0,0.0011188531102379,893772.3735578671,2.505697250366211,7.885391547583102e-05,4.972637500983555,0.6290489232139564,5000,0,1.0,1.0,1.0,1.0,8,1,python_sklearn_cpu,measured_onboard_sensor,jetson_ina3221_vdd_in,results/configs/tier_e_core4_hgb_mlp_timed/cse_cic_ids2018.yaml,bda4383e56b18638e1ffbee51828898249dfe86618dfd7967f5a144718b5cfd3,,,,0.0
CSE-CIC-IDS2018,cse_cic_ids2018_friday_holdout_sample,6,mlp_sklearn,a0_clean,jetson_orin_nx_super_ina3221_20260608t140153z,0.9129456663136316,0.9482001992466144,0.9305729327801228,0.0,1.0,0.00112237246125,890969.8291120236,2.505748748779297,7.885391547583102e-05,0.1648704033222028,0.9265022322689984,5000,0,1.0,1.0,1.0,1.0,8,1,python_sklearn_cpu,measured_onboard_sensor,jetson_ina3221_vdd_in,results/configs/tier_e_core4_hgb_mlp_timed/cse_cic_ids2018.yaml,e710a938d577308388e5defc4a4a977e25be98448db92e982614d6ab56c72e9f,,,,0.0
CSE-CIC-IDS2018,cse_cic_ids2018_friday_holdout_sample,7,mlp_sklearn,a0_clean,jetson_orin_nx_super_ina3221_20260608t140153z,0.7570849581043866,0.7284829200394831,0.7427839390719349,0.0,1.0,0.001135025654803,881037.3543261784,2.5058517456054688,7.885391547583102e-05,5.073100975065801,0.6405485916782611,5000,0,1.0,1.0,1.0,1.0,8,1,python_sklearn_cpu,measured_onboard_sensor,jetson_ina3221_vdd_in,results/configs/tier_e_core4_hgb_mlp_timed/cse_cic_ids2018.yaml,7ab03877160b511eb6758bccd6ac51e8087d4a4717790d264b90521c01ba4b7e,,,,0.0
CSE-CIC-IDS2018,cse_cic_ids2018_friday_holdout_sample,8,mlp_sklearn,a0_clean,jetson_orin_nx_super_ina3221_20260608t140153z,0.7508475174393437,0.724831032893613,0.7378392751664784,0.0,1.0,0.0011248179234098,889032.7751610846,2.505800247192383,7.885391547583102e-05,5.046910668409271,0.6361277597216517,5000,0,1.0,1.0,1.0,1.0,8,1,python_sklearn_cpu,measured_onboard_sensor,jetson_ina3221_vdd_in,results/configs/tier_e_core4_hgb_mlp_timed/cse_cic_ids2018.yaml,1534c855860ec73a29f83af8fec084672f110f1873acc6c9de976621ec4a94d1,,,,0.0
CSE-CIC-IDS2018,cse_cic_ids2018_friday_holdout_sample,9,mlp_sklearn,a0_clean,jetson_orin_nx_super_ina3221_20260608t140153z,0.736185056442483,0.7147132138889634,0.7254491351657232,0.0,1.0,0.0011697396117961,854891.114155335,2.505697250366211,7.885391547583102e-05,5.106890520131098,0.6225379380949085,5000,0,1.0,1.0,1.0,1.0,8,1,python_sklearn_cpu,measured_onboard_sensor,jetson_ina3221_vdd_in,results/configs/tier_e_core4_hgb_mlp_timed/cse_cic_ids2018.yaml,52525d9bd46eced84d79483f7c71fb132ada6b8501c5bf64c37395daf3419234,,,,0.0
CSE-CIC-IDS2018,cse_cic_ids2018_friday_holdout_sample,0,mlp_sklearn,a1_constrained_feature,jetson_orin_nx_super_ina3221_20260608t140153z,0.7548186194677595,0.7285587117155707,0.7416267770018815,0.4926184926184926,0.9988,0.0011174435244174,894899.8120699731,2.505800247192383,7.885391547583102e-05,4.973006800171343,0.6414150153033302,4994,6,1.0,0.9988,1.0,1.0,8,1,python_sklearn_cpu,measured_onboard_sensor,jetson_ina3221_vdd_in,results/configs/tier_e_core4_hgb_mlp_timed/cse_cic_ids2018.yaml,ac9d32e282a9c3432aebab298bf6bff33d6f69fdcbbc0b4fb8c8bd38eda40211,,,,0.0
CSE-CIC-IDS2018,cse_cic_ids2018_friday_holdout_sample,1,mlp_sklearn,a1_constrained_feature,jetson_orin_nx_super_ina3221_20260608t140153z,0.7506357606282938,0.7241532635887918,0.7369239244914606,0.5037821482602118,0.9982,0.001138969194726,877986.8714890853,2.505800247192383,7.885391547583102e-05,5.078924940295941,0.6347367997705263,4991,9,1.0,0.9982,1.0,1.0,8,1,python_sklearn_cpu,measured_onboard_sensor,jetson_ina3221_vdd_in,results/configs/tier_e_core4_hgb_mlp_timed/cse_cic_ids2018.yaml,d9c7ca30a503ba8288470331771f2a99b1f27ef8edba15973a9e1b648179b93c,,,,0.0
CSE-CIC-IDS2018,cse_cic_ids2018_friday_holdout_sample,2,mlp_sklearn,a1_constrained_feature,jetson_orin_nx_super_ina3221_20260608t140153z,0.7599558387409074,0.7346549918694529,0.7479025189144821,0.4801762114537445,0.9978,0.0011098392907297,901031.3550374452,2.505800247192383,7.885391547583102e-05,4.849105276715973,0.6499381562696515,4989,11,1.0,0.9978,1.0,1.0,8,1,python_sklearn_cpu,measured_onboard_sensor,jetson_ina3221_vdd_in,results/configs/tier_e_core4_hgb_mlp_timed/cse_cic_ids2018.yaml,e435497dc37450bf3b309c0cf0ffe11c1afb5225ef97b06c37e9594e0586c523,,,,0.0
CSE-CIC-IDS2018,cse_cic_ids2018_friday_holdout_sample,3,mlp_sklearn,a1_constrained_feature,jetson_orin_nx_super_ina3221_20260608t140153z,0.8777296847871274,0.8690722122393197,0.8649992797502865,0.2279829545454545,0.9976,0.0011329391412436,882659.9449130509,2.5059404373168945,7.885391547583102e-05,2.1475089846122697,0.8242163527755061,4988,12,1.0,0.9976,1.0,1.0,8,1,python_sklearn_cpu,measured_onboard_sensor,jetson_ina3221_vdd_in,results/configs/tier_e_core4_hgb_mlp_timed/cse_cic_ids2018.yaml,3d851933585ac3376804487dd04ae549fe64a409812413cddd52659839f64624,,,,0.0
CSE-CIC-IDS2018,cse_cic_ids2018_friday_holdout_sample,4,mlp_sklearn,a1_constrained_feature,jetson_orin_nx_super_ina3221_20260608t140153z,0.748102847833306,0.7202909270216963,0.7338916306047425,0.5181347150259067,0.9974,0.0011173441383289,894979.4120686798,2.5058517456054688,7.885391547583102e-05,5.219181459566075,0.6288415502737027,4987,13,1.0,0.9974,1.0,1.0,8,1,python_sklearn_cpu,measured_onboard_sensor,jetson_ina3221_vdd_in,results/configs/tier_e_core4_hgb_mlp_timed/cse_cic_ids2018.yaml,e83f0063d2ede8d890fde48d8b13f3f5b25c3ac866caacd0310503c117dc92d4,,,,0.0
CSE-CIC-IDS2018,cse_cic_ids2018_friday_holdout_sample,5,mlp_sklearn,a1_constrained_feature,jetson_orin_nx_super_ina3221_20260608t140153z,0.7392348552896031,0.7193150523251239,0.7299522295528958,0.4897815362931642,0.997,0.0011188531102379,893772.3735578671,2.505697250366211,7.885391547583102e-05,4.972637500983555,0.6294891524485524,4985,15,1.0,0.997,1.0,1.0,8,1,python_sklearn_cpu,measured_onboard_sensor,jetson_ina3221_vdd_in,results/configs/tier_e_core4_hgb_mlp_timed/cse_cic_ids2018.yaml,bda4383e56b18638e1ffbee51828898249dfe86618dfd7967f5a144718b5cfd3,,,,0.0
CSE-CIC-IDS2018,cse_cic_ids2018_friday_holdout_sample,6,mlp_sklearn,a1_constrained_feature,jetson_orin_nx_super_ina3221_20260608t140153z,0.9129456663136316,0.9482001992466144,0.9295501965713596,0.0090771558245083,0.9986,0.00112237246125,890969.8291120236,2.505748748779297,7.885391547583102e-05,0.1648704033222028,0.9258374537333024,4993,7,1.0,0.9986,1.0,1.0,8,1,python_sklearn_cpu,measured_onboard_sensor,jetson_ina3221_vdd_in,results/configs/tier_e_core4_hgb_mlp_timed/cse_cic_ids2018.yaml,e710a938d577308388e5defc4a4a977e25be98448db92e982614d6ab56c72e9f,,,,0.0
CSE-CIC-IDS2018,cse_cic_ids2018_friday_holdout_sample,7,mlp_sklearn,a1_constrained_feature,jetson_orin_nx_super_ina3221_20260608t140153z,0.7570849581043866,0.7284829200394831,0.7425078761796311,0.5037147102526003,0.9978,0.001135025654803,881037.3543261784,2.5058517456054688,7.885391547583102e-05,5.073100975065801,0.6403691507982636,4989,11,1.0,0.9978,1.0,1.0,8,1,python_sklearn_cpu,measured_onboard_sensor,jetson_ina3221_vdd_in,results/configs/tier_e_core4_hgb_mlp_timed/cse_cic_ids2018.yaml,7ab03877160b511eb6758bccd6ac51e8087d4a4717790d264b90521c01ba4b7e,,,,0.0
CSE-CIC-IDS2018,cse_cic_ids2018_friday_holdout_sample,8,mlp_sklearn,a1_constrained_feature,jetson_orin_nx_super_ina3221_20260608t140153z,0.7508475174393437,0.724831032893613,0.7380841983979809,0.4996191926884996,0.998,0.0011248179234098,889032.7751610846,2.505800247192383,7.885391547583102e-05,5.046910668409271,0.6362869598221284,4990,10,1.0,0.998,1.0,1.0,8,1,python_sklearn_cpu,measured_onboard_sensor,jetson_ina3221_vdd_in,results/configs/tier_e_core4_hgb_mlp_timed/cse_cic_ids2018.yaml,1534c855860ec73a29f83af8fec084672f110f1873acc6c9de976621ec4a94d1,,,,0.0
CSE-CIC-IDS2018,cse_cic_ids2018_friday_holdout_sample,9,mlp_sklearn,a1_constrained_feature,jetson_orin_nx_super_ina3221_20260608t140153z,0.736185056442483,0.7147132138889634,0.7253996044127373,0.504035216434336,0.9992,0.0011697396117961,854891.114155335,2.505697250366211,7.885391547583102e-05,5.106890520131098,0.6225057431054678,4996,4,1.0,0.9992,1.0,1.0,8,1,python_sklearn_cpu,measured_onboard_sensor,jetson_ina3221_vdd_in,results/configs/tier_e_core4_hgb_mlp_timed/cse_cic_ids2018.yaml,52525d9bd46eced84d79483f7c71fb132ada6b8501c5bf64c37395daf3419234,,,,0.0
CSE-CIC-IDS2018,cse_cic_ids2018_friday_holdout_sample,0,mlp_sklearn,a1_constrained_score_search,jetson_orin_nx_super_ina3221_20260608t140153z,0.7548186194677595,0.7285587117155707,0.7416267770018815,0.4926184926184926,0.9988,0.0011174435244174,894899.8120699731,2.505800247192383,7.885391547583102e-05,4.973006800171343,0.6414150153033302,4994,6,1.0,0.9988,1.0,1.0,8,1,python_sklearn_cpu,measured_onboard_sensor,jetson_ina3221_vdd_in,results/configs/tier_e_core4_hgb_mlp_timed/cse_cic_ids2018.yaml,ac9d32e282a9c3432aebab298bf6bff33d6f69fdcbbc0b4fb8c8bd38eda40211,,,,0.0
CSE-CIC-IDS2018,cse_cic_ids2018_friday_holdout_sample,1,mlp_sklearn,a1_constrained_score_search,jetson_orin_nx_super_ina3221_20260608t140153z,0.7506357606282938,0.7241532635887918,0.7365449411348215,0.5045385779122542,0.9982,0.001138969194726,877986.8714890853,2.505800247192383,7.885391547583102e-05,5.078924940295941,0.634490460588711,4991,9,1.0,0.9982,1.0,1.0,8,1,python_sklearn_cpu,measured_onboard_sensor,jetson_ina3221_vdd_in,results/configs/tier_e_core4_hgb_mlp_timed/cse_cic_ids2018.yaml,d9c7ca30a503ba8288470331771f2a99b1f27ef8edba15973a9e1b648179b93c,,,,0.0
CSE-CIC-IDS2018,cse_cic_ids2018_friday_holdout_sample,2,mlp_sklearn,a1_constrained_score_search,jetson_orin_nx_super_ina3221_20260608t140153z,0.7599558387409074,0.7346549918694529,0.7464426592529918,0.4831130690161527,0.9978,0.0011098392907297,901031.3550374452,2.505800247192383,7.885391547583102e-05,4.849105276715973,0.6489892474896828,4989,11,1.0,0.9978,1.0,1.0,8,1,python_sklearn_cpu,measured_onboard_sensor,jetson_ina3221_vdd_in,results/configs/tier_e_core4_hgb_mlp_timed/cse_cic_ids2018.yaml,e435497dc37450bf3b309c0cf0ffe11c1afb5225ef97b06c37e9594e0586c523,,,,0.0
CSE-CIC-IDS2018,cse_cic_ids2018_friday_holdout_sample,3,mlp_sklearn,a1_constrained_score_search,jetson_orin_nx_super_ina3221_20260608t140153z,0.8777296847871274,0.8690722122393197,0.7782271168048257,0.4140625,0.9976,0.0011329391412436,882659.9449130509,2.5059404373168945,7.885391547583102e-05,2.1475089846122697,0.7678144468609566,4988,12,1.0,0.9976,1.0,1.0,8,1,python_sklearn_cpu,measured_onboard_sensor,jetson_ina3221_vdd_in,results/configs/tier_e_core4_hgb_mlp_timed/cse_cic_ids2018.yaml,3d851933585ac3376804487dd04ae549fe64a409812413cddd52659839f64624,,,,0.0
CSE-CIC-IDS2018,cse_cic_ids2018_friday_holdout_sample,4,mlp_sklearn,a1_constrained_score_search,jetson_orin_nx_super_ina3221_20260608t140153z,0.748102847833306,0.7202909270216963,0.7338916306047425,0.5181347150259067,0.9974,0.0011173441383289,894979.4120686798,2.5058517456054688,7.885391547583102e-05,5.219181459566075,0.6288415502737027,4987,13,1.0,0.9974,1.0,1.0,8,1,python_sklearn_cpu,measured_onboard_sensor,jetson_ina3221_vdd_in,results/configs/tier_e_core4_hgb_mlp_timed/cse_cic_ids2018.yaml,e83f0063d2ede8d890fde48d8b13f3f5b25c3ac866caacd0310503c117dc92d4,,,,0.0
CSE-CIC-IDS2018,cse_cic_ids2018_friday_holdout_sample,5,mlp_sklearn,a1_constrained_score_search,jetson_orin_nx_super_ina3221_20260608t140153z,0.7392348552896031,0.7193150523251239,0.7299522295528958,0.4897815362931642,0.997,0.0011188531102379,893772.3735578671,2.505697250366211,7.885391547583102e-05,4.972637500983555,0.6294891524485524,4985,15,1.0,0.997,1.0,1.0,8,1,python_sklearn_cpu,measured_onboard_sensor,jetson_ina3221_vdd_in,results/configs/tier_e_core4_hgb_mlp_timed/cse_cic_ids2018.yaml,bda4383e56b18638e1ffbee51828898249dfe86618dfd7967f5a144718b5cfd3,,,,0.0
CSE-CIC-IDS2018,cse_cic_ids2018_friday_holdout_sample,6,mlp_sklearn,a1_constrained_score_search,jetson_orin_nx_super_ina3221_20260608t140153z,0.9129456663136316,0.9482001992466144,0.926060777783046,0.0173978819969742,0.9986,0.00112237246125,890969.8291120236,2.505748748779297,7.885391547583102e-05,0.1648704033222028,0.9235693315208984,4993,7,1.0,0.9986,1.0,1.0,8,1,python_sklearn_cpu,measured_onboard_sensor,jetson_ina3221_vdd_in,results/configs/tier_e_core4_hgb_mlp_timed/cse_cic_ids2018.yaml,e710a938d577308388e5defc4a4a977e25be98448db92e982614d6ab56c72e9f,,,,0.0
CSE-CIC-IDS2018,cse_cic_ids2018_friday_holdout_sample,7,mlp_sklearn,a1_constrained_score_search,jetson_orin_nx_super_ina3221_20260608t140153z,0.7570849581043866,0.7284829200394831,0.7425078761796311,0.5037147102526003,0.9978,0.001135025654803,881037.3543261784,2.5058517456054688,7.885391547583102e-05,5.073100975065801,0.6403691507982636,4989,11,1.0,0.9978,1.0,1.0,8,1,python_sklearn_cpu,measured_onboard_sensor,jetson_ina3221_vdd_in,results/configs/tier_e_core4_hgb_mlp_timed/cse_cic_ids2018.yaml,7ab03877160b511eb6758bccd6ac51e8087d4a4717790d264b90521c01ba4b7e,,,,0.0
CSE-CIC-IDS2018,cse_cic_ids2018_friday_holdout_sample,8,mlp_sklearn,a1_constrained_score_search,jetson_orin_nx_super_ina3221_20260608t140153z,0.7508475174393437,0.724831032893613,0.7380841983979809,0.4996191926884996,0.998,0.0011248179234098,889032.7751610846,2.505800247192383,7.885391547583102e-05,5.046910668409271,0.6362869598221284,4990,10,1.0,0.998,1.0,1.0,8,1,python_sklearn_cpu,measured_onboard_sensor,jetson_ina3221_vdd_in,results/configs/tier_e_core4_hgb_mlp_timed/cse_cic_ids2018.yaml,1534c855860ec73a29f83af8fec084672f110f1873acc6c9de976621ec4a94d1,,,,0.0
CSE-CIC-IDS2018,cse_cic_ids2018_friday_holdout_sample,9,mlp_sklearn,a1_constrained_score_search,jetson_orin_nx_super_ina3221_20260608t140153z,0.736185056442483,0.7147132138889634,0.7253996044127373,0.504035216434336,0.9992,0.0011697396117961,854891.114155335,2.505697250366211,7.885391547583102e-05,5.106890520131098,0.6225057431054678,4996,4,1.0,0.9992,1.0,1.0,8,1,python_sklearn_cpu,measured_onboard_sensor,jetson_ina3221_vdd_in,results/configs/tier_e_core4_hgb_mlp_timed/cse_cic_ids2018.yaml,52525d9bd46eced84d79483f7c71fb132ada6b8501c5bf64c37395daf3419234,,,,0.0
CSE-CIC-IDS2018,cse_cic_ids2018_friday_holdout_sample,0,mlp_sklearn,a4_split_shift,jetson_orin_nx_super_ina3221_20260608t140153z,0.7548186194677595,0.7285587117155707,0.7416886655916651,0.0,1.0,0.0011174435244174,894899.8120699731,2.505800247192383,7.885391547583102e-05,4.973006800171343,0.6414552428866895,5000,0,1.0,1.0,1.0,1.0,8,1,python_sklearn_cpu,measured_onboard_sensor,jetson_ina3221_vdd_in,results/configs/tier_e_core4_hgb_mlp_timed/cse_cic_ids2018.yaml,ac9d32e282a9c3432aebab298bf6bff33d6f69fdcbbc0b4fb8c8bd38eda40211,date_holdout,train,test,0.0
CSE-CIC-IDS2018,cse_cic_ids2018_friday_holdout_sample,1,mlp_sklearn,a4_split_shift,jetson_orin_nx_super_ina3221_20260608t140153z,0.7506357606282938,0.7241532635887918,0.7373945121085428,0.0,1.0,0.001138969194726,877986.8714890853,2.505800247192383,7.885391547583102e-05,5.078924940295941,0.6350426817216297,5000,0,1.0,1.0,1.0,1.0,8,1,python_sklearn_cpu,measured_onboard_sensor,jetson_ina3221_vdd_in,results/configs/tier_e_core4_hgb_mlp_timed/cse_cic_ids2018.yaml,d9c7ca30a503ba8288470331771f2a99b1f27ef8edba15973a9e1b648179b93c,date_holdout,train,test,0.0
CSE-CIC-IDS2018,cse_cic_ids2018_friday_holdout_sample,2,mlp_sklearn,a4_split_shift,jetson_orin_nx_super_ina3221_20260608t140153z,0.7599558387409074,0.7346549918694529,0.7473054153051801,0.0,1.0,0.0011098392907297,901031.3550374452,2.505800247192383,7.885391547583102e-05,4.849105276715973,0.6495500389236052,5000,0,1.0,1.0,1.0,1.0,8,1,python_sklearn_cpu,measured_onboard_sensor,jetson_ina3221_vdd_in,results/configs/tier_e_core4_hgb_mlp_timed/cse_cic_ids2018.yaml,e435497dc37450bf3b309c0cf0ffe11c1afb5225ef97b06c37e9594e0586c523,date_holdout,train,test,0.0
CSE-CIC-IDS2018,cse_cic_ids2018_friday_holdout_sample,3,mlp_sklearn,a4_split_shift,jetson_orin_nx_super_ina3221_20260608t140153z,0.8777296847871274,0.8690722122393197,0.8734009485132236,0.0,1.0,0.0011329391412436,882659.9449130509,2.5059404373168945,7.885391547583102e-05,2.1475089846122697,0.8296774374714152,5000,0,1.0,1.0,1.0,1.0,8,1,python_sklearn_cpu,measured_onboard_sensor,jetson_ina3221_vdd_in,results/configs/tier_e_core4_hgb_mlp_timed/cse_cic_ids2018.yaml,3d851933585ac3376804487dd04ae549fe64a409812413cddd52659839f64624,date_holdout,train,test,0.0
CSE-CIC-IDS2018,cse_cic_ids2018_friday_holdout_sample,4,mlp_sklearn,a4_split_shift,jetson_orin_nx_super_ina3221_20260608t140153z,0.748102847833306,0.7202909270216963,0.7341968874275011,0.0,1.0,0.0011173441383289,894979.4120686798,2.5058517456054688,7.885391547583102e-05,5.219181459566075,0.6290399672084958,5000,0,1.0,1.0,1.0,1.0,8,1,python_sklearn_cpu,measured_onboard_sensor,jetson_ina3221_vdd_in,results/configs/tier_e_core4_hgb_mlp_timed/cse_cic_ids2018.yaml,e83f0063d2ede8d890fde48d8b13f3f5b25c3ac866caacd0310503c117dc92d4,date_holdout,train,test,0.0
CSE-CIC-IDS2018,cse_cic_ids2018_friday_holdout_sample,5,mlp_sklearn,a4_split_shift,jetson_orin_nx_super_ina3221_20260608t140153z,0.7392348552896031,0.7193150523251239,0.7292749538073635,0.0,1.0,0.0011188531102379,893772.3735578671,2.505697250366211,7.885391547583102e-05,4.972637500983555,0.6290489232139564,5000,0,1.0,1.0,1.0,1.0,8,1,python_sklearn_cpu,measured_onboard_sensor,jetson_ina3221_vdd_in,results/configs/tier_e_core4_hgb_mlp_timed/cse_cic_ids2018.yaml,bda4383e56b18638e1ffbee51828898249dfe86618dfd7967f5a144718b5cfd3,date_holdout,train,test,0.0
CSE-CIC-IDS2018,cse_cic_ids2018_friday_holdout_sample,6,mlp_sklearn,a4_split_shift,jetson_orin_nx_super_ina3221_20260608t140153z,0.9129456663136316,0.9482001992466144,0.9305729327801228,0.0,1.0,0.00112237246125,890969.8291120236,2.505748748779297,7.885391547583102e-05,0.1648704033222028,0.9265022322689984,5000,0,1.0,1.0,1.0,1.0,8,1,python_sklearn_cpu,measured_onboard_sensor,jetson_ina3221_vdd_in,results/configs/tier_e_core4_hgb_mlp_timed/cse_cic_ids2018.yaml,e710a938d577308388e5defc4a4a977e25be98448db92e982614d6ab56c72e9f,date_holdout,train,test,0.0
CSE-CIC-IDS2018,cse_cic_ids2018_friday_holdout_sample,7,mlp_sklearn,a4_split_shift,jetson_orin_nx_super_ina3221_20260608t140153z,0.7570849581043866,0.7284829200394831,0.7427839390719349,0.0,1.0,0.001135025654803,881037.3543261784,2.5058517456054688,7.885391547583102e-05,5.073100975065801,0.6405485916782611,5000,0,1.0,1.0,1.0,1.0,8,1,python_sklearn_cpu,measured_onboard_sensor,jetson_ina3221_vdd_in,results/configs/tier_e_core4_hgb_mlp_timed/cse_cic_ids2018.yaml,7ab03877160b511eb6758bccd6ac51e8087d4a4717790d264b90521c01ba4b7e,date_holdout,train,test,0.0
CSE-CIC-IDS2018,cse_cic_ids2018_friday_holdout_sample,8,mlp_sklearn,a4_split_shift,jetson_orin_nx_super_ina3221_20260608t140153z,0.7508475174393437,0.724831032893613,0.7378392751664784,0.0,1.0,0.0011248179234098,889032.7751610846,2.505800247192383,7.885391547583102e-05,5.046910668409271,0.6361277597216517,5000,0,1.0,1.0,1.0,1.0,8,1,python_sklearn_cpu,measured_onboard_sensor,jetson_ina3221_vdd_in,results/configs/tier_e_core4_hgb_mlp_timed/cse_cic_ids2018.yaml,1534c855860ec73a29f83af8fec084672f110f1873acc6c9de976621ec4a94d1,date_holdout,train,test,0.0
CSE-CIC-IDS2018,cse_cic_ids2018_friday_holdout_sample,9,mlp_sklearn,a4_split_shift,jetson_orin_nx_super_ina3221_20260608t140153z,0.736185056442483,0.7147132138889634,0.7254491351657232,0.0,1.0,0.0011697396117961,854891.114155335,2.505697250366211,7.885391547583102e-05,5.106890520131098,0.6225379380949085,5000,0,1.0,1.0,1.0,1.0,8,1,python_sklearn_cpu,measured_onboard_sensor,jetson_ina3221_vdd_in,results/configs/tier_e_core4_hgb_mlp_timed/cse_cic_ids2018.yaml,52525d9bd46eced84d79483f7c71fb132ada6b8501c5bf64c37395daf3419234,date_holdout,train,test,0.0
CSE-CIC-IDS2018,cse_cic_ids2018_friday_holdout_sample,0,random_forest,a0_clean,jetson_orin_nx_super_ina3221_20260608t140153z,0.5022901792497991,0.522479552634397,0.5123848659420981,0.0,1.0,0.0088009189872536,113624.49778804852,1.6727590560913086,7.885391547583102e-05,8.94184213696723,0.3328321732598942,5000,0,1.0,1.0,1.0,1.0,8,1,python_sklearn_cpu,measured_onboard_sensor,jetson_ina3221_vdd_in,results/configs/tier_e_core4_hgb_mlp_timed/cse_cic_ids2018.yaml,ac9d32e282a9c3432aebab298bf6bff33d6f69fdcbbc0b4fb8c8bd38eda40211,,,,0.0
CSE-CIC-IDS2018,cse_cic_ids2018_friday_holdout_sample,1,random_forest,a0_clean,jetson_orin_nx_super_ina3221_20260608t140153z,0.4786681974741676,0.5117674375750157,0.4952178175245917,0.0,1.0,0.00903735669679,110651.82370805203,1.6723880767822266,7.885391547583102e-05,9.2752548374067,0.3089964110245139,5000,0,1.0,1.0,1.0,1.0,8,1,python_sklearn_cpu,measured_onboard_sensor,jetson_ina3221_vdd_in,results/configs/tier_e_core4_hgb_mlp_timed/cse_cic_ids2018.yaml,d9c7ca30a503ba8288470331771f2a99b1f27ef8edba15973a9e1b648179b93c,,,,0.0
CSE-CIC-IDS2018,cse_cic_ids2018_friday_holdout_sample,2,random_forest,a0_clean,jetson_orin_nx_super_ina3221_20260608t140153z,0.6943417366946779,0.6731202358736157,0.6837309862841467,0.0,1.0,0.0086910570529289,115060.80260547737,1.672285079956055,7.885391547583102e-05,6.015461655912342,0.562706173961314,5000,0,1.0,1.0,1.0,1.0,8,1,python_sklearn_cpu,measured_onboard_sensor,jetson_ina3221_vdd_in,results/configs/tier_e_core4_hgb_mlp_timed/cse_cic_ids2018.yaml,e435497dc37450bf3b309c0cf0ffe11c1afb5225ef97b06c37e9594e0586c523,,,,0.0
CSE-CIC-IDS2018,cse_cic_ids2018_friday_holdout_sample,3,random_forest,a0_clean,jetson_orin_nx_super_ina3221_20260608t140153z,0.4828547185676225,0.5142401359080785,0.4985474272378505,0.0,1.0,0.0090305371943395,110735.3835635394,1.6723880767822266,7.885391547583102e-05,9.121377682729296,0.3154035780382533,5000,0,1.0,1.0,1.0,1.0,8,1,python_sklearn_cpu,measured_onboard_sensor,jetson_ina3221_vdd_in,results/configs/tier_e_core4_hgb_mlp_timed/cse_cic_ids2018.yaml,3d851933585ac3376804487dd04ae549fe64a409812413cddd52659839f64624,,,,0.0
CSE-CIC-IDS2018,cse_cic_ids2018_friday_holdout_sample,4,random_forest,a0_clean,jetson_orin_nx_super_ina3221_20260608t140153z,0.4278226487902168,0.4824488412228797,0.4551357450065482,0.0,1.0,0.0088952880323631,112419.06910285116,1.6723880767822266,7.885391547583102e-05,9.835398175542403,0.2577117677145537,5000,0,1.0,1.0,1.0,1.0,8,1,python_sklearn_cpu,measured_onboard_sensor,jetson_ina3221_vdd_in,results/configs/tier_e_core4_hgb_mlp_timed/cse_cic_ids2018.yaml,e83f0063d2ede8d890fde48d8b13f3f5b25c3ac866caacd0310503c117dc92d4,,,,0.0
CSE-CIC-IDS2018,cse_cic_ids2018_friday_holdout_sample,5,random_forest,a0_clean,jetson_orin_nx_super_ina3221_20260608t140153z,0.6454441975867593,0.6319025887166575,0.6386733931517083,0.0,1.0,0.0086735904461238,115292.50847287707,1.6732120513916016,7.885391547583102e-05,6.909434259186403,0.499769083288418,5000,0,1.0,1.0,1.0,1.0,8,1,python_sklearn_cpu,measured_onboard_sensor,jetson_ina3221_vdd_in,results/configs/tier_e_core4_hgb_mlp_timed/cse_cic_ids2018.yaml,bda4383e56b18638e1ffbee51828898249dfe86618dfd7967f5a144718b5cfd3,,,,0.0
CSE-CIC-IDS2018,cse_cic_ids2018_friday_holdout_sample,6,random_forest,a0_clean,jetson_orin_nx_super_ina3221_20260608t140153z,0.500274183365312,0.521960316853121,0.5111172501092165,0.0,1.0,0.0087144732952583,114751.6282532085,1.6732120513916016,7.885391547583102e-05,8.941707202904954,0.3315673961982435,5000,0,1.0,1.0,1.0,1.0,8,1,python_sklearn_cpu,measured_onboard_sensor,jetson_ina3221_vdd_in,results/configs/tier_e_core4_hgb_mlp_timed/cse_cic_ids2018.yaml,e710a938d577308388e5defc4a4a977e25be98448db92e982614d6ab56c72e9f,,,,0.0
CSE-CIC-IDS2018,cse_cic_ids2018_friday_holdout_sample,7,random_forest,a0_clean,jetson_orin_nx_super_ina3221_20260608t140153z,0.7112641876779212,0.6883082743515971,0.6997862310147591,0.0,1.0,0.0090654444671235,110308.98745522767,1.6732635498046875,7.885391547583102e-05,5.721378996953821,0.5846422054930944,5000,0,1.0,1.0,1.0,1.0,8,1,python_sklearn_cpu,measured_onboard_sensor,jetson_ina3221_vdd_in,results/configs/tier_e_core4_hgb_mlp_timed/cse_cic_ids2018.yaml,7ab03877160b511eb6758bccd6ac51e8087d4a4717790d264b90521c01ba4b7e,,,,0.0
CSE-CIC-IDS2018,cse_cic_ids2018_friday_holdout_sample,8,random_forest,a0_clean,jetson_orin_nx_super_ina3221_20260608t140153z,0.6625995142940941,0.6442204150314261,0.6534099646627601,0.0,1.0,0.0091634837794117,109128.80123679269,1.6732635498046875,7.885391547583102e-05,6.585892757142022,0.5209754596956426,5000,0,1.0,1.0,1.0,1.0,8,1,python_sklearn_cpu,measured_onboard_sensor,jetson_ina3221_vdd_in,results/configs/tier_e_core4_hgb_mlp_timed/cse_cic_ids2018.yaml,1534c855860ec73a29f83af8fec084672f110f1873acc6c9de976621ec4a94d1,,,,0.0
CSE-CIC-IDS2018,cse_cic_ids2018_friday_holdout_sample,9,random_forest,a0_clean,jetson_orin_nx_super_ina3221_20260608t140153z,0.5501333856114893,0.5552818700601203,0.5527076278358047,0.0,1.0,0.0089075059792958,112264.8699113256,1.6732120513916016,7.885391547583102e-05,8.139619678808593,0.3891991222566837,5000,0,1.0,1.0,1.0,1.0,8,1,python_sklearn_cpu,measured_onboard_sensor,jetson_ina3221_vdd_in,results/configs/tier_e_core4_hgb_mlp_timed/cse_cic_ids2018.yaml,52525d9bd46eced84d79483f7c71fb132ada6b8501c5bf64c37395daf3419234,,,,0.0
CSE-CIC-IDS2018,cse_cic_ids2018_friday_holdout_sample,0,random_forest,a1_constrained_feature,jetson_orin_nx_super_ina3221_20260608t140153z,0.5022901792497991,0.522479552634397,0.4828556276905651,0.9331779331779332,0.9988,0.0088009189872536,113624.49778804852,1.6727590560913086,7.885391547583102e-05,8.94184213696723,0.3136381683963979,4994,6,1.0,0.9988,1.0,1.0,8,1,python_sklearn_cpu,measured_onboard_sensor,jetson_ina3221_vdd_in,results/configs/tier_e_core4_hgb_mlp_timed/cse_cic_ids2018.yaml,ac9d32e282a9c3432aebab298bf6bff33d6f69fdcbbc0b4fb8c8bd38eda40211,,,,0.0
CSE-CIC-IDS2018,cse_cic_ids2018_friday_holdout_sample,1,random_forest,a1_constrained_feature,jetson_orin_nx_super_ina3221_20260608t140153z,0.4786681974741676,0.5117674375750157,0.4505466577146256,0.98714069591528,0.9982,0.00903735669679,110651.82370805203,1.6723880767822266,7.885391547583102e-05,9.2752548374067,0.279960157148036,4991,9,1.0,0.9982,1.0,1.0,8,1,python_sklearn_cpu,measured_onboard_sensor,jetson_ina3221_vdd_in,results/configs/tier_e_core4_hgb_mlp_timed/cse_cic_ids2018.yaml,d9c7ca30a503ba8288470331771f2a99b1f27ef8edba15973a9e1b648179b93c,,,,0.0
CSE-CIC-IDS2018,cse_cic_ids2018_friday_holdout_sample,2,random_forest,a1_constrained_feature,jetson_orin_nx_super_ina3221_20260608t140153z,0.6943417366946779,0.6731202358736157,0.6469589702589296,0.6644640234948604,0.9978,0.0086910570529289,115060.80260547737,1.672285079956055,7.885391547583102e-05,6.015461655912342,0.5388043635449228,4989,11,1.0,0.9978,1.0,1.0,8,1,python_sklearn_cpu,measured_onboard_sensor,jetson_ina3221_vdd_in,results/configs/tier_e_core4_hgb_mlp_timed/cse_cic_ids2018.yaml,e435497dc37450bf3b309c0cf0ffe11c1afb5225ef97b06c37e9594e0586c523,,,,0.0
CSE-CIC-IDS2018,cse_cic_ids2018_friday_holdout_sample,3,random_forest,a1_constrained_feature,jetson_orin_nx_super_ina3221_20260608t140153z,0.4828547185676225,0.5142401359080785,0.4686231401092838,0.9502840909090908,0.9976,0.0090305371943395,110735.3835635394,1.6723880767822266,7.885391547583102e-05,9.121377682729296,0.2959527914046851,4988,12,1.0,0.9976,1.0,1.0,8,1,python_sklearn_cpu,measured_onboard_sensor,jetson_ina3221_vdd_in,results/configs/tier_e_core4_hgb_mlp_timed/cse_cic_ids2018.yaml,3d851933585ac3376804487dd04ae549fe64a409812413cddd52659839f64624,,,,0.0
CSE-CIC-IDS2018,cse_cic_ids2018_friday_holdout_sample,4,random_forest,a1_constrained_feature,jetson_orin_nx_super_ina3221_20260608t140153z,0.4278226487902168,0.4824488412228797,0.4548037263146337,0.9785344189489268,0.9974,0.0088952880323631,112419.06910285116,1.6723880767822266,7.885391547583102e-05,9.835398175542403,0.2574959555648093,4987,13,1.0,0.9974,1.0,1.0,8,1,python_sklearn_cpu,measured_onboard_sensor,jetson_ina3221_vdd_in,results/configs/tier_e_core4_hgb_mlp_timed/cse_cic_ids2018.yaml,e83f0063d2ede8d890fde48d8b13f3f5b25c3ac866caacd0310503c117dc92d4,,,,0.0
CSE-CIC-IDS2018,cse_cic_ids2018_friday_holdout_sample,5,random_forest,a1_constrained_feature,jetson_orin_nx_super_ina3221_20260608t140153z,0.6454441975867593,0.6319025887166575,0.500497709749756,0.91261451726568,0.997,0.0086735904461238,115292.50847287707,1.6732120513916016,7.885391547583102e-05,6.909434259186403,0.409954889077149,4985,15,1.0,0.997,1.0,1.0,8,1,python_sklearn_cpu,measured_onboard_sensor,jetson_ina3221_vdd_in,results/configs/tier_e_core4_hgb_mlp_timed/cse_cic_ids2018.yaml,bda4383e56b18638e1ffbee51828898249dfe86618dfd7967f5a144718b5cfd3,,,,0.0
CSE-CIC-IDS2018,cse_cic_ids2018_friday_holdout_sample,6,random_forest,a1_constrained_feature,jetson_orin_nx_super_ina3221_20260608t140153z,0.500274183365312,0.521960316853121,0.4573910107526862,0.9689863842662632,0.9986,0.0087144732952583,114751.6282532085,1.6732120513916016,7.885391547583102e-05,8.941707202904954,0.2966453406164988,4993,7,1.0,0.9986,1.0,1.0,8,1,python_sklearn_cpu,measured_onboard_sensor,jetson_ina3221_vdd_in,results/configs/tier_e_core4_hgb_mlp_timed/cse_cic_ids2018.yaml,e710a938d577308388e5defc4a4a977e25be98448db92e982614d6ab56c72e9f,,,,0.0
CSE-CIC-IDS2018,cse_cic_ids2018_friday_holdout_sample,7,random_forest,a1_constrained_feature,jetson_orin_nx_super_ina3221_20260608t140153z,0.7112641876779212,0.6883082743515971,0.6408555325986531,0.6768202080237742,0.9978,0.0090654444671235,110308.98745522767,1.6732635498046875,7.885391547583102e-05,5.721378996953821,0.5463372515226255,4989,11,1.0,0.9978,1.0,1.0,8,1,python_sklearn_cpu,measured_onboard_sensor,jetson_ina3221_vdd_in,results/configs/tier_e_core4_hgb_mlp_timed/cse_cic_ids2018.yaml,7ab03877160b511eb6758bccd6ac51e8087d4a4717790d264b90521c01ba4b7e,,,,0.0
CSE-CIC-IDS2018,cse_cic_ids2018_friday_holdout_sample,8,random_forest,a1_constrained_feature,jetson_orin_nx_super_ina3221_20260608t140153z,0.6625995142940941,0.6442204150314261,0.6082722257197409,0.7341964965727342,0.998,0.0091634837794117,109128.80123679269,1.6732635498046875,7.885391547583102e-05,6.585892757142022,0.4916359293826801,4990,10,1.0,0.998,1.0,1.0,8,1,python_sklearn_cpu,measured_onboard_sensor,jetson_ina3221_vdd_in,results/configs/tier_e_core4_hgb_mlp_timed/cse_cic_ids2018.yaml,1534c855860ec73a29f83af8fec084672f110f1873acc6c9de976621ec4a94d1,,,,0.0
CSE-CIC-IDS2018,cse_cic_ids2018_friday_holdout_sample,9,random_forest,a1_constrained_feature,jetson_orin_nx_super_ina3221_20260608t140153z,0.5501333856114893,0.5552818700601203,0.438489321934304,0.9860601614086574,0.9992,0.0089075059792958,112264.8699113256,1.6732120513916016,7.885391547583102e-05,8.139619678808593,0.3149572234207083,4996,4,1.0,0.9992,1.0,1.0,8,1,python_sklearn_cpu,measured_onboard_sensor,jetson_ina3221_vdd_in,results/configs/tier_e_core4_hgb_mlp_timed/cse_cic_ids2018.yaml,52525d9bd46eced84d79483f7c71fb132ada6b8501c5bf64c37395daf3419234,,,,0.0
CSE-CIC-IDS2018,cse_cic_ids2018_friday_holdout_sample,0,random_forest,a1_constrained_score_search,jetson_orin_nx_super_ina3221_20260608t140153z,0.5022901792497991,0.522479552634397,0.4413642766506069,0.9945609945609946,0.9988,0.0088009189872536,113624.49778804852,1.6727590560913086,7.885391547583102e-05,8.94184213696723,0.2866687902204251,4994,6,1.0,0.9988,1.0,1.0,8,1,python_sklearn_cpu,measured_onboard_sensor,jetson_ina3221_vdd_in,results/configs/tier_e_core4_hgb_mlp_timed/cse_cic_ids2018.yaml,ac9d32e282a9c3432aebab298bf6bff33d6f69fdcbbc0b4fb8c8bd38eda40211,,,,0.0
CSE-CIC-IDS2018,cse_cic_ids2018_friday_holdout_sample,1,random_forest,a1_constrained_score_search,jetson_orin_nx_super_ina3221_20260608t140153z,0.4786681974741676,0.5117674375750157,0.4413959491928734,1.0,0.9982,0.00903735669679,110651.82370805203,1.6723880767822266,7.885391547583102e-05,9.2752548374067,0.2740121966088971,4991,9,1.0,0.9982,1.0,1.0,8,1,python_sklearn_cpu,measured_onboard_sensor,jetson_ina3221_vdd_in,results/configs/tier_e_core4_hgb_mlp_timed/cse_cic_ids2018.yaml,d9c7ca30a503ba8288470331771f2a99b1f27ef8edba15973a9e1b648179b93c,,,,0.0
CSE-CIC-IDS2018,cse_cic_ids2018_friday_holdout_sample,2,random_forest,a1_constrained_score_search,jetson_orin_nx_super_ina3221_20260608t140153z,0.6943417366946779,0.6731202358736157,0.5294870456257075,0.8649045521292217,0.9978,0.0086910570529289,115060.80260547737,1.672285079956055,7.885391547583102e-05,6.015461655912342,0.4624476125333284,4989,11,1.0,0.9978,1.0,1.0,8,1,python_sklearn_cpu,measured_onboard_sensor,jetson_ina3221_vdd_in,results/configs/tier_e_core4_hgb_mlp_timed/cse_cic_ids2018.yaml,e435497dc37450bf3b309c0cf0ffe11c1afb5225ef97b06c37e9594e0586c523,,,,0.0
CSE-CIC-IDS2018,cse_cic_ids2018_friday_holdout_sample,3,random_forest,a1_constrained_score_search,jetson_orin_nx_super_ina3221_20260608t140153z,0.4828547185676225,0.5142401359080785,0.4350963547133952,0.9985795454545454,0.9976,0.0090305371943395,110735.3835635394,1.6723880767822266,7.885391547583102e-05,9.121377682729296,0.2741603808973575,4988,12,1.0,0.9976,1.0,1.0,8,1,python_sklearn_cpu,measured_onboard_sensor,jetson_ina3221_vdd_in,results/configs/tier_e_core4_hgb_mlp_timed/cse_cic_ids2018.yaml,3d851933585ac3376804487dd04ae549fe64a409812413cddd52659839f64624,,,,0.0
CSE-CIC-IDS2018,cse_cic_ids2018_friday_holdout_sample,4,random_forest,a1_constrained_score_search,jetson_orin_nx_super_ina3221_20260608t140153z,0.4278226487902168,0.4824488412228797,0.4401205730930104,0.999259807549963,0.9974,0.0088952880323631,112419.06910285116,1.6723880767822266,7.885391547583102e-05,9.835398175542403,0.2479519059707542,4987,13,1.0,0.9974,1.0,1.0,8,1,python_sklearn_cpu,measured_onboard_sensor,jetson_ina3221_vdd_in,results/configs/tier_e_core4_hgb_mlp_timed/cse_cic_ids2018.yaml,e83f0063d2ede8d890fde48d8b13f3f5b25c3ac866caacd0310503c117dc92d4,,,,0.0
CSE-CIC-IDS2018,cse_cic_ids2018_friday_holdout_sample,5,random_forest,a1_constrained_score_search,jetson_orin_nx_super_ina3221_20260608t140153z,0.6454441975867593,0.6319025887166575,0.4401395112008137,0.9992952783650458,0.997,0.0086735904461238,115292.50847287707,1.6732120513916016,7.885391547583102e-05,6.909434259186403,0.3707220600203366,4985,15,1.0,0.997,1.0,1.0,8,1,python_sklearn_cpu,measured_onboard_sensor,jetson_ina3221_vdd_in,results/configs/tier_e_core4_hgb_mlp_timed/cse_cic_ids2018.yaml,bda4383e56b18638e1ffbee51828898249dfe86618dfd7967f5a144718b5cfd3,,,,0.0
CSE-CIC-IDS2018,cse_cic_ids2018_friday_holdout_sample,6,random_forest,a1_constrained_score_search,jetson_orin_nx_super_ina3221_20260608t140153z,0.500274183365312,0.521960316853121,0.4380763948673175,0.9969742813918304,0.9986,0.0087144732952583,114751.6282532085,1.6732120513916016,7.885391547583102e-05,8.941707202904954,0.2840908402910093,4993,7,1.0,0.9986,1.0,1.0,8,1,python_sklearn_cpu,measured_onboard_sensor,jetson_ina3221_vdd_in,results/configs/tier_e_core4_hgb_mlp_timed/cse_cic_ids2018.yaml,e710a938d577308388e5defc4a4a977e25be98448db92e982614d6ab56c72e9f,,,,0.0
CSE-CIC-IDS2018,cse_cic_ids2018_friday_holdout_sample,7,random_forest,a1_constrained_score_search,jetson_orin_nx_super_ina3221_20260608t140153z,0.7112641876779212,0.6883082743515971,0.5298641683333267,0.8655274888558693,0.9978,0.0090654444671235,110308.98745522767,1.6732635498046875,7.885391547583102e-05,5.721378996953821,0.4741928647501635,4989,11,1.0,0.9978,1.0,1.0,8,1,python_sklearn_cpu,measured_onboard_sensor,jetson_ina3221_vdd_in,results/configs/tier_e_core4_hgb_mlp_timed/cse_cic_ids2018.yaml,7ab03877160b511eb6758bccd6ac51e8087d4a4717790d264b90521c01ba4b7e,,,,0.0
CSE-CIC-IDS2018,cse_cic_ids2018_friday_holdout_sample,8,random_forest,a1_constrained_score_search,jetson_orin_nx_super_ina3221_20260608t140153z,0.6625995142940941,0.6442204150314261,0.4892426925899091,0.9284082254379284,0.998,0.0091634837794117,109128.80123679269,1.6732635498046875,7.885391547583102e-05,6.585892757142022,0.4142667328482894,4990,10,1.0,0.998,1.0,1.0,8,1,python_sklearn_cpu,measured_onboard_sensor,jetson_ina3221_vdd_in,results/configs/tier_e_core4_hgb_mlp_timed/cse_cic_ids2018.yaml,1534c855860ec73a29f83af8fec084672f110f1873acc6c9de976621ec4a94d1,,,,0.0
CSE-CIC-IDS2018,cse_cic_ids2018_friday_holdout_sample,9,random_forest,a1_constrained_score_search,jetson_orin_nx_super_ina3221_20260608t140153z,0.5501333856114893,0.5552818700601203,0.4294227460734189,0.9992663242846662,0.9992,0.0089075059792958,112264.8699113256,1.6732120513916016,7.885391547583102e-05,8.139619678808593,0.309063949111133,4996,4,1.0,0.9992,1.0,1.0,8,1,python_sklearn_cpu,measured_onboard_sensor,jetson_ina3221_vdd_in,results/configs/tier_e_core4_hgb_mlp_timed/cse_cic_ids2018.yaml,52525d9bd46eced84d79483f7c71fb132ada6b8501c5bf64c37395daf3419234,,,,0.0
CSE-CIC-IDS2018,cse_cic_ids2018_friday_holdout_sample,0,random_forest,a4_split_shift,jetson_orin_nx_super_ina3221_20260608t140153z,0.5022901792497991,0.522479552634397,0.5123848659420981,0.0,1.0,0.0088009189872536,113624.49778804852,1.6727590560913086,7.885391547583102e-05,8.94184213696723,0.3328321732598942,5000,0,1.0,1.0,1.0,1.0,8,1,python_sklearn_cpu,measured_onboard_sensor,jetson_ina3221_vdd_in,results/configs/tier_e_core4_hgb_mlp_timed/cse_cic_ids2018.yaml,ac9d32e282a9c3432aebab298bf6bff33d6f69fdcbbc0b4fb8c8bd38eda40211,date_holdout,train,test,0.0
CSE-CIC-IDS2018,cse_cic_ids2018_friday_holdout_sample,1,random_forest,a4_split_shift,jetson_orin_nx_super_ina3221_20260608t140153z,0.4786681974741676,0.5117674375750157,0.4952178175245917,0.0,1.0,0.00903735669679,110651.82370805203,1.6723880767822266,7.885391547583102e-05,9.2752548374067,0.3089964110245139,5000,0,1.0,1.0,1.0,1.0,8,1,python_sklearn_cpu,measured_onboard_sensor,jetson_ina3221_vdd_in,results/configs/tier_e_core4_hgb_mlp_timed/cse_cic_ids2018.yaml,d9c7ca30a503ba8288470331771f2a99b1f27ef8edba15973a9e1b648179b93c,date_holdout,train,test,0.0
CSE-CIC-IDS2018,cse_cic_ids2018_friday_holdout_sample,2,random_forest,a4_split_shift,jetson_orin_nx_super_ina3221_20260608t140153z,0.6943417366946779,0.6731202358736157,0.6837309862841467,0.0,1.0,0.0086910570529289,115060.80260547737,1.672285079956055,7.885391547583102e-05,6.015461655912342,0.562706173961314,5000,0,1.0,1.0,1.0,1.0,8,1,python_sklearn_cpu,measured_onboard_sensor,jetson_ina3221_vdd_in,results/configs/tier_e_core4_hgb_mlp_timed/cse_cic_ids2018.yaml,e435497dc37450bf3b309c0cf0ffe11c1afb5225ef97b06c37e9594e0586c523,date_holdout,train,test,0.0
CSE-CIC-IDS2018,cse_cic_ids2018_friday_holdout_sample,3,random_forest,a4_split_shift,jetson_orin_nx_super_ina3221_20260608t140153z,0.4828547185676225,0.5142401359080785,0.4985474272378505,0.0,1.0,0.0090305371943395,110735.3835635394,1.6723880767822266,7.885391547583102e-05,9.121377682729296,0.3154035780382533,5000,0,1.0,1.0,1.0,1.0,8,1,python_sklearn_cpu,measured_onboard_sensor,jetson_ina3221_vdd_in,results/configs/tier_e_core4_hgb_mlp_timed/cse_cic_ids2018.yaml,3d851933585ac3376804487dd04ae549fe64a409812413cddd52659839f64624,date_holdout,train,test,0.0
CSE-CIC-IDS2018,cse_cic_ids2018_friday_holdout_sample,4,random_forest,a4_split_shift,jetson_orin_nx_super_ina3221_20260608t140153z,0.4278226487902168,0.4824488412228797,0.4551357450065482,0.0,1.0,0.0088952880323631,112419.06910285116,1.6723880767822266,7.885391547583102e-05,9.835398175542403,0.2577117677145537,5000,0,1.0,1.0,1.0,1.0,8,1,python_sklearn_cpu,measured_onboard_sensor,jetson_ina3221_vdd_in,results/configs/tier_e_core4_hgb_mlp_timed/cse_cic_ids2018.yaml,e83f0063d2ede8d890fde48d8b13f3f5b25c3ac866caacd0310503c117dc92d4,date_holdout,train,test,0.0
CSE-CIC-IDS2018,cse_cic_ids2018_friday_holdout_sample,5,random_forest,a4_split_shift,jetson_orin_nx_super_ina3221_20260608t140153z,0.6454441975867593,0.6319025887166575,0.6386733931517083,0.0,1.0,0.0086735904461238,115292.50847287707,1.6732120513916016,7.885391547583102e-05,6.909434259186403,0.499769083288418,5000,0,1.0,1.0,1.0,1.0,8,1,python_sklearn_cpu,measured_onboard_sensor,jetson_ina3221_vdd_in,results/configs/tier_e_core4_hgb_mlp_timed/cse_cic_ids2018.yaml,bda4383e56b18638e1ffbee51828898249dfe86618dfd7967f5a144718b5cfd3,date_holdout,train,test,0.0
CSE-CIC-IDS2018,cse_cic_ids2018_friday_holdout_sample,6,random_forest,a4_split_shift,jetson_orin_nx_super_ina3221_20260608t140153z,0.500274183365312,0.521960316853121,0.5111172501092165,0.0,1.0,0.0087144732952583,114751.6282532085,1.6732120513916016,7.885391547583102e-05,8.941707202904954,0.3315673961982435,5000,0,1.0,1.0,1.0,1.0,8,1,python_sklearn_cpu,measured_onboard_sensor,jetson_ina3221_vdd_in,results/configs/tier_e_core4_hgb_mlp_timed/cse_cic_ids2018.yaml,e710a938d577308388e5defc4a4a977e25be98448db92e982614d6ab56c72e9f,date_holdout,train,test,0.0
CSE-CIC-IDS2018,cse_cic_ids2018_friday_holdout_sample,7,random_forest,a4_split_shift,jetson_orin_nx_super_ina3221_20260608t140153z,0.7112641876779212,0.6883082743515971,0.6997862310147591,0.0,1.0,0.0090654444671235,110308.98745522767,1.6732635498046875,7.885391547583102e-05,5.721378996953821,0.5846422054930944,5000,0,1.0,1.0,1.0,1.0,8,1,python_sklearn_cpu,measured_onboard_sensor,jetson_ina3221_vdd_in,results/configs/tier_e_core4_hgb_mlp_timed/cse_cic_ids2018.yaml,7ab03877160b511eb6758bccd6ac51e8087d4a4717790d264b90521c01ba4b7e,date_holdout,train,test,0.0
CSE-CIC-IDS2018,cse_cic_ids2018_friday_holdout_sample,8,random_forest,a4_split_shift,jetson_orin_nx_super_ina3221_20260608t140153z,0.6625995142940941,0.6442204150314261,0.6534099646627601,0.0,1.0,0.0091634837794117,109128.80123679269,1.6732635498046875,7.885391547583102e-05,6.585892757142022,0.5209754596956426,5000,0,1.0,1.0,1.0,1.0,8,1,python_sklearn_cpu,measured_onboard_sensor,jetson_ina3221_vdd_in,results/configs/tier_e_core4_hgb_mlp_timed/cse_cic_ids2018.yaml,1534c855860ec73a29f83af8fec084672f110f1873acc6c9de976621ec4a94d1,date_holdout,train,test,0.0
CSE-CIC-IDS2018,cse_cic_ids2018_friday_holdout_sample,9,random_forest,a4_split_shift,jetson_orin_nx_super_ina3221_20260608t140153z,0.5501333856114893,0.5552818700601203,0.5527076278358047,0.0,1.0,0.0089075059792958,112264.8699113256,1.6732120513916016,7.885391547583102e-05,8.139619678808593,0.3891991222566837,5000,0,1.0,1.0,1.0,1.0,8,1,python_sklearn_cpu,measured_onboard_sensor,jetson_ina3221_vdd_in,results/configs/tier_e_core4_hgb_mlp_timed/cse_cic_ids2018.yaml,52525d9bd46eced84d79483f7c71fb132ada6b8501c5bf64c37395daf3419234,date_holdout,train,test,0.0
