dataset,split_id,seed,model_id,threat_id,hardware_id,clean_macro_f1,clean_bal_acc,robust_utility,asr,validity_rate,p95_latency_ms,throughput_fps,peak_mem_mb,energy_per_flow_j,service_cost,raise_score,valid_count,invalid_count,budget_pass_rate,bounds_pass_rate,immutable_pass_rate,relation_pass_rate,thread_count,batch_size,runtime,measurement_mode,energy_source,config_path,preprocessing_state_sha256,shift_group_field,source_split,target_split,shift_utility_drop
TON_IoT,ton_iot_attack_family_holdout_full,0,extra_trees,a0_clean,jetson_orin_nx_super_ina3221_20260608t140153z,0.963986919689736,0.96908729585452,0.966537107772128,0.0,1.0,0.0029285231532476,341469.0434975795,7.849390983581543,7.885391547583102e-05,0.5780540829095978,0.9537333691385348,36043,0,1.0,1.0,1.0,1.0,8,1,python_sklearn_cpu,measured_onboard_sensor,jetson_ina3221_vdd_in,configs/experiments/tier_p_expanded.yaml,5d7ef13326a62fe67b086641ecbab539f8eed090359a55a029ee1a61dbda66ce,,,,0.0
TON_IoT,ton_iot_attack_family_holdout_full,1,extra_trees,a0_clean,jetson_orin_nx_super_ina3221_20260608t140153z,0.964018779980892,0.9691780639642636,0.9665984219725778,0.0,1.0,0.0029074047372847,343949.3604643107,7.849498748779297,7.885391547583102e-05,0.580438720714727,0.9537470253110276,36043,0,1.0,1.0,1.0,1.0,8,1,python_sklearn_cpu,measured_onboard_sensor,jetson_ina3221_vdd_in,configs/experiments/tier_p_expanded.yaml,4d0cbacdebde4e7676ad5505614b53275431520b78767fe691fab299c3d576ff,,,,0.0
TON_IoT,ton_iot_attack_family_holdout_full,2,extra_trees,a0_clean,jetson_orin_nx_super_ina3221_20260608t140153z,0.9643530286641772,0.9694344770232382,0.9668937528437076,0.0,1.0,0.0029155049208602,342993.761679176,7.849395751953125,7.885391547583102e-05,0.5735104595352374,0.9541809134035412,36043,0,1.0,1.0,1.0,1.0,8,1,python_sklearn_cpu,measured_onboard_sensor,jetson_ina3221_vdd_in,configs/experiments/tier_p_expanded.yaml,c7151b8a1ef4edcc221d9f41023c60ab82d07852fcdbcf57c2c0ca3bbe8ed8ee,,,,0.0
TON_IoT,ton_iot_attack_family_holdout_full,3,extra_trees,a0_clean,jetson_orin_nx_super_ina3221_20260608t140153z,0.964746075143081,0.9697862741370844,0.9672661746400828,0.0,1.0,0.0028283222440384,353566.5011678943,7.849283218383789,7.885391547583102e-05,0.5676745172583123,0.9546702454888456,36043,0,1.0,1.0,1.0,1.0,8,1,python_sklearn_cpu,measured_onboard_sensor,jetson_ina3221_vdd_in,configs/experiments/tier_p_expanded.yaml,d303b92a26705759f970055ffa3d6af303caa89273be58a0b9a2ee2acf07655d,,,,0.0
TON_IoT,ton_iot_attack_family_holdout_full,4,extra_trees,a0_clean,jetson_orin_nx_super_ina3221_20260608t140153z,0.9648661880098396,0.9700249045605032,0.9674455462851714,0.0,1.0,0.0028664909427772,348858.5939961658,7.849344253540039,7.885391547583102e-05,0.5719019087899381,0.954764984473993,36043,0,1.0,1.0,1.0,1.0,8,1,python_sklearn_cpu,measured_onboard_sensor,jetson_ina3221_vdd_in,configs/experiments/tier_p_expanded.yaml,1cb8df7b674e28ccf3999788420ff577268c32424e356c096d0fbd1193ec0a8c,,,,0.0
TON_IoT,ton_iot_attack_family_holdout_full,0,extra_trees,a1_constrained_feature,jetson_orin_nx_super_ina3221_20260608t140153z,0.963986919689736,0.96908729585452,0.9399375580199076,0.1063688212927756,0.9998612768082568,0.0029285231532476,341469.0434975795,7.849390983581543,7.885391547583102e-05,0.5780540829095978,0.9364436617995914,36038,5,0.999916766084954,0.9999445107233028,1.0,1.0,8,1,python_sklearn_cpu,measured_onboard_sensor,jetson_ina3221_vdd_in,configs/experiments/tier_p_expanded.yaml,5d7ef13326a62fe67b086641ecbab539f8eed090359a55a029ee1a61dbda66ce,,,,0.0
TON_IoT,ton_iot_attack_family_holdout_full,1,extra_trees,a1_constrained_feature,jetson_orin_nx_super_ina3221_20260608t140153z,0.964018779980892,0.9691780639642636,0.9278728092877492,0.1290874524714829,0.999916766084954,0.0029074047372847,343949.3604643107,7.849498748779297,7.885391547583102e-05,0.580438720714727,0.9285753770658888,36040,3,0.999916766084954,1.0,1.0,1.0,8,1,python_sklearn_cpu,measured_onboard_sensor,jetson_ina3221_vdd_in,configs/experiments/tier_p_expanded.yaml,4d0cbacdebde4e7676ad5505614b53275431520b78767fe691fab299c3d576ff,,,,0.0
TON_IoT,ton_iot_attack_family_holdout_full,2,extra_trees,a1_constrained_feature,jetson_orin_nx_super_ina3221_20260608t140153z,0.9643530286641772,0.9694344770232382,0.9252887507959076,0.1336977186311787,0.9998890214466054,0.0029155049208602,342993.761679176,7.849395751953125,7.885391547583102e-05,0.5735104595352374,0.9271376620724714,36039,4,0.999916766084954,0.9999722553616514,1.0,1.0,8,1,python_sklearn_cpu,measured_onboard_sensor,jetson_ina3221_vdd_in,configs/experiments/tier_p_expanded.yaml,c7151b8a1ef4edcc221d9f41023c60ab82d07852fcdbcf57c2c0ca3bbe8ed8ee,,,,0.0
TON_IoT,ton_iot_attack_family_holdout_full,3,extra_trees,a1_constrained_feature,jetson_orin_nx_super_ina3221_20260608t140153z,0.964746075143081,0.9697862741370844,0.9305896303577992,0.1240019011406844,0.999916766084954,0.0028283222440384,353566.5011678943,7.849283218383789,7.885391547583102e-05,0.5676745172583123,0.9308304917053614,36040,3,0.999916766084954,1.0,1.0,1.0,8,1,python_sklearn_cpu,measured_onboard_sensor,jetson_ina3221_vdd_in,configs/experiments/tier_p_expanded.yaml,d303b92a26705759f970055ffa3d6af303caa89273be58a0b9a2ee2acf07655d,,,,0.0
TON_IoT,ton_iot_attack_family_holdout_full,4,extra_trees,a1_constrained_feature,jetson_orin_nx_super_ina3221_20260608t140153z,0.9648661880098396,0.9700249045605032,0.9446545212388732,0.0988593155893536,0.999916766084954,0.0028664909427772,348858.5939961658,7.849344253540039,7.885391547583102e-05,0.5719019087899381,0.939950818193899,36040,3,0.999916766084954,1.0,1.0,1.0,8,1,python_sklearn_cpu,measured_onboard_sensor,jetson_ina3221_vdd_in,configs/experiments/tier_p_expanded.yaml,1cb8df7b674e28ccf3999788420ff577268c32424e356c096d0fbd1193ec0a8c,,,,0.0
TON_IoT,ton_iot_attack_family_holdout_full,0,extra_trees,a1_constrained_score_search,jetson_orin_nx_super_ina3221_20260608t140153z,0.963986919689736,0.96908729585452,0.8608681904527155,0.2528992395437262,0.9998612768082568,0.0029285231532476,341469.0434975795,7.849390983581543,7.885391547583102e-05,0.5780540829095978,0.8850485728809164,36038,5,0.999916766084954,0.9999445107233028,1.0,1.0,8,1,python_sklearn_cpu,measured_onboard_sensor,jetson_ina3221_vdd_in,configs/experiments/tier_p_expanded.yaml,5d7ef13326a62fe67b086641ecbab539f8eed090359a55a029ee1a61dbda66ce,,,,0.0
TON_IoT,ton_iot_attack_family_holdout_full,1,extra_trees,a1_constrained_score_search,jetson_orin_nx_super_ina3221_20260608t140153z,0.964018779980892,0.9691780639642636,0.8186459586092592,0.3311787072243346,0.999916766084954,0.0029074047372847,343949.3604643107,7.849498748779297,7.885391547583102e-05,0.580438720714727,0.8575779241248704,36040,3,0.999916766084954,1.0,1.0,1.0,8,1,python_sklearn_cpu,measured_onboard_sensor,jetson_ina3221_vdd_in,configs/experiments/tier_p_expanded.yaml,4d0cbacdebde4e7676ad5505614b53275431520b78767fe691fab299c3d576ff,,,,0.0
TON_IoT,ton_iot_attack_family_holdout_full,2,extra_trees,a1_constrained_score_search,jetson_orin_nx_super_ina3221_20260608t140153z,0.9643530286641772,0.9694344770232382,0.8443886866063912,0.2836026615969582,0.9998890214466054,0.0029155049208602,342993.761679176,7.849395751953125,7.885391547583102e-05,0.5735104595352374,0.8745526203492857,36039,4,0.999916766084954,0.9999722553616514,1.0,1.0,8,1,python_sklearn_cpu,measured_onboard_sensor,jetson_ina3221_vdd_in,configs/experiments/tier_p_expanded.yaml,c7151b8a1ef4edcc221d9f41023c60ab82d07852fcdbcf57c2c0ca3bbe8ed8ee,,,,0.0
TON_IoT,ton_iot_attack_family_holdout_full,3,extra_trees,a1_constrained_score_search,jetson_orin_nx_super_ina3221_20260608t140153z,0.964746075143081,0.9697862741370844,0.8564854614061868,0.2613593155893536,0.999916766084954,0.0028283222440384,353566.5011678943,7.849283218383789,7.885391547583102e-05,0.5676745172583123,0.8826627818868132,36040,3,0.999916766084954,1.0,1.0,1.0,8,1,python_sklearn_cpu,measured_onboard_sensor,jetson_ina3221_vdd_in,configs/experiments/tier_p_expanded.yaml,d303b92a26705759f970055ffa3d6af303caa89273be58a0b9a2ee2acf07655d,,,,0.0
TON_IoT,ton_iot_attack_family_holdout_full,4,extra_trees,a1_constrained_score_search,jetson_orin_nx_super_ina3221_20260608t140153z,0.9648661880098396,0.9700249045605032,0.8678808268208074,0.2411121673003802,0.999916766084954,0.0028664909427772,348858.5939961658,7.849344253540039,7.885391547583102e-05,0.5719019087899381,0.8900479168221563,36040,3,0.999916766084954,1.0,1.0,1.0,8,1,python_sklearn_cpu,measured_onboard_sensor,jetson_ina3221_vdd_in,configs/experiments/tier_p_expanded.yaml,1cb8df7b674e28ccf3999788420ff577268c32424e356c096d0fbd1193ec0a8c,,,,0.0
TON_IoT,ton_iot_attack_family_holdout_full,0,extra_trees,a4_split_shift,jetson_orin_nx_super_ina3221_20260608t140153z,0.963986919689736,0.96908729585452,0.966537107772128,0.0,1.0,0.0029285231532476,341469.0434975795,7.849390983581543,7.885391547583102e-05,0.5780540829095978,0.9537333691385348,36043,0,1.0,1.0,1.0,1.0,8,1,python_sklearn_cpu,measured_onboard_sensor,jetson_ina3221_vdd_in,configs/experiments/tier_p_expanded.yaml,5d7ef13326a62fe67b086641ecbab539f8eed090359a55a029ee1a61dbda66ce,attack_type_holdout,train,test,0.0
TON_IoT,ton_iot_attack_family_holdout_full,1,extra_trees,a4_split_shift,jetson_orin_nx_super_ina3221_20260608t140153z,0.964018779980892,0.9691780639642636,0.9665984219725778,0.0,1.0,0.0029074047372847,343949.3604643107,7.849498748779297,7.885391547583102e-05,0.580438720714727,0.9537470253110276,36043,0,1.0,1.0,1.0,1.0,8,1,python_sklearn_cpu,measured_onboard_sensor,jetson_ina3221_vdd_in,configs/experiments/tier_p_expanded.yaml,4d0cbacdebde4e7676ad5505614b53275431520b78767fe691fab299c3d576ff,attack_type_holdout,train,test,0.0
TON_IoT,ton_iot_attack_family_holdout_full,2,extra_trees,a4_split_shift,jetson_orin_nx_super_ina3221_20260608t140153z,0.9643530286641772,0.9694344770232382,0.9668937528437076,0.0,1.0,0.0029155049208602,342993.761679176,7.849395751953125,7.885391547583102e-05,0.5735104595352374,0.9541809134035412,36043,0,1.0,1.0,1.0,1.0,8,1,python_sklearn_cpu,measured_onboard_sensor,jetson_ina3221_vdd_in,configs/experiments/tier_p_expanded.yaml,c7151b8a1ef4edcc221d9f41023c60ab82d07852fcdbcf57c2c0ca3bbe8ed8ee,attack_type_holdout,train,test,0.0
TON_IoT,ton_iot_attack_family_holdout_full,3,extra_trees,a4_split_shift,jetson_orin_nx_super_ina3221_20260608t140153z,0.964746075143081,0.9697862741370844,0.9672661746400828,0.0,1.0,0.0028283222440384,353566.5011678943,7.849283218383789,7.885391547583102e-05,0.5676745172583123,0.9546702454888456,36043,0,1.0,1.0,1.0,1.0,8,1,python_sklearn_cpu,measured_onboard_sensor,jetson_ina3221_vdd_in,configs/experiments/tier_p_expanded.yaml,d303b92a26705759f970055ffa3d6af303caa89273be58a0b9a2ee2acf07655d,attack_type_holdout,train,test,0.0
TON_IoT,ton_iot_attack_family_holdout_full,4,extra_trees,a4_split_shift,jetson_orin_nx_super_ina3221_20260608t140153z,0.9648661880098396,0.9700249045605032,0.9674455462851714,0.0,1.0,0.0028664909427772,348858.5939961658,7.849344253540039,7.885391547583102e-05,0.5719019087899381,0.954764984473993,36043,0,1.0,1.0,1.0,1.0,8,1,python_sklearn_cpu,measured_onboard_sensor,jetson_ina3221_vdd_in,configs/experiments/tier_p_expanded.yaml,1cb8df7b674e28ccf3999788420ff577268c32424e356c096d0fbd1193ec0a8c,attack_type_holdout,train,test,0.0
TON_IoT,ton_iot_attack_family_holdout_full,0,logistic_regression,a0_clean,jetson_orin_nx_super_ina3221_20260608t140153z,0.8647622393621135,0.8811193286762027,0.8729407840191581,0.0,1.0,0.0001499934727337,6666956.780015349,0.8264446258544922,7.885391547583102e-05,2.165813426475946,0.829001560051388,36043,0,1.0,1.0,1.0,1.0,8,1,python_sklearn_cpu,measured_onboard_sensor,jetson_ina3221_vdd_in,configs/experiments/tier_p_expanded.yaml,5d7ef13326a62fe67b086641ecbab539f8eed090359a55a029ee1a61dbda66ce,,,,0.0
TON_IoT,ton_iot_attack_family_holdout_full,1,logistic_regression,a0_clean,jetson_orin_nx_super_ina3221_20260608t140153z,0.8655536599633054,0.8820718069350062,0.8738127334491558,0.0,1.0,0.0001992639708059,5018468.697354122,0.826533317565918,7.885391547583102e-05,2.164763861299878,0.8298943901912487,36043,0,1.0,1.0,1.0,1.0,8,1,python_sklearn_cpu,measured_onboard_sensor,jetson_ina3221_vdd_in,configs/experiments/tier_p_expanded.yaml,4d0cbacdebde4e7676ad5505614b53275431520b78767fe691fab299c3d576ff,,,,0.0
TON_IoT,ton_iot_attack_family_holdout_full,2,logistic_regression,a0_clean,jetson_orin_nx_super_ina3221_20260608t140153z,0.8655921526902719,0.8819183069587669,0.8737552298245195,0.0,1.0,0.0001862375233671,5369487.211385479,0.8264961242675781,7.885391547583102e-05,2.155233860824661,0.8300275170333389,36043,0,1.0,1.0,1.0,1.0,8,1,python_sklearn_cpu,measured_onboard_sensor,jetson_ina3221_vdd_in,configs/experiments/tier_p_expanded.yaml,c7151b8a1ef4edcc221d9f41023c60ab82d07852fcdbcf57c2c0ca3bbe8ed8ee,,,,0.0
TON_IoT,ton_iot_attack_family_holdout_full,3,logistic_regression,a0_clean,jetson_orin_nx_super_ina3221_20260608t140153z,0.8651548705431253,0.8815572779546643,0.8733560742488948,0.0,1.0,0.000208683649002,4791942.276178657,0.8264446258544922,7.885391547583102e-05,2.163654440906715,0.8294599076161812,36043,0,1.0,1.0,1.0,1.0,8,1,python_sklearn_cpu,measured_onboard_sensor,jetson_ina3221_vdd_in,configs/experiments/tier_p_expanded.yaml,d303b92a26705759f970055ffa3d6af303caa89273be58a0b9a2ee2acf07655d,,,,0.0
TON_IoT,ton_iot_attack_family_holdout_full,4,logistic_regression,a0_clean,jetson_orin_nx_super_ina3221_20260608t140153z,0.8647442086499149,0.8812104373584249,0.8729773230041699,0.0,1.0,0.0001403375509383,7125676.579888385,0.8264446258544922,7.885391547583102e-05,2.171191252831504,0.8289305626431569,36043,0,1.0,1.0,1.0,1.0,8,1,python_sklearn_cpu,measured_onboard_sensor,jetson_ina3221_vdd_in,configs/experiments/tier_p_expanded.yaml,1cb8df7b674e28ccf3999788420ff577268c32424e356c096d0fbd1193ec0a8c,,,,0.0
TON_IoT,ton_iot_attack_family_holdout_full,0,logistic_regression,a1_constrained_feature,jetson_orin_nx_super_ina3221_20260608t140153z,0.8647622393621135,0.8811193286762027,0.8723599768070711,0.2153041825095057,0.9998612768082568,0.0001499934727337,6666956.780015349,0.8264446258544922,7.885391547583102e-05,2.165813426475946,0.8286240353635315,36038,5,0.999916766084954,0.9999445107233028,1.0,1.0,8,1,python_sklearn_cpu,measured_onboard_sensor,jetson_ina3221_vdd_in,configs/experiments/tier_p_expanded.yaml,5d7ef13326a62fe67b086641ecbab539f8eed090359a55a029ee1a61dbda66ce,,,,0.0
TON_IoT,ton_iot_attack_family_holdout_full,1,logistic_regression,a1_constrained_feature,jetson_orin_nx_super_ina3221_20260608t140153z,0.8655536599633054,0.8820718069350062,0.872724820404242,0.2163498098859315,0.999916766084954,0.0001992639708059,5018468.697354122,0.826533317565918,7.885391547583102e-05,2.164763861299878,0.8291872467120548,36040,3,0.999916766084954,1.0,1.0,1.0,8,1,python_sklearn_cpu,measured_onboard_sensor,jetson_ina3221_vdd_in,configs/experiments/tier_p_expanded.yaml,4d0cbacdebde4e7676ad5505614b53275431520b78767fe691fab299c3d576ff,,,,0.0
TON_IoT,ton_iot_attack_family_holdout_full,2,logistic_regression,a1_constrained_feature,jetson_orin_nx_super_ina3221_20260608t140153z,0.8655921526902719,0.8819183069587669,0.8732537816993978,0.2141634980988593,0.9998890214466054,0.0001862375233671,5369487.211385479,0.8264961242675781,7.885391547583102e-05,2.155233860824661,0.8297015757520099,36039,4,0.999916766084954,0.9999722553616514,1.0,1.0,8,1,python_sklearn_cpu,measured_onboard_sensor,jetson_ina3221_vdd_in,configs/experiments/tier_p_expanded.yaml,c7151b8a1ef4edcc221d9f41023c60ab82d07852fcdbcf57c2c0ca3bbe8ed8ee,,,,0.0
TON_IoT,ton_iot_attack_family_holdout_full,3,logistic_regression,a1_constrained_feature,jetson_orin_nx_super_ina3221_20260608t140153z,0.8651548705431253,0.8815572779546643,0.8732665927402483,0.2142585551330798,0.999916766084954,0.000208683649002,4791942.276178657,0.8264446258544922,7.885391547583102e-05,2.163654440906715,0.8294017446355609,36040,3,0.999916766084954,1.0,1.0,1.0,8,1,python_sklearn_cpu,measured_onboard_sensor,jetson_ina3221_vdd_in,configs/experiments/tier_p_expanded.yaml,d303b92a26705759f970055ffa3d6af303caa89273be58a0b9a2ee2acf07655d,,,,0.0
TON_IoT,ton_iot_attack_family_holdout_full,4,logistic_regression,a1_constrained_feature,jetson_orin_nx_super_ina3221_20260608t140153z,0.8647442086499149,0.8812104373584249,0.8733229637087602,0.2142110266159695,0.999916766084954,0.0001403375509383,7125676.579888385,0.8264446258544922,7.885391547583102e-05,2.171191252831504,0.8291552291011408,36040,3,0.999916766084954,1.0,1.0,1.0,8,1,python_sklearn_cpu,measured_onboard_sensor,jetson_ina3221_vdd_in,configs/experiments/tier_p_expanded.yaml,1cb8df7b674e28ccf3999788420ff577268c32424e356c096d0fbd1193ec0a8c,,,,0.0
TON_IoT,ton_iot_attack_family_holdout_full,0,logistic_regression,a1_constrained_score_search,jetson_orin_nx_super_ina3221_20260608t140153z,0.8647622393621135,0.8811193286762027,0.8681871114211756,0.223051330798479,0.9998612768082568,0.0001499934727337,6666956.780015349,0.8264446258544922,7.885391547583102e-05,2.165813426475946,0.8259116728626994,36038,5,0.999916766084954,0.9999445107233028,1.0,1.0,8,1,python_sklearn_cpu,measured_onboard_sensor,jetson_ina3221_vdd_in,configs/experiments/tier_p_expanded.yaml,5d7ef13326a62fe67b086641ecbab539f8eed090359a55a029ee1a61dbda66ce,,,,0.0
TON_IoT,ton_iot_attack_family_holdout_full,1,logistic_regression,a1_constrained_score_search,jetson_orin_nx_super_ina3221_20260608t140153z,0.8655536599633054,0.8820718069350062,0.8687306578923975,0.223764258555133,0.999916766084954,0.0001992639708059,5018468.697354122,0.826533317565918,7.885391547583102e-05,2.164763861299878,0.8265910410793559,36040,3,0.999916766084954,1.0,1.0,1.0,8,1,python_sklearn_cpu,measured_onboard_sensor,jetson_ina3221_vdd_in,configs/experiments/tier_p_expanded.yaml,4d0cbacdebde4e7676ad5505614b53275431520b78767fe691fab299c3d576ff,,,,0.0
TON_IoT,ton_iot_attack_family_holdout_full,2,logistic_regression,a1_constrained_score_search,jetson_orin_nx_super_ina3221_20260608t140153z,0.8655921526902719,0.8819183069587669,0.868517654924839,0.2229562737642585,0.9998890214466054,0.0001862375233671,5369487.211385479,0.8264961242675781,7.885391547583102e-05,2.155233860824661,0.8266230933485466,36039,4,0.999916766084954,0.9999722553616514,1.0,1.0,8,1,python_sklearn_cpu,measured_onboard_sensor,jetson_ina3221_vdd_in,configs/experiments/tier_p_expanded.yaml,c7151b8a1ef4edcc221d9f41023c60ab82d07852fcdbcf57c2c0ca3bbe8ed8ee,,,,0.0
TON_IoT,ton_iot_attack_family_holdout_full,3,logistic_regression,a1_constrained_score_search,jetson_orin_nx_super_ina3221_20260608t140153z,0.8651548705431253,0.8815572779546643,0.869580191751147,0.2211026615969581,0.999916766084954,0.000208683649002,4791942.276178657,0.8264446258544922,7.885391547583102e-05,2.163654440906715,0.827005583992645,36040,3,0.999916766084954,1.0,1.0,1.0,8,1,python_sklearn_cpu,measured_onboard_sensor,jetson_ina3221_vdd_in,configs/experiments/tier_p_expanded.yaml,d303b92a26705759f970055ffa3d6af303caa89273be58a0b9a2ee2acf07655d,,,,0.0
TON_IoT,ton_iot_attack_family_holdout_full,4,logistic_regression,a1_constrained_score_search,jetson_orin_nx_super_ina3221_20260608t140153z,0.8647442086499149,0.8812104373584249,0.8697389605235293,0.2208650190114068,0.999916766084954,0.0001403375509383,7125676.579888385,0.8264446258544922,7.885391547583102e-05,2.171191252831504,0.8268256270307406,36040,3,0.999916766084954,1.0,1.0,1.0,8,1,python_sklearn_cpu,measured_onboard_sensor,jetson_ina3221_vdd_in,configs/experiments/tier_p_expanded.yaml,1cb8df7b674e28ccf3999788420ff577268c32424e356c096d0fbd1193ec0a8c,,,,0.0
TON_IoT,ton_iot_attack_family_holdout_full,0,logistic_regression,a4_split_shift,jetson_orin_nx_super_ina3221_20260608t140153z,0.8647622393621135,0.8811193286762027,0.8729407840191581,0.0,1.0,0.0001499934727337,6666956.780015349,0.8264446258544922,7.885391547583102e-05,2.165813426475946,0.829001560051388,36043,0,1.0,1.0,1.0,1.0,8,1,python_sklearn_cpu,measured_onboard_sensor,jetson_ina3221_vdd_in,configs/experiments/tier_p_expanded.yaml,5d7ef13326a62fe67b086641ecbab539f8eed090359a55a029ee1a61dbda66ce,attack_type_holdout,train,test,0.0
TON_IoT,ton_iot_attack_family_holdout_full,1,logistic_regression,a4_split_shift,jetson_orin_nx_super_ina3221_20260608t140153z,0.8655536599633054,0.8820718069350062,0.8738127334491558,0.0,1.0,0.0001992639708059,5018468.697354122,0.826533317565918,7.885391547583102e-05,2.164763861299878,0.8298943901912487,36043,0,1.0,1.0,1.0,1.0,8,1,python_sklearn_cpu,measured_onboard_sensor,jetson_ina3221_vdd_in,configs/experiments/tier_p_expanded.yaml,4d0cbacdebde4e7676ad5505614b53275431520b78767fe691fab299c3d576ff,attack_type_holdout,train,test,0.0
TON_IoT,ton_iot_attack_family_holdout_full,2,logistic_regression,a4_split_shift,jetson_orin_nx_super_ina3221_20260608t140153z,0.8655921526902719,0.8819183069587669,0.8737552298245195,0.0,1.0,0.0001862375233671,5369487.211385479,0.8264961242675781,7.885391547583102e-05,2.155233860824661,0.8300275170333389,36043,0,1.0,1.0,1.0,1.0,8,1,python_sklearn_cpu,measured_onboard_sensor,jetson_ina3221_vdd_in,configs/experiments/tier_p_expanded.yaml,c7151b8a1ef4edcc221d9f41023c60ab82d07852fcdbcf57c2c0ca3bbe8ed8ee,attack_type_holdout,train,test,0.0
TON_IoT,ton_iot_attack_family_holdout_full,3,logistic_regression,a4_split_shift,jetson_orin_nx_super_ina3221_20260608t140153z,0.8651548705431253,0.8815572779546643,0.8733560742488948,0.0,1.0,0.000208683649002,4791942.276178657,0.8264446258544922,7.885391547583102e-05,2.163654440906715,0.8294599076161812,36043,0,1.0,1.0,1.0,1.0,8,1,python_sklearn_cpu,measured_onboard_sensor,jetson_ina3221_vdd_in,configs/experiments/tier_p_expanded.yaml,d303b92a26705759f970055ffa3d6af303caa89273be58a0b9a2ee2acf07655d,attack_type_holdout,train,test,0.0
TON_IoT,ton_iot_attack_family_holdout_full,4,logistic_regression,a4_split_shift,jetson_orin_nx_super_ina3221_20260608t140153z,0.8647442086499149,0.8812104373584249,0.8729773230041699,0.0,1.0,0.0001403375509383,7125676.579888385,0.8264446258544922,7.885391547583102e-05,2.171191252831504,0.8289305626431569,36043,0,1.0,1.0,1.0,1.0,8,1,python_sklearn_cpu,measured_onboard_sensor,jetson_ina3221_vdd_in,configs/experiments/tier_p_expanded.yaml,1cb8df7b674e28ccf3999788420ff577268c32424e356c096d0fbd1193ec0a8c,attack_type_holdout,train,test,0.0
TON_IoT,ton_iot_attack_family_holdout_full,0,random_forest,a0_clean,jetson_orin_nx_super_ina3221_20260608t140153z,0.9859695166072528,0.9875105213135008,0.9867400189603768,0.0,1.0,0.00195339793063,511928.4628695403,7.849447250366211,7.885391547583102e-05,0.2011895737299814,0.981475598455407,36043,0,1.0,1.0,1.0,1.0,8,1,python_sklearn_cpu,measured_onboard_sensor,jetson_ina3221_vdd_in,configs/experiments/tier_p_expanded.yaml,5d7ef13326a62fe67b086641ecbab539f8eed090359a55a029ee1a61dbda66ce,,,,0.0
TON_IoT,ton_iot_attack_family_holdout_full,1,random_forest,a0_clean,jetson_orin_nx_super_ina3221_20260608t140153z,0.9859712860492176,0.9875775285526462,0.986774407300932,0.0,1.0,0.001939481922954,515601.608947658,7.849442481994629,7.885391547583102e-05,0.2040494289470766,0.9814528191143562,36043,0,1.0,1.0,1.0,1.0,8,1,python_sklearn_cpu,measured_onboard_sensor,jetson_ina3221_vdd_in,configs/experiments/tier_p_expanded.yaml,4d0cbacdebde4e7676ad5505614b53275431520b78767fe691fab299c3d576ff,,,,0.0
TON_IoT,ton_iot_attack_family_holdout_full,2,random_forest,a0_clean,jetson_orin_nx_super_ina3221_20260608t140153z,0.9865096364714168,0.9880289850940138,0.9872693107827152,0.0,1.0,0.0019504911595423,512691.3778141114,7.849390983581543,7.885391547583102e-05,0.1950202981197231,0.9821282867026462,36043,0,1.0,1.0,1.0,1.0,8,1,python_sklearn_cpu,measured_onboard_sensor,jetson_ina3221_vdd_in,configs/experiments/tier_p_expanded.yaml,c7151b8a1ef4edcc221d9f41023c60ab82d07852fcdbcf57c2c0ca3bbe8ed8ee,,,,0.0
TON_IoT,ton_iot_attack_family_holdout_full,3,random_forest,a0_clean,jetson_orin_nx_super_ina3221_20260608t140153z,0.9857747781318472,0.9874782096976034,0.9866264939147252,0.0,1.0,0.0020130891103882,496748.9987599839,7.849390983581543,7.885391547583102e-05,0.2102358060479336,0.981181029175089,36043,0,1.0,1.0,1.0,1.0,8,1,python_sklearn_cpu,measured_onboard_sensor,jetson_ina3221_vdd_in,configs/experiments/tier_p_expanded.yaml,d303b92a26705759f970055ffa3d6af303caa89273be58a0b9a2ee2acf07655d,,,,0.0
TON_IoT,ton_iot_attack_family_holdout_full,4,random_forest,a0_clean,jetson_orin_nx_super_ina3221_20260608t140153z,0.9866842369452548,0.9883534271095692,0.987518832027412,0.0,1.0,0.0019296623848306,518225.3682618942,7.849513053894043,7.885391547583102e-05,0.1999314578086141,0.9822796176484236,36043,0,1.0,1.0,1.0,1.0,8,1,python_sklearn_cpu,measured_onboard_sensor,jetson_ina3221_vdd_in,configs/experiments/tier_p_expanded.yaml,1cb8df7b674e28ccf3999788420ff577268c32424e356c096d0fbd1193ec0a8c,,,,0.0
TON_IoT,ton_iot_attack_family_holdout_full,0,random_forest,a1_constrained_feature,jetson_orin_nx_super_ina3221_20260608t140153z,0.9859695166072528,0.9875105213135008,0.9056021356631668,0.1691539923954372,0.9998612768082568,0.00195339793063,511928.4628695403,7.849447250366211,7.885391547583102e-05,0.2011895737299814,0.9287359743122202,36038,5,0.999916766084954,0.9999445107233028,1.0,1.0,8,1,python_sklearn_cpu,measured_onboard_sensor,jetson_ina3221_vdd_in,configs/experiments/tier_p_expanded.yaml,5d7ef13326a62fe67b086641ecbab539f8eed090359a55a029ee1a61dbda66ce,,,,0.0
TON_IoT,ton_iot_attack_family_holdout_full,1,random_forest,a1_constrained_feature,jetson_orin_nx_super_ina3221_20260608t140153z,0.9859712860492176,0.9875775285526462,0.9186390599781412,0.1453897338403041,0.999916766084954,0.001939481922954,515601.608947658,7.849442481994629,7.885391547583102e-05,0.2040494289470766,0.9371648433545424,36040,3,0.999916766084954,1.0,1.0,1.0,8,1,python_sklearn_cpu,measured_onboard_sensor,jetson_ina3221_vdd_in,configs/experiments/tier_p_expanded.yaml,4d0cbacdebde4e7676ad5505614b53275431520b78767fe691fab299c3d576ff,,,,0.0
TON_IoT,ton_iot_attack_family_holdout_full,2,random_forest,a1_constrained_feature,jetson_orin_nx_super_ina3221_20260608t140153z,0.9865096364714168,0.9880289850940138,0.8984403316453773,0.1828422053231939,0.9998890214466054,0.0019504911595423,512691.3778141114,7.849390983581543,7.885391547583102e-05,0.1950202981197231,0.9243894502633764,36039,4,0.999916766084954,0.9999722553616514,1.0,1.0,8,1,python_sklearn_cpu,measured_onboard_sensor,jetson_ina3221_vdd_in,configs/experiments/tier_p_expanded.yaml,c7151b8a1ef4edcc221d9f41023c60ab82d07852fcdbcf57c2c0ca3bbe8ed8ee,,,,0.0
TON_IoT,ton_iot_attack_family_holdout_full,3,random_forest,a1_constrained_feature,jetson_orin_nx_super_ina3221_20260608t140153z,0.9857747781318472,0.9874782096976034,0.9279134768186093,0.1286121673003802,0.999916766084954,0.0020130891103882,496748.9987599839,7.849390983581543,7.885391547583102e-05,0.2102358060479336,0.9430175680626136,36040,3,0.999916766084954,1.0,1.0,1.0,8,1,python_sklearn_cpu,measured_onboard_sensor,jetson_ina3221_vdd_in,configs/experiments/tier_p_expanded.yaml,d303b92a26705759f970055ffa3d6af303caa89273be58a0b9a2ee2acf07655d,,,,0.0
TON_IoT,ton_iot_attack_family_holdout_full,4,random_forest,a1_constrained_feature,jetson_orin_nx_super_ina3221_20260608t140153z,0.9866842369452548,0.9883534271095692,0.918173540829598,0.1473384030418251,0.999916766084954,0.0019296623848306,518225.3682618942,7.849513053894043,7.885391547583102e-05,0.1999314578086141,0.9372051783698444,36040,3,0.999916766084954,1.0,1.0,1.0,8,1,python_sklearn_cpu,measured_onboard_sensor,jetson_ina3221_vdd_in,configs/experiments/tier_p_expanded.yaml,1cb8df7b674e28ccf3999788420ff577268c32424e356c096d0fbd1193ec0a8c,,,,0.0
TON_IoT,ton_iot_attack_family_holdout_full,0,random_forest,a1_constrained_score_search,jetson_orin_nx_super_ina3221_20260608t140153z,0.9859695166072528,0.9875105213135008,0.818674913561937,0.3299429657794677,0.9998612768082568,0.00195339793063,511928.4628695403,7.849447250366211,7.885391547583102e-05,0.2011895737299814,0.8722332799464209,36038,5,0.999916766084954,0.9999445107233028,1.0,1.0,8,1,python_sklearn_cpu,measured_onboard_sensor,jetson_ina3221_vdd_in,configs/experiments/tier_p_expanded.yaml,5d7ef13326a62fe67b086641ecbab539f8eed090359a55a029ee1a61dbda66ce,,,,0.0
TON_IoT,ton_iot_attack_family_holdout_full,1,random_forest,a1_constrained_score_search,jetson_orin_nx_super_ina3221_20260608t140153z,0.9859712860492176,0.9875775285526462,0.8609405846750013,0.2523764258555133,0.999916766084954,0.001939481922954,515601.608947658,7.849442481994629,7.885391547583102e-05,0.2040494289470766,0.8996608344075013,36040,3,0.999916766084954,1.0,1.0,1.0,8,1,python_sklearn_cpu,measured_onboard_sensor,jetson_ina3221_vdd_in,configs/experiments/tier_p_expanded.yaml,4d0cbacdebde4e7676ad5505614b53275431520b78767fe691fab299c3d576ff,,,,0.0
TON_IoT,ton_iot_attack_family_holdout_full,2,random_forest,a1_constrained_score_search,jetson_orin_nx_super_ina3221_20260608t140153z,0.9865096364714168,0.9880289850940138,0.7896340358210964,0.3834125475285171,0.9998890214466054,0.0019504911595423,512691.3778141114,7.849390983581543,7.885391547583102e-05,0.1950202981197231,0.8536653579775939,36039,4,0.999916766084954,0.9999722553616514,1.0,1.0,8,1,python_sklearn_cpu,measured_onboard_sensor,jetson_ina3221_vdd_in,configs/experiments/tier_p_expanded.yaml,c7151b8a1ef4edcc221d9f41023c60ab82d07852fcdbcf57c2c0ca3bbe8ed8ee,,,,0.0
TON_IoT,ton_iot_attack_family_holdout_full,3,random_forest,a1_constrained_score_search,jetson_orin_nx_super_ina3221_20260608t140153z,0.9857747781318472,0.9874782096976034,0.8540152267212449,0.2655893536121673,0.999916766084954,0.0020130891103882,496748.9987599839,7.849390983581543,7.885391547583102e-05,0.2102358060479336,0.8949837054993267,36040,3,0.999916766084954,1.0,1.0,1.0,8,1,python_sklearn_cpu,measured_onboard_sensor,jetson_ina3221_vdd_in,configs/experiments/tier_p_expanded.yaml,d303b92a26705759f970055ffa3d6af303caa89273be58a0b9a2ee2acf07655d,,,,0.0
TON_IoT,ton_iot_attack_family_holdout_full,4,random_forest,a1_constrained_score_search,jetson_orin_nx_super_ina3221_20260608t140153z,0.9866842369452548,0.9883534271095692,0.8652443468720765,0.2454847908745247,0.999916766084954,0.0019296623848306,518225.3682618942,7.849513053894043,7.885391547583102e-05,0.1999314578086141,0.9028012022974556,36040,3,0.999916766084954,1.0,1.0,1.0,8,1,python_sklearn_cpu,measured_onboard_sensor,jetson_ina3221_vdd_in,configs/experiments/tier_p_expanded.yaml,1cb8df7b674e28ccf3999788420ff577268c32424e356c096d0fbd1193ec0a8c,,,,0.0
TON_IoT,ton_iot_attack_family_holdout_full,0,random_forest,a4_split_shift,jetson_orin_nx_super_ina3221_20260608t140153z,0.9859695166072528,0.9875105213135008,0.9867400189603768,0.0,1.0,0.00195339793063,511928.4628695403,7.849447250366211,7.885391547583102e-05,0.2011895737299814,0.981475598455407,36043,0,1.0,1.0,1.0,1.0,8,1,python_sklearn_cpu,measured_onboard_sensor,jetson_ina3221_vdd_in,configs/experiments/tier_p_expanded.yaml,5d7ef13326a62fe67b086641ecbab539f8eed090359a55a029ee1a61dbda66ce,attack_type_holdout,train,test,0.0
TON_IoT,ton_iot_attack_family_holdout_full,1,random_forest,a4_split_shift,jetson_orin_nx_super_ina3221_20260608t140153z,0.9859712860492176,0.9875775285526462,0.986774407300932,0.0,1.0,0.001939481922954,515601.608947658,7.849442481994629,7.885391547583102e-05,0.2040494289470766,0.9814528191143562,36043,0,1.0,1.0,1.0,1.0,8,1,python_sklearn_cpu,measured_onboard_sensor,jetson_ina3221_vdd_in,configs/experiments/tier_p_expanded.yaml,4d0cbacdebde4e7676ad5505614b53275431520b78767fe691fab299c3d576ff,attack_type_holdout,train,test,0.0
TON_IoT,ton_iot_attack_family_holdout_full,2,random_forest,a4_split_shift,jetson_orin_nx_super_ina3221_20260608t140153z,0.9865096364714168,0.9880289850940138,0.9872693107827152,0.0,1.0,0.0019504911595423,512691.3778141114,7.849390983581543,7.885391547583102e-05,0.1950202981197231,0.9821282867026462,36043,0,1.0,1.0,1.0,1.0,8,1,python_sklearn_cpu,measured_onboard_sensor,jetson_ina3221_vdd_in,configs/experiments/tier_p_expanded.yaml,c7151b8a1ef4edcc221d9f41023c60ab82d07852fcdbcf57c2c0ca3bbe8ed8ee,attack_type_holdout,train,test,0.0
TON_IoT,ton_iot_attack_family_holdout_full,3,random_forest,a4_split_shift,jetson_orin_nx_super_ina3221_20260608t140153z,0.9857747781318472,0.9874782096976034,0.9866264939147252,0.0,1.0,0.0020130891103882,496748.9987599839,7.849390983581543,7.885391547583102e-05,0.2102358060479336,0.981181029175089,36043,0,1.0,1.0,1.0,1.0,8,1,python_sklearn_cpu,measured_onboard_sensor,jetson_ina3221_vdd_in,configs/experiments/tier_p_expanded.yaml,d303b92a26705759f970055ffa3d6af303caa89273be58a0b9a2ee2acf07655d,attack_type_holdout,train,test,0.0
TON_IoT,ton_iot_attack_family_holdout_full,4,random_forest,a4_split_shift,jetson_orin_nx_super_ina3221_20260608t140153z,0.9866842369452548,0.9883534271095692,0.987518832027412,0.0,1.0,0.0019296623848306,518225.3682618942,7.849513053894043,7.885391547583102e-05,0.1999314578086141,0.9822796176484236,36043,0,1.0,1.0,1.0,1.0,8,1,python_sklearn_cpu,measured_onboard_sensor,jetson_ina3221_vdd_in,configs/experiments/tier_p_expanded.yaml,1cb8df7b674e28ccf3999788420ff577268c32424e356c096d0fbd1193ec0a8c,attack_type_holdout,train,test,0.0
UNSW-NB15,unsw_nb15_official_full,0,extra_trees,a0_clean,jetson_orin_nx_super_ina3221_20260608t140153z,0.8609050455913386,0.8544858831301079,0.8576954643607233,0.0,1.0,0.0096528617780079,103596.22078897804,64.08343601226807,7.885391547583102e-05,0.4778499049654083,0.842485267396293,82332,0,1.0,1.0,1.0,1.0,8,1,python_sklearn_cpu,measured_onboard_sensor,jetson_ina3221_vdd_in,configs/experiments/tier_p_expanded.yaml,8f47a868529bc27cfe1f2d7304a0f3b476d0de8716464a992281aed7e8c34237,,,,0.0
UNSW-NB15,unsw_nb15_official_full,1,extra_trees,a0_clean,jetson_orin_nx_super_ina3221_20260608t140153z,0.8607208729643595,0.8542599428600046,0.8574904079121821,0.0,1.0,0.0096175270763491,103976.83230433984,64.08334541320801,7.885391547583102e-05,0.4699633049620696,0.8424380229965136,82332,0,1.0,1.0,1.0,1.0,8,1,python_sklearn_cpu,measured_onboard_sensor,jetson_ina3221_vdd_in,configs/experiments/tier_p_expanded.yaml,8f47a868529bc27cfe1f2d7304a0f3b476d0de8716464a992281aed7e8c34237,,,,0.0
UNSW-NB15,unsw_nb15_official_full,2,extra_trees,a0_clean,jetson_orin_nx_super_ina3221_20260608t140153z,0.8619569636371264,0.855562585704031,0.8587597746705786,0.0,1.0,0.0098276358396471,101753.87207223868,64.0830078125,7.885391547583102e-05,0.4796672048382981,0.8435128980734998,82332,0,1.0,1.0,1.0,1.0,8,1,python_sklearn_cpu,measured_onboard_sensor,jetson_ina3221_vdd_in,configs/experiments/tier_p_expanded.yaml,8f47a868529bc27cfe1f2d7304a0f3b476d0de8716464a992281aed7e8c34237,,,,0.0
UNSW-NB15,unsw_nb15_official_full,3,extra_trees,a0_clean,jetson_orin_nx_super_ina3221_20260608t140153z,0.8601736334766937,0.8537752235161129,0.8569744284964034,0.0,1.0,0.0099430989121523,100572.2671407616,64.0830078125,7.885391547583102e-05,0.4840360702182814,0.841639934070283,82332,0,1.0,1.0,1.0,1.0,8,1,python_sklearn_cpu,measured_onboard_sensor,jetson_ina3221_vdd_in,configs/experiments/tier_p_expanded.yaml,8f47a868529bc27cfe1f2d7304a0f3b476d0de8716464a992281aed7e8c34237,,,,0.0
UNSW-NB15,unsw_nb15_official_full,4,extra_trees,a0_clean,jetson_orin_nx_super_ina3221_20260608t140153z,0.8626964904344108,0.8562326213092118,0.8594645558718113,0.0,1.0,0.0095687983399549,104506.3303115564,64.08295631408691,7.885391547583102e-05,0.4638340603022505,0.844534885021866,82332,0,1.0,1.0,1.0,1.0,8,1,python_sklearn_cpu,measured_onboard_sensor,jetson_ina3221_vdd_in,configs/experiments/tier_p_expanded.yaml,8f47a868529bc27cfe1f2d7304a0f3b476d0de8716464a992281aed7e8c34237,,,,0.0
UNSW-NB15,unsw_nb15_official_full,0,extra_trees,a1_constrained_feature,jetson_orin_nx_super_ina3221_20260608t140153z,0.8609050455913386,0.8544858831301079,0.8625993378983622,0.0111030174602123,0.9991254919108,0.0096528617780079,103596.22078897804,64.08343601226807,7.885391547583102e-05,0.4778499049654083,0.8456727851957584,82260,72,1.0,0.9991254919108,1.0,1.0,8,1,python_sklearn_cpu,measured_onboard_sensor,jetson_ina3221_vdd_in,configs/experiments/tier_p_expanded.yaml,8f47a868529bc27cfe1f2d7304a0f3b476d0de8716464a992281aed7e8c34237,,,,0.0
UNSW-NB15,unsw_nb15_official_full,1,extra_trees,a1_constrained_feature,jetson_orin_nx_super_ina3221_20260608t140153z,0.8607208729643595,0.8542599428600046,0.8612416556210938,0.0123832858751076,0.9991254919108,0.0096175270763491,103976.83230433984,64.08334541320801,7.885391547583102e-05,0.4699633049620696,0.8448763340073062,82260,72,1.0,0.9991254919108,1.0,1.0,8,1,python_sklearn_cpu,measured_onboard_sensor,jetson_ina3221_vdd_in,configs/experiments/tier_p_expanded.yaml,8f47a868529bc27cfe1f2d7304a0f3b476d0de8716464a992281aed7e8c34237,,,,0.0
UNSW-NB15,unsw_nb15_official_full,2,extra_trees,a1_constrained_feature,jetson_orin_nx_super_ina3221_20260608t140153z,0.8619569636371264,0.855562585704031,0.8627225230969885,0.0133765975763194,0.9991254919108,0.0098276358396471,101753.87207223868,64.0830078125,7.885391547583102e-05,0.4796672048382981,0.8460886845506662,82260,72,1.0,0.9991254919108,1.0,1.0,8,1,python_sklearn_cpu,measured_onboard_sensor,jetson_ina3221_vdd_in,configs/experiments/tier_p_expanded.yaml,8f47a868529bc27cfe1f2d7304a0f3b476d0de8716464a992281aed7e8c34237,,,,0.0
UNSW-NB15,unsw_nb15_official_full,3,extra_trees,a1_constrained_feature,jetson_orin_nx_super_ina3221_20260608t140153z,0.8601736334766937,0.8537752235161129,0.8614869403205562,0.0124053594684678,0.9991254919108,0.0099430989121523,100572.2671407616,64.0830078125,7.885391547583102e-05,0.4840360702182814,0.8445730667559823,82260,72,1.0,0.9991254919108,1.0,1.0,8,1,python_sklearn_cpu,measured_onboard_sensor,jetson_ina3221_vdd_in,configs/experiments/tier_p_expanded.yaml,8f47a868529bc27cfe1f2d7304a0f3b476d0de8716464a992281aed7e8c34237,,,,0.0
UNSW-NB15,unsw_nb15_official_full,4,extra_trees,a1_constrained_feature,jetson_orin_nx_super_ina3221_20260608t140153z,0.8626964904344108,0.8562326213092118,0.8634749473204311,0.0116769308875791,0.9991254919108,0.0095687983399549,104506.3303115564,64.08295631408691,7.885391547583102e-05,0.4638340603022505,0.8471416394634689,82260,72,1.0,0.9991254919108,1.0,1.0,8,1,python_sklearn_cpu,measured_onboard_sensor,jetson_ina3221_vdd_in,configs/experiments/tier_p_expanded.yaml,8f47a868529bc27cfe1f2d7304a0f3b476d0de8716464a992281aed7e8c34237,,,,0.0
UNSW-NB15,unsw_nb15_official_full,0,extra_trees,a1_constrained_score_search,jetson_orin_nx_super_ina3221_20260608t140153z,0.8609050455913386,0.8544858831301079,0.8563242487750257,0.0231331258415557,0.9991254919108,0.0096528617780079,103596.22078897804,64.08343601226807,7.885391547583102e-05,0.4778499049654083,0.8415939772655896,82260,72,1.0,0.9991254919108,1.0,1.0,8,1,python_sklearn_cpu,measured_onboard_sensor,jetson_ina3221_vdd_in,configs/experiments/tier_p_expanded.yaml,8f47a868529bc27cfe1f2d7304a0f3b476d0de8716464a992281aed7e8c34237,,,,0.0
UNSW-NB15,unsw_nb15_official_full,1,extra_trees,a1_constrained_score_search,jetson_orin_nx_super_ina3221_20260608t140153z,0.8607208729643595,0.8542599428600046,0.8546697174393313,0.0249873076838178,0.9991254919108,0.0096175270763491,103976.83230433984,64.08334541320801,7.885391547583102e-05,0.4699633049620696,0.8406045741891606,82260,72,1.0,0.9991254919108,1.0,1.0,8,1,python_sklearn_cpu,measured_onboard_sensor,jetson_ina3221_vdd_in,configs/experiments/tier_p_expanded.yaml,8f47a868529bc27cfe1f2d7304a0f3b476d0de8716464a992281aed7e8c34237,,,,0.0
UNSW-NB15,unsw_nb15_official_full,2,extra_trees,a1_constrained_score_search,jetson_orin_nx_super_ina3221_20260608t140153z,0.8619569636371264,0.855562585704031,0.856563551357295,0.0251859700240602,0.9991254919108,0.0098276358396471,101753.87207223868,64.0830078125,7.885391547583102e-05,0.4796672048382981,0.8420853529198654,82260,72,1.0,0.9991254919108,1.0,1.0,8,1,python_sklearn_cpu,measured_onboard_sensor,jetson_ina3221_vdd_in,configs/experiments/tier_p_expanded.yaml,8f47a868529bc27cfe1f2d7304a0f3b476d0de8716464a992281aed7e8c34237,,,,0.0
UNSW-NB15,unsw_nb15_official_full,3,extra_trees,a1_constrained_score_search,jetson_orin_nx_super_ina3221_20260608t140153z,0.8601736334766937,0.8537752235161129,0.8553286937743794,0.0242147319162086,0.9991254919108,0.0099430989121523,100572.2671407616,64.0830078125,7.885391547583102e-05,0.4840360702182814,0.8405702065009675,82260,72,1.0,0.9991254919108,1.0,1.0,8,1,python_sklearn_cpu,measured_onboard_sensor,jetson_ina3221_vdd_in,configs/experiments/tier_p_expanded.yaml,8f47a868529bc27cfe1f2d7304a0f3b476d0de8716464a992281aed7e8c34237,,,,0.0
UNSW-NB15,unsw_nb15_official_full,4,extra_trees,a1_constrained_score_search,jetson_orin_nx_super_ina3221_20260608t140153z,0.8626964904344108,0.8562326213092118,0.8569347215418115,0.0242147319162086,0.9991254919108,0.0095687983399549,104506.3303115564,64.08295631408691,7.885391547583102e-05,0.4638340603022505,0.8428904927073663,82260,72,1.0,0.9991254919108,1.0,1.0,8,1,python_sklearn_cpu,measured_onboard_sensor,jetson_ina3221_vdd_in,configs/experiments/tier_p_expanded.yaml,8f47a868529bc27cfe1f2d7304a0f3b476d0de8716464a992281aed7e8c34237,,,,0.0
UNSW-NB15,unsw_nb15_official_full,0,extra_trees,a4_split_shift,jetson_orin_nx_super_ina3221_20260608t140153z,0.8609050455913386,0.8544858831301079,0.8576954643607233,0.0,1.0,0.0096528617780079,103596.22078897804,64.08343601226807,7.885391547583102e-05,0.4778499049654083,0.842485267396293,82332,0,1.0,1.0,1.0,1.0,8,1,python_sklearn_cpu,measured_onboard_sensor,jetson_ina3221_vdd_in,configs/experiments/tier_p_expanded.yaml,8f47a868529bc27cfe1f2d7304a0f3b476d0de8716464a992281aed7e8c34237,,train,test,0.0
UNSW-NB15,unsw_nb15_official_full,1,extra_trees,a4_split_shift,jetson_orin_nx_super_ina3221_20260608t140153z,0.8607208729643595,0.8542599428600046,0.8574904079121821,0.0,1.0,0.0096175270763491,103976.83230433984,64.08334541320801,7.885391547583102e-05,0.4699633049620696,0.8424380229965136,82332,0,1.0,1.0,1.0,1.0,8,1,python_sklearn_cpu,measured_onboard_sensor,jetson_ina3221_vdd_in,configs/experiments/tier_p_expanded.yaml,8f47a868529bc27cfe1f2d7304a0f3b476d0de8716464a992281aed7e8c34237,,train,test,0.0
UNSW-NB15,unsw_nb15_official_full,2,extra_trees,a4_split_shift,jetson_orin_nx_super_ina3221_20260608t140153z,0.8619569636371264,0.855562585704031,0.8587597746705786,0.0,1.0,0.0098276358396471,101753.87207223868,64.0830078125,7.885391547583102e-05,0.4796672048382981,0.8435128980734998,82332,0,1.0,1.0,1.0,1.0,8,1,python_sklearn_cpu,measured_onboard_sensor,jetson_ina3221_vdd_in,configs/experiments/tier_p_expanded.yaml,8f47a868529bc27cfe1f2d7304a0f3b476d0de8716464a992281aed7e8c34237,,train,test,0.0
UNSW-NB15,unsw_nb15_official_full,3,extra_trees,a4_split_shift,jetson_orin_nx_super_ina3221_20260608t140153z,0.8601736334766937,0.8537752235161129,0.8569744284964034,0.0,1.0,0.0099430989121523,100572.2671407616,64.0830078125,7.885391547583102e-05,0.4840360702182814,0.841639934070283,82332,0,1.0,1.0,1.0,1.0,8,1,python_sklearn_cpu,measured_onboard_sensor,jetson_ina3221_vdd_in,configs/experiments/tier_p_expanded.yaml,8f47a868529bc27cfe1f2d7304a0f3b476d0de8716464a992281aed7e8c34237,,train,test,0.0
UNSW-NB15,unsw_nb15_official_full,4,extra_trees,a4_split_shift,jetson_orin_nx_super_ina3221_20260608t140153z,0.8626964904344108,0.8562326213092118,0.8594645558718113,0.0,1.0,0.0095687983399549,104506.3303115564,64.08295631408691,7.885391547583102e-05,0.4638340603022505,0.844534885021866,82332,0,1.0,1.0,1.0,1.0,8,1,python_sklearn_cpu,measured_onboard_sensor,jetson_ina3221_vdd_in,configs/experiments/tier_p_expanded.yaml,8f47a868529bc27cfe1f2d7304a0f3b476d0de8716464a992281aed7e8c34237,,train,test,0.0
UNSW-NB15,unsw_nb15_official_full,0,logistic_regression,a0_clean,jetson_orin_nx_super_ina3221_20260608t140153z,0.8339997182890706,0.8295477331209264,0.8317737257049985,0.0,1.0,0.000316205757293,3162497.762724452,1.8863859176635744,7.885391547583102e-05,0.9863426348787684,0.8113298486880849,82332,0,1.0,1.0,1.0,1.0,8,1,python_sklearn_cpu,measured_onboard_sensor,jetson_ina3221_vdd_in,configs/experiments/tier_p_expanded.yaml,8f47a868529bc27cfe1f2d7304a0f3b476d0de8716464a992281aed7e8c34237,,,,0.0
UNSW-NB15,unsw_nb15_official_full,1,logistic_regression,a0_clean,jetson_orin_nx_super_ina3221_20260608t140153z,0.8339997182890706,0.8295477331209264,0.8317737257049985,0.0,1.0,0.0003105950244634,3219626.591660189,1.885915756225586,7.885391547583102e-05,0.9863426348787684,0.8113299018742446,82332,0,1.0,1.0,1.0,1.0,8,1,python_sklearn_cpu,measured_onboard_sensor,jetson_ina3221_vdd_in,configs/experiments/tier_p_expanded.yaml,8f47a868529bc27cfe1f2d7304a0f3b476d0de8716464a992281aed7e8c34237,,,,0.0
UNSW-NB15,unsw_nb15_official_full,2,logistic_regression,a0_clean,jetson_orin_nx_super_ina3221_20260608t140153z,0.8339997182890706,0.8295477331209264,0.8317737257049985,0.0,1.0,0.0002895129001065,3454077.5199722587,1.885967254638672,7.885391547583102e-05,0.9863426348787684,0.8113299412883245,82332,0,1.0,1.0,1.0,1.0,8,1,python_sklearn_cpu,measured_onboard_sensor,jetson_ina3221_vdd_in,configs/experiments/tier_p_expanded.yaml,8f47a868529bc27cfe1f2d7304a0f3b476d0de8716464a992281aed7e8c34237,,,,0.0
UNSW-NB15,unsw_nb15_official_full,3,logistic_regression,a0_clean,jetson_orin_nx_super_ina3221_20260608t140153z,0.8339997182890706,0.8295477331209264,0.8317737257049985,0.0,1.0,0.0002889143146242,3461233.830869737,1.8858642578125,7.885391547583102e-05,0.9863426348787684,0.8113299516249268,82332,0,1.0,1.0,1.0,1.0,8,1,python_sklearn_cpu,measured_onboard_sensor,jetson_ina3221_vdd_in,configs/experiments/tier_p_expanded.yaml,8f47a868529bc27cfe1f2d7304a0f3b476d0de8716464a992281aed7e8c34237,,,,0.0
UNSW-NB15,unsw_nb15_official_full,4,logistic_regression,a0_clean,jetson_orin_nx_super_ina3221_20260608t140153z,0.8339997182890706,0.8295477331209264,0.8317737257049985,0.0,1.0,0.0002915432480544,3430022.8411159287,1.8858642578125,7.885391547583102e-05,0.9863426348787684,0.811329946143334,82332,0,1.0,1.0,1.0,1.0,8,1,python_sklearn_cpu,measured_onboard_sensor,jetson_ina3221_vdd_in,configs/experiments/tier_p_expanded.yaml,8f47a868529bc27cfe1f2d7304a0f3b476d0de8716464a992281aed7e8c34237,,,,0.0
UNSW-NB15,unsw_nb15_official_full,0,logistic_regression,a1_constrained_feature,jetson_orin_nx_super_ina3221_20260608t140153z,0.8339997182890706,0.8295477331209264,0.8313421827188547,0.0723130918482219,0.9991254919108,0.000316205757293,3162497.762724452,1.8863859176635744,7.885391547583102e-05,0.9863426348787684,0.8110493457470914,82260,72,1.0,0.9991254919108,1.0,1.0,8,1,python_sklearn_cpu,measured_onboard_sensor,jetson_ina3221_vdd_in,configs/experiments/tier_p_expanded.yaml,8f47a868529bc27cfe1f2d7304a0f3b476d0de8716464a992281aed7e8c34237,,,,0.0
UNSW-NB15,unsw_nb15_official_full,1,logistic_regression,a1_constrained_feature,jetson_orin_nx_super_ina3221_20260608t140153z,0.8339997182890706,0.8295477331209264,0.8315363976488046,0.0719378407610975,0.9991254919108,0.0003105950244634,3219626.591660189,1.885915756225586,7.885391547583102e-05,0.9863426348787684,0.8111756386377185,82260,72,1.0,0.9991254919108,1.0,1.0,8,1,python_sklearn_cpu,measured_onboard_sensor,jetson_ina3221_vdd_in,configs/experiments/tier_p_expanded.yaml,8f47a868529bc27cfe1f2d7304a0f3b476d0de8716464a992281aed7e8c34237,,,,0.0
UNSW-NB15,unsw_nb15_official_full,2,logistic_regression,a1_constrained_feature,jetson_orin_nx_super_ina3221_20260608t140153z,0.8339997182890706,0.8295477331209264,0.831502123819183,0.0720040615411782,0.9991254919108,0.0002895129001065,3454077.5199722587,1.885967254638672,7.885391547583102e-05,0.9863426348787684,0.8111534000625443,82260,72,1.0,0.9991254919108,1.0,1.0,8,1,python_sklearn_cpu,measured_onboard_sensor,jetson_ina3221_vdd_in,configs/experiments/tier_p_expanded.yaml,8f47a868529bc27cfe1f2d7304a0f3b476d0de8716464a992281aed7e8c34237,,,,0.0
UNSW-NB15,unsw_nb15_official_full,3,logistic_regression,a1_constrained_feature,jetson_orin_nx_super_ina3221_20260608t140153z,0.8339997182890706,0.8295477331209264,0.8319020013963647,0.071231485773569,0.9991254919108,0.0002889143146242,3461233.830869737,1.8858642578125,7.885391547583102e-05,0.9863426348787684,0.8114133308243149,82260,72,1.0,0.9991254919108,1.0,1.0,8,1,python_sklearn_cpu,measured_onboard_sensor,jetson_ina3221_vdd_in,configs/experiments/tier_p_expanded.yaml,8f47a868529bc27cfe1f2d7304a0f3b476d0de8716464a992281aed7e8c34237,,,,0.0
UNSW-NB15,unsw_nb15_official_full,4,logistic_regression,a1_constrained_feature,jetson_orin_nx_super_ina3221_20260608t140153z,0.8339997182890706,0.8295477331209264,0.8309880475111279,0.0729973732423901,0.9991254919108,0.0002915432480544,3430022.8411159287,1.8858642578125,7.885391547583102e-05,0.9863426348787684,0.810819255317318,82260,72,1.0,0.9991254919108,1.0,1.0,8,1,python_sklearn_cpu,measured_onboard_sensor,jetson_ina3221_vdd_in,configs/experiments/tier_p_expanded.yaml,8f47a868529bc27cfe1f2d7304a0f3b476d0de8716464a992281aed7e8c34237,,,,0.0
UNSW-NB15,unsw_nb15_official_full,0,logistic_regression,a1_constrained_score_search,jetson_orin_nx_super_ina3221_20260608t140153z,0.8339997182890706,0.8295477331209264,0.8190082925891636,0.0961746462706664,0.9991254919108,0.000316205757293,3162497.762724452,1.8863859176635744,7.885391547583102e-05,0.9863426348787684,0.8030323171627922,82260,72,1.0,0.9991254919108,1.0,1.0,8,1,python_sklearn_cpu,measured_onboard_sensor,jetson_ina3221_vdd_in,configs/experiments/tier_p_expanded.yaml,8f47a868529bc27cfe1f2d7304a0f3b476d0de8716464a992281aed7e8c34237,,,,0.0
UNSW-NB15,unsw_nb15_official_full,1,logistic_regression,a1_constrained_score_search,jetson_orin_nx_super_ina3221_20260608t140153z,0.8339997182890706,0.8295477331209264,0.8195553441563879,0.0951151137893737,0.9991254919108,0.0003105950244634,3219626.591660189,1.885915756225586,7.885391547583102e-05,0.9863426348787684,0.8033879538676476,82260,72,1.0,0.9991254919108,1.0,1.0,8,1,python_sklearn_cpu,measured_onboard_sensor,jetson_ina3221_vdd_in,configs/experiments/tier_p_expanded.yaml,8f47a868529bc27cfe1f2d7304a0f3b476d0de8716464a992281aed7e8c34237,,,,0.0
UNSW-NB15,unsw_nb15_official_full,2,logistic_regression,a1_constrained_score_search,jetson_orin_nx_super_ina3221_20260608t140153z,0.8339997182890706,0.8295477331209264,0.81884874573257,0.09648367657771,0.9991254919108,0.0002895129001065,3454077.5199722587,1.885967254638672,7.885391547583102e-05,0.9863426348787684,0.802928704306246,82260,72,1.0,0.9991254919108,1.0,1.0,8,1,python_sklearn_cpu,measured_onboard_sensor,jetson_ina3221_vdd_in,configs/experiments/tier_p_expanded.yaml,8f47a868529bc27cfe1f2d7304a0f3b476d0de8716464a992281aed7e8c34237,,,,0.0
UNSW-NB15,unsw_nb15_official_full,3,logistic_regression,a1_constrained_score_search,jetson_orin_nx_super_ina3221_20260608t140153z,0.8339997182890706,0.8295477331209264,0.81925901804671,0.0956890272167406,0.9991254919108,0.0002889143146242,3461233.830869737,1.8858642578125,7.885391547583102e-05,0.9863426348787684,0.8031953916470392,82260,72,1.0,0.9991254919108,1.0,1.0,8,1,python_sklearn_cpu,measured_onboard_sensor,jetson_ina3221_vdd_in,configs/experiments/tier_p_expanded.yaml,8f47a868529bc27cfe1f2d7304a0f3b476d0de8716464a992281aed7e8c34237,,,,0.0
UNSW-NB15,unsw_nb15_official_full,4,logistic_regression,a1_constrained_score_search,jetson_orin_nx_super_ina3221_20260608t140153z,0.8339997182890706,0.8295477331209264,0.8189627073210138,0.0962629406441074,0.9991254919108,0.0002915432480544,3430022.8411159287,1.8858642578125,7.885391547583102e-05,0.9863426348787684,0.8030027841937439,82260,72,1.0,0.9991254919108,1.0,1.0,8,1,python_sklearn_cpu,measured_onboard_sensor,jetson_ina3221_vdd_in,configs/experiments/tier_p_expanded.yaml,8f47a868529bc27cfe1f2d7304a0f3b476d0de8716464a992281aed7e8c34237,,,,0.0
UNSW-NB15,unsw_nb15_official_full,0,logistic_regression,a4_split_shift,jetson_orin_nx_super_ina3221_20260608t140153z,0.8339997182890706,0.8295477331209264,0.8317737257049985,0.0,1.0,0.000316205757293,3162497.762724452,1.8863859176635744,7.885391547583102e-05,0.9863426348787684,0.8113298486880849,82332,0,1.0,1.0,1.0,1.0,8,1,python_sklearn_cpu,measured_onboard_sensor,jetson_ina3221_vdd_in,configs/experiments/tier_p_expanded.yaml,8f47a868529bc27cfe1f2d7304a0f3b476d0de8716464a992281aed7e8c34237,,train,test,0.0
UNSW-NB15,unsw_nb15_official_full,1,logistic_regression,a4_split_shift,jetson_orin_nx_super_ina3221_20260608t140153z,0.8339997182890706,0.8295477331209264,0.8317737257049985,0.0,1.0,0.0003105950244634,3219626.591660189,1.885915756225586,7.885391547583102e-05,0.9863426348787684,0.8113299018742446,82332,0,1.0,1.0,1.0,1.0,8,1,python_sklearn_cpu,measured_onboard_sensor,jetson_ina3221_vdd_in,configs/experiments/tier_p_expanded.yaml,8f47a868529bc27cfe1f2d7304a0f3b476d0de8716464a992281aed7e8c34237,,train,test,0.0
UNSW-NB15,unsw_nb15_official_full,2,logistic_regression,a4_split_shift,jetson_orin_nx_super_ina3221_20260608t140153z,0.8339997182890706,0.8295477331209264,0.8317737257049985,0.0,1.0,0.0002895129001065,3454077.5199722587,1.885967254638672,7.885391547583102e-05,0.9863426348787684,0.8113299412883245,82332,0,1.0,1.0,1.0,1.0,8,1,python_sklearn_cpu,measured_onboard_sensor,jetson_ina3221_vdd_in,configs/experiments/tier_p_expanded.yaml,8f47a868529bc27cfe1f2d7304a0f3b476d0de8716464a992281aed7e8c34237,,train,test,0.0
UNSW-NB15,unsw_nb15_official_full,3,logistic_regression,a4_split_shift,jetson_orin_nx_super_ina3221_20260608t140153z,0.8339997182890706,0.8295477331209264,0.8317737257049985,0.0,1.0,0.0002889143146242,3461233.830869737,1.8858642578125,7.885391547583102e-05,0.9863426348787684,0.8113299516249268,82332,0,1.0,1.0,1.0,1.0,8,1,python_sklearn_cpu,measured_onboard_sensor,jetson_ina3221_vdd_in,configs/experiments/tier_p_expanded.yaml,8f47a868529bc27cfe1f2d7304a0f3b476d0de8716464a992281aed7e8c34237,,train,test,0.0
UNSW-NB15,unsw_nb15_official_full,4,logistic_regression,a4_split_shift,jetson_orin_nx_super_ina3221_20260608t140153z,0.8339997182890706,0.8295477331209264,0.8317737257049985,0.0,1.0,0.0002915432480544,3430022.8411159287,1.8858642578125,7.885391547583102e-05,0.9863426348787684,0.811329946143334,82332,0,1.0,1.0,1.0,1.0,8,1,python_sklearn_cpu,measured_onboard_sensor,jetson_ina3221_vdd_in,configs/experiments/tier_p_expanded.yaml,8f47a868529bc27cfe1f2d7304a0f3b476d0de8716464a992281aed7e8c34237,,train,test,0.0
UNSW-NB15,unsw_nb15_official_full,0,random_forest,a0_clean,jetson_orin_nx_super_ina3221_20260608t140153z,0.8665881909095363,0.8599233713551193,0.8632557811323278,0.0,1.0,0.0064325104508639,155460.29930906487,64.0859260559082,7.885391547583102e-05,0.4133704107354509,0.849341706584112,82332,0,1.0,1.0,1.0,1.0,8,1,python_sklearn_cpu,measured_onboard_sensor,jetson_ina3221_vdd_in,configs/experiments/tier_p_expanded.yaml,8f47a868529bc27cfe1f2d7304a0f3b476d0de8716464a992281aed7e8c34237,,,,0.0
UNSW-NB15,unsw_nb15_official_full,1,random_forest,a0_clean,jetson_orin_nx_super_ina3221_20260608t140153z,0.8659652531348021,0.859332144109167,0.8626486986219846,0.0,1.0,0.0064307186705654,155503.61495009478,64.08295631408691,7.885391547583102e-05,0.4213030637626067,0.8485761858768495,82332,0,1.0,1.0,1.0,1.0,8,1,python_sklearn_cpu,measured_onboard_sensor,jetson_ina3221_vdd_in,configs/experiments/tier_p_expanded.yaml,8f47a868529bc27cfe1f2d7304a0f3b476d0de8716464a992281aed7e8c34237,,,,0.0
UNSW-NB15,unsw_nb15_official_full,2,random_forest,a0_clean,jetson_orin_nx_super_ina3221_20260608t140153z,0.867309639758384,0.860665814495339,0.8639877271268614,0.0,1.0,0.0065986598134221,151545.92421417643,64.08290004730225,7.885391547583102e-05,0.4150620884716005,0.8500396879312818,82332,0,1.0,1.0,1.0,1.0,8,1,python_sklearn_cpu,measured_onboard_sensor,jetson_ina3221_vdd_in,configs/experiments/tier_p_expanded.yaml,8f47a868529bc27cfe1f2d7304a0f3b476d0de8716464a992281aed7e8c34237,,,,0.0
UNSW-NB15,unsw_nb15_official_full,3,random_forest,a0_clean,jetson_orin_nx_super_ina3221_20260608t140153z,0.8665464291453937,0.859880347037234,0.8632133880913139,0.0,1.0,0.0065163559870127,153460.00157036062,64.0830078125,7.885391547583102e-05,0.4132579241201848,0.8493015960256463,82332,0,1.0,1.0,1.0,1.0,8,1,python_sklearn_cpu,measured_onboard_sensor,jetson_ina3221_vdd_in,configs/experiments/tier_p_expanded.yaml,8f47a868529bc27cfe1f2d7304a0f3b476d0de8716464a992281aed7e8c34237,,,,0.0
UNSW-NB15,unsw_nb15_official_full,4,random_forest,a0_clean,jetson_orin_nx_super_ina3221_20260608t140153z,0.8669889497976986,0.8603149687232454,0.863651959260472,0.0,1.0,0.0064578659426599,154849.91619199098,64.08290004730225,7.885391547583102e-05,0.4104033282377939,0.8497973886560612,82332,0,1.0,1.0,1.0,1.0,8,1,python_sklearn_cpu,measured_onboard_sensor,jetson_ina3221_vdd_in,configs/experiments/tier_p_expanded.yaml,8f47a868529bc27cfe1f2d7304a0f3b476d0de8716464a992281aed7e8c34237,,,,0.0
UNSW-NB15,unsw_nb15_official_full,0,random_forest,a1_constrained_feature,jetson_orin_nx_super_ina3221_20260608t140153z,0.8665881909095363,0.8599233713551193,0.8659472016901613,0.0094254243648323,0.9991254919108,0.0064325104508639,155460.29930906487,64.0859260559082,7.885391547583102e-05,0.4133704107354509,0.8510911299467037,82260,72,1.0,0.9991254919108,1.0,1.0,8,1,python_sklearn_cpu,measured_onboard_sensor,jetson_ina3221_vdd_in,configs/experiments/tier_p_expanded.yaml,8f47a868529bc27cfe1f2d7304a0f3b476d0de8716464a992281aed7e8c34237,,,,0.0
UNSW-NB15,unsw_nb15_official_full,1,random_forest,a1_constrained_feature,jetson_orin_nx_super_ina3221_20260608t140153z,0.8659652531348021,0.859332144109167,0.8660311095560679,0.0088515109374655,0.9991254919108,0.0064307186705654,155503.61495009478,64.08295631408691,7.885391547583102e-05,0.4213030637626067,0.8507747529840036,82260,72,1.0,0.9991254919108,1.0,1.0,8,1,python_sklearn_cpu,measured_onboard_sensor,jetson_ina3221_vdd_in,configs/experiments/tier_p_expanded.yaml,8f47a868529bc27cfe1f2d7304a0f3b476d0de8716464a992281aed7e8c34237,,,,0.0
UNSW-NB15,unsw_nb15_official_full,2,random_forest,a1_constrained_feature,jetson_orin_nx_super_ina3221_20260608t140153z,0.867309639758384,0.860665814495339,0.8675340056218299,0.008145155949937,0.9991254919108,0.0065986598134221,151545.92421417643,64.08290004730225,7.885391547583102e-05,0.4150620884716005,0.8523447689530114,82260,72,1.0,0.9991254919108,1.0,1.0,8,1,python_sklearn_cpu,measured_onboard_sensor,jetson_ina3221_vdd_in,configs/experiments/tier_p_expanded.yaml,8f47a868529bc27cfe1f2d7304a0f3b476d0de8716464a992281aed7e8c34237,,,,0.0
UNSW-NB15,unsw_nb15_official_full,3,random_forest,a1_constrained_feature,jetson_orin_nx_super_ina3221_20260608t140153z,0.8665464291453937,0.859880347037234,0.866493035564595,0.0082775975100986,0.9991254919108,0.0065163559870127,153460.00157036062,64.0830078125,7.885391547583102e-05,0.4132579241201848,0.851433366883279,82260,72,1.0,0.9991254919108,1.0,1.0,8,1,python_sklearn_cpu,measured_onboard_sensor,jetson_ina3221_vdd_in,configs/experiments/tier_p_expanded.yaml,8f47a868529bc27cfe1f2d7304a0f3b476d0de8716464a992281aed7e8c34237,,,,0.0
UNSW-NB15,unsw_nb15_official_full,4,random_forest,a1_constrained_feature,jetson_orin_nx_super_ina3221_20260608t140153z,0.8669889497976986,0.8603149687232454,0.8664709166902844,0.0089398053109065,0.9991254919108,0.0064578659426599,154849.91619199098,64.08290004730225,7.885391547583102e-05,0.4104033282377939,0.8516297109854393,82260,72,1.0,0.9991254919108,1.0,1.0,8,1,python_sklearn_cpu,measured_onboard_sensor,jetson_ina3221_vdd_in,configs/experiments/tier_p_expanded.yaml,8f47a868529bc27cfe1f2d7304a0f3b476d0de8716464a992281aed7e8c34237,,,,0.0
UNSW-NB15,unsw_nb15_official_full,0,random_forest,a1_constrained_score_search,jetson_orin_nx_super_ina3221_20260608t140153z,0.8665881909095363,0.8599233713551193,0.8612911257755305,0.0183431560823786,0.9991254919108,0.0064325104508639,155460.29930906487,64.0859260559082,7.885391547583102e-05,0.4133704107354509,0.8480646806021936,82260,72,1.0,0.9991254919108,1.0,1.0,8,1,python_sklearn_cpu,measured_onboard_sensor,jetson_ina3221_vdd_in,configs/experiments/tier_p_expanded.yaml,8f47a868529bc27cfe1f2d7304a0f3b476d0de8716464a992281aed7e8c34237,,,,0.0
UNSW-NB15,unsw_nb15_official_full,1,random_forest,a1_constrained_score_search,jetson_orin_nx_super_ina3221_20260608t140153z,0.8659652531348021,0.859332144109167,0.8616972083227213,0.0171511820409244,0.9991254919108,0.0064307186705654,155503.61495009478,64.08295631408691,7.885391547583102e-05,0.4213030637626067,0.8479577171823284,82260,72,1.0,0.9991254919108,1.0,1.0,8,1,python_sklearn_cpu,measured_onboard_sensor,jetson_ina3221_vdd_in,configs/experiments/tier_p_expanded.yaml,8f47a868529bc27cfe1f2d7304a0f3b476d0de8716464a992281aed7e8c34237,,,,0.0
UNSW-NB15,unsw_nb15_official_full,2,random_forest,a1_constrained_score_search,jetson_orin_nx_super_ina3221_20260608t140153z,0.867309639758384,0.860665814495339,0.8629338134297828,0.016952519700682,0.9991254919108,0.0065986598134221,151545.92421417643,64.08290004730225,7.885391547583102e-05,0.4150620884716005,0.8493546440281806,82260,72,1.0,0.9991254919108,1.0,1.0,8,1,python_sklearn_cpu,measured_onboard_sensor,jetson_ina3221_vdd_in,configs/experiments/tier_p_expanded.yaml,8f47a868529bc27cfe1f2d7304a0f3b476d0de8716464a992281aed7e8c34237,,,,0.0
UNSW-NB15,unsw_nb15_official_full,3,random_forest,a1_constrained_score_search,jetson_orin_nx_super_ina3221_20260608t140153z,0.8665464291453937,0.859880347037234,0.8616632905045005,0.0175264331280489,0.9991254919108,0.0065163559870127,153460.00157036062,64.0830078125,7.885391547583102e-05,0.4132579241201848,0.8482940325942175,82260,72,1.0,0.9991254919108,1.0,1.0,8,1,python_sklearn_cpu,measured_onboard_sensor,jetson_ina3221_vdd_in,configs/experiments/tier_p_expanded.yaml,8f47a868529bc27cfe1f2d7304a0f3b476d0de8716464a992281aed7e8c34237,,,,0.0
UNSW-NB15,unsw_nb15_official_full,4,random_forest,a1_constrained_score_search,jetson_orin_nx_super_ina3221_20260608t140153z,0.8669889497976986,0.8603149687232454,0.8617105906062229,0.0180561993686952,0.9991254919108,0.0064578659426599,154849.91619199098,64.08290004730225,7.885391547583102e-05,0.4104033282377939,0.8485354990307993,82260,72,1.0,0.9991254919108,1.0,1.0,8,1,python_sklearn_cpu,measured_onboard_sensor,jetson_ina3221_vdd_in,configs/experiments/tier_p_expanded.yaml,8f47a868529bc27cfe1f2d7304a0f3b476d0de8716464a992281aed7e8c34237,,,,0.0
UNSW-NB15,unsw_nb15_official_full,0,random_forest,a4_split_shift,jetson_orin_nx_super_ina3221_20260608t140153z,0.8665881909095363,0.8599233713551193,0.8632557811323278,0.0,1.0,0.0064325104508639,155460.29930906487,64.0859260559082,7.885391547583102e-05,0.4133704107354509,0.849341706584112,82332,0,1.0,1.0,1.0,1.0,8,1,python_sklearn_cpu,measured_onboard_sensor,jetson_ina3221_vdd_in,configs/experiments/tier_p_expanded.yaml,8f47a868529bc27cfe1f2d7304a0f3b476d0de8716464a992281aed7e8c34237,,train,test,0.0
UNSW-NB15,unsw_nb15_official_full,1,random_forest,a4_split_shift,jetson_orin_nx_super_ina3221_20260608t140153z,0.8659652531348021,0.859332144109167,0.8626486986219846,0.0,1.0,0.0064307186705654,155503.61495009478,64.08295631408691,7.885391547583102e-05,0.4213030637626067,0.8485761858768495,82332,0,1.0,1.0,1.0,1.0,8,1,python_sklearn_cpu,measured_onboard_sensor,jetson_ina3221_vdd_in,configs/experiments/tier_p_expanded.yaml,8f47a868529bc27cfe1f2d7304a0f3b476d0de8716464a992281aed7e8c34237,,train,test,0.0
UNSW-NB15,unsw_nb15_official_full,2,random_forest,a4_split_shift,jetson_orin_nx_super_ina3221_20260608t140153z,0.867309639758384,0.860665814495339,0.8639877271268614,0.0,1.0,0.0065986598134221,151545.92421417643,64.08290004730225,7.885391547583102e-05,0.4150620884716005,0.8500396879312818,82332,0,1.0,1.0,1.0,1.0,8,1,python_sklearn_cpu,measured_onboard_sensor,jetson_ina3221_vdd_in,configs/experiments/tier_p_expanded.yaml,8f47a868529bc27cfe1f2d7304a0f3b476d0de8716464a992281aed7e8c34237,,train,test,0.0
UNSW-NB15,unsw_nb15_official_full,3,random_forest,a4_split_shift,jetson_orin_nx_super_ina3221_20260608t140153z,0.8665464291453937,0.859880347037234,0.8632133880913139,0.0,1.0,0.0065163559870127,153460.00157036062,64.0830078125,7.885391547583102e-05,0.4132579241201848,0.8493015960256463,82332,0,1.0,1.0,1.0,1.0,8,1,python_sklearn_cpu,measured_onboard_sensor,jetson_ina3221_vdd_in,configs/experiments/tier_p_expanded.yaml,8f47a868529bc27cfe1f2d7304a0f3b476d0de8716464a992281aed7e8c34237,,train,test,0.0
UNSW-NB15,unsw_nb15_official_full,4,random_forest,a4_split_shift,jetson_orin_nx_super_ina3221_20260608t140153z,0.8669889497976986,0.8603149687232454,0.863651959260472,0.0,1.0,0.0064578659426599,154849.91619199098,64.08290004730225,7.885391547583102e-05,0.4104033282377939,0.8497973886560612,82332,0,1.0,1.0,1.0,1.0,8,1,python_sklearn_cpu,measured_onboard_sensor,jetson_ina3221_vdd_in,configs/experiments/tier_p_expanded.yaml,8f47a868529bc27cfe1f2d7304a0f3b476d0de8716464a992281aed7e8c34237,,train,test,0.0
CICIDS2017,cicids2017_friday_holdout_sample,0,extra_trees,a0_clean,jetson_orin_nx_super_ina3221_20260608t140153z,0.5530229925779655,0.5896402941028356,0.5713316433404005,0.0,1.0,0.0049913433729024,200346.86562117032,29.881794929504395,7.885391547583102e-05,8.192256491901492,0.4044145279648524,90000,0,1.0,1.0,1.0,1.0,8,1,python_sklearn_cpu,measured_onboard_sensor,jetson_ina3221_vdd_in,configs/experiments/tier_p_cicids2017.yaml,c1a742e08c7ef81748b8a538e7a6a7d71046a45539e1067d3979fe7984cc55e1,,,,0.0
CICIDS2017,cicids2017_friday_holdout_sample,1,extra_trees,a0_clean,jetson_orin_nx_super_ina3221_20260608t140153z,0.4722738253739957,0.5435015517330609,0.5078876885535284,0.0,1.0,0.004632851322175,215849.7932393209,29.88153839111328,7.885391547583102e-05,9.120492406882155,0.3224066224530916,90000,0,1.0,1.0,1.0,1.0,8,1,python_sklearn_cpu,measured_onboard_sensor,jetson_ina3221_vdd_in,configs/experiments/tier_p_cicids2017.yaml,dda0d04b7b5243543b3b901e78c630c688728729dc345fa894703feadcf095ac,,,,0.0
CICIDS2017,cicids2017_friday_holdout_sample,2,extra_trees,a0_clean,jetson_orin_nx_super_ina3221_20260608t140153z,0.5347648544331536,0.5786184696031751,0.5566916620181643,0.0,1.0,0.0048809796528399,204876.9040489989,29.88141822814941,7.885391547583102e-05,8.413817319338708,0.385343590091735,90000,0,1.0,1.0,1.0,1.0,8,1,python_sklearn_cpu,measured_onboard_sensor,jetson_ina3221_vdd_in,configs/experiments/tier_p_cicids2017.yaml,1c850558226c77cd66dc1d6b24325d24a6c18a723efa2321e4ec284a6edd21ce,,,,0.0
CICIDS2017,cicids2017_friday_holdout_sample,3,extra_trees,a0_clean,jetson_orin_nx_super_ina3221_20260608t140153z,0.4705998104148,0.5424987559758317,0.5065492831953159,0.0,1.0,0.0047882449939788,208844.78577380223,29.881361961364743,7.885391547583102e-05,9.13733592932958,0.3207310368212127,90000,0,1.0,1.0,1.0,1.0,8,1,python_sklearn_cpu,measured_onboard_sensor,jetson_ina3221_vdd_in,configs/experiments/tier_p_cicids2017.yaml,f53ede00bdb7188e4b262fb87fee7ecc2bd99448d4434706334678781c0b9e6e,,,,0.0
CICIDS2017,cicids2017_friday_holdout_sample,4,extra_trees,a0_clean,jetson_orin_nx_super_ina3221_20260608t140153z,0.4860929759063757,0.5508897086908626,0.5184913422986192,0.0,1.0,0.0049188337093477,203300.2250309038,29.8814697265625,7.885391547583102e-05,8.970319973203255,0.3360131343024763,90000,0,1.0,1.0,1.0,1.0,8,1,python_sklearn_cpu,measured_onboard_sensor,jetson_ina3221_vdd_in,configs/experiments/tier_p_cicids2017.yaml,83a33f689ce51881ad2773568a01cbe7d54d794e380216ddfc4c903bdf74fa46,,,,0.0
CICIDS2017,cicids2017_friday_holdout_sample,0,extra_trees,a1_constrained_feature,jetson_orin_nx_super_ina3221_20260608t140153z,0.5530229925779655,0.5896402941028356,0.5630013648505252,0.8317368622712135,0.9994888888888888,0.0049913433729024,200346.86562117032,29.881794929504395,7.885391547583102e-05,8.192256491901492,0.3989998469464333,89954,46,1.0,0.9994888888888888,1.0,1.0,8,1,python_sklearn_cpu,measured_onboard_sensor,jetson_ina3221_vdd_in,configs/experiments/tier_p_cicids2017.yaml,c1a742e08c7ef81748b8a538e7a6a7d71046a45539e1067d3979fe7984cc55e1,,,,0.0
CICIDS2017,cicids2017_friday_holdout_sample,1,extra_trees,a1_constrained_feature,jetson_orin_nx_super_ina3221_20260608t140153z,0.4722738253739957,0.5435015517330609,0.5069653571529273,0.9132728237166264,0.9995111111111112,0.004632851322175,215849.7932393209,29.88153839111328,7.885391547583102e-05,9.120492406882155,0.321807107042701,89956,44,1.0,0.9995111111111112,1.0,1.0,8,1,python_sklearn_cpu,measured_onboard_sensor,jetson_ina3221_vdd_in,configs/experiments/tier_p_cicids2017.yaml,dda0d04b7b5243543b3b901e78c630c688728729dc345fa894703feadcf095ac,,,,0.0
CICIDS2017,cicids2017_friday_holdout_sample,2,extra_trees,a1_constrained_feature,jetson_orin_nx_super_ina3221_20260608t140153z,0.5347648544331536,0.5786184696031751,0.5274262446688174,0.8855104878196216,0.9893111111111113,0.0048809796528399,204876.9040489989,29.88141822814941,7.885391547583102e-05,8.413817319338708,0.3663210688146595,89038,962,1.0,0.9893111111111113,1.0,1.0,8,1,python_sklearn_cpu,measured_onboard_sensor,jetson_ina3221_vdd_in,configs/experiments/tier_p_cicids2017.yaml,1c850558226c77cd66dc1d6b24325d24a6c18a723efa2321e4ec284a6edd21ce,,,,0.0
CICIDS2017,cicids2017_friday_holdout_sample,3,extra_trees,a1_constrained_feature,jetson_orin_nx_super_ina3221_20260608t140153z,0.4705998104148,0.5424987559758317,0.5089229832268025,0.9116245400253364,0.9901111111111112,0.0047882449939788,208844.78577380223,29.881361961364743,7.885391547583102e-05,9.13733592932958,0.3222739418416791,89110,890,1.0,0.9901111111111112,1.0,1.0,8,1,python_sklearn_cpu,measured_onboard_sensor,jetson_ina3221_vdd_in,configs/experiments/tier_p_cicids2017.yaml,f53ede00bdb7188e4b262fb87fee7ecc2bd99448d4434706334678781c0b9e6e,,,,0.0
CICIDS2017,cicids2017_friday_holdout_sample,4,extra_trees,a1_constrained_feature,jetson_orin_nx_super_ina3221_20260608t140153z,0.4860929759063757,0.5508897086908626,0.513438251066882,0.9054511391793074,0.9892666666666666,0.0049188337093477,203300.2250309038,29.8814697265625,7.885391547583102e-05,8.970319973203255,0.3327286250018472,89034,966,1.0,0.9892666666666666,1.0,1.0,8,1,python_sklearn_cpu,measured_onboard_sensor,jetson_ina3221_vdd_in,configs/experiments/tier_p_cicids2017.yaml,83a33f689ce51881ad2773568a01cbe7d54d794e380216ddfc4c903bdf74fa46,,,,0.0
CICIDS2017,cicids2017_friday_holdout_sample,0,extra_trees,a1_constrained_score_search,jetson_orin_nx_super_ina3221_20260608t140153z,0.5530229925779655,0.5896402941028356,0.5414537958129817,0.8637154057001385,0.9994888888888888,0.0049913433729024,200346.86562117032,29.881794929504395,7.885391547583102e-05,8.192256491901492,0.3849939270720301,89954,46,1.0,0.9994888888888888,1.0,1.0,8,1,python_sklearn_cpu,measured_onboard_sensor,jetson_ina3221_vdd_in,configs/experiments/tier_p_cicids2017.yaml,c1a742e08c7ef81748b8a538e7a6a7d71046a45539e1067d3979fe7984cc55e1,,,,0.0
CICIDS2017,cicids2017_friday_holdout_sample,1,extra_trees,a1_constrained_score_search,jetson_orin_nx_super_ina3221_20260608t140153z,0.4722738253739957,0.5435015517330609,0.5061594967667218,0.9143926445452938,0.9995111111111112,0.004632851322175,215849.7932393209,29.88153839111328,7.885391547583102e-05,9.120492406882155,0.3212832977916673,89956,44,1.0,0.9995111111111112,1.0,1.0,8,1,python_sklearn_cpu,measured_onboard_sensor,jetson_ina3221_vdd_in,configs/experiments/tier_p_cicids2017.yaml,dda0d04b7b5243543b3b901e78c630c688728729dc345fa894703feadcf095ac,,,,0.0
CICIDS2017,cicids2017_friday_holdout_sample,2,extra_trees,a1_constrained_score_search,jetson_orin_nx_super_ina3221_20260608t140153z,0.5347648544331536,0.5786184696031751,0.5123673508740725,0.906848818231276,0.9893111111111113,0.0048809796528399,204876.9040489989,29.88141822814941,7.885391547583102e-05,8.413817319338708,0.3565327878480753,89038,962,1.0,0.9893111111111113,1.0,1.0,8,1,python_sklearn_cpu,measured_onboard_sensor,jetson_ina3221_vdd_in,configs/experiments/tier_p_cicids2017.yaml,1c850558226c77cd66dc1d6b24325d24a6c18a723efa2321e4ec284a6edd21ce,,,,0.0
CICIDS2017,cicids2017_friday_holdout_sample,3,extra_trees,a1_constrained_score_search,jetson_orin_nx_super_ina3221_20260608t140153z,0.4705998104148,0.5424987559758317,0.5076889003873659,0.9133437895879832,0.9901111111111112,0.0047882449939788,208844.78577380223,29.881361961364743,7.885391547583102e-05,9.13733592932958,0.3214717879960452,89110,890,1.0,0.9901111111111112,1.0,1.0,8,1,python_sklearn_cpu,measured_onboard_sensor,jetson_ina3221_vdd_in,configs/experiments/tier_p_cicids2017.yaml,f53ede00bdb7188e4b262fb87fee7ecc2bd99448d4434706334678781c0b9e6e,,,,0.0
CICIDS2017,cicids2017_friday_holdout_sample,4,extra_trees,a1_constrained_score_search,jetson_orin_nx_super_ina3221_20260608t140153z,0.4860929759063757,0.5508897086908626,0.508533065337858,0.9123103885900768,0.9892666666666666,0.0049188337093477,203300.2250309038,29.8814697265625,7.885391547583102e-05,8.970319973203255,0.3295402542779816,89034,966,1.0,0.9892666666666666,1.0,1.0,8,1,python_sklearn_cpu,measured_onboard_sensor,jetson_ina3221_vdd_in,configs/experiments/tier_p_cicids2017.yaml,83a33f689ce51881ad2773568a01cbe7d54d794e380216ddfc4c903bdf74fa46,,,,0.0
CICIDS2017,cicids2017_friday_holdout_sample,0,extra_trees,a4_split_shift,jetson_orin_nx_super_ina3221_20260608t140153z,0.5530229925779655,0.5896402941028356,0.5713316433404005,0.0,1.0,0.0049913433729024,200346.86562117032,29.881794929504395,7.885391547583102e-05,8.192256491901492,0.4044145279648524,90000,0,1.0,1.0,1.0,1.0,8,1,python_sklearn_cpu,measured_onboard_sensor,jetson_ina3221_vdd_in,configs/experiments/tier_p_cicids2017.yaml,c1a742e08c7ef81748b8a538e7a6a7d71046a45539e1067d3979fe7984cc55e1,day_holdout,train,test,0.0
CICIDS2017,cicids2017_friday_holdout_sample,1,extra_trees,a4_split_shift,jetson_orin_nx_super_ina3221_20260608t140153z,0.4722738253739957,0.5435015517330609,0.5078876885535284,0.0,1.0,0.004632851322175,215849.7932393209,29.88153839111328,7.885391547583102e-05,9.120492406882155,0.3224066224530916,90000,0,1.0,1.0,1.0,1.0,8,1,python_sklearn_cpu,measured_onboard_sensor,jetson_ina3221_vdd_in,configs/experiments/tier_p_cicids2017.yaml,dda0d04b7b5243543b3b901e78c630c688728729dc345fa894703feadcf095ac,day_holdout,train,test,0.0
CICIDS2017,cicids2017_friday_holdout_sample,2,extra_trees,a4_split_shift,jetson_orin_nx_super_ina3221_20260608t140153z,0.5347648544331536,0.5786184696031751,0.5566916620181643,0.0,1.0,0.0048809796528399,204876.9040489989,29.88141822814941,7.885391547583102e-05,8.413817319338708,0.385343590091735,90000,0,1.0,1.0,1.0,1.0,8,1,python_sklearn_cpu,measured_onboard_sensor,jetson_ina3221_vdd_in,configs/experiments/tier_p_cicids2017.yaml,1c850558226c77cd66dc1d6b24325d24a6c18a723efa2321e4ec284a6edd21ce,day_holdout,train,test,0.0
CICIDS2017,cicids2017_friday_holdout_sample,3,extra_trees,a4_split_shift,jetson_orin_nx_super_ina3221_20260608t140153z,0.4705998104148,0.5424987559758317,0.5065492831953159,0.0,1.0,0.0047882449939788,208844.78577380223,29.881361961364743,7.885391547583102e-05,9.13733592932958,0.3207310368212127,90000,0,1.0,1.0,1.0,1.0,8,1,python_sklearn_cpu,measured_onboard_sensor,jetson_ina3221_vdd_in,configs/experiments/tier_p_cicids2017.yaml,f53ede00bdb7188e4b262fb87fee7ecc2bd99448d4434706334678781c0b9e6e,day_holdout,train,test,0.0
CICIDS2017,cicids2017_friday_holdout_sample,4,extra_trees,a4_split_shift,jetson_orin_nx_super_ina3221_20260608t140153z,0.4860929759063757,0.5508897086908626,0.5184913422986192,0.0,1.0,0.0049188337093477,203300.2250309038,29.8814697265625,7.885391547583102e-05,8.970319973203255,0.3360131343024763,90000,0,1.0,1.0,1.0,1.0,8,1,python_sklearn_cpu,measured_onboard_sensor,jetson_ina3221_vdd_in,configs/experiments/tier_p_cicids2017.yaml,83a33f689ce51881ad2773568a01cbe7d54d794e380216ddfc4c903bdf74fa46,day_holdout,train,test,0.0
CICIDS2017,cicids2017_friday_holdout_sample,0,logistic_regression,a0_clean,jetson_orin_nx_super_ina3221_20260608t140153z,0.7274282786946626,0.7160162573763442,0.7217222680355034,0.0,1.0,0.0001518694786419,6584601.520609466,2.061878204345703,7.885391547583102e-05,5.141759695333572,0.6181549122379189,90000,0,1.0,1.0,1.0,1.0,8,1,python_sklearn_cpu,measured_onboard_sensor,jetson_ina3221_vdd_in,configs/experiments/tier_p_cicids2017.yaml,c1a742e08c7ef81748b8a538e7a6a7d71046a45539e1067d3979fe7984cc55e1,,,,0.0
CICIDS2017,cicids2017_friday_holdout_sample,1,logistic_regression,a0_clean,jetson_orin_nx_super_ina3221_20260608t140153z,0.7273470280897396,0.7159777618460519,0.7216623949678957,0.0,1.0,0.0001349959507125,7407629.597197426,2.061422348022461,7.885391547583102e-05,5.131768090403931,0.6182949466500327,90000,0,1.0,1.0,1.0,1.0,8,1,python_sklearn_cpu,measured_onboard_sensor,jetson_ina3221_vdd_in,configs/experiments/tier_p_cicids2017.yaml,dda0d04b7b5243543b3b901e78c630c688728729dc345fa894703feadcf095ac,,,,0.0
CICIDS2017,cicids2017_friday_holdout_sample,2,logistic_regression,a0_clean,jetson_orin_nx_super_ina3221_20260608t140153z,0.7260516634851397,0.7147841258798855,0.7204178946825126,0.0,1.0,0.0001824041176263,5482332.378308571,2.061370849609375,7.885391547583102e-05,5.158531963154705,0.6165150745986522,90000,0,1.0,1.0,1.0,1.0,8,1,python_sklearn_cpu,measured_onboard_sensor,jetson_ina3221_vdd_in,configs/experiments/tier_p_cicids2017.yaml,1c850558226c77cd66dc1d6b24325d24a6c18a723efa2321e4ec284a6edd21ce,,,,0.0
CICIDS2017,cicids2017_friday_holdout_sample,3,logistic_regression,a0_clean,jetson_orin_nx_super_ina3221_20260608t140153z,0.6255748718883148,0.6308182016677691,0.628196536778042,0.0,1.0,0.0001352037888783,7396242.430009074,2.061422348022461,7.885391547583102e-05,6.88603633785444,0.4897437230777984,90000,0,1.0,1.0,1.0,1.0,8,1,python_sklearn_cpu,measured_onboard_sensor,jetson_ina3221_vdd_in,configs/experiments/tier_p_cicids2017.yaml,f53ede00bdb7188e4b262fb87fee7ecc2bd99448d4434706334678781c0b9e6e,,,,0.0
CICIDS2017,cicids2017_friday_holdout_sample,4,logistic_regression,a0_clean,jetson_orin_nx_super_ina3221_20260608t140153z,0.7278448859357829,0.7164491973899585,0.7221470416628707,0.0,1.0,0.0001518640171788,6584838.321657768,2.061473846435547,7.885391547583102e-05,5.117842029749774,0.6190580748447904,90000,0,1.0,1.0,1.0,1.0,8,1,python_sklearn_cpu,measured_onboard_sensor,jetson_ina3221_vdd_in,configs/experiments/tier_p_cicids2017.yaml,83a33f689ce51881ad2773568a01cbe7d54d794e380216ddfc4c903bdf74fa46,,,,0.0
CICIDS2017,cicids2017_friday_holdout_sample,0,logistic_regression,a1_constrained_feature,jetson_orin_nx_super_ina3221_20260608t140153z,0.7274282786946626,0.7160162573763442,0.7018172112487819,0.5459636299330956,0.9994888888888888,0.0001518694786419,6584601.520609466,2.061878204345703,7.885391547583102e-05,5.141759695333572,0.6052166253265499,89954,46,1.0,0.9994888888888888,1.0,1.0,8,1,python_sklearn_cpu,measured_onboard_sensor,jetson_ina3221_vdd_in,configs/experiments/tier_p_cicids2017.yaml,c1a742e08c7ef81748b8a538e7a6a7d71046a45539e1067d3979fe7984cc55e1,,,,0.0
CICIDS2017,cicids2017_friday_holdout_sample,1,logistic_regression,a1_constrained_feature,jetson_orin_nx_super_ina3221_20260608t140153z,0.7273470280897396,0.7159777618460519,0.699970991261971,0.5482701715094006,0.9995111111111112,0.0001349959507125,7407629.597197426,2.061422348022461,7.885391547583102e-05,5.131768090403931,0.6041955342411817,89956,44,1.0,0.9995111111111112,1.0,1.0,8,1,python_sklearn_cpu,measured_onboard_sensor,jetson_ina3221_vdd_in,configs/experiments/tier_p_cicids2017.yaml,dda0d04b7b5243543b3b901e78c630c688728729dc345fa894703feadcf095ac,,,,0.0
CICIDS2017,cicids2017_friday_holdout_sample,2,logistic_regression,a1_constrained_feature,jetson_orin_nx_super_ina3221_20260608t140153z,0.7260516634851397,0.7147841258798855,0.6931175209676881,0.5635314030103367,0.9893111111111113,0.0001824041176263,5482332.378308571,2.061370849609375,7.885391547583102e-05,5.158531963154705,0.5987698316840162,89038,962,1.0,0.9893111111111113,1.0,1.0,8,1,python_sklearn_cpu,measured_onboard_sensor,jetson_ina3221_vdd_in,configs/experiments/tier_p_cicids2017.yaml,1c850558226c77cd66dc1d6b24325d24a6c18a723efa2321e4ec284a6edd21ce,,,,0.0
CICIDS2017,cicids2017_friday_holdout_sample,3,logistic_regression,a1_constrained_feature,jetson_orin_nx_super_ina3221_20260608t140153z,0.6255748718883148,0.6308182016677691,0.636016121216123,0.6716233335344152,0.9901111111111112,0.0001352037888783,7396242.430009074,2.061422348022461,7.885391547583102e-05,6.88603633785444,0.4948264529625511,89110,890,1.0,0.9901111111111112,1.0,1.0,8,1,python_sklearn_cpu,measured_onboard_sensor,jetson_ina3221_vdd_in,configs/experiments/tier_p_cicids2017.yaml,f53ede00bdb7188e4b262fb87fee7ecc2bd99448d4434706334678781c0b9e6e,,,,0.0
CICIDS2017,cicids2017_friday_holdout_sample,4,logistic_regression,a1_constrained_feature,jetson_orin_nx_super_ina3221_20260608t140153z,0.7278448859357829,0.7164491973899585,0.6987604583247323,0.552365987792349,0.9892666666666666,0.0001518640171788,6584838.321657768,2.061473846435547,7.885391547583102e-05,5.117842029749774,0.6038567956750004,89034,966,1.0,0.9892666666666666,1.0,1.0,8,1,python_sklearn_cpu,measured_onboard_sensor,jetson_ina3221_vdd_in,configs/experiments/tier_p_cicids2017.yaml,83a33f689ce51881ad2773568a01cbe7d54d794e380216ddfc4c903bdf74fa46,,,,0.0
CICIDS2017,cicids2017_friday_holdout_sample,0,logistic_regression,a1_constrained_score_search,jetson_orin_nx_super_ina3221_20260608t140153z,0.7274282786946626,0.7160162573763442,0.651831427440936,0.637507736744378,0.9994888888888888,0.0001518694786419,6584601.520609466,2.061878204345703,7.885391547583102e-05,5.141759695333572,0.57272586585145,89954,46,1.0,0.9994888888888888,1.0,1.0,8,1,python_sklearn_cpu,measured_onboard_sensor,jetson_ina3221_vdd_in,configs/experiments/tier_p_cicids2017.yaml,c1a742e08c7ef81748b8a538e7a6a7d71046a45539e1067d3979fe7984cc55e1,,,,0.0
CICIDS2017,cicids2017_friday_holdout_sample,1,logistic_regression,a1_constrained_score_search,jetson_orin_nx_super_ina3221_20260608t140153z,0.7273470280897396,0.7159777618460519,0.6492050950632406,0.6411268933812695,0.9995111111111112,0.0001349959507125,7407629.597197426,2.061422348022461,7.885391547583102e-05,5.131768090403931,0.5711977017120069,89956,44,1.0,0.9995111111111112,1.0,1.0,8,1,python_sklearn_cpu,measured_onboard_sensor,jetson_ina3221_vdd_in,configs/experiments/tier_p_cicids2017.yaml,dda0d04b7b5243543b3b901e78c630c688728729dc345fa894703feadcf095ac,,,,0.0
CICIDS2017,cicids2017_friday_holdout_sample,2,logistic_regression,a1_constrained_score_search,jetson_orin_nx_super_ina3221_20260608t140153z,0.7260516634851397,0.7147841258798855,0.6390498043769224,0.6616091398174454,0.9893111111111113,0.0001824041176263,5482332.378308571,2.061370849609375,7.885391547583102e-05,5.158531963154705,0.5636258159000186,89038,962,1.0,0.9893111111111113,1.0,1.0,8,1,python_sklearn_cpu,measured_onboard_sensor,jetson_ina3221_vdd_in,configs/experiments/tier_p_cicids2017.yaml,1c850558226c77cd66dc1d6b24325d24a6c18a723efa2321e4ec284a6edd21ce,,,,0.0
CICIDS2017,cicids2017_friday_holdout_sample,3,logistic_regression,a1_constrained_score_search,jetson_orin_nx_super_ina3221_20260608t140153z,0.6255748718883148,0.6308182016677691,0.6188339557248559,0.7013934970139349,0.9901111111111112,0.0001352037888783,7396242.430009074,2.061422348022461,7.885391547583102e-05,6.88603633785444,0.4836580453932274,89110,890,1.0,0.9901111111111112,1.0,1.0,8,1,python_sklearn_cpu,measured_onboard_sensor,jetson_ina3221_vdd_in,configs/experiments/tier_p_cicids2017.yaml,f53ede00bdb7188e4b262fb87fee7ecc2bd99448d4434706334678781c0b9e6e,,,,0.0
CICIDS2017,cicids2017_friday_holdout_sample,4,logistic_regression,a1_constrained_score_search,jetson_orin_nx_super_ina3221_20260608t140153z,0.7278448859357829,0.7164491973899585,0.6489529478165686,0.6434701154287786,0.9892666666666666,0.0001518640171788,6584838.321657768,2.061473846435547,7.885391547583102e-05,5.117842029749774,0.571481913844694,89034,966,1.0,0.9892666666666666,1.0,1.0,8,1,python_sklearn_cpu,measured_onboard_sensor,jetson_ina3221_vdd_in,configs/experiments/tier_p_cicids2017.yaml,83a33f689ce51881ad2773568a01cbe7d54d794e380216ddfc4c903bdf74fa46,,,,0.0
CICIDS2017,cicids2017_friday_holdout_sample,0,logistic_regression,a4_split_shift,jetson_orin_nx_super_ina3221_20260608t140153z,0.7274282786946626,0.7160162573763442,0.7217222680355034,0.0,1.0,0.0001518694786419,6584601.520609466,2.061878204345703,7.885391547583102e-05,5.141759695333572,0.6181549122379189,90000,0,1.0,1.0,1.0,1.0,8,1,python_sklearn_cpu,measured_onboard_sensor,jetson_ina3221_vdd_in,configs/experiments/tier_p_cicids2017.yaml,c1a742e08c7ef81748b8a538e7a6a7d71046a45539e1067d3979fe7984cc55e1,day_holdout,train,test,0.0
CICIDS2017,cicids2017_friday_holdout_sample,1,logistic_regression,a4_split_shift,jetson_orin_nx_super_ina3221_20260608t140153z,0.7273470280897396,0.7159777618460519,0.7216623949678957,0.0,1.0,0.0001349959507125,7407629.597197426,2.061422348022461,7.885391547583102e-05,5.131768090403931,0.6182949466500327,90000,0,1.0,1.0,1.0,1.0,8,1,python_sklearn_cpu,measured_onboard_sensor,jetson_ina3221_vdd_in,configs/experiments/tier_p_cicids2017.yaml,dda0d04b7b5243543b3b901e78c630c688728729dc345fa894703feadcf095ac,day_holdout,train,test,0.0
CICIDS2017,cicids2017_friday_holdout_sample,2,logistic_regression,a4_split_shift,jetson_orin_nx_super_ina3221_20260608t140153z,0.7260516634851397,0.7147841258798855,0.7204178946825126,0.0,1.0,0.0001824041176263,5482332.378308571,2.061370849609375,7.885391547583102e-05,5.158531963154705,0.6165150745986522,90000,0,1.0,1.0,1.0,1.0,8,1,python_sklearn_cpu,measured_onboard_sensor,jetson_ina3221_vdd_in,configs/experiments/tier_p_cicids2017.yaml,1c850558226c77cd66dc1d6b24325d24a6c18a723efa2321e4ec284a6edd21ce,day_holdout,train,test,0.0
CICIDS2017,cicids2017_friday_holdout_sample,3,logistic_regression,a4_split_shift,jetson_orin_nx_super_ina3221_20260608t140153z,0.6255748718883148,0.6308182016677691,0.628196536778042,0.0,1.0,0.0001352037888783,7396242.430009074,2.061422348022461,7.885391547583102e-05,6.88603633785444,0.4897437230777984,90000,0,1.0,1.0,1.0,1.0,8,1,python_sklearn_cpu,measured_onboard_sensor,jetson_ina3221_vdd_in,configs/experiments/tier_p_cicids2017.yaml,f53ede00bdb7188e4b262fb87fee7ecc2bd99448d4434706334678781c0b9e6e,day_holdout,train,test,0.0
CICIDS2017,cicids2017_friday_holdout_sample,4,logistic_regression,a4_split_shift,jetson_orin_nx_super_ina3221_20260608t140153z,0.7278448859357829,0.7164491973899585,0.7221470416628707,0.0,1.0,0.0001518640171788,6584838.321657768,2.061473846435547,7.885391547583102e-05,5.117842029749774,0.6190580748447904,90000,0,1.0,1.0,1.0,1.0,8,1,python_sklearn_cpu,measured_onboard_sensor,jetson_ina3221_vdd_in,configs/experiments/tier_p_cicids2017.yaml,83a33f689ce51881ad2773568a01cbe7d54d794e380216ddfc4c903bdf74fa46,day_holdout,train,test,0.0
CICIDS2017,cicids2017_friday_holdout_sample,0,random_forest,a0_clean,jetson_orin_nx_super_ina3221_20260608t140153z,0.6553029042209461,0.65870387912015,0.657003391670548,0.0,1.0,0.0033542607699604,298128.2817828672,29.884331703186035,7.885391547583102e-05,6.820461350011827,0.517525389366915,90000,0,1.0,1.0,1.0,1.0,8,1,python_sklearn_cpu,measured_onboard_sensor,jetson_ina3221_vdd_in,configs/experiments/tier_p_cicids2017.yaml,c1a742e08c7ef81748b8a538e7a6a7d71046a45539e1067d3979fe7984cc55e1,,,,0.0
CICIDS2017,cicids2017_friday_holdout_sample,1,random_forest,a0_clean,jetson_orin_nx_super_ina3221_20260608t140153z,0.4675089613318325,0.5411852102486,0.5043470857902163,0.0,1.0,0.0031870758671559,313767.2404681023,29.881361961364743,7.885391547583102e-05,9.17308340233084,0.3178172273222169,90000,0,1.0,1.0,1.0,1.0,8,1,python_sklearn_cpu,measured_onboard_sensor,jetson_ina3221_vdd_in,configs/experiments/tier_p_cicids2017.yaml,dda0d04b7b5243543b3b901e78c630c688728729dc345fa894703feadcf095ac,,,,0.0
CICIDS2017,cicids2017_friday_holdout_sample,2,random_forest,a0_clean,jetson_orin_nx_super_ina3221_20260608t140153z,0.6532762282491665,0.6572296478190143,0.6552529380340903,0.0,1.0,0.0032084795410305,311674.108315747,29.881361961364743,7.885391547583102e-05,6.851230933113407,0.5151600843345804,90000,0,1.0,1.0,1.0,1.0,8,1,python_sklearn_cpu,measured_onboard_sensor,jetson_ina3221_vdd_in,configs/experiments/tier_p_cicids2017.yaml,1c850558226c77cd66dc1d6b24325d24a6c18a723efa2321e4ec284a6edd21ce,,,,0.0
CICIDS2017,cicids2017_friday_holdout_sample,3,random_forest,a0_clean,jetson_orin_nx_super_ina3221_20260608t140153z,0.4755864050189197,0.5454924230779429,0.5105394140484313,0.0,1.0,0.0030758301010872,325115.48659547546,29.88141822814941,7.885391547583102e-05,9.08709976537884,0.325729455733494,90000,0,1.0,1.0,1.0,1.0,8,1,python_sklearn_cpu,measured_onboard_sensor,jetson_ina3221_vdd_in,configs/experiments/tier_p_cicids2017.yaml,f53ede00bdb7188e4b262fb87fee7ecc2bd99448d4434706334678781c0b9e6e,,,,0.0
CICIDS2017,cicids2017_friday_holdout_sample,4,random_forest,a0_clean,jetson_orin_nx_super_ina3221_20260608t140153z,0.5828508868419295,0.60872134826491,0.5957861175534198,0.0,1.0,0.0032797482577249,304901.450178272,29.88141822814941,7.885391547583102e-05,7.82236064200464,0.4362705166386614,90000,0,1.0,1.0,1.0,1.0,8,1,python_sklearn_cpu,measured_onboard_sensor,jetson_ina3221_vdd_in,configs/experiments/tier_p_cicids2017.yaml,83a33f689ce51881ad2773568a01cbe7d54d794e380216ddfc4c903bdf74fa46,,,,0.0
CICIDS2017,cicids2017_friday_holdout_sample,0,random_forest,a1_constrained_feature,jetson_orin_nx_super_ina3221_20260608t140153z,0.6553029042209461,0.65870387912015,0.6562743192871807,0.6832797901500192,0.9994888888888888,0.0033542607699604,298128.2817828672,29.884331703186035,7.885391547583102e-05,6.820461350011827,0.5170514923177263,89954,46,1.0,0.9994888888888888,1.0,1.0,8,1,python_sklearn_cpu,measured_onboard_sensor,jetson_ina3221_vdd_in,configs/experiments/tier_p_cicids2017.yaml,c1a742e08c7ef81748b8a538e7a6a7d71046a45539e1067d3979fe7984cc55e1,,,,0.0
CICIDS2017,cicids2017_friday_holdout_sample,1,random_forest,a1_constrained_feature,jetson_orin_nx_super_ina3221_20260608t140153z,0.4675089613318325,0.5411852102486,0.4494322639235799,0.9902752401720988,0.9995111111111112,0.0031870758671559,313767.2404681023,29.881361961364743,7.885391547583102e-05,9.17308340233084,0.2821225931089033,89956,44,1.0,0.9995111111111112,1.0,1.0,8,1,python_sklearn_cpu,measured_onboard_sensor,jetson_ina3221_vdd_in,configs/experiments/tier_p_cicids2017.yaml,dda0d04b7b5243543b3b901e78c630c688728729dc345fa894703feadcf095ac,,,,0.0
CICIDS2017,cicids2017_friday_holdout_sample,2,random_forest,a1_constrained_feature,jetson_orin_nx_super_ina3221_20260608t140153z,0.6532762282491665,0.6572296478190143,0.5861584834215847,0.7986459529710451,0.9893111111111113,0.0032084795410305,311674.108315747,29.881361961364743,7.885391547583102e-05,6.851230933113407,0.4702486888364517,89038,962,1.0,0.9893111111111113,1.0,1.0,8,1,python_sklearn_cpu,measured_onboard_sensor,jetson_ina3221_vdd_in,configs/experiments/tier_p_cicids2017.yaml,1c850558226c77cd66dc1d6b24325d24a6c18a723efa2321e4ec284a6edd21ce,,,,0.0
CICIDS2017,cicids2017_friday_holdout_sample,3,random_forest,a1_constrained_feature,jetson_orin_nx_super_ina3221_20260608t140153z,0.4755864050189197,0.5454924230779429,0.4552113450673593,0.984134644386801,0.9901111111111112,0.0030758301010872,325115.48659547546,29.88141822814941,7.885391547583102e-05,9.08709976537884,0.2897662108957974,89110,890,1.0,0.9901111111111112,1.0,1.0,8,1,python_sklearn_cpu,measured_onboard_sensor,jetson_ina3221_vdd_in,configs/experiments/tier_p_cicids2017.yaml,f53ede00bdb7188e4b262fb87fee7ecc2bd99448d4434706334678781c0b9e6e,,,,0.0
CICIDS2017,cicids2017_friday_holdout_sample,4,random_forest,a1_constrained_feature,jetson_orin_nx_super_ina3221_20260608t140153z,0.5828508868419295,0.60872134826491,0.507015611250537,0.9149996978304225,0.9892666666666666,0.0032797482577249,304901.450178272,29.88141822814941,7.885391547583102e-05,7.82236064200464,0.3785696875417875,89034,966,1.0,0.9892666666666666,1.0,1.0,8,1,python_sklearn_cpu,measured_onboard_sensor,jetson_ina3221_vdd_in,configs/experiments/tier_p_cicids2017.yaml,83a33f689ce51881ad2773568a01cbe7d54d794e380216ddfc4c903bdf74fa46,,,,0.0
CICIDS2017,cicids2017_friday_holdout_sample,0,random_forest,a1_constrained_score_search,jetson_orin_nx_super_ina3221_20260608t140153z,0.6553029042209461,0.65870387912015,0.6560481494169154,0.6836629432049279,0.9994888888888888,0.0033542607699604,298128.2817828672,29.884331703186035,7.885391547583102e-05,6.820461350011827,0.5169044819020538,89954,46,1.0,0.9994888888888888,1.0,1.0,8,1,python_sklearn_cpu,measured_onboard_sensor,jetson_ina3221_vdd_in,configs/experiments/tier_p_cicids2017.yaml,c1a742e08c7ef81748b8a538e7a6a7d71046a45539e1067d3979fe7984cc55e1,,,,0.0
CICIDS2017,cicids2017_friday_holdout_sample,1,random_forest,a1_constrained_score_search,jetson_orin_nx_super_ina3221_20260608t140153z,0.4675089613318325,0.5411852102486,0.4419408404239579,0.9997642482465964,0.9995111111111112,0.0031870758671559,313767.2404681023,29.881361961364743,7.885391547583102e-05,9.17308340233084,0.277253167834149,89956,44,1.0,0.9995111111111112,1.0,1.0,8,1,python_sklearn_cpu,measured_onboard_sensor,jetson_ina3221_vdd_in,configs/experiments/tier_p_cicids2017.yaml,dda0d04b7b5243543b3b901e78c630c688728729dc345fa894703feadcf095ac,,,,0.0
CICIDS2017,cicids2017_friday_holdout_sample,2,random_forest,a1_constrained_score_search,jetson_orin_nx_super_ina3221_20260608t140153z,0.6532762282491665,0.6572296478190143,0.5167939440196209,0.9012875536480688,0.9893111111111113,0.0032084795410305,311674.108315747,29.881361961364743,7.885391547583102e-05,6.851230933113407,0.4251617382251752,89038,962,1.0,0.9893111111111113,1.0,1.0,8,1,python_sklearn_cpu,measured_onboard_sensor,jetson_ina3221_vdd_in,configs/experiments/tier_p_cicids2017.yaml,1c850558226c77cd66dc1d6b24325d24a6c18a723efa2321e4ec284a6edd21ce,,,,0.0
CICIDS2017,cicids2017_friday_holdout_sample,3,random_forest,a1_constrained_score_search,jetson_orin_nx_super_ina3221_20260608t140153z,0.4755864050189197,0.5454924230779429,0.4432174884197475,0.999396754539422,0.9901111111111112,0.0030758301010872,325115.48659547546,29.88141822814941,7.885391547583102e-05,9.08709976537884,0.2819702040748497,89110,890,1.0,0.9901111111111112,1.0,1.0,8,1,python_sklearn_cpu,measured_onboard_sensor,jetson_ina3221_vdd_in,configs/experiments/tier_p_cicids2017.yaml,f53ede00bdb7188e4b262fb87fee7ecc2bd99448d4434706334678781c0b9e6e,,,,0.0
CICIDS2017,cicids2017_friday_holdout_sample,4,random_forest,a1_constrained_score_search,jetson_orin_nx_super_ina3221_20260608t140153z,0.5828508868419295,0.60872134826491,0.486263026086195,0.9433734211639572,0.9892666666666666,0.0032797482577249,304901.450178272,29.88141822814941,7.885391547583102e-05,7.82236064200464,0.3650805071849653,89034,966,1.0,0.9892666666666666,1.0,1.0,8,1,python_sklearn_cpu,measured_onboard_sensor,jetson_ina3221_vdd_in,configs/experiments/tier_p_cicids2017.yaml,83a33f689ce51881ad2773568a01cbe7d54d794e380216ddfc4c903bdf74fa46,,,,0.0
CICIDS2017,cicids2017_friday_holdout_sample,0,random_forest,a4_split_shift,jetson_orin_nx_super_ina3221_20260608t140153z,0.6553029042209461,0.65870387912015,0.657003391670548,0.0,1.0,0.0033542607699604,298128.2817828672,29.884331703186035,7.885391547583102e-05,6.820461350011827,0.517525389366915,90000,0,1.0,1.0,1.0,1.0,8,1,python_sklearn_cpu,measured_onboard_sensor,jetson_ina3221_vdd_in,configs/experiments/tier_p_cicids2017.yaml,c1a742e08c7ef81748b8a538e7a6a7d71046a45539e1067d3979fe7984cc55e1,day_holdout,train,test,0.0
CICIDS2017,cicids2017_friday_holdout_sample,1,random_forest,a4_split_shift,jetson_orin_nx_super_ina3221_20260608t140153z,0.4675089613318325,0.5411852102486,0.5043470857902163,0.0,1.0,0.0031870758671559,313767.2404681023,29.881361961364743,7.885391547583102e-05,9.17308340233084,0.3178172273222169,90000,0,1.0,1.0,1.0,1.0,8,1,python_sklearn_cpu,measured_onboard_sensor,jetson_ina3221_vdd_in,configs/experiments/tier_p_cicids2017.yaml,dda0d04b7b5243543b3b901e78c630c688728729dc345fa894703feadcf095ac,day_holdout,train,test,0.0
CICIDS2017,cicids2017_friday_holdout_sample,2,random_forest,a4_split_shift,jetson_orin_nx_super_ina3221_20260608t140153z,0.6532762282491665,0.6572296478190143,0.6552529380340903,0.0,1.0,0.0032084795410305,311674.108315747,29.881361961364743,7.885391547583102e-05,6.851230933113407,0.5151600843345804,90000,0,1.0,1.0,1.0,1.0,8,1,python_sklearn_cpu,measured_onboard_sensor,jetson_ina3221_vdd_in,configs/experiments/tier_p_cicids2017.yaml,1c850558226c77cd66dc1d6b24325d24a6c18a723efa2321e4ec284a6edd21ce,day_holdout,train,test,0.0
CICIDS2017,cicids2017_friday_holdout_sample,3,random_forest,a4_split_shift,jetson_orin_nx_super_ina3221_20260608t140153z,0.4755864050189197,0.5454924230779429,0.5105394140484313,0.0,1.0,0.0030758301010872,325115.48659547546,29.88141822814941,7.885391547583102e-05,9.08709976537884,0.325729455733494,90000,0,1.0,1.0,1.0,1.0,8,1,python_sklearn_cpu,measured_onboard_sensor,jetson_ina3221_vdd_in,configs/experiments/tier_p_cicids2017.yaml,f53ede00bdb7188e4b262fb87fee7ecc2bd99448d4434706334678781c0b9e6e,day_holdout,train,test,0.0
CICIDS2017,cicids2017_friday_holdout_sample,4,random_forest,a4_split_shift,jetson_orin_nx_super_ina3221_20260608t140153z,0.5828508868419295,0.60872134826491,0.5957861175534198,0.0,1.0,0.0032797482577249,304901.450178272,29.88141822814941,7.885391547583102e-05,7.82236064200464,0.4362705166386614,90000,0,1.0,1.0,1.0,1.0,8,1,python_sklearn_cpu,measured_onboard_sensor,jetson_ina3221_vdd_in,configs/experiments/tier_p_cicids2017.yaml,83a33f689ce51881ad2773568a01cbe7d54d794e380216ddfc4c903bdf74fa46,day_holdout,train,test,0.0
CSE-CIC-IDS2018,cse_cic_ids2018_friday_holdout_sample,0,extra_trees,a0_clean,jetson_orin_nx_super_ina3221_20260608t140153z,0.45191443650247,0.4853379671771257,0.4686262018397978,0.0,1.0,0.0125069593198713,79955.48513627719,1.6721038818359375,7.885391547583102e-05,9.505255742664383,0.2777975754343249,5000,0,1.0,1.0,1.0,1.0,8,1,python_sklearn_cpu,measured_onboard_sensor,jetson_ina3221_vdd_in,configs/experiments/tier_p_cse_cic_ids2018.yaml,ac9d32e282a9c3432aebab298bf6bff33d6f69fdcbbc0b4fb8c8bd38eda40211,,,,0.0
CSE-CIC-IDS2018,cse_cic_ids2018_friday_holdout_sample,1,extra_trees,a0_clean,jetson_orin_nx_super_ina3221_20260608t140153z,0.5252553514493409,0.5359824412892951,0.5306188963693179,0.0,1.0,0.0120070153239066,83284.64427033265,1.6719036102294922,7.885391547583102e-05,8.511998808798113,0.3596564675159251,5000,0,1.0,1.0,1.0,1.0,8,1,python_sklearn_cpu,measured_onboard_sensor,jetson_ina3221_vdd_in,configs/experiments/tier_p_cse_cic_ids2018.yaml,d9c7ca30a503ba8288470331771f2a99b1f27ef8edba15973a9e1b648179b93c,,,,0.0
CSE-CIC-IDS2018,cse_cic_ids2018_friday_holdout_sample,2,extra_trees,a0_clean,jetson_orin_nx_super_ina3221_20260608t140153z,0.6947089735698103,0.6785415083541598,0.6866252409619851,0.0,1.0,0.0117644214798929,85002.05485744824,1.671783447265625,7.885391547583102e-05,5.615037306108995,0.5736025580213554,5000,0,1.0,1.0,1.0,1.0,8,1,python_sklearn_cpu,measured_onboard_sensor,jetson_ina3221_vdd_in,configs/experiments/tier_p_cse_cic_ids2018.yaml,e435497dc37450bf3b309c0cf0ffe11c1afb5225ef97b06c37e9594e0586c523,,,,0.0
CSE-CIC-IDS2018,cse_cic_ids2018_friday_holdout_sample,3,extra_trees,a0_clean,jetson_orin_nx_super_ina3221_20260608t140153z,0.5625815239802827,0.56347122393197,0.5630263739561263,0.0,1.0,0.0121485281788045,82314.49812535253,1.671727180480957,7.885391547583102e-05,7.750898461226969,0.4072856729140764,5000,0,1.0,1.0,1.0,1.0,8,1,python_sklearn_cpu,measured_onboard_sensor,jetson_ina3221_vdd_in,configs/experiments/tier_p_cse_cic_ids2018.yaml,3d851933585ac3376804487dd04ae549fe64a409812413cddd52659839f64624,,,,0.0
CSE-CIC-IDS2018,cse_cic_ids2018_friday_holdout_sample,4,extra_trees,a0_clean,jetson_orin_nx_super_ina3221_20260608t140153z,0.7306788604341763,0.7160274252569293,0.7233531428455529,0.0,1.0,0.0117113945522578,85386.92770855455,1.671727180480957,7.885391547583102e-05,4.82830017907194,0.6260653178548985,5000,0,1.0,1.0,1.0,1.0,8,1,python_sklearn_cpu,measured_onboard_sensor,jetson_ina3221_vdd_in,configs/experiments/tier_p_cse_cic_ids2018.yaml,e83f0063d2ede8d890fde48d8b13f3f5b25c3ac866caacd0310503c117dc92d4,,,,0.0
CSE-CIC-IDS2018,cse_cic_ids2018_friday_holdout_sample,0,extra_trees,a1_constrained_feature,jetson_orin_nx_super_ina3221_20260608t140153z,0.45191443650247,0.4853379671771257,0.4615294004129195,0.9526029526029526,0.9988,0.0125069593198713,79955.48513627719,1.6721038818359375,7.885391547583102e-05,9.505255742664383,0.273184654506854,4994,6,1.0,0.9988,1.0,1.0,8,1,python_sklearn_cpu,measured_onboard_sensor,jetson_ina3221_vdd_in,configs/experiments/tier_p_cse_cic_ids2018.yaml,ac9d32e282a9c3432aebab298bf6bff33d6f69fdcbbc0b4fb8c8bd38eda40211,,,,0.0
CSE-CIC-IDS2018,cse_cic_ids2018_friday_holdout_sample,1,extra_trees,a1_constrained_feature,jetson_orin_nx_super_ina3221_20260608t140153z,0.5252553514493409,0.5359824412892951,0.5078603056942862,0.8797276853252648,0.9982,0.0120070153239066,83284.64427033265,1.6719036102294922,7.885391547583102e-05,8.511998808798113,0.3448633835771544,4991,9,1.0,0.9982,1.0,1.0,8,1,python_sklearn_cpu,measured_onboard_sensor,jetson_ina3221_vdd_in,configs/experiments/tier_p_cse_cic_ids2018.yaml,d9c7ca30a503ba8288470331771f2a99b1f27ef8edba15973a9e1b648179b93c,,,,0.0
CSE-CIC-IDS2018,cse_cic_ids2018_friday_holdout_sample,2,extra_trees,a1_constrained_feature,jetson_orin_nx_super_ina3221_20260608t140153z,0.6947089735698103,0.6785415083541598,0.6614026258699229,0.6020558002936858,0.9978,0.0117644214798929,85002.05485744824,1.671783447265625,7.885391547583102e-05,5.615037306108995,0.5572078582115151,4989,11,1.0,0.9978,1.0,1.0,8,1,python_sklearn_cpu,measured_onboard_sensor,jetson_ina3221_vdd_in,configs/experiments/tier_p_cse_cic_ids2018.yaml,e435497dc37450bf3b309c0cf0ffe11c1afb5225ef97b06c37e9594e0586c523,,,,0.0
CSE-CIC-IDS2018,cse_cic_ids2018_friday_holdout_sample,3,extra_trees,a1_constrained_feature,jetson_orin_nx_super_ina3221_20260608t140153z,0.5625815239802827,0.56347122393197,0.6686916722394097,0.5660511363636364,0.9976,0.0121485281788045,82314.49812535253,1.671727180480957,7.885391547583102e-05,7.750898461226969,0.4759681167982107,4988,12,1.0,0.9976,1.0,1.0,8,1,python_sklearn_cpu,measured_onboard_sensor,jetson_ina3221_vdd_in,configs/experiments/tier_p_cse_cic_ids2018.yaml,3d851933585ac3376804487dd04ae549fe64a409812413cddd52659839f64624,,,,0.0
CSE-CIC-IDS2018,cse_cic_ids2018_friday_holdout_sample,4,extra_trees,a1_constrained_feature,jetson_orin_nx_super_ina3221_20260608t140153z,0.7306788604341763,0.7160274252569293,0.7242225411984813,0.4722427831236121,0.9974,0.0117113945522578,85386.92770855455,1.671727180480957,7.885391547583102e-05,4.82830017907194,0.6266304267843019,4987,13,1.0,0.9974,1.0,1.0,8,1,python_sklearn_cpu,measured_onboard_sensor,jetson_ina3221_vdd_in,configs/experiments/tier_p_cse_cic_ids2018.yaml,e83f0063d2ede8d890fde48d8b13f3f5b25c3ac866caacd0310503c117dc92d4,,,,0.0
CSE-CIC-IDS2018,cse_cic_ids2018_friday_holdout_sample,0,extra_trees,a1_constrained_score_search,jetson_orin_nx_super_ina3221_20260608t140153z,0.45191443650247,0.4853379671771257,0.4373309010257383,0.9891219891219892,0.9988,0.0125069593198713,79955.48513627719,1.6721038818359375,7.885391547583102e-05,9.505255742664383,0.2574556299051861,4994,6,1.0,0.9988,1.0,1.0,8,1,python_sklearn_cpu,measured_onboard_sensor,jetson_ina3221_vdd_in,configs/experiments/tier_p_cse_cic_ids2018.yaml,ac9d32e282a9c3432aebab298bf6bff33d6f69fdcbbc0b4fb8c8bd38eda40211,,,,0.0
CSE-CIC-IDS2018,cse_cic_ids2018_friday_holdout_sample,1,extra_trees,a1_constrained_score_search,jetson_orin_nx_super_ina3221_20260608t140153z,0.5252553514493409,0.5359824412892951,0.4525833341801728,0.9659606656580938,0.9982,0.0120070153239066,83284.64427033265,1.6719036102294922,7.885391547583102e-05,8.511998808798113,0.3089333520929809,4991,9,1.0,0.9982,1.0,1.0,8,1,python_sklearn_cpu,measured_onboard_sensor,jetson_ina3221_vdd_in,configs/experiments/tier_p_cse_cic_ids2018.yaml,d9c7ca30a503ba8288470331771f2a99b1f27ef8edba15973a9e1b648179b93c,,,,0.0
CSE-CIC-IDS2018,cse_cic_ids2018_friday_holdout_sample,2,extra_trees,a1_constrained_score_search,jetson_orin_nx_super_ina3221_20260608t140153z,0.6947089735698103,0.6785415083541598,0.5890735551698971,0.7364170337738619,0.9978,0.0117644214798929,85002.05485744824,1.671783447265625,7.885391547583102e-05,5.615037306108995,0.5101939622564983,4989,11,1.0,0.9978,1.0,1.0,8,1,python_sklearn_cpu,measured_onboard_sensor,jetson_ina3221_vdd_in,configs/experiments/tier_p_cse_cic_ids2018.yaml,e435497dc37450bf3b309c0cf0ffe11c1afb5225ef97b06c37e9594e0586c523,,,,0.0
CSE-CIC-IDS2018,cse_cic_ids2018_friday_holdout_sample,3,extra_trees,a1_constrained_score_search,jetson_orin_nx_super_ina3221_20260608t140153z,0.5625815239802827,0.56347122393197,0.496489851188018,0.8771306818181818,0.9976,0.0121485281788045,82314.49812535253,1.671727180480957,7.885391547583102e-05,7.750898461226969,0.3640369331148061,4988,12,1.0,0.9976,1.0,1.0,8,1,python_sklearn_cpu,measured_onboard_sensor,jetson_ina3221_vdd_in,configs/experiments/tier_p_cse_cic_ids2018.yaml,3d851933585ac3376804487dd04ae549fe64a409812413cddd52659839f64624,,,,0.0
CSE-CIC-IDS2018,cse_cic_ids2018_friday_holdout_sample,4,extra_trees,a1_constrained_score_search,jetson_orin_nx_super_ina3221_20260608t140153z,0.7306788604341763,0.7160274252569293,0.6876225109112142,0.5462620281273131,0.9974,0.0117113945522578,85386.92770855455,1.671727180480957,7.885391547583102e-05,4.82830017907194,0.6028404070975784,4987,13,1.0,0.9974,1.0,1.0,8,1,python_sklearn_cpu,measured_onboard_sensor,jetson_ina3221_vdd_in,configs/experiments/tier_p_cse_cic_ids2018.yaml,e83f0063d2ede8d890fde48d8b13f3f5b25c3ac866caacd0310503c117dc92d4,,,,0.0
CSE-CIC-IDS2018,cse_cic_ids2018_friday_holdout_sample,0,extra_trees,a4_split_shift,jetson_orin_nx_super_ina3221_20260608t140153z,0.45191443650247,0.4853379671771257,0.4686262018397978,0.0,1.0,0.0125069593198713,79955.48513627719,1.6721038818359375,7.885391547583102e-05,9.505255742664383,0.2777975754343249,5000,0,1.0,1.0,1.0,1.0,8,1,python_sklearn_cpu,measured_onboard_sensor,jetson_ina3221_vdd_in,configs/experiments/tier_p_cse_cic_ids2018.yaml,ac9d32e282a9c3432aebab298bf6bff33d6f69fdcbbc0b4fb8c8bd38eda40211,date_holdout,train,test,0.0
CSE-CIC-IDS2018,cse_cic_ids2018_friday_holdout_sample,1,extra_trees,a4_split_shift,jetson_orin_nx_super_ina3221_20260608t140153z,0.5252553514493409,0.5359824412892951,0.5306188963693179,0.0,1.0,0.0120070153239066,83284.64427033265,1.6719036102294922,7.885391547583102e-05,8.511998808798113,0.3596564675159251,5000,0,1.0,1.0,1.0,1.0,8,1,python_sklearn_cpu,measured_onboard_sensor,jetson_ina3221_vdd_in,configs/experiments/tier_p_cse_cic_ids2018.yaml,d9c7ca30a503ba8288470331771f2a99b1f27ef8edba15973a9e1b648179b93c,date_holdout,train,test,0.0
CSE-CIC-IDS2018,cse_cic_ids2018_friday_holdout_sample,2,extra_trees,a4_split_shift,jetson_orin_nx_super_ina3221_20260608t140153z,0.6947089735698103,0.6785415083541598,0.6866252409619851,0.0,1.0,0.0117644214798929,85002.05485744824,1.671783447265625,7.885391547583102e-05,5.615037306108995,0.5736025580213554,5000,0,1.0,1.0,1.0,1.0,8,1,python_sklearn_cpu,measured_onboard_sensor,jetson_ina3221_vdd_in,configs/experiments/tier_p_cse_cic_ids2018.yaml,e435497dc37450bf3b309c0cf0ffe11c1afb5225ef97b06c37e9594e0586c523,date_holdout,train,test,0.0
CSE-CIC-IDS2018,cse_cic_ids2018_friday_holdout_sample,3,extra_trees,a4_split_shift,jetson_orin_nx_super_ina3221_20260608t140153z,0.5625815239802827,0.56347122393197,0.5630263739561263,0.0,1.0,0.0121485281788045,82314.49812535253,1.671727180480957,7.885391547583102e-05,7.750898461226969,0.4072856729140764,5000,0,1.0,1.0,1.0,1.0,8,1,python_sklearn_cpu,measured_onboard_sensor,jetson_ina3221_vdd_in,configs/experiments/tier_p_cse_cic_ids2018.yaml,3d851933585ac3376804487dd04ae549fe64a409812413cddd52659839f64624,date_holdout,train,test,0.0
CSE-CIC-IDS2018,cse_cic_ids2018_friday_holdout_sample,4,extra_trees,a4_split_shift,jetson_orin_nx_super_ina3221_20260608t140153z,0.7306788604341763,0.7160274252569293,0.7233531428455529,0.0,1.0,0.0117113945522578,85386.92770855455,1.671727180480957,7.885391547583102e-05,4.82830017907194,0.6260653178548985,5000,0,1.0,1.0,1.0,1.0,8,1,python_sklearn_cpu,measured_onboard_sensor,jetson_ina3221_vdd_in,configs/experiments/tier_p_cse_cic_ids2018.yaml,e83f0063d2ede8d890fde48d8b13f3f5b25c3ac866caacd0310503c117dc92d4,date_holdout,train,test,0.0
CSE-CIC-IDS2018,cse_cic_ids2018_friday_holdout_sample,0,logistic_regression,a0_clean,jetson_orin_nx_super_ina3221_20260608t140153z,0.6600295619279403,0.6620177634397086,0.6610236626838244,0.0,1.0,0.001239899409993,806517.038350374,0.1163311004638671,7.885391547583102e-05,5.106088696723067,0.5583396672430246,5000,0,1.0,1.0,1.0,1.0,8,1,python_sklearn_cpu,measured_onboard_sensor,jetson_ina3221_vdd_in,configs/experiments/tier_p_cse_cic_ids2018.yaml,ac9d32e282a9c3432aebab298bf6bff33d6f69fdcbbc0b4fb8c8bd38eda40211,,,,0.0
CSE-CIC-IDS2018,cse_cic_ids2018_friday_holdout_sample,1,logistic_regression,a0_clean,jetson_orin_nx_super_ina3221_20260608t140153z,0.6460239776313506,0.6482497229715222,0.6471368503014363,0.0,1.0,0.0012252494276617,816160.3485980602,0.1157207489013671,7.885391547583102e-05,5.251155622135624,0.5415516011261139,5000,0,1.0,1.0,1.0,1.0,8,1,python_sklearn_cpu,measured_onboard_sensor,jetson_ina3221_vdd_in,configs/experiments/tier_p_cse_cic_ids2018.yaml,d9c7ca30a503ba8288470331771f2a99b1f27ef8edba15973a9e1b648179b93c,,,,0.0
CSE-CIC-IDS2018,cse_cic_ids2018_friday_holdout_sample,2,logistic_regression,a0_clean,jetson_orin_nx_super_ina3221_20260608t140153z,0.6423444402724763,0.6470806988820976,0.644712569577287,0.0,1.0,0.0007357349628,1359185.101377011,0.1157207489013671,7.885391547583102e-05,5.083681595632723,0.5424778215488917,5000,0,1.0,1.0,1.0,1.0,8,1,python_sklearn_cpu,measured_onboard_sensor,jetson_ina3221_vdd_in,configs/experiments/tier_p_cse_cic_ids2018.yaml,e435497dc37450bf3b309c0cf0ffe11c1afb5225ef97b06c37e9594e0586c523,,,,0.0
CSE-CIC-IDS2018,cse_cic_ids2018_friday_holdout_sample,3,logistic_regression,a0_clean,jetson_orin_nx_super_ina3221_20260608t140153z,0.655958949179996,0.655958949179996,0.655958949179996,0.0,1.0,0.0012248015616205,816458.789191031,0.1157207489013671,7.885391547583102e-05,5.136945738003645,0.552657898621072,5000,0,1.0,1.0,1.0,1.0,8,1,python_sklearn_cpu,measured_onboard_sensor,jetson_ina3221_vdd_in,configs/experiments/tier_p_cse_cic_ids2018.yaml,3d851933585ac3376804487dd04ae549fe64a409812413cddd52659839f64624,,,,0.0
CSE-CIC-IDS2018,cse_cic_ids2018_friday_holdout_sample,4,logistic_regression,a0_clean,jetson_orin_nx_super_ina3221_20260608t140153z,0.6338374213156609,0.6358067645074225,0.6348220929115417,0.0,1.0,0.0022399079310707,446446.92137946753,0.1158580780029296,7.885391547583102e-05,5.401463394062079,0.52622856073514,5000,0,1.0,1.0,1.0,1.0,8,1,python_sklearn_cpu,measured_onboard_sensor,jetson_ina3221_vdd_in,configs/experiments/tier_p_cse_cic_ids2018.yaml,e83f0063d2ede8d890fde48d8b13f3f5b25c3ac866caacd0310503c117dc92d4,,,,0.0
CSE-CIC-IDS2018,cse_cic_ids2018_friday_holdout_sample,0,logistic_regression,a1_constrained_feature,jetson_orin_nx_super_ina3221_20260608t140153z,0.6600295619279403,0.6620177634397086,0.6450582954372694,0.526029526029526,0.9988,0.001239899409993,806517.038350374,0.1163311004638671,7.885391547583102e-05,5.106088696723067,0.547962178532764,4994,6,1.0,0.9988,1.0,1.0,8,1,python_sklearn_cpu,measured_onboard_sensor,jetson_ina3221_vdd_in,configs/experiments/tier_p_cse_cic_ids2018.yaml,ac9d32e282a9c3432aebab298bf6bff33d6f69fdcbbc0b4fb8c8bd38eda40211,,,,0.0
CSE-CIC-IDS2018,cse_cic_ids2018_friday_holdout_sample,1,logistic_regression,a1_constrained_feature,jetson_orin_nx_super_ina3221_20260608t140153z,0.6460239776313506,0.6482497229715222,0.6245117677219132,0.5529500756429652,0.9982,0.0012252494276617,816160.3485980602,0.1157207489013671,7.885391547583102e-05,5.251155622135624,0.5268452974494239,4991,9,1.0,0.9982,1.0,1.0,8,1,python_sklearn_cpu,measured_onboard_sensor,jetson_ina3221_vdd_in,configs/experiments/tier_p_cse_cic_ids2018.yaml,d9c7ca30a503ba8288470331771f2a99b1f27ef8edba15973a9e1b648179b93c,,,,0.0
CSE-CIC-IDS2018,cse_cic_ids2018_friday_holdout_sample,2,logistic_regression,a1_constrained_feature,jetson_orin_nx_super_ina3221_20260608t140153z,0.6423444402724763,0.6470806988820976,0.6399969014152215,0.4977973568281938,0.9978,0.0007357349628,1359185.101377011,0.1157207489013671,7.885391547583102e-05,5.083681595632723,0.5394126372435492,4989,11,1.0,0.9978,1.0,1.0,8,1,python_sklearn_cpu,measured_onboard_sensor,jetson_ina3221_vdd_in,configs/experiments/tier_p_cse_cic_ids2018.yaml,e435497dc37450bf3b309c0cf0ffe11c1afb5225ef97b06c37e9594e0586c523,,,,0.0
CSE-CIC-IDS2018,cse_cic_ids2018_friday_holdout_sample,3,logistic_regression,a1_constrained_feature,jetson_orin_nx_super_ina3221_20260608t140153z,0.655958949179996,0.655958949179996,0.650280921904543,0.5078125,0.9976,0.0012248015616205,816458.789191031,0.1157207489013671,7.885391547583102e-05,5.136945738003645,0.5489671808920276,4988,12,1.0,0.9976,1.0,1.0,8,1,python_sklearn_cpu,measured_onboard_sensor,jetson_ina3221_vdd_in,configs/experiments/tier_p_cse_cic_ids2018.yaml,3d851933585ac3376804487dd04ae549fe64a409812413cddd52659839f64624,,,,0.0
CSE-CIC-IDS2018,cse_cic_ids2018_friday_holdout_sample,4,logistic_regression,a1_constrained_feature,jetson_orin_nx_super_ina3221_20260608t140153z,0.6338374213156609,0.6358067645074225,0.6063422080153986,0.5788304959289415,0.9974,0.0022399079310707,446446.92137946753,0.1158580780029296,7.885391547583102e-05,5.401463394062079,0.507716635552647,4987,13,1.0,0.9974,1.0,1.0,8,1,python_sklearn_cpu,measured_onboard_sensor,jetson_ina3221_vdd_in,configs/experiments/tier_p_cse_cic_ids2018.yaml,e83f0063d2ede8d890fde48d8b13f3f5b25c3ac866caacd0310503c117dc92d4,,,,0.0
CSE-CIC-IDS2018,cse_cic_ids2018_friday_holdout_sample,0,logistic_regression,a1_constrained_score_search,jetson_orin_nx_super_ina3221_20260608t140153z,0.6600295619279403,0.6620177634397086,0.5592343526456152,0.7000777000777001,0.9988,0.001239899409993,806517.038350374,0.1163311004638671,7.885391547583102e-05,5.106088696723067,0.4921766157181885,4994,6,1.0,0.9988,1.0,1.0,8,1,python_sklearn_cpu,measured_onboard_sensor,jetson_ina3221_vdd_in,configs/experiments/tier_p_cse_cic_ids2018.yaml,ac9d32e282a9c3432aebab298bf6bff33d6f69fdcbbc0b4fb8c8bd38eda40211,,,,0.0
CSE-CIC-IDS2018,cse_cic_ids2018_friday_holdout_sample,1,logistic_regression,a1_constrained_score_search,jetson_orin_nx_super_ina3221_20260608t140153z,0.6460239776313506,0.6482497229715222,0.5351542232441955,0.7322239031770046,0.9982,0.0012252494276617,816160.3485980602,0.1157207489013671,7.885391547583102e-05,5.251155622135624,0.4687628935389073,4991,9,1.0,0.9982,1.0,1.0,8,1,python_sklearn_cpu,measured_onboard_sensor,jetson_ina3221_vdd_in,configs/experiments/tier_p_cse_cic_ids2018.yaml,d9c7ca30a503ba8288470331771f2a99b1f27ef8edba15973a9e1b648179b93c,,,,0.0
CSE-CIC-IDS2018,cse_cic_ids2018_friday_holdout_sample,2,logistic_regression,a1_constrained_score_search,jetson_orin_nx_super_ina3221_20260608t140153z,0.6423444402724763,0.6470806988820976,0.6184317949939548,0.5433186490455213,0.9978,0.0007357349628,1359185.101377011,0.1157207489013671,7.885391547583102e-05,5.083681595632723,0.5253953180697258,4989,11,1.0,0.9978,1.0,1.0,8,1,python_sklearn_cpu,measured_onboard_sensor,jetson_ina3221_vdd_in,configs/experiments/tier_p_cse_cic_ids2018.yaml,e435497dc37450bf3b309c0cf0ffe11c1afb5225ef97b06c37e9594e0586c523,,,,0.0
CSE-CIC-IDS2018,cse_cic_ids2018_friday_holdout_sample,3,logistic_regression,a1_constrained_score_search,jetson_orin_nx_super_ina3221_20260608t140153z,0.655958949179996,0.655958949179996,0.6168425008458387,0.5767045454545454,0.9976,0.0012248015616205,816458.789191031,0.1157207489013671,7.885391547583102e-05,5.136945738003645,0.5272322072038698,4988,12,1.0,0.9976,1.0,1.0,8,1,python_sklearn_cpu,measured_onboard_sensor,jetson_ina3221_vdd_in,configs/experiments/tier_p_cse_cic_ids2018.yaml,3d851933585ac3376804487dd04ae549fe64a409812413cddd52659839f64624,,,,0.0
CSE-CIC-IDS2018,cse_cic_ids2018_friday_holdout_sample,4,logistic_regression,a1_constrained_score_search,jetson_orin_nx_super_ina3221_20260608t140153z,0.6338374213156609,0.6358067645074225,0.5063934918274273,0.7764618800888231,0.9974,0.0022399079310707,446446.92137946753,0.1158580780029296,7.885391547583102e-05,5.401463394062079,0.4427499700304657,4987,13,1.0,0.9974,1.0,1.0,8,1,python_sklearn_cpu,measured_onboard_sensor,jetson_ina3221_vdd_in,configs/experiments/tier_p_cse_cic_ids2018.yaml,e83f0063d2ede8d890fde48d8b13f3f5b25c3ac866caacd0310503c117dc92d4,,,,0.0
CSE-CIC-IDS2018,cse_cic_ids2018_friday_holdout_sample,0,logistic_regression,a4_split_shift,jetson_orin_nx_super_ina3221_20260608t140153z,0.6600295619279403,0.6620177634397086,0.6610236626838244,0.0,1.0,0.001239899409993,806517.038350374,0.1163311004638671,7.885391547583102e-05,5.106088696723067,0.5583396672430246,5000,0,1.0,1.0,1.0,1.0,8,1,python_sklearn_cpu,measured_onboard_sensor,jetson_ina3221_vdd_in,configs/experiments/tier_p_cse_cic_ids2018.yaml,ac9d32e282a9c3432aebab298bf6bff33d6f69fdcbbc0b4fb8c8bd38eda40211,date_holdout,train,test,0.0
CSE-CIC-IDS2018,cse_cic_ids2018_friday_holdout_sample,1,logistic_regression,a4_split_shift,jetson_orin_nx_super_ina3221_20260608t140153z,0.6460239776313506,0.6482497229715222,0.6471368503014363,0.0,1.0,0.0012252494276617,816160.3485980602,0.1157207489013671,7.885391547583102e-05,5.251155622135624,0.5415516011261139,5000,0,1.0,1.0,1.0,1.0,8,1,python_sklearn_cpu,measured_onboard_sensor,jetson_ina3221_vdd_in,configs/experiments/tier_p_cse_cic_ids2018.yaml,d9c7ca30a503ba8288470331771f2a99b1f27ef8edba15973a9e1b648179b93c,date_holdout,train,test,0.0
CSE-CIC-IDS2018,cse_cic_ids2018_friday_holdout_sample,2,logistic_regression,a4_split_shift,jetson_orin_nx_super_ina3221_20260608t140153z,0.6423444402724763,0.6470806988820976,0.644712569577287,0.0,1.0,0.0007357349628,1359185.101377011,0.1157207489013671,7.885391547583102e-05,5.083681595632723,0.5424778215488917,5000,0,1.0,1.0,1.0,1.0,8,1,python_sklearn_cpu,measured_onboard_sensor,jetson_ina3221_vdd_in,configs/experiments/tier_p_cse_cic_ids2018.yaml,e435497dc37450bf3b309c0cf0ffe11c1afb5225ef97b06c37e9594e0586c523,date_holdout,train,test,0.0
CSE-CIC-IDS2018,cse_cic_ids2018_friday_holdout_sample,3,logistic_regression,a4_split_shift,jetson_orin_nx_super_ina3221_20260608t140153z,0.655958949179996,0.655958949179996,0.655958949179996,0.0,1.0,0.0012248015616205,816458.789191031,0.1157207489013671,7.885391547583102e-05,5.136945738003645,0.552657898621072,5000,0,1.0,1.0,1.0,1.0,8,1,python_sklearn_cpu,measured_onboard_sensor,jetson_ina3221_vdd_in,configs/experiments/tier_p_cse_cic_ids2018.yaml,3d851933585ac3376804487dd04ae549fe64a409812413cddd52659839f64624,date_holdout,train,test,0.0
CSE-CIC-IDS2018,cse_cic_ids2018_friday_holdout_sample,4,logistic_regression,a4_split_shift,jetson_orin_nx_super_ina3221_20260608t140153z,0.6338374213156609,0.6358067645074225,0.6348220929115417,0.0,1.0,0.0022399079310707,446446.92137946753,0.1158580780029296,7.885391547583102e-05,5.401463394062079,0.52622856073514,5000,0,1.0,1.0,1.0,1.0,8,1,python_sklearn_cpu,measured_onboard_sensor,jetson_ina3221_vdd_in,configs/experiments/tier_p_cse_cic_ids2018.yaml,e83f0063d2ede8d890fde48d8b13f3f5b25c3ac866caacd0310503c117dc92d4,date_holdout,train,test,0.0
CSE-CIC-IDS2018,cse_cic_ids2018_friday_holdout_sample,0,random_forest,a0_clean,jetson_orin_nx_super_ina3221_20260608t140153z,0.5022901792497991,0.522479552634397,0.5123848659420981,0.0,1.0,0.0089312381803756,111966.55825362154,1.674753189086914,7.885391547583102e-05,8.94184213696723,0.3328317256558177,5000,0,1.0,1.0,1.0,1.0,8,1,python_sklearn_cpu,measured_onboard_sensor,jetson_ina3221_vdd_in,configs/experiments/tier_p_cse_cic_ids2018.yaml,ac9d32e282a9c3432aebab298bf6bff33d6f69fdcbbc0b4fb8c8bd38eda40211,,,,0.0
CSE-CIC-IDS2018,cse_cic_ids2018_friday_holdout_sample,1,random_forest,a0_clean,jetson_orin_nx_super_ina3221_20260608t140153z,0.4786681974741676,0.5117674375750157,0.4952178175245917,0.0,1.0,0.0086975198815343,114975.304870885,1.671727180480957,7.885391547583102e-05,9.2752548374067,0.3089971773777276,5000,0,1.0,1.0,1.0,1.0,8,1,python_sklearn_cpu,measured_onboard_sensor,jetson_ina3221_vdd_in,configs/experiments/tier_p_cse_cic_ids2018.yaml,d9c7ca30a503ba8288470331771f2a99b1f27ef8edba15973a9e1b648179b93c,,,,0.0
CSE-CIC-IDS2018,cse_cic_ids2018_friday_holdout_sample,2,random_forest,a0_clean,jetson_orin_nx_super_ina3221_20260608t140153z,0.6943417366946779,0.6731202358736157,0.6837309862841467,0.0,1.0,0.0087790292393765,113907.810616999,1.671783447265625,7.885391547583102e-05,6.015461655912342,0.5627060349862083,5000,0,1.0,1.0,1.0,1.0,8,1,python_sklearn_cpu,measured_onboard_sensor,jetson_ina3221_vdd_in,configs/experiments/tier_p_cse_cic_ids2018.yaml,e435497dc37450bf3b309c0cf0ffe11c1afb5225ef97b06c37e9594e0586c523,,,,0.0
CSE-CIC-IDS2018,cse_cic_ids2018_friday_holdout_sample,3,random_forest,a0_clean,jetson_orin_nx_super_ina3221_20260608t140153z,0.4828547185676225,0.5142401359080785,0.4985474272378505,0.0,1.0,0.0085759841397521,116604.69325785218,1.6716804504394531,7.885391547583102e-05,9.121377682729296,0.3154045875144644,5000,0,1.0,1.0,1.0,1.0,8,1,python_sklearn_cpu,measured_onboard_sensor,jetson_ina3221_vdd_in,configs/experiments/tier_p_cse_cic_ids2018.yaml,3d851933585ac3376804487dd04ae549fe64a409812413cddd52659839f64624,,,,0.0
CSE-CIC-IDS2018,cse_cic_ids2018_friday_holdout_sample,4,random_forest,a0_clean,jetson_orin_nx_super_ina3221_20260608t140153z,0.4278226487902168,0.4824488412228797,0.4551357450065482,0.0,1.0,0.008505125172669,117576.16492388216,1.6716804504394531,7.885391547583102e-05,9.835398175542403,0.2577126430532414,5000,0,1.0,1.0,1.0,1.0,8,1,python_sklearn_cpu,measured_onboard_sensor,jetson_ina3221_vdd_in,configs/experiments/tier_p_cse_cic_ids2018.yaml,e83f0063d2ede8d890fde48d8b13f3f5b25c3ac866caacd0310503c117dc92d4,,,,0.0
CSE-CIC-IDS2018,cse_cic_ids2018_friday_holdout_sample,0,random_forest,a1_constrained_feature,jetson_orin_nx_super_ina3221_20260608t140153z,0.5022901792497991,0.522479552634397,0.4828556276905651,0.9331779331779332,0.9988,0.0089312381803756,111966.55825362154,1.674753189086914,7.885391547583102e-05,8.94184213696723,0.3136377207923213,4994,6,1.0,0.9988,1.0,1.0,8,1,python_sklearn_cpu,measured_onboard_sensor,jetson_ina3221_vdd_in,configs/experiments/tier_p_cse_cic_ids2018.yaml,ac9d32e282a9c3432aebab298bf6bff33d6f69fdcbbc0b4fb8c8bd38eda40211,,,,0.0
CSE-CIC-IDS2018,cse_cic_ids2018_friday_holdout_sample,1,random_forest,a1_constrained_feature,jetson_orin_nx_super_ina3221_20260608t140153z,0.4786681974741676,0.5117674375750157,0.4505466577146256,0.98714069591528,0.9982,0.0086975198815343,114975.304870885,1.671727180480957,7.885391547583102e-05,9.2752548374067,0.2799609235012495,4991,9,1.0,0.9982,1.0,1.0,8,1,python_sklearn_cpu,measured_onboard_sensor,jetson_ina3221_vdd_in,configs/experiments/tier_p_cse_cic_ids2018.yaml,d9c7ca30a503ba8288470331771f2a99b1f27ef8edba15973a9e1b648179b93c,,,,0.0
CSE-CIC-IDS2018,cse_cic_ids2018_friday_holdout_sample,2,random_forest,a1_constrained_feature,jetson_orin_nx_super_ina3221_20260608t140153z,0.6943417366946779,0.6731202358736157,0.6469589702589296,0.6644640234948604,0.9978,0.0087790292393765,113907.810616999,1.671783447265625,7.885391547583102e-05,6.015461655912342,0.5388042245698171,4989,11,1.0,0.9978,1.0,1.0,8,1,python_sklearn_cpu,measured_onboard_sensor,jetson_ina3221_vdd_in,configs/experiments/tier_p_cse_cic_ids2018.yaml,e435497dc37450bf3b309c0cf0ffe11c1afb5225ef97b06c37e9594e0586c523,,,,0.0
CSE-CIC-IDS2018,cse_cic_ids2018_friday_holdout_sample,3,random_forest,a1_constrained_feature,jetson_orin_nx_super_ina3221_20260608t140153z,0.4828547185676225,0.5142401359080785,0.4686231401092838,0.9502840909090908,0.9976,0.0085759841397521,116604.69325785218,1.6716804504394531,7.885391547583102e-05,9.121377682729296,0.295953800880896,4988,12,1.0,0.9976,1.0,1.0,8,1,python_sklearn_cpu,measured_onboard_sensor,jetson_ina3221_vdd_in,configs/experiments/tier_p_cse_cic_ids2018.yaml,3d851933585ac3376804487dd04ae549fe64a409812413cddd52659839f64624,,,,0.0
CSE-CIC-IDS2018,cse_cic_ids2018_friday_holdout_sample,4,random_forest,a1_constrained_feature,jetson_orin_nx_super_ina3221_20260608t140153z,0.4278226487902168,0.4824488412228797,0.4548037263146337,0.9785344189489268,0.9974,0.008505125172669,117576.16492388216,1.6716804504394531,7.885391547583102e-05,9.835398175542403,0.2574968309034969,4987,13,1.0,0.9974,1.0,1.0,8,1,python_sklearn_cpu,measured_onboard_sensor,jetson_ina3221_vdd_in,configs/experiments/tier_p_cse_cic_ids2018.yaml,e83f0063d2ede8d890fde48d8b13f3f5b25c3ac866caacd0310503c117dc92d4,,,,0.0
CSE-CIC-IDS2018,cse_cic_ids2018_friday_holdout_sample,0,random_forest,a1_constrained_score_search,jetson_orin_nx_super_ina3221_20260608t140153z,0.5022901792497991,0.522479552634397,0.4413642766506069,0.9945609945609946,0.9988,0.0089312381803756,111966.55825362154,1.674753189086914,7.885391547583102e-05,8.94184213696723,0.2866683426163484,4994,6,1.0,0.9988,1.0,1.0,8,1,python_sklearn_cpu,measured_onboard_sensor,jetson_ina3221_vdd_in,configs/experiments/tier_p_cse_cic_ids2018.yaml,ac9d32e282a9c3432aebab298bf6bff33d6f69fdcbbc0b4fb8c8bd38eda40211,,,,0.0
CSE-CIC-IDS2018,cse_cic_ids2018_friday_holdout_sample,1,random_forest,a1_constrained_score_search,jetson_orin_nx_super_ina3221_20260608t140153z,0.4786681974741676,0.5117674375750157,0.4413959491928734,1.0,0.9982,0.0086975198815343,114975.304870885,1.671727180480957,7.885391547583102e-05,9.2752548374067,0.2740129629621106,4991,9,1.0,0.9982,1.0,1.0,8,1,python_sklearn_cpu,measured_onboard_sensor,jetson_ina3221_vdd_in,configs/experiments/tier_p_cse_cic_ids2018.yaml,d9c7ca30a503ba8288470331771f2a99b1f27ef8edba15973a9e1b648179b93c,,,,0.0
CSE-CIC-IDS2018,cse_cic_ids2018_friday_holdout_sample,2,random_forest,a1_constrained_score_search,jetson_orin_nx_super_ina3221_20260608t140153z,0.6943417366946779,0.6731202358736157,0.5294870456257075,0.8649045521292217,0.9978,0.0087790292393765,113907.810616999,1.671783447265625,7.885391547583102e-05,6.015461655912342,0.4624474735582228,4989,11,1.0,0.9978,1.0,1.0,8,1,python_sklearn_cpu,measured_onboard_sensor,jetson_ina3221_vdd_in,configs/experiments/tier_p_cse_cic_ids2018.yaml,e435497dc37450bf3b309c0cf0ffe11c1afb5225ef97b06c37e9594e0586c523,,,,0.0
CSE-CIC-IDS2018,cse_cic_ids2018_friday_holdout_sample,3,random_forest,a1_constrained_score_search,jetson_orin_nx_super_ina3221_20260608t140153z,0.4828547185676225,0.5142401359080785,0.4350963547133952,0.9985795454545454,0.9976,0.0085759841397521,116604.69325785218,1.6716804504394531,7.885391547583102e-05,9.121377682729296,0.2741613903735684,4988,12,1.0,0.9976,1.0,1.0,8,1,python_sklearn_cpu,measured_onboard_sensor,jetson_ina3221_vdd_in,configs/experiments/tier_p_cse_cic_ids2018.yaml,3d851933585ac3376804487dd04ae549fe64a409812413cddd52659839f64624,,,,0.0
CSE-CIC-IDS2018,cse_cic_ids2018_friday_holdout_sample,4,random_forest,a1_constrained_score_search,jetson_orin_nx_super_ina3221_20260608t140153z,0.4278226487902168,0.4824488412228797,0.4401205730930104,0.999259807549963,0.9974,0.008505125172669,117576.16492388216,1.6716804504394531,7.885391547583102e-05,9.835398175542403,0.2479527813094418,4987,13,1.0,0.9974,1.0,1.0,8,1,python_sklearn_cpu,measured_onboard_sensor,jetson_ina3221_vdd_in,configs/experiments/tier_p_cse_cic_ids2018.yaml,e83f0063d2ede8d890fde48d8b13f3f5b25c3ac866caacd0310503c117dc92d4,,,,0.0
CSE-CIC-IDS2018,cse_cic_ids2018_friday_holdout_sample,0,random_forest,a4_split_shift,jetson_orin_nx_super_ina3221_20260608t140153z,0.5022901792497991,0.522479552634397,0.5123848659420981,0.0,1.0,0.0089312381803756,111966.55825362154,1.674753189086914,7.885391547583102e-05,8.94184213696723,0.3328317256558177,5000,0,1.0,1.0,1.0,1.0,8,1,python_sklearn_cpu,measured_onboard_sensor,jetson_ina3221_vdd_in,configs/experiments/tier_p_cse_cic_ids2018.yaml,ac9d32e282a9c3432aebab298bf6bff33d6f69fdcbbc0b4fb8c8bd38eda40211,date_holdout,train,test,0.0
CSE-CIC-IDS2018,cse_cic_ids2018_friday_holdout_sample,1,random_forest,a4_split_shift,jetson_orin_nx_super_ina3221_20260608t140153z,0.4786681974741676,0.5117674375750157,0.4952178175245917,0.0,1.0,0.0086975198815343,114975.304870885,1.671727180480957,7.885391547583102e-05,9.2752548374067,0.3089971773777276,5000,0,1.0,1.0,1.0,1.0,8,1,python_sklearn_cpu,measured_onboard_sensor,jetson_ina3221_vdd_in,configs/experiments/tier_p_cse_cic_ids2018.yaml,d9c7ca30a503ba8288470331771f2a99b1f27ef8edba15973a9e1b648179b93c,date_holdout,train,test,0.0
CSE-CIC-IDS2018,cse_cic_ids2018_friday_holdout_sample,2,random_forest,a4_split_shift,jetson_orin_nx_super_ina3221_20260608t140153z,0.6943417366946779,0.6731202358736157,0.6837309862841467,0.0,1.0,0.0087790292393765,113907.810616999,1.671783447265625,7.885391547583102e-05,6.015461655912342,0.5627060349862083,5000,0,1.0,1.0,1.0,1.0,8,1,python_sklearn_cpu,measured_onboard_sensor,jetson_ina3221_vdd_in,configs/experiments/tier_p_cse_cic_ids2018.yaml,e435497dc37450bf3b309c0cf0ffe11c1afb5225ef97b06c37e9594e0586c523,date_holdout,train,test,0.0
CSE-CIC-IDS2018,cse_cic_ids2018_friday_holdout_sample,3,random_forest,a4_split_shift,jetson_orin_nx_super_ina3221_20260608t140153z,0.4828547185676225,0.5142401359080785,0.4985474272378505,0.0,1.0,0.0085759841397521,116604.69325785218,1.6716804504394531,7.885391547583102e-05,9.121377682729296,0.3154045875144644,5000,0,1.0,1.0,1.0,1.0,8,1,python_sklearn_cpu,measured_onboard_sensor,jetson_ina3221_vdd_in,configs/experiments/tier_p_cse_cic_ids2018.yaml,3d851933585ac3376804487dd04ae549fe64a409812413cddd52659839f64624,date_holdout,train,test,0.0
CSE-CIC-IDS2018,cse_cic_ids2018_friday_holdout_sample,4,random_forest,a4_split_shift,jetson_orin_nx_super_ina3221_20260608t140153z,0.4278226487902168,0.4824488412228797,0.4551357450065482,0.0,1.0,0.008505125172669,117576.16492388216,1.6716804504394531,7.885391547583102e-05,9.835398175542403,0.2577126430532414,5000,0,1.0,1.0,1.0,1.0,8,1,python_sklearn_cpu,measured_onboard_sensor,jetson_ina3221_vdd_in,configs/experiments/tier_p_cse_cic_ids2018.yaml,e83f0063d2ede8d890fde48d8b13f3f5b25c3ac866caacd0310503c117dc92d4,date_holdout,train,test,0.0
