event_id,stage,dataset,split_id,seed,model_id,threat_id,start_iso,end_iso,elapsed_s,rows,output_path,detail
1,dataset_load,CICIDS2017,cicids2017_friday_holdout_sample,0,,,2026-06-12T10:45:43.713173+00:00,2026-06-12T10:45:50.167666+00:00,6.454493522644043,240000,,
2,preprocess_manifest,CICIDS2017,cicids2017_friday_holdout_sample,0,,,2026-06-12T10:45:50.167867+00:00,2026-06-12T10:45:52.339881+00:00,2.172013998031616,240000,,
3,split_construction,CICIDS2017,cicids2017_friday_holdout_sample,0,extra_trees,,2026-06-12T10:45:52.340067+00:00,2026-06-12T10:45:52.472659+00:00,0.13259267807006836,240000,,
4,preprocessing,CICIDS2017,cicids2017_friday_holdout_sample,0,extra_trees,,2026-06-12T10:45:52.472782+00:00,2026-06-12T10:45:54.868536+00:00,2.395754337310791,240000,,
5,model_training,CICIDS2017,cicids2017_friday_holdout_sample,0,extra_trees,,2026-06-12T10:45:54.868736+00:00,2026-06-12T10:46:05.223299+00:00,10.354562759399414,240000,,
6,clean_profile,CICIDS2017,cicids2017_friday_holdout_sample,0,extra_trees,,2026-06-12T10:46:05.223390+00:00,2026-06-12T10:46:06.592167+00:00,1.3687763214111328,240000,,
7,threat_evaluation,CICIDS2017,cicids2017_friday_holdout_sample,0,extra_trees,a0_clean,2026-06-12T10:46:06.596857+00:00,2026-06-12T10:46:07.040125+00:00,0.4432687759399414,90000,,
8,result_writing,CICIDS2017,cicids2017_friday_holdout_sample,0,extra_trees,a0_clean,2026-06-12T10:46:07.040320+00:00,2026-06-12T10:46:07.045553+00:00,0.005233287811279297,1,results/raw/tier_e_core4_hgb_mlp_timed_cicids2017/CICIDS2017_cicids2017_friday_holdout_sample_extra_trees_a0_clean_0.csv,
9,threat_evaluation,CICIDS2017,cicids2017_friday_holdout_sample,0,extra_trees,a1_constrained_feature,2026-06-12T10:46:07.045607+00:00,2026-06-12T10:46:07.702129+00:00,0.6565220355987549,90000,,
10,result_writing,CICIDS2017,cicids2017_friday_holdout_sample,0,extra_trees,a1_constrained_feature,2026-06-12T10:46:07.702323+00:00,2026-06-12T10:46:07.705787+00:00,0.0034644603729248047,1,results/raw/tier_e_core4_hgb_mlp_timed_cicids2017/CICIDS2017_cicids2017_friday_holdout_sample_extra_trees_a1_constrained_feature_0.csv,
11,threat_evaluation,CICIDS2017,cicids2017_friday_holdout_sample,0,extra_trees,a1_constrained_score_search,2026-06-12T10:46:07.705842+00:00,2026-06-12T10:46:09.408309+00:00,1.7024672031402588,90000,,
12,result_writing,CICIDS2017,cicids2017_friday_holdout_sample,0,extra_trees,a1_constrained_score_search,2026-06-12T10:46:09.408508+00:00,2026-06-12T10:46:09.412005+00:00,0.0034966468811035156,1,results/raw/tier_e_core4_hgb_mlp_timed_cicids2017/CICIDS2017_cicids2017_friday_holdout_sample_extra_trees_a1_constrained_score_search_0.csv,
13,threat_evaluation,CICIDS2017,cicids2017_friday_holdout_sample,0,extra_trees,a4_split_shift,2026-06-12T10:46:09.412058+00:00,2026-06-12T10:46:09.849049+00:00,0.43699121475219727,90000,,
14,result_writing,CICIDS2017,cicids2017_friday_holdout_sample,0,extra_trees,a4_split_shift,2026-06-12T10:46:09.849242+00:00,2026-06-12T10:46:09.852723+00:00,0.003480672836303711,1,results/raw/tier_e_core4_hgb_mlp_timed_cicids2017/CICIDS2017_cicids2017_friday_holdout_sample_extra_trees_a4_split_shift_0.csv,
15,split_construction,CICIDS2017,cicids2017_friday_holdout_sample,0,hist_gradient_boosting,,2026-06-12T10:46:09.852813+00:00,2026-06-12T10:46:09.984910+00:00,0.1320970058441162,240000,,
16,preprocessing,CICIDS2017,cicids2017_friday_holdout_sample,0,hist_gradient_boosting,,2026-06-12T10:46:09.985038+00:00,2026-06-12T10:46:12.612389+00:00,2.6273505687713623,240000,,
17,model_training,CICIDS2017,cicids2017_friday_holdout_sample,0,hist_gradient_boosting,,2026-06-12T10:46:12.612562+00:00,2026-06-12T10:46:16.050993+00:00,3.4384307861328125,240000,,
18,clean_profile,CICIDS2017,cicids2017_friday_holdout_sample,0,hist_gradient_boosting,,2026-06-12T10:46:16.051087+00:00,2026-06-12T10:46:16.325984+00:00,0.27489709854125977,240000,,
19,threat_evaluation,CICIDS2017,cicids2017_friday_holdout_sample,0,hist_gradient_boosting,a0_clean,2026-06-12T10:46:16.331575+00:00,2026-06-12T10:46:16.433898+00:00,0.10232234001159668,90000,,
20,result_writing,CICIDS2017,cicids2017_friday_holdout_sample,0,hist_gradient_boosting,a0_clean,2026-06-12T10:46:16.434084+00:00,2026-06-12T10:46:16.437558+00:00,0.003473997116088867,1,results/raw/tier_e_core4_hgb_mlp_timed_cicids2017/CICIDS2017_cicids2017_friday_holdout_sample_hist_gradient_boosting_a0_clean_0.csv,
21,threat_evaluation,CICIDS2017,cicids2017_friday_holdout_sample,0,hist_gradient_boosting,a1_constrained_feature,2026-06-12T10:46:16.437606+00:00,2026-06-12T10:46:16.766996+00:00,0.3293895721435547,90000,,
22,result_writing,CICIDS2017,cicids2017_friday_holdout_sample,0,hist_gradient_boosting,a1_constrained_feature,2026-06-12T10:46:16.767178+00:00,2026-06-12T10:46:16.770589+00:00,0.0034105777740478516,1,results/raw/tier_e_core4_hgb_mlp_timed_cicids2017/CICIDS2017_cicids2017_friday_holdout_sample_hist_gradient_boosting_a1_constrained_feature_0.csv,
23,threat_evaluation,CICIDS2017,cicids2017_friday_holdout_sample,0,hist_gradient_boosting,a1_constrained_score_search,2026-06-12T10:46:16.770633+00:00,2026-06-12T10:46:18.063654+00:00,1.2930207252502441,90000,,
24,result_writing,CICIDS2017,cicids2017_friday_holdout_sample,0,hist_gradient_boosting,a1_constrained_score_search,2026-06-12T10:46:18.063872+00:00,2026-06-12T10:46:18.067259+00:00,0.003386974334716797,1,results/raw/tier_e_core4_hgb_mlp_timed_cicids2017/CICIDS2017_cicids2017_friday_holdout_sample_hist_gradient_boosting_a1_constrained_score_search_0.csv,
25,threat_evaluation,CICIDS2017,cicids2017_friday_holdout_sample,0,hist_gradient_boosting,a4_split_shift,2026-06-12T10:46:18.067302+00:00,2026-06-12T10:46:18.178664+00:00,0.11136174201965332,90000,,
26,result_writing,CICIDS2017,cicids2017_friday_holdout_sample,0,hist_gradient_boosting,a4_split_shift,2026-06-12T10:46:18.178846+00:00,2026-06-12T10:46:18.182270+00:00,0.003424406051635742,1,results/raw/tier_e_core4_hgb_mlp_timed_cicids2017/CICIDS2017_cicids2017_friday_holdout_sample_hist_gradient_boosting_a4_split_shift_0.csv,
27,split_construction,CICIDS2017,cicids2017_friday_holdout_sample,0,logistic_regression,,2026-06-12T10:46:18.182358+00:00,2026-06-12T10:46:18.314443+00:00,0.13208484649658203,240000,,
28,preprocessing,CICIDS2017,cicids2017_friday_holdout_sample,0,logistic_regression,,2026-06-12T10:46:18.314570+00:00,2026-06-12T10:46:20.818808+00:00,2.5042383670806885,240000,,
29,model_training,CICIDS2017,cicids2017_friday_holdout_sample,0,logistic_regression,,2026-06-12T10:46:20.818967+00:00,2026-06-12T10:46:42.405171+00:00,21.586204767227173,240000,,
30,clean_profile,CICIDS2017,cicids2017_friday_holdout_sample,0,logistic_regression,,2026-06-12T10:46:42.405258+00:00,2026-06-12T10:46:42.459135+00:00,0.05387735366821289,240000,,
31,threat_evaluation,CICIDS2017,cicids2017_friday_holdout_sample,0,logistic_regression,a0_clean,2026-06-12T10:46:42.465095+00:00,2026-06-12T10:46:42.490674+00:00,0.025579214096069336,90000,,
32,result_writing,CICIDS2017,cicids2017_friday_holdout_sample,0,logistic_regression,a0_clean,2026-06-12T10:46:42.490858+00:00,2026-06-12T10:46:42.494386+00:00,0.0035278797149658203,1,results/raw/tier_e_core4_hgb_mlp_timed_cicids2017/CICIDS2017_cicids2017_friday_holdout_sample_logistic_regression_a0_clean_0.csv,
33,threat_evaluation,CICIDS2017,cicids2017_friday_holdout_sample,0,logistic_regression,a1_constrained_feature,2026-06-12T10:46:42.494438+00:00,2026-06-12T10:46:42.708435+00:00,0.21399736404418945,90000,,
34,result_writing,CICIDS2017,cicids2017_friday_holdout_sample,0,logistic_regression,a1_constrained_feature,2026-06-12T10:46:42.708632+00:00,2026-06-12T10:46:42.712034+00:00,0.0034019947052001953,1,results/raw/tier_e_core4_hgb_mlp_timed_cicids2017/CICIDS2017_cicids2017_friday_holdout_sample_logistic_regression_a1_constrained_feature_0.csv,
35,threat_evaluation,CICIDS2017,cicids2017_friday_holdout_sample,0,logistic_regression,a1_constrained_score_search,2026-06-12T10:46:42.712081+00:00,2026-06-12T10:46:43.559232+00:00,0.8471510410308838,90000,,
36,result_writing,CICIDS2017,cicids2017_friday_holdout_sample,0,logistic_regression,a1_constrained_score_search,2026-06-12T10:46:43.559428+00:00,2026-06-12T10:46:43.562813+00:00,0.003384113311767578,1,results/raw/tier_e_core4_hgb_mlp_timed_cicids2017/CICIDS2017_cicids2017_friday_holdout_sample_logistic_regression_a1_constrained_score_search_0.csv,
37,threat_evaluation,CICIDS2017,cicids2017_friday_holdout_sample,0,logistic_regression,a4_split_shift,2026-06-12T10:46:43.562861+00:00,2026-06-12T10:46:43.588719+00:00,0.025857925415039062,90000,,
38,result_writing,CICIDS2017,cicids2017_friday_holdout_sample,0,logistic_regression,a4_split_shift,2026-06-12T10:46:43.588902+00:00,2026-06-12T10:46:43.592256+00:00,0.003354310989379883,1,results/raw/tier_e_core4_hgb_mlp_timed_cicids2017/CICIDS2017_cicids2017_friday_holdout_sample_logistic_regression_a4_split_shift_0.csv,
39,split_construction,CICIDS2017,cicids2017_friday_holdout_sample,0,mlp_sklearn,,2026-06-12T10:46:43.592344+00:00,2026-06-12T10:46:43.724137+00:00,0.13179349899291992,240000,,
40,preprocessing,CICIDS2017,cicids2017_friday_holdout_sample,0,mlp_sklearn,,2026-06-12T10:46:43.724263+00:00,2026-06-12T10:46:46.202110+00:00,2.477847099304199,240000,,
41,model_training,CICIDS2017,cicids2017_friday_holdout_sample,0,mlp_sklearn,,2026-06-12T10:46:46.202288+00:00,2026-06-12T10:46:58.424757+00:00,12.222468852996826,240000,,
42,clean_profile,CICIDS2017,cicids2017_friday_holdout_sample,0,mlp_sklearn,,2026-06-12T10:46:58.424838+00:00,2026-06-12T10:46:58.560402+00:00,0.13556408882141113,240000,,
43,threat_evaluation,CICIDS2017,cicids2017_friday_holdout_sample,0,mlp_sklearn,a0_clean,2026-06-12T10:46:58.566046+00:00,2026-06-12T10:46:58.621480+00:00,0.055434226989746094,90000,,
44,result_writing,CICIDS2017,cicids2017_friday_holdout_sample,0,mlp_sklearn,a0_clean,2026-06-12T10:46:58.621670+00:00,2026-06-12T10:46:58.625191+00:00,0.0035207271575927734,1,results/raw/tier_e_core4_hgb_mlp_timed_cicids2017/CICIDS2017_cicids2017_friday_holdout_sample_mlp_sklearn_a0_clean_0.csv,
45,threat_evaluation,CICIDS2017,cicids2017_friday_holdout_sample,0,mlp_sklearn,a1_constrained_feature,2026-06-12T10:46:58.625241+00:00,2026-06-12T10:46:58.867621+00:00,0.24238038063049316,90000,,
46,result_writing,CICIDS2017,cicids2017_friday_holdout_sample,0,mlp_sklearn,a1_constrained_feature,2026-06-12T10:46:58.867835+00:00,2026-06-12T10:46:58.871261+00:00,0.003426074981689453,1,results/raw/tier_e_core4_hgb_mlp_timed_cicids2017/CICIDS2017_cicids2017_friday_holdout_sample_mlp_sklearn_a1_constrained_feature_0.csv,
47,threat_evaluation,CICIDS2017,cicids2017_friday_holdout_sample,0,mlp_sklearn,a1_constrained_score_search,2026-06-12T10:46:58.871306+00:00,2026-06-12T10:46:59.809676+00:00,0.9383699893951416,90000,,
48,result_writing,CICIDS2017,cicids2017_friday_holdout_sample,0,mlp_sklearn,a1_constrained_score_search,2026-06-12T10:46:59.809869+00:00,2026-06-12T10:46:59.813287+00:00,0.003418445587158203,1,results/raw/tier_e_core4_hgb_mlp_timed_cicids2017/CICIDS2017_cicids2017_friday_holdout_sample_mlp_sklearn_a1_constrained_score_search_0.csv,
49,threat_evaluation,CICIDS2017,cicids2017_friday_holdout_sample,0,mlp_sklearn,a4_split_shift,2026-06-12T10:46:59.813332+00:00,2026-06-12T10:46:59.867190+00:00,0.05385875701904297,90000,,
50,result_writing,CICIDS2017,cicids2017_friday_holdout_sample,0,mlp_sklearn,a4_split_shift,2026-06-12T10:46:59.867357+00:00,2026-06-12T10:46:59.870783+00:00,0.003426074981689453,1,results/raw/tier_e_core4_hgb_mlp_timed_cicids2017/CICIDS2017_cicids2017_friday_holdout_sample_mlp_sklearn_a4_split_shift_0.csv,
51,split_construction,CICIDS2017,cicids2017_friday_holdout_sample,0,random_forest,,2026-06-12T10:46:59.870872+00:00,2026-06-12T10:47:00.001495+00:00,0.13062286376953125,240000,,
52,preprocessing,CICIDS2017,cicids2017_friday_holdout_sample,0,random_forest,,2026-06-12T10:47:00.001615+00:00,2026-06-12T10:47:02.469762+00:00,2.4681477546691895,240000,,
53,model_training,CICIDS2017,cicids2017_friday_holdout_sample,0,random_forest,,2026-06-12T10:47:02.469960+00:00,2026-06-12T10:47:19.835167+00:00,17.365206241607666,240000,,
54,clean_profile,CICIDS2017,cicids2017_friday_holdout_sample,0,random_forest,,2026-06-12T10:47:19.835255+00:00,2026-06-12T10:47:20.733354+00:00,0.8980989456176758,240000,,
55,threat_evaluation,CICIDS2017,cicids2017_friday_holdout_sample,0,random_forest,a0_clean,2026-06-12T10:47:20.738987+00:00,2026-06-12T10:47:21.051249+00:00,0.31226181983947754,90000,,
56,result_writing,CICIDS2017,cicids2017_friday_holdout_sample,0,random_forest,a0_clean,2026-06-12T10:47:21.051420+00:00,2026-06-12T10:47:21.054962+00:00,0.0035414695739746094,1,results/raw/tier_e_core4_hgb_mlp_timed_cicids2017/CICIDS2017_cicids2017_friday_holdout_sample_random_forest_a0_clean_0.csv,
57,threat_evaluation,CICIDS2017,cicids2017_friday_holdout_sample,0,random_forest,a1_constrained_feature,2026-06-12T10:47:21.055012+00:00,2026-06-12T10:47:21.539886+00:00,0.48487353324890137,90000,,
58,result_writing,CICIDS2017,cicids2017_friday_holdout_sample,0,random_forest,a1_constrained_feature,2026-06-12T10:47:21.540069+00:00,2026-06-12T10:47:21.543536+00:00,0.0034677982330322266,1,results/raw/tier_e_core4_hgb_mlp_timed_cicids2017/CICIDS2017_cicids2017_friday_holdout_sample_random_forest_a1_constrained_feature_0.csv,
59,threat_evaluation,CICIDS2017,cicids2017_friday_holdout_sample,0,random_forest,a1_constrained_score_search,2026-06-12T10:47:21.543587+00:00,2026-06-12T10:47:22.957006+00:00,1.4134187698364258,90000,,
60,result_writing,CICIDS2017,cicids2017_friday_holdout_sample,0,random_forest,a1_constrained_score_search,2026-06-12T10:47:22.957198+00:00,2026-06-12T10:47:22.960648+00:00,0.0034492015838623047,1,results/raw/tier_e_core4_hgb_mlp_timed_cicids2017/CICIDS2017_cicids2017_friday_holdout_sample_random_forest_a1_constrained_score_search_0.csv,
61,threat_evaluation,CICIDS2017,cicids2017_friday_holdout_sample,0,random_forest,a4_split_shift,2026-06-12T10:47:22.960701+00:00,2026-06-12T10:47:23.273697+00:00,0.31299567222595215,90000,,
62,result_writing,CICIDS2017,cicids2017_friday_holdout_sample,0,random_forest,a4_split_shift,2026-06-12T10:47:23.273869+00:00,2026-06-12T10:47:23.277323+00:00,0.003453493118286133,1,results/raw/tier_e_core4_hgb_mlp_timed_cicids2017/CICIDS2017_cicids2017_friday_holdout_sample_random_forest_a4_split_shift_0.csv,
63,dataset_load,CICIDS2017,cicids2017_friday_holdout_sample,1,,,2026-06-12T10:47:23.277375+00:00,2026-06-12T10:47:29.790185+00:00,6.51280951499939,240000,,
64,preprocess_manifest,CICIDS2017,cicids2017_friday_holdout_sample,1,,,2026-06-12T10:47:29.790312+00:00,2026-06-12T10:47:32.011931+00:00,2.22161865234375,240000,,
65,split_construction,CICIDS2017,cicids2017_friday_holdout_sample,1,extra_trees,,2026-06-12T10:47:32.012105+00:00,2026-06-12T10:47:32.141354+00:00,0.12924981117248535,240000,,
66,preprocessing,CICIDS2017,cicids2017_friday_holdout_sample,1,extra_trees,,2026-06-12T10:47:32.141488+00:00,2026-06-12T10:47:34.596919+00:00,2.455430746078491,240000,,
67,model_training,CICIDS2017,cicids2017_friday_holdout_sample,1,extra_trees,,2026-06-12T10:47:34.597109+00:00,2026-06-12T10:47:44.611291+00:00,10.014181852340698,240000,,
68,clean_profile,CICIDS2017,cicids2017_friday_holdout_sample,1,extra_trees,,2026-06-12T10:47:44.611384+00:00,2026-06-12T10:47:45.960963+00:00,1.3495795726776123,240000,,
69,threat_evaluation,CICIDS2017,cicids2017_friday_holdout_sample,1,extra_trees,a0_clean,2026-06-12T10:47:45.966850+00:00,2026-06-12T10:47:46.391530+00:00,0.4246799945831299,90000,,
70,result_writing,CICIDS2017,cicids2017_friday_holdout_sample,1,extra_trees,a0_clean,2026-06-12T10:47:46.391702+00:00,2026-06-12T10:47:46.395220+00:00,0.0035173892974853516,1,results/raw/tier_e_core4_hgb_mlp_timed_cicids2017/CICIDS2017_cicids2017_friday_holdout_sample_extra_trees_a0_clean_1.csv,
71,threat_evaluation,CICIDS2017,cicids2017_friday_holdout_sample,1,extra_trees,a1_constrained_feature,2026-06-12T10:47:46.395271+00:00,2026-06-12T10:47:47.030797+00:00,0.635526180267334,90000,,
72,result_writing,CICIDS2017,cicids2017_friday_holdout_sample,1,extra_trees,a1_constrained_feature,2026-06-12T10:47:47.030976+00:00,2026-06-12T10:47:47.034429+00:00,0.0034532546997070312,1,results/raw/tier_e_core4_hgb_mlp_timed_cicids2017/CICIDS2017_cicids2017_friday_holdout_sample_extra_trees_a1_constrained_feature_1.csv,
73,threat_evaluation,CICIDS2017,cicids2017_friday_holdout_sample,1,extra_trees,a1_constrained_score_search,2026-06-12T10:47:47.034482+00:00,2026-06-12T10:47:48.677417+00:00,1.6429355144500732,90000,,
74,result_writing,CICIDS2017,cicids2017_friday_holdout_sample,1,extra_trees,a1_constrained_score_search,2026-06-12T10:47:48.677598+00:00,2026-06-12T10:47:48.681059+00:00,0.003461599349975586,1,results/raw/tier_e_core4_hgb_mlp_timed_cicids2017/CICIDS2017_cicids2017_friday_holdout_sample_extra_trees_a1_constrained_score_search_1.csv,
75,threat_evaluation,CICIDS2017,cicids2017_friday_holdout_sample,1,extra_trees,a4_split_shift,2026-06-12T10:47:48.681113+00:00,2026-06-12T10:47:49.106591+00:00,0.4254779815673828,90000,,
76,result_writing,CICIDS2017,cicids2017_friday_holdout_sample,1,extra_trees,a4_split_shift,2026-06-12T10:47:49.106764+00:00,2026-06-12T10:47:49.110210+00:00,0.0034456253051757812,1,results/raw/tier_e_core4_hgb_mlp_timed_cicids2017/CICIDS2017_cicids2017_friday_holdout_sample_extra_trees_a4_split_shift_1.csv,
77,split_construction,CICIDS2017,cicids2017_friday_holdout_sample,1,hist_gradient_boosting,,2026-06-12T10:47:49.110306+00:00,2026-06-12T10:47:49.239817+00:00,0.12951087951660156,240000,,
78,preprocessing,CICIDS2017,cicids2017_friday_holdout_sample,1,hist_gradient_boosting,,2026-06-12T10:47:49.239948+00:00,2026-06-12T10:47:51.703510+00:00,2.463562250137329,240000,,
79,model_training,CICIDS2017,cicids2017_friday_holdout_sample,1,hist_gradient_boosting,,2026-06-12T10:47:51.703683+00:00,2026-06-12T10:47:54.861297+00:00,3.157614231109619,240000,,
80,clean_profile,CICIDS2017,cicids2017_friday_holdout_sample,1,hist_gradient_boosting,,2026-06-12T10:47:54.861395+00:00,2026-06-12T10:47:55.122705+00:00,0.2613096237182617,240000,,
81,threat_evaluation,CICIDS2017,cicids2017_friday_holdout_sample,1,hist_gradient_boosting,a0_clean,2026-06-12T10:47:55.128535+00:00,2026-06-12T10:47:55.221985+00:00,0.09345078468322754,90000,,
82,result_writing,CICIDS2017,cicids2017_friday_holdout_sample,1,hist_gradient_boosting,a0_clean,2026-06-12T10:47:55.222159+00:00,2026-06-12T10:47:55.225598+00:00,0.0034389495849609375,1,results/raw/tier_e_core4_hgb_mlp_timed_cicids2017/CICIDS2017_cicids2017_friday_holdout_sample_hist_gradient_boosting_a0_clean_1.csv,
83,threat_evaluation,CICIDS2017,cicids2017_friday_holdout_sample,1,hist_gradient_boosting,a1_constrained_feature,2026-06-12T10:47:55.225645+00:00,2026-06-12T10:47:55.528162+00:00,0.3025169372558594,90000,,
84,result_writing,CICIDS2017,cicids2017_friday_holdout_sample,1,hist_gradient_boosting,a1_constrained_feature,2026-06-12T10:47:55.528344+00:00,2026-06-12T10:47:55.531758+00:00,0.0034143924713134766,1,results/raw/tier_e_core4_hgb_mlp_timed_cicids2017/CICIDS2017_cicids2017_friday_holdout_sample_hist_gradient_boosting_a1_constrained_feature_1.csv,
85,threat_evaluation,CICIDS2017,cicids2017_friday_holdout_sample,1,hist_gradient_boosting,a1_constrained_score_search,2026-06-12T10:47:55.531803+00:00,2026-06-12T10:47:56.861697+00:00,1.3298938274383545,90000,,
86,result_writing,CICIDS2017,cicids2017_friday_holdout_sample,1,hist_gradient_boosting,a1_constrained_score_search,2026-06-12T10:47:56.861962+00:00,2026-06-12T10:47:56.865546+00:00,0.0035834312438964844,1,results/raw/tier_e_core4_hgb_mlp_timed_cicids2017/CICIDS2017_cicids2017_friday_holdout_sample_hist_gradient_boosting_a1_constrained_score_search_1.csv,
87,threat_evaluation,CICIDS2017,cicids2017_friday_holdout_sample,1,hist_gradient_boosting,a4_split_shift,2026-06-12T10:47:56.865592+00:00,2026-06-12T10:47:56.973597+00:00,0.10800552368164062,90000,,
88,result_writing,CICIDS2017,cicids2017_friday_holdout_sample,1,hist_gradient_boosting,a4_split_shift,2026-06-12T10:47:56.973765+00:00,2026-06-12T10:47:56.977183+00:00,0.0034177303314208984,1,results/raw/tier_e_core4_hgb_mlp_timed_cicids2017/CICIDS2017_cicids2017_friday_holdout_sample_hist_gradient_boosting_a4_split_shift_1.csv,
89,split_construction,CICIDS2017,cicids2017_friday_holdout_sample,1,logistic_regression,,2026-06-12T10:47:56.977269+00:00,2026-06-12T10:47:57.106890+00:00,0.12962126731872559,240000,,
90,preprocessing,CICIDS2017,cicids2017_friday_holdout_sample,1,logistic_regression,,2026-06-12T10:47:57.107020+00:00,2026-06-12T10:47:59.533632+00:00,2.426612138748169,240000,,
91,model_training,CICIDS2017,cicids2017_friday_holdout_sample,1,logistic_regression,,2026-06-12T10:47:59.533781+00:00,2026-06-12T10:48:18.690771+00:00,19.15699028968811,240000,,
92,clean_profile,CICIDS2017,cicids2017_friday_holdout_sample,1,logistic_regression,,2026-06-12T10:48:18.690862+00:00,2026-06-12T10:48:18.743906+00:00,0.053043365478515625,240000,,
93,threat_evaluation,CICIDS2017,cicids2017_friday_holdout_sample,1,logistic_regression,a0_clean,2026-06-12T10:48:18.750038+00:00,2026-06-12T10:48:18.776029+00:00,0.02599048614501953,90000,,
94,result_writing,CICIDS2017,cicids2017_friday_holdout_sample,1,logistic_regression,a0_clean,2026-06-12T10:48:18.776208+00:00,2026-06-12T10:48:18.779686+00:00,0.0034780502319335938,1,results/raw/tier_e_core4_hgb_mlp_timed_cicids2017/CICIDS2017_cicids2017_friday_holdout_sample_logistic_regression_a0_clean_1.csv,
95,threat_evaluation,CICIDS2017,cicids2017_friday_holdout_sample,1,logistic_regression,a1_constrained_feature,2026-06-12T10:48:18.779777+00:00,2026-06-12T10:48:18.994281+00:00,0.21450376510620117,90000,,
96,result_writing,CICIDS2017,cicids2017_friday_holdout_sample,1,logistic_regression,a1_constrained_feature,2026-06-12T10:48:18.994458+00:00,2026-06-12T10:48:18.997859+00:00,0.0034012794494628906,1,results/raw/tier_e_core4_hgb_mlp_timed_cicids2017/CICIDS2017_cicids2017_friday_holdout_sample_logistic_regression_a1_constrained_feature_1.csv,
97,threat_evaluation,CICIDS2017,cicids2017_friday_holdout_sample,1,logistic_regression,a1_constrained_score_search,2026-06-12T10:48:18.997907+00:00,2026-06-12T10:48:19.854790+00:00,0.8568830490112305,90000,,
98,result_writing,CICIDS2017,cicids2017_friday_holdout_sample,1,logistic_regression,a1_constrained_score_search,2026-06-12T10:48:19.854975+00:00,2026-06-12T10:48:19.858366+00:00,0.003390789031982422,1,results/raw/tier_e_core4_hgb_mlp_timed_cicids2017/CICIDS2017_cicids2017_friday_holdout_sample_logistic_regression_a1_constrained_score_search_1.csv,
99,threat_evaluation,CICIDS2017,cicids2017_friday_holdout_sample,1,logistic_regression,a4_split_shift,2026-06-12T10:48:19.858412+00:00,2026-06-12T10:48:19.884043+00:00,0.025630950927734375,90000,,
100,result_writing,CICIDS2017,cicids2017_friday_holdout_sample,1,logistic_regression,a4_split_shift,2026-06-12T10:48:19.884211+00:00,2026-06-12T10:48:19.887711+00:00,0.003499746322631836,1,results/raw/tier_e_core4_hgb_mlp_timed_cicids2017/CICIDS2017_cicids2017_friday_holdout_sample_logistic_regression_a4_split_shift_1.csv,
101,split_construction,CICIDS2017,cicids2017_friday_holdout_sample,1,mlp_sklearn,,2026-06-12T10:48:19.888133+00:00,2026-06-12T10:48:20.017755+00:00,0.1296217441558838,240000,,
102,preprocessing,CICIDS2017,cicids2017_friday_holdout_sample,1,mlp_sklearn,,2026-06-12T10:48:20.017883+00:00,2026-06-12T10:48:22.467555+00:00,2.449671983718872,240000,,
103,model_training,CICIDS2017,cicids2017_friday_holdout_sample,1,mlp_sklearn,,2026-06-12T10:48:22.467726+00:00,2026-06-12T10:48:34.461607+00:00,11.99388074874878,240000,,
104,clean_profile,CICIDS2017,cicids2017_friday_holdout_sample,1,mlp_sklearn,,2026-06-12T10:48:34.461689+00:00,2026-06-12T10:48:34.598010+00:00,0.1363215446472168,240000,,
105,threat_evaluation,CICIDS2017,cicids2017_friday_holdout_sample,1,mlp_sklearn,a0_clean,2026-06-12T10:48:34.603236+00:00,2026-06-12T10:48:34.658144+00:00,0.054908037185668945,90000,,
106,result_writing,CICIDS2017,cicids2017_friday_holdout_sample,1,mlp_sklearn,a0_clean,2026-06-12T10:48:34.658315+00:00,2026-06-12T10:48:34.662033+00:00,0.0037178993225097656,1,results/raw/tier_e_core4_hgb_mlp_timed_cicids2017/CICIDS2017_cicids2017_friday_holdout_sample_mlp_sklearn_a0_clean_1.csv,
107,threat_evaluation,CICIDS2017,cicids2017_friday_holdout_sample,1,mlp_sklearn,a1_constrained_feature,2026-06-12T10:48:34.662083+00:00,2026-06-12T10:48:34.905473+00:00,0.24338984489440918,90000,,
108,result_writing,CICIDS2017,cicids2017_friday_holdout_sample,1,mlp_sklearn,a1_constrained_feature,2026-06-12T10:48:34.905651+00:00,2026-06-12T10:48:34.909065+00:00,0.0034139156341552734,1,results/raw/tier_e_core4_hgb_mlp_timed_cicids2017/CICIDS2017_cicids2017_friday_holdout_sample_mlp_sklearn_a1_constrained_feature_1.csv,
109,threat_evaluation,CICIDS2017,cicids2017_friday_holdout_sample,1,mlp_sklearn,a1_constrained_score_search,2026-06-12T10:48:34.909109+00:00,2026-06-12T10:48:35.852886+00:00,0.9437770843505859,90000,,
110,result_writing,CICIDS2017,cicids2017_friday_holdout_sample,1,mlp_sklearn,a1_constrained_score_search,2026-06-12T10:48:35.853073+00:00,2026-06-12T10:48:35.856475+00:00,0.0034019947052001953,1,results/raw/tier_e_core4_hgb_mlp_timed_cicids2017/CICIDS2017_cicids2017_friday_holdout_sample_mlp_sklearn_a1_constrained_score_search_1.csv,
111,threat_evaluation,CICIDS2017,cicids2017_friday_holdout_sample,1,mlp_sklearn,a4_split_shift,2026-06-12T10:48:35.856521+00:00,2026-06-12T10:48:35.910148+00:00,0.05362725257873535,90000,,
112,result_writing,CICIDS2017,cicids2017_friday_holdout_sample,1,mlp_sklearn,a4_split_shift,2026-06-12T10:48:35.910318+00:00,2026-06-12T10:48:35.913749+00:00,0.0034313201904296875,1,results/raw/tier_e_core4_hgb_mlp_timed_cicids2017/CICIDS2017_cicids2017_friday_holdout_sample_mlp_sklearn_a4_split_shift_1.csv,
113,split_construction,CICIDS2017,cicids2017_friday_holdout_sample,1,random_forest,,2026-06-12T10:48:35.913841+00:00,2026-06-12T10:48:36.044005+00:00,0.13016366958618164,240000,,
114,preprocessing,CICIDS2017,cicids2017_friday_holdout_sample,1,random_forest,,2026-06-12T10:48:36.044134+00:00,2026-06-12T10:48:38.499167+00:00,2.4550325870513916,240000,,
115,model_training,CICIDS2017,cicids2017_friday_holdout_sample,1,random_forest,,2026-06-12T10:48:38.499358+00:00,2026-06-12T10:48:55.978755+00:00,17.479396104812622,240000,,
116,clean_profile,CICIDS2017,cicids2017_friday_holdout_sample,1,random_forest,,2026-06-12T10:48:55.978843+00:00,2026-06-12T10:48:56.875527+00:00,0.8966844081878662,240000,,
117,threat_evaluation,CICIDS2017,cicids2017_friday_holdout_sample,1,random_forest,a0_clean,2026-06-12T10:48:56.881320+00:00,2026-06-12T10:48:57.179283+00:00,0.2979624271392822,90000,,
118,result_writing,CICIDS2017,cicids2017_friday_holdout_sample,1,random_forest,a0_clean,2026-06-12T10:48:57.179452+00:00,2026-06-12T10:48:57.182940+00:00,0.0034875869750976562,1,results/raw/tier_e_core4_hgb_mlp_timed_cicids2017/CICIDS2017_cicids2017_friday_holdout_sample_random_forest_a0_clean_1.csv,
119,threat_evaluation,CICIDS2017,cicids2017_friday_holdout_sample,1,random_forest,a1_constrained_feature,2026-06-12T10:48:57.182988+00:00,2026-06-12T10:48:57.698758+00:00,0.5157699584960938,90000,,
120,result_writing,CICIDS2017,cicids2017_friday_holdout_sample,1,random_forest,a1_constrained_feature,2026-06-12T10:48:57.698937+00:00,2026-06-12T10:48:57.702354+00:00,0.003416776657104492,1,results/raw/tier_e_core4_hgb_mlp_timed_cicids2017/CICIDS2017_cicids2017_friday_holdout_sample_random_forest_a1_constrained_feature_1.csv,
121,threat_evaluation,CICIDS2017,cicids2017_friday_holdout_sample,1,random_forest,a1_constrained_score_search,2026-06-12T10:48:57.702404+00:00,2026-06-12T10:48:59.129935+00:00,1.4275305271148682,90000,,
122,result_writing,CICIDS2017,cicids2017_friday_holdout_sample,1,random_forest,a1_constrained_score_search,2026-06-12T10:48:59.130130+00:00,2026-06-12T10:48:59.133610+00:00,0.003480672836303711,1,results/raw/tier_e_core4_hgb_mlp_timed_cicids2017/CICIDS2017_cicids2017_friday_holdout_sample_random_forest_a1_constrained_score_search_1.csv,
123,threat_evaluation,CICIDS2017,cicids2017_friday_holdout_sample,1,random_forest,a4_split_shift,2026-06-12T10:48:59.133660+00:00,2026-06-12T10:48:59.431006+00:00,0.2973461151123047,90000,,
124,result_writing,CICIDS2017,cicids2017_friday_holdout_sample,1,random_forest,a4_split_shift,2026-06-12T10:48:59.431179+00:00,2026-06-12T10:48:59.434654+00:00,0.0034744739532470703,1,results/raw/tier_e_core4_hgb_mlp_timed_cicids2017/CICIDS2017_cicids2017_friday_holdout_sample_random_forest_a4_split_shift_1.csv,
125,dataset_load,CICIDS2017,cicids2017_friday_holdout_sample,2,,,2026-06-12T10:48:59.434703+00:00,2026-06-12T10:49:05.717972+00:00,6.28326940536499,240000,,
126,preprocess_manifest,CICIDS2017,cicids2017_friday_holdout_sample,2,,,2026-06-12T10:49:05.718107+00:00,2026-06-12T10:49:07.996015+00:00,2.277907609939575,240000,,
127,split_construction,CICIDS2017,cicids2017_friday_holdout_sample,2,extra_trees,,2026-06-12T10:49:07.996192+00:00,2026-06-12T10:49:08.126548+00:00,0.1303560733795166,240000,,
128,preprocessing,CICIDS2017,cicids2017_friday_holdout_sample,2,extra_trees,,2026-06-12T10:49:08.126673+00:00,2026-06-12T10:49:10.505874+00:00,2.379201650619507,240000,,
129,model_training,CICIDS2017,cicids2017_friday_holdout_sample,2,extra_trees,,2026-06-12T10:49:10.506058+00:00,2026-06-12T10:49:20.344573+00:00,9.838515281677246,240000,,
130,clean_profile,CICIDS2017,cicids2017_friday_holdout_sample,2,extra_trees,,2026-06-12T10:49:20.344667+00:00,2026-06-12T10:49:21.661012+00:00,1.316345453262329,240000,,
131,threat_evaluation,CICIDS2017,cicids2017_friday_holdout_sample,2,extra_trees,a0_clean,2026-06-12T10:49:21.666874+00:00,2026-06-12T10:49:22.107465+00:00,0.44059085845947266,90000,,
132,result_writing,CICIDS2017,cicids2017_friday_holdout_sample,2,extra_trees,a0_clean,2026-06-12T10:49:22.107638+00:00,2026-06-12T10:49:22.111142+00:00,0.003504514694213867,1,results/raw/tier_e_core4_hgb_mlp_timed_cicids2017/CICIDS2017_cicids2017_friday_holdout_sample_extra_trees_a0_clean_2.csv,
133,threat_evaluation,CICIDS2017,cicids2017_friday_holdout_sample,2,extra_trees,a1_constrained_feature,2026-06-12T10:49:22.111192+00:00,2026-06-12T10:49:22.736928+00:00,0.6257364749908447,90000,,
134,result_writing,CICIDS2017,cicids2017_friday_holdout_sample,2,extra_trees,a1_constrained_feature,2026-06-12T10:49:22.737107+00:00,2026-06-12T10:49:22.740520+00:00,0.0034122467041015625,1,results/raw/tier_e_core4_hgb_mlp_timed_cicids2017/CICIDS2017_cicids2017_friday_holdout_sample_extra_trees_a1_constrained_feature_2.csv,
135,threat_evaluation,CICIDS2017,cicids2017_friday_holdout_sample,2,extra_trees,a1_constrained_score_search,2026-06-12T10:49:22.740569+00:00,2026-06-12T10:49:24.409290+00:00,1.6687207221984863,90000,,
136,result_writing,CICIDS2017,cicids2017_friday_holdout_sample,2,extra_trees,a1_constrained_score_search,2026-06-12T10:49:24.409471+00:00,2026-06-12T10:49:24.412930+00:00,0.0034589767456054688,1,results/raw/tier_e_core4_hgb_mlp_timed_cicids2017/CICIDS2017_cicids2017_friday_holdout_sample_extra_trees_a1_constrained_score_search_2.csv,
137,threat_evaluation,CICIDS2017,cicids2017_friday_holdout_sample,2,extra_trees,a4_split_shift,2026-06-12T10:49:24.412979+00:00,2026-06-12T10:49:24.855951+00:00,0.44297146797180176,90000,,
138,result_writing,CICIDS2017,cicids2017_friday_holdout_sample,2,extra_trees,a4_split_shift,2026-06-12T10:49:24.856118+00:00,2026-06-12T10:49:24.859678+00:00,0.0035600662231445312,1,results/raw/tier_e_core4_hgb_mlp_timed_cicids2017/CICIDS2017_cicids2017_friday_holdout_sample_extra_trees_a4_split_shift_2.csv,
139,split_construction,CICIDS2017,cicids2017_friday_holdout_sample,2,hist_gradient_boosting,,2026-06-12T10:49:24.859801+00:00,2026-06-12T10:49:24.990196+00:00,0.13039469718933105,240000,,
140,preprocessing,CICIDS2017,cicids2017_friday_holdout_sample,2,hist_gradient_boosting,,2026-06-12T10:49:24.990314+00:00,2026-06-12T10:49:27.414569+00:00,2.4242544174194336,240000,,
141,model_training,CICIDS2017,cicids2017_friday_holdout_sample,2,hist_gradient_boosting,,2026-06-12T10:49:27.414742+00:00,2026-06-12T10:49:30.680748+00:00,3.2660062313079834,240000,,
142,clean_profile,CICIDS2017,cicids2017_friday_holdout_sample,2,hist_gradient_boosting,,2026-06-12T10:49:30.680841+00:00,2026-06-12T10:49:30.951669+00:00,0.2708282470703125,240000,,
143,threat_evaluation,CICIDS2017,cicids2017_friday_holdout_sample,2,hist_gradient_boosting,a0_clean,2026-06-12T10:49:30.958273+00:00,2026-06-12T10:49:31.056261+00:00,0.09798765182495117,90000,,
144,result_writing,CICIDS2017,cicids2017_friday_holdout_sample,2,hist_gradient_boosting,a0_clean,2026-06-12T10:49:31.056428+00:00,2026-06-12T10:49:31.059858+00:00,0.0034303665161132812,1,results/raw/tier_e_core4_hgb_mlp_timed_cicids2017/CICIDS2017_cicids2017_friday_holdout_sample_hist_gradient_boosting_a0_clean_2.csv,
145,threat_evaluation,CICIDS2017,cicids2017_friday_holdout_sample,2,hist_gradient_boosting,a1_constrained_feature,2026-06-12T10:49:31.059907+00:00,2026-06-12T10:49:31.398585+00:00,0.33867716789245605,90000,,
146,result_writing,CICIDS2017,cicids2017_friday_holdout_sample,2,hist_gradient_boosting,a1_constrained_feature,2026-06-12T10:49:31.398764+00:00,2026-06-12T10:49:31.402202+00:00,0.0034384727478027344,1,results/raw/tier_e_core4_hgb_mlp_timed_cicids2017/CICIDS2017_cicids2017_friday_holdout_sample_hist_gradient_boosting_a1_constrained_feature_2.csv,
147,threat_evaluation,CICIDS2017,cicids2017_friday_holdout_sample,2,hist_gradient_boosting,a1_constrained_score_search,2026-06-12T10:49:31.402249+00:00,2026-06-12T10:49:32.727482+00:00,1.3252334594726562,90000,,
148,result_writing,CICIDS2017,cicids2017_friday_holdout_sample,2,hist_gradient_boosting,a1_constrained_score_search,2026-06-12T10:49:32.727664+00:00,2026-06-12T10:49:32.731155+00:00,0.0034902095794677734,1,results/raw/tier_e_core4_hgb_mlp_timed_cicids2017/CICIDS2017_cicids2017_friday_holdout_sample_hist_gradient_boosting_a1_constrained_score_search_2.csv,
149,threat_evaluation,CICIDS2017,cicids2017_friday_holdout_sample,2,hist_gradient_boosting,a4_split_shift,2026-06-12T10:49:32.731199+00:00,2026-06-12T10:49:32.835598+00:00,0.10439944267272949,90000,,
150,result_writing,CICIDS2017,cicids2017_friday_holdout_sample,2,hist_gradient_boosting,a4_split_shift,2026-06-12T10:49:32.835788+00:00,2026-06-12T10:49:32.839162+00:00,0.0033736228942871094,1,results/raw/tier_e_core4_hgb_mlp_timed_cicids2017/CICIDS2017_cicids2017_friday_holdout_sample_hist_gradient_boosting_a4_split_shift_2.csv,
151,split_construction,CICIDS2017,cicids2017_friday_holdout_sample,2,logistic_regression,,2026-06-12T10:49:32.839245+00:00,2026-06-12T10:49:32.968544+00:00,0.12929940223693848,240000,,
152,preprocessing,CICIDS2017,cicids2017_friday_holdout_sample,2,logistic_regression,,2026-06-12T10:49:32.968667+00:00,2026-06-12T10:49:35.369060+00:00,2.4003922939300537,240000,,
153,model_training,CICIDS2017,cicids2017_friday_holdout_sample,2,logistic_regression,,2026-06-12T10:49:35.369200+00:00,2026-06-12T10:49:55.094238+00:00,19.725037574768066,240000,,
154,clean_profile,CICIDS2017,cicids2017_friday_holdout_sample,2,logistic_regression,,2026-06-12T10:49:55.094326+00:00,2026-06-12T10:49:55.160368+00:00,0.06604290008544922,240000,,
155,threat_evaluation,CICIDS2017,cicids2017_friday_holdout_sample,2,logistic_regression,a0_clean,2026-06-12T10:49:55.166531+00:00,2026-06-12T10:49:55.192450+00:00,0.025919198989868164,90000,,
156,result_writing,CICIDS2017,cicids2017_friday_holdout_sample,2,logistic_regression,a0_clean,2026-06-12T10:49:55.192624+00:00,2026-06-12T10:49:55.196258+00:00,0.0036334991455078125,1,results/raw/tier_e_core4_hgb_mlp_timed_cicids2017/CICIDS2017_cicids2017_friday_holdout_sample_logistic_regression_a0_clean_2.csv,
157,threat_evaluation,CICIDS2017,cicids2017_friday_holdout_sample,2,logistic_regression,a1_constrained_feature,2026-06-12T10:49:55.196308+00:00,2026-06-12T10:49:55.413573+00:00,0.21726441383361816,90000,,
158,result_writing,CICIDS2017,cicids2017_friday_holdout_sample,2,logistic_regression,a1_constrained_feature,2026-06-12T10:49:55.413751+00:00,2026-06-12T10:49:55.417174+00:00,0.003422975540161133,1,results/raw/tier_e_core4_hgb_mlp_timed_cicids2017/CICIDS2017_cicids2017_friday_holdout_sample_logistic_regression_a1_constrained_feature_2.csv,
159,threat_evaluation,CICIDS2017,cicids2017_friday_holdout_sample,2,logistic_regression,a1_constrained_score_search,2026-06-12T10:49:55.417221+00:00,2026-06-12T10:49:56.267440+00:00,0.8502197265625,90000,,
160,result_writing,CICIDS2017,cicids2017_friday_holdout_sample,2,logistic_regression,a1_constrained_score_search,2026-06-12T10:49:56.267623+00:00,2026-06-12T10:49:56.271044+00:00,0.0034210681915283203,1,results/raw/tier_e_core4_hgb_mlp_timed_cicids2017/CICIDS2017_cicids2017_friday_holdout_sample_logistic_regression_a1_constrained_score_search_2.csv,
161,threat_evaluation,CICIDS2017,cicids2017_friday_holdout_sample,2,logistic_regression,a4_split_shift,2026-06-12T10:49:56.271089+00:00,2026-06-12T10:49:56.296438+00:00,0.02534961700439453,90000,,
162,result_writing,CICIDS2017,cicids2017_friday_holdout_sample,2,logistic_regression,a4_split_shift,2026-06-12T10:49:56.296609+00:00,2026-06-12T10:49:56.300010+00:00,0.003401041030883789,1,results/raw/tier_e_core4_hgb_mlp_timed_cicids2017/CICIDS2017_cicids2017_friday_holdout_sample_logistic_regression_a4_split_shift_2.csv,
163,split_construction,CICIDS2017,cicids2017_friday_holdout_sample,2,mlp_sklearn,,2026-06-12T10:49:56.300101+00:00,2026-06-12T10:49:56.430014+00:00,0.1299130916595459,240000,,
164,preprocessing,CICIDS2017,cicids2017_friday_holdout_sample,2,mlp_sklearn,,2026-06-12T10:49:56.430142+00:00,2026-06-12T10:49:58.819468+00:00,2.389326333999634,240000,,
165,model_training,CICIDS2017,cicids2017_friday_holdout_sample,2,mlp_sklearn,,2026-06-12T10:49:58.819639+00:00,2026-06-12T10:50:07.575462+00:00,8.755822896957397,240000,,
166,clean_profile,CICIDS2017,cicids2017_friday_holdout_sample,2,mlp_sklearn,,2026-06-12T10:50:07.575539+00:00,2026-06-12T10:50:07.711069+00:00,0.1355304718017578,240000,,
167,threat_evaluation,CICIDS2017,cicids2017_friday_holdout_sample,2,mlp_sklearn,a0_clean,2026-06-12T10:50:07.716787+00:00,2026-06-12T10:50:07.771875+00:00,0.055088043212890625,90000,,
168,result_writing,CICIDS2017,cicids2017_friday_holdout_sample,2,mlp_sklearn,a0_clean,2026-06-12T10:50:07.772058+00:00,2026-06-12T10:50:07.775575+00:00,0.0035161972045898438,1,results/raw/tier_e_core4_hgb_mlp_timed_cicids2017/CICIDS2017_cicids2017_friday_holdout_sample_mlp_sklearn_a0_clean_2.csv,
169,threat_evaluation,CICIDS2017,cicids2017_friday_holdout_sample,2,mlp_sklearn,a1_constrained_feature,2026-06-12T10:50:07.775624+00:00,2026-06-12T10:50:08.018216+00:00,0.24259257316589355,90000,,
170,result_writing,CICIDS2017,cicids2017_friday_holdout_sample,2,mlp_sklearn,a1_constrained_feature,2026-06-12T10:50:08.018400+00:00,2026-06-12T10:50:08.021832+00:00,0.0034313201904296875,1,results/raw/tier_e_core4_hgb_mlp_timed_cicids2017/CICIDS2017_cicids2017_friday_holdout_sample_mlp_sklearn_a1_constrained_feature_2.csv,
171,threat_evaluation,CICIDS2017,cicids2017_friday_holdout_sample,2,mlp_sklearn,a1_constrained_score_search,2026-06-12T10:50:08.021876+00:00,2026-06-12T10:50:08.960902+00:00,0.9390261173248291,90000,,
172,result_writing,CICIDS2017,cicids2017_friday_holdout_sample,2,mlp_sklearn,a1_constrained_score_search,2026-06-12T10:50:08.961090+00:00,2026-06-12T10:50:08.964470+00:00,0.00337982177734375,1,results/raw/tier_e_core4_hgb_mlp_timed_cicids2017/CICIDS2017_cicids2017_friday_holdout_sample_mlp_sklearn_a1_constrained_score_search_2.csv,
173,threat_evaluation,CICIDS2017,cicids2017_friday_holdout_sample,2,mlp_sklearn,a4_split_shift,2026-06-12T10:50:08.964517+00:00,2026-06-12T10:50:09.017877+00:00,0.0533597469329834,90000,,
174,result_writing,CICIDS2017,cicids2017_friday_holdout_sample,2,mlp_sklearn,a4_split_shift,2026-06-12T10:50:09.018043+00:00,2026-06-12T10:50:09.021454+00:00,0.0034117698669433594,1,results/raw/tier_e_core4_hgb_mlp_timed_cicids2017/CICIDS2017_cicids2017_friday_holdout_sample_mlp_sklearn_a4_split_shift_2.csv,
175,split_construction,CICIDS2017,cicids2017_friday_holdout_sample,2,random_forest,,2026-06-12T10:50:09.021540+00:00,2026-06-12T10:50:09.151985+00:00,0.13044428825378418,240000,,
176,preprocessing,CICIDS2017,cicids2017_friday_holdout_sample,2,random_forest,,2026-06-12T10:50:09.152113+00:00,2026-06-12T10:50:11.539940+00:00,2.387826919555664,240000,,
177,model_training,CICIDS2017,cicids2017_friday_holdout_sample,2,random_forest,,2026-06-12T10:50:11.540135+00:00,2026-06-12T10:50:28.760670+00:00,17.220535039901733,240000,,
178,clean_profile,CICIDS2017,cicids2017_friday_holdout_sample,2,random_forest,,2026-06-12T10:50:28.760759+00:00,2026-06-12T10:50:29.620215+00:00,0.8594553470611572,240000,,
179,threat_evaluation,CICIDS2017,cicids2017_friday_holdout_sample,2,random_forest,a0_clean,2026-06-12T10:50:29.625914+00:00,2026-06-12T10:50:29.918708+00:00,0.29279398918151855,90000,,
180,result_writing,CICIDS2017,cicids2017_friday_holdout_sample,2,random_forest,a0_clean,2026-06-12T10:50:29.918886+00:00,2026-06-12T10:50:29.922412+00:00,0.0035262107849121094,1,results/raw/tier_e_core4_hgb_mlp_timed_cicids2017/CICIDS2017_cicids2017_friday_holdout_sample_random_forest_a0_clean_2.csv,
181,threat_evaluation,CICIDS2017,cicids2017_friday_holdout_sample,2,random_forest,a1_constrained_feature,2026-06-12T10:50:29.922463+00:00,2026-06-12T10:50:30.416290+00:00,0.49382686614990234,90000,,
182,result_writing,CICIDS2017,cicids2017_friday_holdout_sample,2,random_forest,a1_constrained_feature,2026-06-12T10:50:30.416473+00:00,2026-06-12T10:50:30.419925+00:00,0.0034515857696533203,1,results/raw/tier_e_core4_hgb_mlp_timed_cicids2017/CICIDS2017_cicids2017_friday_holdout_sample_random_forest_a1_constrained_feature_2.csv,
183,threat_evaluation,CICIDS2017,cicids2017_friday_holdout_sample,2,random_forest,a1_constrained_score_search,2026-06-12T10:50:30.419976+00:00,2026-06-12T10:50:31.841512+00:00,1.4215362071990967,90000,,
184,result_writing,CICIDS2017,cicids2017_friday_holdout_sample,2,random_forest,a1_constrained_score_search,2026-06-12T10:50:31.841689+00:00,2026-06-12T10:50:31.845148+00:00,0.003458738327026367,1,results/raw/tier_e_core4_hgb_mlp_timed_cicids2017/CICIDS2017_cicids2017_friday_holdout_sample_random_forest_a1_constrained_score_search_2.csv,
185,threat_evaluation,CICIDS2017,cicids2017_friday_holdout_sample,2,random_forest,a4_split_shift,2026-06-12T10:50:31.845196+00:00,2026-06-12T10:50:32.136714+00:00,0.2915172576904297,90000,,
186,result_writing,CICIDS2017,cicids2017_friday_holdout_sample,2,random_forest,a4_split_shift,2026-06-12T10:50:32.136885+00:00,2026-06-12T10:50:32.140320+00:00,0.0034356117248535156,1,results/raw/tier_e_core4_hgb_mlp_timed_cicids2017/CICIDS2017_cicids2017_friday_holdout_sample_random_forest_a4_split_shift_2.csv,
187,dataset_load,CICIDS2017,cicids2017_friday_holdout_sample,3,,,2026-06-12T10:50:32.140371+00:00,2026-06-12T10:50:38.134248+00:00,5.993877172470093,240000,,
188,preprocess_manifest,CICIDS2017,cicids2017_friday_holdout_sample,3,,,2026-06-12T10:50:38.134367+00:00,2026-06-12T10:50:40.335334+00:00,2.2009665966033936,240000,,
189,split_construction,CICIDS2017,cicids2017_friday_holdout_sample,3,extra_trees,,2026-06-12T10:50:40.335511+00:00,2026-06-12T10:50:40.464298+00:00,0.12878632545471191,240000,,
190,preprocessing,CICIDS2017,cicids2017_friday_holdout_sample,3,extra_trees,,2026-06-12T10:50:40.464417+00:00,2026-06-12T10:50:42.850737+00:00,2.386319398880005,240000,,
191,model_training,CICIDS2017,cicids2017_friday_holdout_sample,3,extra_trees,,2026-06-12T10:50:42.850922+00:00,2026-06-12T10:50:52.915212+00:00,10.064289569854736,240000,,
192,clean_profile,CICIDS2017,cicids2017_friday_holdout_sample,3,extra_trees,,2026-06-12T10:50:52.915298+00:00,2026-06-12T10:50:54.189704+00:00,1.2744061946868896,240000,,
193,threat_evaluation,CICIDS2017,cicids2017_friday_holdout_sample,3,extra_trees,a0_clean,2026-06-12T10:50:54.195652+00:00,2026-06-12T10:50:54.625851+00:00,0.43019938468933105,90000,,
194,result_writing,CICIDS2017,cicids2017_friday_holdout_sample,3,extra_trees,a0_clean,2026-06-12T10:50:54.626025+00:00,2026-06-12T10:50:54.629530+00:00,0.003505706787109375,1,results/raw/tier_e_core4_hgb_mlp_timed_cicids2017/CICIDS2017_cicids2017_friday_holdout_sample_extra_trees_a0_clean_3.csv,
195,threat_evaluation,CICIDS2017,cicids2017_friday_holdout_sample,3,extra_trees,a1_constrained_feature,2026-06-12T10:50:54.629584+00:00,2026-06-12T10:50:55.266095+00:00,0.6365115642547607,90000,,
196,result_writing,CICIDS2017,cicids2017_friday_holdout_sample,3,extra_trees,a1_constrained_feature,2026-06-12T10:50:55.266276+00:00,2026-06-12T10:50:55.269706+00:00,0.003429412841796875,1,results/raw/tier_e_core4_hgb_mlp_timed_cicids2017/CICIDS2017_cicids2017_friday_holdout_sample_extra_trees_a1_constrained_feature_3.csv,
197,threat_evaluation,CICIDS2017,cicids2017_friday_holdout_sample,3,extra_trees,a1_constrained_score_search,2026-06-12T10:50:55.269753+00:00,2026-06-12T10:50:56.917665+00:00,1.647911548614502,90000,,
198,result_writing,CICIDS2017,cicids2017_friday_holdout_sample,3,extra_trees,a1_constrained_score_search,2026-06-12T10:50:56.917848+00:00,2026-06-12T10:50:56.921283+00:00,0.003435373306274414,1,results/raw/tier_e_core4_hgb_mlp_timed_cicids2017/CICIDS2017_cicids2017_friday_holdout_sample_extra_trees_a1_constrained_score_search_3.csv,
199,threat_evaluation,CICIDS2017,cicids2017_friday_holdout_sample,3,extra_trees,a4_split_shift,2026-06-12T10:50:56.921336+00:00,2026-06-12T10:50:57.352578+00:00,0.431241512298584,90000,,
200,result_writing,CICIDS2017,cicids2017_friday_holdout_sample,3,extra_trees,a4_split_shift,2026-06-12T10:50:57.352751+00:00,2026-06-12T10:50:57.356218+00:00,0.0034666061401367188,1,results/raw/tier_e_core4_hgb_mlp_timed_cicids2017/CICIDS2017_cicids2017_friday_holdout_sample_extra_trees_a4_split_shift_3.csv,
201,split_construction,CICIDS2017,cicids2017_friday_holdout_sample,3,hist_gradient_boosting,,2026-06-12T10:50:57.356302+00:00,2026-06-12T10:50:57.486477+00:00,0.13017487525939941,240000,,
202,preprocessing,CICIDS2017,cicids2017_friday_holdout_sample,3,hist_gradient_boosting,,2026-06-12T10:50:57.486597+00:00,2026-06-12T10:50:59.880107+00:00,2.393510103225708,240000,,
203,model_training,CICIDS2017,cicids2017_friday_holdout_sample,3,hist_gradient_boosting,,2026-06-12T10:50:59.880278+00:00,2026-06-12T10:51:03.062670+00:00,3.18239164352417,240000,,
204,clean_profile,CICIDS2017,cicids2017_friday_holdout_sample,3,hist_gradient_boosting,,2026-06-12T10:51:03.062762+00:00,2026-06-12T10:51:03.344844+00:00,0.28208160400390625,240000,,
205,threat_evaluation,CICIDS2017,cicids2017_friday_holdout_sample,3,hist_gradient_boosting,a0_clean,2026-06-12T10:51:03.350558+00:00,2026-06-12T10:51:03.450859+00:00,0.10030031204223633,90000,,
206,result_writing,CICIDS2017,cicids2017_friday_holdout_sample,3,hist_gradient_boosting,a0_clean,2026-06-12T10:51:03.451034+00:00,2026-06-12T10:51:03.454545+00:00,0.0035119056701660156,1,results/raw/tier_e_core4_hgb_mlp_timed_cicids2017/CICIDS2017_cicids2017_friday_holdout_sample_hist_gradient_boosting_a0_clean_3.csv,
207,threat_evaluation,CICIDS2017,cicids2017_friday_holdout_sample,3,hist_gradient_boosting,a1_constrained_feature,2026-06-12T10:51:03.454593+00:00,2026-06-12T10:51:03.770275+00:00,0.31568241119384766,90000,,
208,result_writing,CICIDS2017,cicids2017_friday_holdout_sample,3,hist_gradient_boosting,a1_constrained_feature,2026-06-12T10:51:03.770447+00:00,2026-06-12T10:51:03.773902+00:00,0.0034551620483398438,1,results/raw/tier_e_core4_hgb_mlp_timed_cicids2017/CICIDS2017_cicids2017_friday_holdout_sample_hist_gradient_boosting_a1_constrained_feature_3.csv,
209,threat_evaluation,CICIDS2017,cicids2017_friday_holdout_sample,3,hist_gradient_boosting,a1_constrained_score_search,2026-06-12T10:51:03.773946+00:00,2026-06-12T10:51:05.078290+00:00,1.3043432235717773,90000,,
210,result_writing,CICIDS2017,cicids2017_friday_holdout_sample,3,hist_gradient_boosting,a1_constrained_score_search,2026-06-12T10:51:05.078471+00:00,2026-06-12T10:51:05.081929+00:00,0.0034575462341308594,1,results/raw/tier_e_core4_hgb_mlp_timed_cicids2017/CICIDS2017_cicids2017_friday_holdout_sample_hist_gradient_boosting_a1_constrained_score_search_3.csv,
211,threat_evaluation,CICIDS2017,cicids2017_friday_holdout_sample,3,hist_gradient_boosting,a4_split_shift,2026-06-12T10:51:05.081973+00:00,2026-06-12T10:51:05.202891+00:00,0.12091803550720215,90000,,
212,result_writing,CICIDS2017,cicids2017_friday_holdout_sample,3,hist_gradient_boosting,a4_split_shift,2026-06-12T10:51:05.203057+00:00,2026-06-12T10:51:05.206452+00:00,0.003395557403564453,1,results/raw/tier_e_core4_hgb_mlp_timed_cicids2017/CICIDS2017_cicids2017_friday_holdout_sample_hist_gradient_boosting_a4_split_shift_3.csv,
213,split_construction,CICIDS2017,cicids2017_friday_holdout_sample,3,logistic_regression,,2026-06-12T10:51:05.206543+00:00,2026-06-12T10:51:05.336364+00:00,0.1298203468322754,240000,,
214,preprocessing,CICIDS2017,cicids2017_friday_holdout_sample,3,logistic_regression,,2026-06-12T10:51:05.336492+00:00,2026-06-12T10:51:07.729099+00:00,2.3926072120666504,240000,,
215,model_training,CICIDS2017,cicids2017_friday_holdout_sample,3,logistic_regression,,2026-06-12T10:51:07.729247+00:00,2026-06-12T10:51:24.031219+00:00,16.301971673965454,240000,,
216,clean_profile,CICIDS2017,cicids2017_friday_holdout_sample,3,logistic_regression,,2026-06-12T10:51:24.031299+00:00,2026-06-12T10:51:24.081855+00:00,0.05055594444274902,240000,,
217,threat_evaluation,CICIDS2017,cicids2017_friday_holdout_sample,3,logistic_regression,a0_clean,2026-06-12T10:51:24.087987+00:00,2026-06-12T10:51:24.113461+00:00,0.025473356246948242,90000,,
218,result_writing,CICIDS2017,cicids2017_friday_holdout_sample,3,logistic_regression,a0_clean,2026-06-12T10:51:24.113632+00:00,2026-06-12T10:51:24.117187+00:00,0.0035545825958251953,1,results/raw/tier_e_core4_hgb_mlp_timed_cicids2017/CICIDS2017_cicids2017_friday_holdout_sample_logistic_regression_a0_clean_3.csv,
219,threat_evaluation,CICIDS2017,cicids2017_friday_holdout_sample,3,logistic_regression,a1_constrained_feature,2026-06-12T10:51:24.117241+00:00,2026-06-12T10:51:24.331195+00:00,0.21395373344421387,90000,,
220,result_writing,CICIDS2017,cicids2017_friday_holdout_sample,3,logistic_regression,a1_constrained_feature,2026-06-12T10:51:24.331372+00:00,2026-06-12T10:51:24.334788+00:00,0.0034155845642089844,1,results/raw/tier_e_core4_hgb_mlp_timed_cicids2017/CICIDS2017_cicids2017_friday_holdout_sample_logistic_regression_a1_constrained_feature_3.csv,
221,threat_evaluation,CICIDS2017,cicids2017_friday_holdout_sample,3,logistic_regression,a1_constrained_score_search,2026-06-12T10:51:24.334835+00:00,2026-06-12T10:51:25.183441+00:00,0.8486058712005615,90000,,
222,result_writing,CICIDS2017,cicids2017_friday_holdout_sample,3,logistic_regression,a1_constrained_score_search,2026-06-12T10:51:25.183615+00:00,2026-06-12T10:51:25.187041+00:00,0.003426074981689453,1,results/raw/tier_e_core4_hgb_mlp_timed_cicids2017/CICIDS2017_cicids2017_friday_holdout_sample_logistic_regression_a1_constrained_score_search_3.csv,
223,threat_evaluation,CICIDS2017,cicids2017_friday_holdout_sample,3,logistic_regression,a4_split_shift,2026-06-12T10:51:25.187086+00:00,2026-06-12T10:51:25.212584+00:00,0.0254971981048584,90000,,
224,result_writing,CICIDS2017,cicids2017_friday_holdout_sample,3,logistic_regression,a4_split_shift,2026-06-12T10:51:25.212751+00:00,2026-06-12T10:51:25.216148+00:00,0.003396749496459961,1,results/raw/tier_e_core4_hgb_mlp_timed_cicids2017/CICIDS2017_cicids2017_friday_holdout_sample_logistic_regression_a4_split_shift_3.csv,
225,split_construction,CICIDS2017,cicids2017_friday_holdout_sample,3,mlp_sklearn,,2026-06-12T10:51:25.216234+00:00,2026-06-12T10:51:25.345897+00:00,0.12966346740722656,240000,,
226,preprocessing,CICIDS2017,cicids2017_friday_holdout_sample,3,mlp_sklearn,,2026-06-12T10:51:25.346025+00:00,2026-06-12T10:51:27.816322+00:00,2.4702963829040527,240000,,
227,model_training,CICIDS2017,cicids2017_friday_holdout_sample,3,mlp_sklearn,,2026-06-12T10:51:27.816493+00:00,2026-06-12T10:51:42.155311+00:00,14.338817834854126,240000,,
228,clean_profile,CICIDS2017,cicids2017_friday_holdout_sample,3,mlp_sklearn,,2026-06-12T10:51:42.155389+00:00,2026-06-12T10:51:42.289803+00:00,0.1344137191772461,240000,,
229,threat_evaluation,CICIDS2017,cicids2017_friday_holdout_sample,3,mlp_sklearn,a0_clean,2026-06-12T10:51:42.295577+00:00,2026-06-12T10:51:42.350068+00:00,0.05449080467224121,90000,,
230,result_writing,CICIDS2017,cicids2017_friday_holdout_sample,3,mlp_sklearn,a0_clean,2026-06-12T10:51:42.350237+00:00,2026-06-12T10:51:42.353699+00:00,0.0034627914428710938,1,results/raw/tier_e_core4_hgb_mlp_timed_cicids2017/CICIDS2017_cicids2017_friday_holdout_sample_mlp_sklearn_a0_clean_3.csv,
231,threat_evaluation,CICIDS2017,cicids2017_friday_holdout_sample,3,mlp_sklearn,a1_constrained_feature,2026-06-12T10:51:42.353749+00:00,2026-06-12T10:51:42.595046+00:00,0.24129724502563477,90000,,
232,result_writing,CICIDS2017,cicids2017_friday_holdout_sample,3,mlp_sklearn,a1_constrained_feature,2026-06-12T10:51:42.595228+00:00,2026-06-12T10:51:42.598634+00:00,0.0034058094024658203,1,results/raw/tier_e_core4_hgb_mlp_timed_cicids2017/CICIDS2017_cicids2017_friday_holdout_sample_mlp_sklearn_a1_constrained_feature_3.csv,
233,threat_evaluation,CICIDS2017,cicids2017_friday_holdout_sample,3,mlp_sklearn,a1_constrained_score_search,2026-06-12T10:51:42.598677+00:00,2026-06-12T10:51:43.537671+00:00,0.9389939308166504,90000,,
234,result_writing,CICIDS2017,cicids2017_friday_holdout_sample,3,mlp_sklearn,a1_constrained_score_search,2026-06-12T10:51:43.537848+00:00,2026-06-12T10:51:43.541260+00:00,0.003411531448364258,1,results/raw/tier_e_core4_hgb_mlp_timed_cicids2017/CICIDS2017_cicids2017_friday_holdout_sample_mlp_sklearn_a1_constrained_score_search_3.csv,
235,threat_evaluation,CICIDS2017,cicids2017_friday_holdout_sample,3,mlp_sklearn,a4_split_shift,2026-06-12T10:51:43.541305+00:00,2026-06-12T10:51:43.594983+00:00,0.05367779731750488,90000,,
236,result_writing,CICIDS2017,cicids2017_friday_holdout_sample,3,mlp_sklearn,a4_split_shift,2026-06-12T10:51:43.595147+00:00,2026-06-12T10:51:43.598558+00:00,0.0034112930297851562,1,results/raw/tier_e_core4_hgb_mlp_timed_cicids2017/CICIDS2017_cicids2017_friday_holdout_sample_mlp_sklearn_a4_split_shift_3.csv,
237,split_construction,CICIDS2017,cicids2017_friday_holdout_sample,3,random_forest,,2026-06-12T10:51:43.598647+00:00,2026-06-12T10:51:43.729017+00:00,0.1303703784942627,240000,,
238,preprocessing,CICIDS2017,cicids2017_friday_holdout_sample,3,random_forest,,2026-06-12T10:51:43.729145+00:00,2026-06-12T10:51:46.123920+00:00,2.394774913787842,240000,,
239,model_training,CICIDS2017,cicids2017_friday_holdout_sample,3,random_forest,,2026-06-12T10:51:46.124113+00:00,2026-06-12T10:52:03.293320+00:00,17.16920757293701,240000,,
240,clean_profile,CICIDS2017,cicids2017_friday_holdout_sample,3,random_forest,,2026-06-12T10:52:03.293411+00:00,2026-06-12T10:52:04.152575+00:00,0.8591644763946533,240000,,
241,threat_evaluation,CICIDS2017,cicids2017_friday_holdout_sample,3,random_forest,a0_clean,2026-06-12T10:52:04.158319+00:00,2026-06-12T10:52:04.448194+00:00,0.2898745536804199,90000,,
242,result_writing,CICIDS2017,cicids2017_friday_holdout_sample,3,random_forest,a0_clean,2026-06-12T10:52:04.448366+00:00,2026-06-12T10:52:04.451834+00:00,0.003468036651611328,1,results/raw/tier_e_core4_hgb_mlp_timed_cicids2017/CICIDS2017_cicids2017_friday_holdout_sample_random_forest_a0_clean_3.csv,
243,threat_evaluation,CICIDS2017,cicids2017_friday_holdout_sample,3,random_forest,a1_constrained_feature,2026-06-12T10:52:04.451889+00:00,2026-06-12T10:52:04.954478+00:00,0.5025887489318848,90000,,
244,result_writing,CICIDS2017,cicids2017_friday_holdout_sample,3,random_forest,a1_constrained_feature,2026-06-12T10:52:04.954657+00:00,2026-06-12T10:52:04.958133+00:00,0.0034759044647216797,1,results/raw/tier_e_core4_hgb_mlp_timed_cicids2017/CICIDS2017_cicids2017_friday_holdout_sample_random_forest_a1_constrained_feature_3.csv,
245,threat_evaluation,CICIDS2017,cicids2017_friday_holdout_sample,3,random_forest,a1_constrained_score_search,2026-06-12T10:52:04.958187+00:00,2026-06-12T10:52:06.379390+00:00,1.4212024211883545,90000,,
246,result_writing,CICIDS2017,cicids2017_friday_holdout_sample,3,random_forest,a1_constrained_score_search,2026-06-12T10:52:06.379566+00:00,2026-06-12T10:52:06.383032+00:00,0.0034661293029785156,1,results/raw/tier_e_core4_hgb_mlp_timed_cicids2017/CICIDS2017_cicids2017_friday_holdout_sample_random_forest_a1_constrained_score_search_3.csv,
247,threat_evaluation,CICIDS2017,cicids2017_friday_holdout_sample,3,random_forest,a4_split_shift,2026-06-12T10:52:06.383084+00:00,2026-06-12T10:52:06.670507+00:00,0.28742337226867676,90000,,
248,result_writing,CICIDS2017,cicids2017_friday_holdout_sample,3,random_forest,a4_split_shift,2026-06-12T10:52:06.670674+00:00,2026-06-12T10:52:06.674099+00:00,0.003425121307373047,1,results/raw/tier_e_core4_hgb_mlp_timed_cicids2017/CICIDS2017_cicids2017_friday_holdout_sample_random_forest_a4_split_shift_3.csv,
249,dataset_load,CICIDS2017,cicids2017_friday_holdout_sample,4,,,2026-06-12T10:52:06.674150+00:00,2026-06-12T10:52:12.622596+00:00,5.9484453201293945,240000,,
250,preprocess_manifest,CICIDS2017,cicids2017_friday_holdout_sample,4,,,2026-06-12T10:52:12.622725+00:00,2026-06-12T10:52:14.785859+00:00,2.1631343364715576,240000,,
251,split_construction,CICIDS2017,cicids2017_friday_holdout_sample,4,extra_trees,,2026-06-12T10:52:14.786031+00:00,2026-06-12T10:52:14.916151+00:00,0.13012003898620605,240000,,
252,preprocessing,CICIDS2017,cicids2017_friday_holdout_sample,4,extra_trees,,2026-06-12T10:52:14.916284+00:00,2026-06-12T10:52:17.311583+00:00,2.3952994346618652,240000,,
253,model_training,CICIDS2017,cicids2017_friday_holdout_sample,4,extra_trees,,2026-06-12T10:52:17.311807+00:00,2026-06-12T10:52:27.534429+00:00,10.222622156143188,240000,,
254,clean_profile,CICIDS2017,cicids2017_friday_holdout_sample,4,extra_trees,,2026-06-12T10:52:27.534518+00:00,2026-06-12T10:52:28.901275+00:00,1.3667571544647217,240000,,
255,threat_evaluation,CICIDS2017,cicids2017_friday_holdout_sample,4,extra_trees,a0_clean,2026-06-12T10:52:28.907042+00:00,2026-06-12T10:52:29.365947+00:00,0.4589059352874756,90000,,
256,result_writing,CICIDS2017,cicids2017_friday_holdout_sample,4,extra_trees,a0_clean,2026-06-12T10:52:29.366123+00:00,2026-06-12T10:52:29.369666+00:00,0.0035431385040283203,1,results/raw/tier_e_core4_hgb_mlp_timed_cicids2017/CICIDS2017_cicids2017_friday_holdout_sample_extra_trees_a0_clean_4.csv,
257,threat_evaluation,CICIDS2017,cicids2017_friday_holdout_sample,4,extra_trees,a1_constrained_feature,2026-06-12T10:52:29.369718+00:00,2026-06-12T10:52:30.024530+00:00,0.6548120975494385,90000,,
258,result_writing,CICIDS2017,cicids2017_friday_holdout_sample,4,extra_trees,a1_constrained_feature,2026-06-12T10:52:30.024714+00:00,2026-06-12T10:52:30.028176+00:00,0.0034618377685546875,1,results/raw/tier_e_core4_hgb_mlp_timed_cicids2017/CICIDS2017_cicids2017_friday_holdout_sample_extra_trees_a1_constrained_feature_4.csv,
259,threat_evaluation,CICIDS2017,cicids2017_friday_holdout_sample,4,extra_trees,a1_constrained_score_search,2026-06-12T10:52:30.028228+00:00,2026-06-12T10:52:31.736223+00:00,1.7079951763153076,90000,,
260,result_writing,CICIDS2017,cicids2017_friday_holdout_sample,4,extra_trees,a1_constrained_score_search,2026-06-12T10:52:31.736407+00:00,2026-06-12T10:52:31.739893+00:00,0.0034859180450439453,1,results/raw/tier_e_core4_hgb_mlp_timed_cicids2017/CICIDS2017_cicids2017_friday_holdout_sample_extra_trees_a1_constrained_score_search_4.csv,
261,threat_evaluation,CICIDS2017,cicids2017_friday_holdout_sample,4,extra_trees,a4_split_shift,2026-06-12T10:52:31.739946+00:00,2026-06-12T10:52:32.201581+00:00,0.4616353511810303,90000,,
262,result_writing,CICIDS2017,cicids2017_friday_holdout_sample,4,extra_trees,a4_split_shift,2026-06-12T10:52:32.201751+00:00,2026-06-12T10:52:32.205313+00:00,0.0035619735717773438,1,results/raw/tier_e_core4_hgb_mlp_timed_cicids2017/CICIDS2017_cicids2017_friday_holdout_sample_extra_trees_a4_split_shift_4.csv,
263,split_construction,CICIDS2017,cicids2017_friday_holdout_sample,4,hist_gradient_boosting,,2026-06-12T10:52:32.205404+00:00,2026-06-12T10:52:32.336429+00:00,0.13102459907531738,240000,,
264,preprocessing,CICIDS2017,cicids2017_friday_holdout_sample,4,hist_gradient_boosting,,2026-06-12T10:52:32.336547+00:00,2026-06-12T10:52:34.777293+00:00,2.4407455921173096,240000,,
265,model_training,CICIDS2017,cicids2017_friday_holdout_sample,4,hist_gradient_boosting,,2026-06-12T10:52:34.777474+00:00,2026-06-12T10:52:38.090085+00:00,3.312610149383545,240000,,
266,clean_profile,CICIDS2017,cicids2017_friday_holdout_sample,4,hist_gradient_boosting,,2026-06-12T10:52:38.090177+00:00,2026-06-12T10:52:38.369401+00:00,0.2792234420776367,240000,,
267,threat_evaluation,CICIDS2017,cicids2017_friday_holdout_sample,4,hist_gradient_boosting,a0_clean,2026-06-12T10:52:38.375073+00:00,2026-06-12T10:52:38.471455+00:00,0.09638214111328125,90000,,
268,result_writing,CICIDS2017,cicids2017_friday_holdout_sample,4,hist_gradient_boosting,a0_clean,2026-06-12T10:52:38.471626+00:00,2026-06-12T10:52:38.475101+00:00,0.0034744739532470703,1,results/raw/tier_e_core4_hgb_mlp_timed_cicids2017/CICIDS2017_cicids2017_friday_holdout_sample_hist_gradient_boosting_a0_clean_4.csv,
269,threat_evaluation,CICIDS2017,cicids2017_friday_holdout_sample,4,hist_gradient_boosting,a1_constrained_feature,2026-06-12T10:52:38.475147+00:00,2026-06-12T10:52:38.812331+00:00,0.33718395233154297,90000,,
270,result_writing,CICIDS2017,cicids2017_friday_holdout_sample,4,hist_gradient_boosting,a1_constrained_feature,2026-06-12T10:52:38.812512+00:00,2026-06-12T10:52:38.815940+00:00,0.0034279823303222656,1,results/raw/tier_e_core4_hgb_mlp_timed_cicids2017/CICIDS2017_cicids2017_friday_holdout_sample_hist_gradient_boosting_a1_constrained_feature_4.csv,
271,threat_evaluation,CICIDS2017,cicids2017_friday_holdout_sample,4,hist_gradient_boosting,a1_constrained_score_search,2026-06-12T10:52:38.815984+00:00,2026-06-12T10:52:40.112872+00:00,1.2968883514404297,90000,,
272,result_writing,CICIDS2017,cicids2017_friday_holdout_sample,4,hist_gradient_boosting,a1_constrained_score_search,2026-06-12T10:52:40.113051+00:00,2026-06-12T10:52:40.116465+00:00,0.003414154052734375,1,results/raw/tier_e_core4_hgb_mlp_timed_cicids2017/CICIDS2017_cicids2017_friday_holdout_sample_hist_gradient_boosting_a1_constrained_score_search_4.csv,
273,threat_evaluation,CICIDS2017,cicids2017_friday_holdout_sample,4,hist_gradient_boosting,a4_split_shift,2026-06-12T10:52:40.116509+00:00,2026-06-12T10:52:40.221335+00:00,0.10482573509216309,90000,,
274,result_writing,CICIDS2017,cicids2017_friday_holdout_sample,4,hist_gradient_boosting,a4_split_shift,2026-06-12T10:52:40.221501+00:00,2026-06-12T10:52:40.224909+00:00,0.003407716751098633,1,results/raw/tier_e_core4_hgb_mlp_timed_cicids2017/CICIDS2017_cicids2017_friday_holdout_sample_hist_gradient_boosting_a4_split_shift_4.csv,
275,split_construction,CICIDS2017,cicids2017_friday_holdout_sample,4,logistic_regression,,2026-06-12T10:52:40.224998+00:00,2026-06-12T10:52:40.355025+00:00,0.13002705574035645,240000,,
276,preprocessing,CICIDS2017,cicids2017_friday_holdout_sample,4,logistic_regression,,2026-06-12T10:52:40.355142+00:00,2026-06-12T10:52:42.759426+00:00,2.4042844772338867,240000,,
277,model_training,CICIDS2017,cicids2017_friday_holdout_sample,4,logistic_regression,,2026-06-12T10:52:42.759570+00:00,2026-06-12T10:53:02.967591+00:00,20.20802092552185,240000,,
278,clean_profile,CICIDS2017,cicids2017_friday_holdout_sample,4,logistic_regression,,2026-06-12T10:53:02.967681+00:00,2026-06-12T10:53:03.018519+00:00,0.05083823204040527,240000,,
279,threat_evaluation,CICIDS2017,cicids2017_friday_holdout_sample,4,logistic_regression,a0_clean,2026-06-12T10:53:03.024531+00:00,2026-06-12T10:53:03.050091+00:00,0.02556014060974121,90000,,
280,result_writing,CICIDS2017,cicids2017_friday_holdout_sample,4,logistic_regression,a0_clean,2026-06-12T10:53:03.050266+00:00,2026-06-12T10:53:03.053767+00:00,0.0035016536712646484,1,results/raw/tier_e_core4_hgb_mlp_timed_cicids2017/CICIDS2017_cicids2017_friday_holdout_sample_logistic_regression_a0_clean_4.csv,
281,threat_evaluation,CICIDS2017,cicids2017_friday_holdout_sample,4,logistic_regression,a1_constrained_feature,2026-06-12T10:53:03.053819+00:00,2026-06-12T10:53:03.267368+00:00,0.21354889869689941,90000,,
282,result_writing,CICIDS2017,cicids2017_friday_holdout_sample,4,logistic_regression,a1_constrained_feature,2026-06-12T10:53:03.267545+00:00,2026-06-12T10:53:03.270954+00:00,0.003408670425415039,1,results/raw/tier_e_core4_hgb_mlp_timed_cicids2017/CICIDS2017_cicids2017_friday_holdout_sample_logistic_regression_a1_constrained_feature_4.csv,
283,threat_evaluation,CICIDS2017,cicids2017_friday_holdout_sample,4,logistic_regression,a1_constrained_score_search,2026-06-12T10:53:03.270998+00:00,2026-06-12T10:53:04.115953+00:00,0.8449547290802002,90000,,
284,result_writing,CICIDS2017,cicids2017_friday_holdout_sample,4,logistic_regression,a1_constrained_score_search,2026-06-12T10:53:04.116134+00:00,2026-06-12T10:53:04.119519+00:00,0.003384828567504883,1,results/raw/tier_e_core4_hgb_mlp_timed_cicids2017/CICIDS2017_cicids2017_friday_holdout_sample_logistic_regression_a1_constrained_score_search_4.csv,
285,threat_evaluation,CICIDS2017,cicids2017_friday_holdout_sample,4,logistic_regression,a4_split_shift,2026-06-12T10:53:04.119565+00:00,2026-06-12T10:53:04.144813+00:00,0.025248050689697266,90000,,
286,result_writing,CICIDS2017,cicids2017_friday_holdout_sample,4,logistic_regression,a4_split_shift,2026-06-12T10:53:04.144980+00:00,2026-06-12T10:53:04.148406+00:00,0.0034258365631103516,1,results/raw/tier_e_core4_hgb_mlp_timed_cicids2017/CICIDS2017_cicids2017_friday_holdout_sample_logistic_regression_a4_split_shift_4.csv,
287,split_construction,CICIDS2017,cicids2017_friday_holdout_sample,4,mlp_sklearn,,2026-06-12T10:53:04.148493+00:00,2026-06-12T10:53:04.279325+00:00,0.13083171844482422,240000,,
288,preprocessing,CICIDS2017,cicids2017_friday_holdout_sample,4,mlp_sklearn,,2026-06-12T10:53:04.279444+00:00,2026-06-12T10:53:06.665776+00:00,2.386331796646118,240000,,
289,model_training,CICIDS2017,cicids2017_friday_holdout_sample,4,mlp_sklearn,,2026-06-12T10:53:06.665951+00:00,2026-06-12T10:53:20.312011+00:00,13.646060705184937,240000,,
290,clean_profile,CICIDS2017,cicids2017_friday_holdout_sample,4,mlp_sklearn,,2026-06-12T10:53:20.312093+00:00,2026-06-12T10:53:20.447103+00:00,0.1350092887878418,240000,,
291,threat_evaluation,CICIDS2017,cicids2017_friday_holdout_sample,4,mlp_sklearn,a0_clean,2026-06-12T10:53:20.452807+00:00,2026-06-12T10:53:20.507316+00:00,0.05450892448425293,90000,,
292,result_writing,CICIDS2017,cicids2017_friday_holdout_sample,4,mlp_sklearn,a0_clean,2026-06-12T10:53:20.507492+00:00,2026-06-12T10:53:20.511102+00:00,0.003609895706176758,1,results/raw/tier_e_core4_hgb_mlp_timed_cicids2017/CICIDS2017_cicids2017_friday_holdout_sample_mlp_sklearn_a0_clean_4.csv,
293,threat_evaluation,CICIDS2017,cicids2017_friday_holdout_sample,4,mlp_sklearn,a1_constrained_feature,2026-06-12T10:53:20.511152+00:00,2026-06-12T10:53:20.752237+00:00,0.24108481407165527,90000,,
294,result_writing,CICIDS2017,cicids2017_friday_holdout_sample,4,mlp_sklearn,a1_constrained_feature,2026-06-12T10:53:20.752415+00:00,2026-06-12T10:53:20.755851+00:00,0.003435373306274414,1,results/raw/tier_e_core4_hgb_mlp_timed_cicids2017/CICIDS2017_cicids2017_friday_holdout_sample_mlp_sklearn_a1_constrained_feature_4.csv,
295,threat_evaluation,CICIDS2017,cicids2017_friday_holdout_sample,4,mlp_sklearn,a1_constrained_score_search,2026-06-12T10:53:20.755895+00:00,2026-06-12T10:53:21.694218+00:00,0.9383230209350586,90000,,
296,result_writing,CICIDS2017,cicids2017_friday_holdout_sample,4,mlp_sklearn,a1_constrained_score_search,2026-06-12T10:53:21.694396+00:00,2026-06-12T10:53:21.697828+00:00,0.0034322738647460938,1,results/raw/tier_e_core4_hgb_mlp_timed_cicids2017/CICIDS2017_cicids2017_friday_holdout_sample_mlp_sklearn_a1_constrained_score_search_4.csv,
297,threat_evaluation,CICIDS2017,cicids2017_friday_holdout_sample,4,mlp_sklearn,a4_split_shift,2026-06-12T10:53:21.697873+00:00,2026-06-12T10:53:21.751405+00:00,0.05353236198425293,90000,,
298,result_writing,CICIDS2017,cicids2017_friday_holdout_sample,4,mlp_sklearn,a4_split_shift,2026-06-12T10:53:21.751570+00:00,2026-06-12T10:53:21.754979+00:00,0.003409862518310547,1,results/raw/tier_e_core4_hgb_mlp_timed_cicids2017/CICIDS2017_cicids2017_friday_holdout_sample_mlp_sklearn_a4_split_shift_4.csv,
299,split_construction,CICIDS2017,cicids2017_friday_holdout_sample,4,random_forest,,2026-06-12T10:53:21.755070+00:00,2026-06-12T10:53:21.885387+00:00,0.13031697273254395,240000,,
300,preprocessing,CICIDS2017,cicids2017_friday_holdout_sample,4,random_forest,,2026-06-12T10:53:21.885514+00:00,2026-06-12T10:53:24.292477+00:00,2.406963586807251,240000,,
301,model_training,CICIDS2017,cicids2017_friday_holdout_sample,4,random_forest,,2026-06-12T10:53:24.292674+00:00,2026-06-12T10:53:41.654914+00:00,17.362240076065063,240000,,
302,clean_profile,CICIDS2017,cicids2017_friday_holdout_sample,4,random_forest,,2026-06-12T10:53:41.655007+00:00,2026-06-12T10:53:42.573472+00:00,0.9184656143188477,240000,,
303,threat_evaluation,CICIDS2017,cicids2017_friday_holdout_sample,4,random_forest,a0_clean,2026-06-12T10:53:42.579176+00:00,2026-06-12T10:53:42.897282+00:00,0.31810569763183594,90000,,
304,result_writing,CICIDS2017,cicids2017_friday_holdout_sample,4,random_forest,a0_clean,2026-06-12T10:53:42.897448+00:00,2026-06-12T10:53:42.900939+00:00,0.0034914016723632812,1,results/raw/tier_e_core4_hgb_mlp_timed_cicids2017/CICIDS2017_cicids2017_friday_holdout_sample_random_forest_a0_clean_4.csv,
305,threat_evaluation,CICIDS2017,cicids2017_friday_holdout_sample,4,random_forest,a1_constrained_feature,2026-06-12T10:53:42.900991+00:00,2026-06-12T10:53:43.405910+00:00,0.5049183368682861,90000,,
306,result_writing,CICIDS2017,cicids2017_friday_holdout_sample,4,random_forest,a1_constrained_feature,2026-06-12T10:53:43.406094+00:00,2026-06-12T10:53:43.409559+00:00,0.0034644603729248047,1,results/raw/tier_e_core4_hgb_mlp_timed_cicids2017/CICIDS2017_cicids2017_friday_holdout_sample_random_forest_a1_constrained_feature_4.csv,
307,threat_evaluation,CICIDS2017,cicids2017_friday_holdout_sample,4,random_forest,a1_constrained_score_search,2026-06-12T10:53:43.409609+00:00,2026-06-12T10:53:44.839294+00:00,1.429685115814209,90000,,
308,result_writing,CICIDS2017,cicids2017_friday_holdout_sample,4,random_forest,a1_constrained_score_search,2026-06-12T10:53:44.839472+00:00,2026-06-12T10:53:44.842913+00:00,0.0034415721893310547,1,results/raw/tier_e_core4_hgb_mlp_timed_cicids2017/CICIDS2017_cicids2017_friday_holdout_sample_random_forest_a1_constrained_score_search_4.csv,
309,threat_evaluation,CICIDS2017,cicids2017_friday_holdout_sample,4,random_forest,a4_split_shift,2026-06-12T10:53:44.842965+00:00,2026-06-12T10:53:45.160239+00:00,0.3172740936279297,90000,,
310,result_writing,CICIDS2017,cicids2017_friday_holdout_sample,4,random_forest,a4_split_shift,2026-06-12T10:53:45.160415+00:00,2026-06-12T10:53:45.200451+00:00,0.04003596305847168,1,results/raw/tier_e_core4_hgb_mlp_timed_cicids2017/CICIDS2017_cicids2017_friday_holdout_sample_random_forest_a4_split_shift_4.csv,
311,dataset_load,CICIDS2017,cicids2017_friday_holdout_sample,5,,,2026-06-12T10:53:45.200540+00:00,2026-06-12T10:53:51.278986+00:00,6.078446626663208,240000,,
312,preprocess_manifest,CICIDS2017,cicids2017_friday_holdout_sample,5,,,2026-06-12T10:53:51.279129+00:00,2026-06-12T10:53:53.498051+00:00,2.2189221382141113,240000,,
313,split_construction,CICIDS2017,cicids2017_friday_holdout_sample,5,extra_trees,,2026-06-12T10:53:53.498221+00:00,2026-06-12T10:53:53.627642+00:00,0.12942075729370117,240000,,
314,preprocessing,CICIDS2017,cicids2017_friday_holdout_sample,5,extra_trees,,2026-06-12T10:53:53.627795+00:00,2026-06-12T10:53:56.010934+00:00,2.383139133453369,240000,,
315,model_training,CICIDS2017,cicids2017_friday_holdout_sample,5,extra_trees,,2026-06-12T10:53:56.011118+00:00,2026-06-12T10:54:06.145713+00:00,10.134594440460205,240000,,
316,clean_profile,CICIDS2017,cicids2017_friday_holdout_sample,5,extra_trees,,2026-06-12T10:54:06.145802+00:00,2026-06-12T10:54:07.518053+00:00,1.3722503185272217,240000,,
317,threat_evaluation,CICIDS2017,cicids2017_friday_holdout_sample,5,extra_trees,a0_clean,2026-06-12T10:54:07.523948+00:00,2026-06-12T10:54:07.987484+00:00,0.4635353088378906,90000,,
318,result_writing,CICIDS2017,cicids2017_friday_holdout_sample,5,extra_trees,a0_clean,2026-06-12T10:54:07.987656+00:00,2026-06-12T10:54:07.991136+00:00,0.003479480743408203,1,results/raw/tier_e_core4_hgb_mlp_timed_cicids2017/CICIDS2017_cicids2017_friday_holdout_sample_extra_trees_a0_clean_5.csv,
319,threat_evaluation,CICIDS2017,cicids2017_friday_holdout_sample,5,extra_trees,a1_constrained_feature,2026-06-12T10:54:07.991186+00:00,2026-06-12T10:54:08.649174+00:00,0.6579880714416504,90000,,
320,result_writing,CICIDS2017,cicids2017_friday_holdout_sample,5,extra_trees,a1_constrained_feature,2026-06-12T10:54:08.649353+00:00,2026-06-12T10:54:08.652800+00:00,0.003446817398071289,1,results/raw/tier_e_core4_hgb_mlp_timed_cicids2017/CICIDS2017_cicids2017_friday_holdout_sample_extra_trees_a1_constrained_feature_5.csv,
321,threat_evaluation,CICIDS2017,cicids2017_friday_holdout_sample,5,extra_trees,a1_constrained_score_search,2026-06-12T10:54:08.652853+00:00,2026-06-12T10:54:10.346967+00:00,1.6941139698028564,90000,,
322,result_writing,CICIDS2017,cicids2017_friday_holdout_sample,5,extra_trees,a1_constrained_score_search,2026-06-12T10:54:10.347147+00:00,2026-06-12T10:54:10.350614+00:00,0.0034666061401367188,1,results/raw/tier_e_core4_hgb_mlp_timed_cicids2017/CICIDS2017_cicids2017_friday_holdout_sample_extra_trees_a1_constrained_score_search_5.csv,
323,threat_evaluation,CICIDS2017,cicids2017_friday_holdout_sample,5,extra_trees,a4_split_shift,2026-06-12T10:54:10.350664+00:00,2026-06-12T10:54:10.811549+00:00,0.46088504791259766,90000,,
324,result_writing,CICIDS2017,cicids2017_friday_holdout_sample,5,extra_trees,a4_split_shift,2026-06-12T10:54:10.811757+00:00,2026-06-12T10:54:10.815242+00:00,0.0034847259521484375,1,results/raw/tier_e_core4_hgb_mlp_timed_cicids2017/CICIDS2017_cicids2017_friday_holdout_sample_extra_trees_a4_split_shift_5.csv,
325,split_construction,CICIDS2017,cicids2017_friday_holdout_sample,5,hist_gradient_boosting,,2026-06-12T10:54:10.815329+00:00,2026-06-12T10:54:10.945985+00:00,0.13065648078918457,240000,,
326,preprocessing,CICIDS2017,cicids2017_friday_holdout_sample,5,hist_gradient_boosting,,2026-06-12T10:54:10.946106+00:00,2026-06-12T10:54:13.400189+00:00,2.454082489013672,240000,,
327,model_training,CICIDS2017,cicids2017_friday_holdout_sample,5,hist_gradient_boosting,,2026-06-12T10:54:13.400360+00:00,2026-06-12T10:54:16.485332+00:00,3.0849721431732178,240000,,
328,clean_profile,CICIDS2017,cicids2017_friday_holdout_sample,5,hist_gradient_boosting,,2026-06-12T10:54:16.485422+00:00,2026-06-12T10:54:16.734821+00:00,0.24939894676208496,240000,,
329,threat_evaluation,CICIDS2017,cicids2017_friday_holdout_sample,5,hist_gradient_boosting,a0_clean,2026-06-12T10:54:16.740614+00:00,2026-06-12T10:54:16.832139+00:00,0.09152460098266602,90000,,
330,result_writing,CICIDS2017,cicids2017_friday_holdout_sample,5,hist_gradient_boosting,a0_clean,2026-06-12T10:54:16.832309+00:00,2026-06-12T10:54:16.835824+00:00,0.0035140514373779297,1,results/raw/tier_e_core4_hgb_mlp_timed_cicids2017/CICIDS2017_cicids2017_friday_holdout_sample_hist_gradient_boosting_a0_clean_5.csv,
331,threat_evaluation,CICIDS2017,cicids2017_friday_holdout_sample,5,hist_gradient_boosting,a1_constrained_feature,2026-06-12T10:54:16.835871+00:00,2026-06-12T10:54:17.123511+00:00,0.287639856338501,90000,,
332,result_writing,CICIDS2017,cicids2017_friday_holdout_sample,5,hist_gradient_boosting,a1_constrained_feature,2026-06-12T10:54:17.123686+00:00,2026-06-12T10:54:17.127079+00:00,0.003392934799194336,1,results/raw/tier_e_core4_hgb_mlp_timed_cicids2017/CICIDS2017_cicids2017_friday_holdout_sample_hist_gradient_boosting_a1_constrained_feature_5.csv,
333,threat_evaluation,CICIDS2017,cicids2017_friday_holdout_sample,5,hist_gradient_boosting,a1_constrained_score_search,2026-06-12T10:54:17.127124+00:00,2026-06-12T10:54:18.367955+00:00,1.240830659866333,90000,,
334,result_writing,CICIDS2017,cicids2017_friday_holdout_sample,5,hist_gradient_boosting,a1_constrained_score_search,2026-06-12T10:54:18.368137+00:00,2026-06-12T10:54:18.371550+00:00,0.0034122467041015625,1,results/raw/tier_e_core4_hgb_mlp_timed_cicids2017/CICIDS2017_cicids2017_friday_holdout_sample_hist_gradient_boosting_a1_constrained_score_search_5.csv,
335,threat_evaluation,CICIDS2017,cicids2017_friday_holdout_sample,5,hist_gradient_boosting,a4_split_shift,2026-06-12T10:54:18.371592+00:00,2026-06-12T10:54:18.475379+00:00,0.10378766059875488,90000,,
336,result_writing,CICIDS2017,cicids2017_friday_holdout_sample,5,hist_gradient_boosting,a4_split_shift,2026-06-12T10:54:18.475544+00:00,2026-06-12T10:54:18.478984+00:00,0.0034399032592773438,1,results/raw/tier_e_core4_hgb_mlp_timed_cicids2017/CICIDS2017_cicids2017_friday_holdout_sample_hist_gradient_boosting_a4_split_shift_5.csv,
337,split_construction,CICIDS2017,cicids2017_friday_holdout_sample,5,logistic_regression,,2026-06-12T10:54:18.479079+00:00,2026-06-12T10:54:18.609523+00:00,0.13044428825378418,240000,,
338,preprocessing,CICIDS2017,cicids2017_friday_holdout_sample,5,logistic_regression,,2026-06-12T10:54:18.609653+00:00,2026-06-12T10:54:21.095064+00:00,2.4854114055633545,240000,,
339,model_training,CICIDS2017,cicids2017_friday_holdout_sample,5,logistic_regression,,2026-06-12T10:54:21.095211+00:00,2026-06-12T10:54:36.418524+00:00,15.323313236236572,240000,,
340,clean_profile,CICIDS2017,cicids2017_friday_holdout_sample,5,logistic_regression,,2026-06-12T10:54:36.418605+00:00,2026-06-12T10:54:36.477558+00:00,0.05895233154296875,240000,,
341,threat_evaluation,CICIDS2017,cicids2017_friday_holdout_sample,5,logistic_regression,a0_clean,2026-06-12T10:54:36.483761+00:00,2026-06-12T10:54:36.509517+00:00,0.025756120681762695,90000,,
342,result_writing,CICIDS2017,cicids2017_friday_holdout_sample,5,logistic_regression,a0_clean,2026-06-12T10:54:36.509693+00:00,2026-06-12T10:54:36.513142+00:00,0.0034492015838623047,1,results/raw/tier_e_core4_hgb_mlp_timed_cicids2017/CICIDS2017_cicids2017_friday_holdout_sample_logistic_regression_a0_clean_5.csv,
343,threat_evaluation,CICIDS2017,cicids2017_friday_holdout_sample,5,logistic_regression,a1_constrained_feature,2026-06-12T10:54:36.513198+00:00,2026-06-12T10:54:36.732170+00:00,0.21897125244140625,90000,,
344,result_writing,CICIDS2017,cicids2017_friday_holdout_sample,5,logistic_regression,a1_constrained_feature,2026-06-12T10:54:36.732350+00:00,2026-06-12T10:54:36.735764+00:00,0.0034139156341552734,1,results/raw/tier_e_core4_hgb_mlp_timed_cicids2017/CICIDS2017_cicids2017_friday_holdout_sample_logistic_regression_a1_constrained_feature_5.csv,
345,threat_evaluation,CICIDS2017,cicids2017_friday_holdout_sample,5,logistic_regression,a1_constrained_score_search,2026-06-12T10:54:36.735808+00:00,2026-06-12T10:54:37.589977+00:00,0.8541693687438965,90000,,
346,result_writing,CICIDS2017,cicids2017_friday_holdout_sample,5,logistic_regression,a1_constrained_score_search,2026-06-12T10:54:37.590158+00:00,2026-06-12T10:54:37.593604+00:00,0.003445863723754883,1,results/raw/tier_e_core4_hgb_mlp_timed_cicids2017/CICIDS2017_cicids2017_friday_holdout_sample_logistic_regression_a1_constrained_score_search_5.csv,
347,threat_evaluation,CICIDS2017,cicids2017_friday_holdout_sample,5,logistic_regression,a4_split_shift,2026-06-12T10:54:37.593650+00:00,2026-06-12T10:54:37.618805+00:00,0.02515554428100586,90000,,
348,result_writing,CICIDS2017,cicids2017_friday_holdout_sample,5,logistic_regression,a4_split_shift,2026-06-12T10:54:37.618975+00:00,2026-06-12T10:54:37.622401+00:00,0.0034258365631103516,1,results/raw/tier_e_core4_hgb_mlp_timed_cicids2017/CICIDS2017_cicids2017_friday_holdout_sample_logistic_regression_a4_split_shift_5.csv,
349,split_construction,CICIDS2017,cicids2017_friday_holdout_sample,5,mlp_sklearn,,2026-06-12T10:54:37.622488+00:00,2026-06-12T10:54:37.752824+00:00,0.13033509254455566,240000,,
350,preprocessing,CICIDS2017,cicids2017_friday_holdout_sample,5,mlp_sklearn,,2026-06-12T10:54:37.752956+00:00,2026-06-12T10:54:40.189236+00:00,2.4362802505493164,240000,,
351,model_training,CICIDS2017,cicids2017_friday_holdout_sample,5,mlp_sklearn,,2026-06-12T10:54:40.189402+00:00,2026-06-12T10:54:51.087372+00:00,10.89797067642212,240000,,
352,clean_profile,CICIDS2017,cicids2017_friday_holdout_sample,5,mlp_sklearn,,2026-06-12T10:54:51.087453+00:00,2026-06-12T10:54:51.225792+00:00,0.13833904266357422,240000,,
353,threat_evaluation,CICIDS2017,cicids2017_friday_holdout_sample,5,mlp_sklearn,a0_clean,2026-06-12T10:54:51.231612+00:00,2026-06-12T10:54:51.286598+00:00,0.05498623847961426,90000,,
354,result_writing,CICIDS2017,cicids2017_friday_holdout_sample,5,mlp_sklearn,a0_clean,2026-06-12T10:54:51.286773+00:00,2026-06-12T10:54:51.290315+00:00,0.0035424232482910156,1,results/raw/tier_e_core4_hgb_mlp_timed_cicids2017/CICIDS2017_cicids2017_friday_holdout_sample_mlp_sklearn_a0_clean_5.csv,
355,threat_evaluation,CICIDS2017,cicids2017_friday_holdout_sample,5,mlp_sklearn,a1_constrained_feature,2026-06-12T10:54:51.290365+00:00,2026-06-12T10:54:51.533649+00:00,0.24328351020812988,90000,,
356,result_writing,CICIDS2017,cicids2017_friday_holdout_sample,5,mlp_sklearn,a1_constrained_feature,2026-06-12T10:54:51.533827+00:00,2026-06-12T10:54:51.537242+00:00,0.0034155845642089844,1,results/raw/tier_e_core4_hgb_mlp_timed_cicids2017/CICIDS2017_cicids2017_friday_holdout_sample_mlp_sklearn_a1_constrained_feature_5.csv,
357,threat_evaluation,CICIDS2017,cicids2017_friday_holdout_sample,5,mlp_sklearn,a1_constrained_score_search,2026-06-12T10:54:51.537289+00:00,2026-06-12T10:54:52.479835+00:00,0.9425456523895264,90000,,
358,result_writing,CICIDS2017,cicids2017_friday_holdout_sample,5,mlp_sklearn,a1_constrained_score_search,2026-06-12T10:54:52.480008+00:00,2026-06-12T10:54:52.483421+00:00,0.0034127235412597656,1,results/raw/tier_e_core4_hgb_mlp_timed_cicids2017/CICIDS2017_cicids2017_friday_holdout_sample_mlp_sklearn_a1_constrained_score_search_5.csv,
359,threat_evaluation,CICIDS2017,cicids2017_friday_holdout_sample,5,mlp_sklearn,a4_split_shift,2026-06-12T10:54:52.483465+00:00,2026-06-12T10:54:52.539569+00:00,0.05610370635986328,90000,,
360,result_writing,CICIDS2017,cicids2017_friday_holdout_sample,5,mlp_sklearn,a4_split_shift,2026-06-12T10:54:52.539761+00:00,2026-06-12T10:54:52.543140+00:00,0.0033788681030273438,1,results/raw/tier_e_core4_hgb_mlp_timed_cicids2017/CICIDS2017_cicids2017_friday_holdout_sample_mlp_sklearn_a4_split_shift_5.csv,
361,split_construction,CICIDS2017,cicids2017_friday_holdout_sample,5,random_forest,,2026-06-12T10:54:52.543228+00:00,2026-06-12T10:54:52.674870+00:00,0.13164186477661133,240000,,
362,preprocessing,CICIDS2017,cicids2017_friday_holdout_sample,5,random_forest,,2026-06-12T10:54:52.674996+00:00,2026-06-12T10:54:55.088854+00:00,2.413858652114868,240000,,
363,model_training,CICIDS2017,cicids2017_friday_holdout_sample,5,random_forest,,2026-06-12T10:54:55.089050+00:00,2026-06-12T10:55:12.517025+00:00,17.42797565460205,240000,,
364,clean_profile,CICIDS2017,cicids2017_friday_holdout_sample,5,random_forest,,2026-06-12T10:55:12.517118+00:00,2026-06-12T10:55:13.461777+00:00,0.9446592330932617,240000,,
365,threat_evaluation,CICIDS2017,cicids2017_friday_holdout_sample,5,random_forest,a0_clean,2026-06-12T10:55:13.467632+00:00,2026-06-12T10:55:13.787676+00:00,0.32004332542419434,90000,,
366,result_writing,CICIDS2017,cicids2017_friday_holdout_sample,5,random_forest,a0_clean,2026-06-12T10:55:13.787872+00:00,2026-06-12T10:55:13.791328+00:00,0.0034563541412353516,1,results/raw/tier_e_core4_hgb_mlp_timed_cicids2017/CICIDS2017_cicids2017_friday_holdout_sample_random_forest_a0_clean_5.csv,
367,threat_evaluation,CICIDS2017,cicids2017_friday_holdout_sample,5,random_forest,a1_constrained_feature,2026-06-12T10:55:13.791374+00:00,2026-06-12T10:55:14.306055+00:00,0.5146801471710205,90000,,
368,result_writing,CICIDS2017,cicids2017_friday_holdout_sample,5,random_forest,a1_constrained_feature,2026-06-12T10:55:14.306234+00:00,2026-06-12T10:55:14.309704+00:00,0.0034699440002441406,1,results/raw/tier_e_core4_hgb_mlp_timed_cicids2017/CICIDS2017_cicids2017_friday_holdout_sample_random_forest_a1_constrained_feature_5.csv,
369,threat_evaluation,CICIDS2017,cicids2017_friday_holdout_sample,5,random_forest,a1_constrained_score_search,2026-06-12T10:55:14.309753+00:00,2026-06-12T10:55:15.750307+00:00,1.4405536651611328,90000,,
370,result_writing,CICIDS2017,cicids2017_friday_holdout_sample,5,random_forest,a1_constrained_score_search,2026-06-12T10:55:15.750484+00:00,2026-06-12T10:55:15.753953+00:00,0.0034689903259277344,1,results/raw/tier_e_core4_hgb_mlp_timed_cicids2017/CICIDS2017_cicids2017_friday_holdout_sample_random_forest_a1_constrained_score_search_5.csv,
371,threat_evaluation,CICIDS2017,cicids2017_friday_holdout_sample,5,random_forest,a4_split_shift,2026-06-12T10:55:15.754004+00:00,2026-06-12T10:55:16.073403+00:00,0.319399356842041,90000,,
372,result_writing,CICIDS2017,cicids2017_friday_holdout_sample,5,random_forest,a4_split_shift,2026-06-12T10:55:16.073573+00:00,2026-06-12T10:55:16.077024+00:00,0.003450632095336914,1,results/raw/tier_e_core4_hgb_mlp_timed_cicids2017/CICIDS2017_cicids2017_friday_holdout_sample_random_forest_a4_split_shift_5.csv,
373,dataset_load,CICIDS2017,cicids2017_friday_holdout_sample,6,,,2026-06-12T10:55:16.077072+00:00,2026-06-12T10:55:22.134063+00:00,6.056990146636963,240000,,
374,preprocess_manifest,CICIDS2017,cicids2017_friday_holdout_sample,6,,,2026-06-12T10:55:22.134187+00:00,2026-06-12T10:55:24.312256+00:00,2.1780693531036377,240000,,
375,split_construction,CICIDS2017,cicids2017_friday_holdout_sample,6,extra_trees,,2026-06-12T10:55:24.312424+00:00,2026-06-12T10:55:24.441962+00:00,0.12953710556030273,240000,,
376,preprocessing,CICIDS2017,cicids2017_friday_holdout_sample,6,extra_trees,,2026-06-12T10:55:24.442092+00:00,2026-06-12T10:55:26.862042+00:00,2.4199507236480713,240000,,
377,model_training,CICIDS2017,cicids2017_friday_holdout_sample,6,extra_trees,,2026-06-12T10:55:26.862229+00:00,2026-06-12T10:55:36.975329+00:00,10.113100290298462,240000,,
378,clean_profile,CICIDS2017,cicids2017_friday_holdout_sample,6,extra_trees,,2026-06-12T10:55:36.975420+00:00,2026-06-12T10:55:38.353350+00:00,1.377929925918579,240000,,
379,threat_evaluation,CICIDS2017,cicids2017_friday_holdout_sample,6,extra_trees,a0_clean,2026-06-12T10:55:38.359128+00:00,2026-06-12T10:55:38.796019+00:00,0.4368906021118164,90000,,
380,result_writing,CICIDS2017,cicids2017_friday_holdout_sample,6,extra_trees,a0_clean,2026-06-12T10:55:38.796190+00:00,2026-06-12T10:55:38.799642+00:00,0.0034525394439697266,1,results/raw/tier_e_core4_hgb_mlp_timed_cicids2017/CICIDS2017_cicids2017_friday_holdout_sample_extra_trees_a0_clean_6.csv,
381,threat_evaluation,CICIDS2017,cicids2017_friday_holdout_sample,6,extra_trees,a1_constrained_feature,2026-06-12T10:55:38.799694+00:00,2026-06-12T10:55:39.441587+00:00,0.6418931484222412,90000,,
382,result_writing,CICIDS2017,cicids2017_friday_holdout_sample,6,extra_trees,a1_constrained_feature,2026-06-12T10:55:39.441769+00:00,2026-06-12T10:55:39.445174+00:00,0.0034050941467285156,1,results/raw/tier_e_core4_hgb_mlp_timed_cicids2017/CICIDS2017_cicids2017_friday_holdout_sample_extra_trees_a1_constrained_feature_6.csv,
383,threat_evaluation,CICIDS2017,cicids2017_friday_holdout_sample,6,extra_trees,a1_constrained_score_search,2026-06-12T10:55:39.445223+00:00,2026-06-12T10:55:41.093462+00:00,1.6482393741607666,90000,,
384,result_writing,CICIDS2017,cicids2017_friday_holdout_sample,6,extra_trees,a1_constrained_score_search,2026-06-12T10:55:41.093650+00:00,2026-06-12T10:55:41.097118+00:00,0.0034677982330322266,1,results/raw/tier_e_core4_hgb_mlp_timed_cicids2017/CICIDS2017_cicids2017_friday_holdout_sample_extra_trees_a1_constrained_score_search_6.csv,
385,threat_evaluation,CICIDS2017,cicids2017_friday_holdout_sample,6,extra_trees,a4_split_shift,2026-06-12T10:55:41.097172+00:00,2026-06-12T10:55:41.535984+00:00,0.4388124942779541,90000,,
386,result_writing,CICIDS2017,cicids2017_friday_holdout_sample,6,extra_trees,a4_split_shift,2026-06-12T10:55:41.536157+00:00,2026-06-12T10:55:41.539571+00:00,0.003414630889892578,1,results/raw/tier_e_core4_hgb_mlp_timed_cicids2017/CICIDS2017_cicids2017_friday_holdout_sample_extra_trees_a4_split_shift_6.csv,
387,split_construction,CICIDS2017,cicids2017_friday_holdout_sample,6,hist_gradient_boosting,,2026-06-12T10:55:41.539660+00:00,2026-06-12T10:55:41.669921+00:00,0.13026094436645508,240000,,
388,preprocessing,CICIDS2017,cicids2017_friday_holdout_sample,6,hist_gradient_boosting,,2026-06-12T10:55:41.670042+00:00,2026-06-12T10:55:44.047695+00:00,2.377652406692505,240000,,
389,model_training,CICIDS2017,cicids2017_friday_holdout_sample,6,hist_gradient_boosting,,2026-06-12T10:55:44.047899+00:00,2026-06-12T10:55:46.812842+00:00,2.7649431228637695,240000,,
390,clean_profile,CICIDS2017,cicids2017_friday_holdout_sample,6,hist_gradient_boosting,,2026-06-12T10:55:46.812934+00:00,2026-06-12T10:55:47.045163+00:00,0.23222875595092773,240000,,
391,threat_evaluation,CICIDS2017,cicids2017_friday_holdout_sample,6,hist_gradient_boosting,a0_clean,2026-06-12T10:55:47.050907+00:00,2026-06-12T10:55:47.134144+00:00,0.0832371711730957,90000,,
392,result_writing,CICIDS2017,cicids2017_friday_holdout_sample,6,hist_gradient_boosting,a0_clean,2026-06-12T10:55:47.134311+00:00,2026-06-12T10:55:47.137775+00:00,0.0034644603729248047,1,results/raw/tier_e_core4_hgb_mlp_timed_cicids2017/CICIDS2017_cicids2017_friday_holdout_sample_hist_gradient_boosting_a0_clean_6.csv,
393,threat_evaluation,CICIDS2017,cicids2017_friday_holdout_sample,6,hist_gradient_boosting,a1_constrained_feature,2026-06-12T10:55:47.137821+00:00,2026-06-12T10:55:47.434736+00:00,0.29691457748413086,90000,,
394,result_writing,CICIDS2017,cicids2017_friday_holdout_sample,6,hist_gradient_boosting,a1_constrained_feature,2026-06-12T10:55:47.434912+00:00,2026-06-12T10:55:47.438323+00:00,0.0034112930297851562,1,results/raw/tier_e_core4_hgb_mlp_timed_cicids2017/CICIDS2017_cicids2017_friday_holdout_sample_hist_gradient_boosting_a1_constrained_feature_6.csv,
395,threat_evaluation,CICIDS2017,cicids2017_friday_holdout_sample,6,hist_gradient_boosting,a1_constrained_score_search,2026-06-12T10:55:47.438368+00:00,2026-06-12T10:55:48.692162+00:00,1.2537932395935059,90000,,
396,result_writing,CICIDS2017,cicids2017_friday_holdout_sample,6,hist_gradient_boosting,a1_constrained_score_search,2026-06-12T10:55:48.692341+00:00,2026-06-12T10:55:48.695708+00:00,0.0033674240112304688,1,results/raw/tier_e_core4_hgb_mlp_timed_cicids2017/CICIDS2017_cicids2017_friday_holdout_sample_hist_gradient_boosting_a1_constrained_score_search_6.csv,
397,threat_evaluation,CICIDS2017,cicids2017_friday_holdout_sample,6,hist_gradient_boosting,a4_split_shift,2026-06-12T10:55:48.695784+00:00,2026-06-12T10:55:48.796629+00:00,0.1008446216583252,90000,,
398,result_writing,CICIDS2017,cicids2017_friday_holdout_sample,6,hist_gradient_boosting,a4_split_shift,2026-06-12T10:55:48.796794+00:00,2026-06-12T10:55:48.800204+00:00,0.0034096240997314453,1,results/raw/tier_e_core4_hgb_mlp_timed_cicids2017/CICIDS2017_cicids2017_friday_holdout_sample_hist_gradient_boosting_a4_split_shift_6.csv,
399,split_construction,CICIDS2017,cicids2017_friday_holdout_sample,6,logistic_regression,,2026-06-12T10:55:48.800290+00:00,2026-06-12T10:55:48.931308+00:00,0.13101768493652344,240000,,
400,preprocessing,CICIDS2017,cicids2017_friday_holdout_sample,6,logistic_regression,,2026-06-12T10:55:48.931485+00:00,2026-06-12T10:55:51.311777+00:00,2.3802919387817383,240000,,
401,model_training,CICIDS2017,cicids2017_friday_holdout_sample,6,logistic_regression,,2026-06-12T10:55:51.311926+00:00,2026-06-12T10:56:11.650887+00:00,20.338961839675903,240000,,
402,clean_profile,CICIDS2017,cicids2017_friday_holdout_sample,6,logistic_regression,,2026-06-12T10:56:11.650992+00:00,2026-06-12T10:56:11.703547+00:00,0.052555084228515625,240000,,
403,threat_evaluation,CICIDS2017,cicids2017_friday_holdout_sample,6,logistic_regression,a0_clean,2026-06-12T10:56:11.709724+00:00,2026-06-12T10:56:11.735359+00:00,0.025634765625,90000,,
404,result_writing,CICIDS2017,cicids2017_friday_holdout_sample,6,logistic_regression,a0_clean,2026-06-12T10:56:11.735532+00:00,2026-06-12T10:56:11.738997+00:00,0.003464221954345703,1,results/raw/tier_e_core4_hgb_mlp_timed_cicids2017/CICIDS2017_cicids2017_friday_holdout_sample_logistic_regression_a0_clean_6.csv,
405,threat_evaluation,CICIDS2017,cicids2017_friday_holdout_sample,6,logistic_regression,a1_constrained_feature,2026-06-12T10:56:11.739048+00:00,2026-06-12T10:56:11.957408+00:00,0.21836042404174805,90000,,
406,result_writing,CICIDS2017,cicids2017_friday_holdout_sample,6,logistic_regression,a1_constrained_feature,2026-06-12T10:56:11.957583+00:00,2026-06-12T10:56:11.960950+00:00,0.0033669471740722656,1,results/raw/tier_e_core4_hgb_mlp_timed_cicids2017/CICIDS2017_cicids2017_friday_holdout_sample_logistic_regression_a1_constrained_feature_6.csv,
407,threat_evaluation,CICIDS2017,cicids2017_friday_holdout_sample,6,logistic_regression,a1_constrained_score_search,2026-06-12T10:56:11.960995+00:00,2026-06-12T10:56:12.814284+00:00,0.8532881736755371,90000,,
408,result_writing,CICIDS2017,cicids2017_friday_holdout_sample,6,logistic_regression,a1_constrained_score_search,2026-06-12T10:56:12.814472+00:00,2026-06-12T10:56:12.817850+00:00,0.0033779144287109375,1,results/raw/tier_e_core4_hgb_mlp_timed_cicids2017/CICIDS2017_cicids2017_friday_holdout_sample_logistic_regression_a1_constrained_score_search_6.csv,
409,threat_evaluation,CICIDS2017,cicids2017_friday_holdout_sample,6,logistic_regression,a4_split_shift,2026-06-12T10:56:12.817896+00:00,2026-06-12T10:56:12.843027+00:00,0.0251312255859375,90000,,
410,result_writing,CICIDS2017,cicids2017_friday_holdout_sample,6,logistic_regression,a4_split_shift,2026-06-12T10:56:12.843195+00:00,2026-06-12T10:56:12.846586+00:00,0.003390789031982422,1,results/raw/tier_e_core4_hgb_mlp_timed_cicids2017/CICIDS2017_cicids2017_friday_holdout_sample_logistic_regression_a4_split_shift_6.csv,
411,split_construction,CICIDS2017,cicids2017_friday_holdout_sample,6,mlp_sklearn,,2026-06-12T10:56:12.846673+00:00,2026-06-12T10:56:12.977661+00:00,0.13098788261413574,240000,,
412,preprocessing,CICIDS2017,cicids2017_friday_holdout_sample,6,mlp_sklearn,,2026-06-12T10:56:12.977794+00:00,2026-06-12T10:56:15.381474+00:00,2.403679847717285,240000,,
413,model_training,CICIDS2017,cicids2017_friday_holdout_sample,6,mlp_sklearn,,2026-06-12T10:56:15.381638+00:00,2026-06-12T10:56:28.622885+00:00,13.241246938705444,240000,,
414,clean_profile,CICIDS2017,cicids2017_friday_holdout_sample,6,mlp_sklearn,,2026-06-12T10:56:28.622962+00:00,2026-06-12T10:56:28.758631+00:00,0.13566946983337402,240000,,
415,threat_evaluation,CICIDS2017,cicids2017_friday_holdout_sample,6,mlp_sklearn,a0_clean,2026-06-12T10:56:28.764469+00:00,2026-06-12T10:56:28.819394+00:00,0.05492568016052246,90000,,
416,result_writing,CICIDS2017,cicids2017_friday_holdout_sample,6,mlp_sklearn,a0_clean,2026-06-12T10:56:28.819566+00:00,2026-06-12T10:56:28.823039+00:00,0.0034732818603515625,1,results/raw/tier_e_core4_hgb_mlp_timed_cicids2017/CICIDS2017_cicids2017_friday_holdout_sample_mlp_sklearn_a0_clean_6.csv,
417,threat_evaluation,CICIDS2017,cicids2017_friday_holdout_sample,6,mlp_sklearn,a1_constrained_feature,2026-06-12T10:56:28.823087+00:00,2026-06-12T10:56:29.063571+00:00,0.24048423767089844,90000,,
418,result_writing,CICIDS2017,cicids2017_friday_holdout_sample,6,mlp_sklearn,a1_constrained_feature,2026-06-12T10:56:29.063765+00:00,2026-06-12T10:56:29.067141+00:00,0.0033762454986572266,1,results/raw/tier_e_core4_hgb_mlp_timed_cicids2017/CICIDS2017_cicids2017_friday_holdout_sample_mlp_sklearn_a1_constrained_feature_6.csv,
419,threat_evaluation,CICIDS2017,cicids2017_friday_holdout_sample,6,mlp_sklearn,a1_constrained_score_search,2026-06-12T10:56:29.067185+00:00,2026-06-12T10:56:30.004803+00:00,0.937617301940918,90000,,
420,result_writing,CICIDS2017,cicids2017_friday_holdout_sample,6,mlp_sklearn,a1_constrained_score_search,2026-06-12T10:56:30.004979+00:00,2026-06-12T10:56:30.008370+00:00,0.0033910274505615234,1,results/raw/tier_e_core4_hgb_mlp_timed_cicids2017/CICIDS2017_cicids2017_friday_holdout_sample_mlp_sklearn_a1_constrained_score_search_6.csv,
421,threat_evaluation,CICIDS2017,cicids2017_friday_holdout_sample,6,mlp_sklearn,a4_split_shift,2026-06-12T10:56:30.008415+00:00,2026-06-12T10:56:30.062006+00:00,0.053591012954711914,90000,,
422,result_writing,CICIDS2017,cicids2017_friday_holdout_sample,6,mlp_sklearn,a4_split_shift,2026-06-12T10:56:30.062174+00:00,2026-06-12T10:56:30.065585+00:00,0.00341033935546875,1,results/raw/tier_e_core4_hgb_mlp_timed_cicids2017/CICIDS2017_cicids2017_friday_holdout_sample_mlp_sklearn_a4_split_shift_6.csv,
423,split_construction,CICIDS2017,cicids2017_friday_holdout_sample,6,random_forest,,2026-06-12T10:56:30.065673+00:00,2026-06-12T10:56:30.196733+00:00,0.13106036186218262,240000,,
424,preprocessing,CICIDS2017,cicids2017_friday_holdout_sample,6,random_forest,,2026-06-12T10:56:30.196860+00:00,2026-06-12T10:56:32.604017+00:00,2.4071567058563232,240000,,
425,model_training,CICIDS2017,cicids2017_friday_holdout_sample,6,random_forest,,2026-06-12T10:56:32.604199+00:00,2026-06-12T10:56:49.787266+00:00,17.183066606521606,240000,,
426,clean_profile,CICIDS2017,cicids2017_friday_holdout_sample,6,random_forest,,2026-06-12T10:56:49.787354+00:00,2026-06-12T10:56:50.640560+00:00,0.8532061576843262,240000,,
427,threat_evaluation,CICIDS2017,cicids2017_friday_holdout_sample,6,random_forest,a0_clean,2026-06-12T10:56:50.646372+00:00,2026-06-12T10:56:50.935524+00:00,0.289151668548584,90000,,
428,result_writing,CICIDS2017,cicids2017_friday_holdout_sample,6,random_forest,a0_clean,2026-06-12T10:56:50.935702+00:00,2026-06-12T10:56:50.939279+00:00,0.003576993942260742,1,results/raw/tier_e_core4_hgb_mlp_timed_cicids2017/CICIDS2017_cicids2017_friday_holdout_sample_random_forest_a0_clean_6.csv,
429,threat_evaluation,CICIDS2017,cicids2017_friday_holdout_sample,6,random_forest,a1_constrained_feature,2026-06-12T10:56:50.939330+00:00,2026-06-12T10:56:51.425954+00:00,0.48662424087524414,90000,,
430,result_writing,CICIDS2017,cicids2017_friday_holdout_sample,6,random_forest,a1_constrained_feature,2026-06-12T10:56:51.426133+00:00,2026-06-12T10:56:51.429566+00:00,0.0034322738647460938,1,results/raw/tier_e_core4_hgb_mlp_timed_cicids2017/CICIDS2017_cicids2017_friday_holdout_sample_random_forest_a1_constrained_feature_6.csv,
431,threat_evaluation,CICIDS2017,cicids2017_friday_holdout_sample,6,random_forest,a1_constrained_score_search,2026-06-12T10:56:51.429617+00:00,2026-06-12T10:56:52.822000+00:00,1.392383098602295,90000,,
432,result_writing,CICIDS2017,cicids2017_friday_holdout_sample,6,random_forest,a1_constrained_score_search,2026-06-12T10:56:52.822181+00:00,2026-06-12T10:56:52.825594+00:00,0.003412961959838867,1,results/raw/tier_e_core4_hgb_mlp_timed_cicids2017/CICIDS2017_cicids2017_friday_holdout_sample_random_forest_a1_constrained_score_search_6.csv,
433,threat_evaluation,CICIDS2017,cicids2017_friday_holdout_sample,6,random_forest,a4_split_shift,2026-06-12T10:56:52.825645+00:00,2026-06-12T10:56:53.115288+00:00,0.2896432876586914,90000,,
434,result_writing,CICIDS2017,cicids2017_friday_holdout_sample,6,random_forest,a4_split_shift,2026-06-12T10:56:53.115455+00:00,2026-06-12T10:56:53.118891+00:00,0.003435850143432617,1,results/raw/tier_e_core4_hgb_mlp_timed_cicids2017/CICIDS2017_cicids2017_friday_holdout_sample_random_forest_a4_split_shift_6.csv,
435,dataset_load,CICIDS2017,cicids2017_friday_holdout_sample,7,,,2026-06-12T10:56:53.118942+00:00,2026-06-12T10:56:59.123782+00:00,6.004839897155762,240000,,
436,preprocess_manifest,CICIDS2017,cicids2017_friday_holdout_sample,7,,,2026-06-12T10:56:59.123910+00:00,2026-06-12T10:57:01.297143+00:00,2.1732327938079834,240000,,
437,split_construction,CICIDS2017,cicids2017_friday_holdout_sample,7,extra_trees,,2026-06-12T10:57:01.297317+00:00,2026-06-12T10:57:01.428502+00:00,0.13118529319763184,240000,,
438,preprocessing,CICIDS2017,cicids2017_friday_holdout_sample,7,extra_trees,,2026-06-12T10:57:01.428633+00:00,2026-06-12T10:57:03.888921+00:00,2.4602882862091064,240000,,
439,model_training,CICIDS2017,cicids2017_friday_holdout_sample,7,extra_trees,,2026-06-12T10:57:03.889102+00:00,2026-06-12T10:57:13.982879+00:00,10.09377646446228,240000,,
440,clean_profile,CICIDS2017,cicids2017_friday_holdout_sample,7,extra_trees,,2026-06-12T10:57:13.982969+00:00,2026-06-12T10:57:15.284346+00:00,1.3013765811920166,240000,,
441,threat_evaluation,CICIDS2017,cicids2017_friday_holdout_sample,7,extra_trees,a0_clean,2026-06-12T10:57:15.290082+00:00,2026-06-12T10:57:15.745756+00:00,0.4556748867034912,90000,,
442,result_writing,CICIDS2017,cicids2017_friday_holdout_sample,7,extra_trees,a0_clean,2026-06-12T10:57:15.745929+00:00,2026-06-12T10:57:15.749417+00:00,0.0034885406494140625,1,results/raw/tier_e_core4_hgb_mlp_timed_cicids2017/CICIDS2017_cicids2017_friday_holdout_sample_extra_trees_a0_clean_7.csv,
443,threat_evaluation,CICIDS2017,cicids2017_friday_holdout_sample,7,extra_trees,a1_constrained_feature,2026-06-12T10:57:15.749467+00:00,2026-06-12T10:57:16.403843+00:00,0.6543762683868408,90000,,
444,result_writing,CICIDS2017,cicids2017_friday_holdout_sample,7,extra_trees,a1_constrained_feature,2026-06-12T10:57:16.404022+00:00,2026-06-12T10:57:16.407454+00:00,0.0034317970275878906,1,results/raw/tier_e_core4_hgb_mlp_timed_cicids2017/CICIDS2017_cicids2017_friday_holdout_sample_extra_trees_a1_constrained_feature_7.csv,
445,threat_evaluation,CICIDS2017,cicids2017_friday_holdout_sample,7,extra_trees,a1_constrained_score_search,2026-06-12T10:57:16.407503+00:00,2026-06-12T10:57:18.121508+00:00,1.7140049934387207,90000,,
446,result_writing,CICIDS2017,cicids2017_friday_holdout_sample,7,extra_trees,a1_constrained_score_search,2026-06-12T10:57:18.121688+00:00,2026-06-12T10:57:18.125093+00:00,0.0034050941467285156,1,results/raw/tier_e_core4_hgb_mlp_timed_cicids2017/CICIDS2017_cicids2017_friday_holdout_sample_extra_trees_a1_constrained_score_search_7.csv,
447,threat_evaluation,CICIDS2017,cicids2017_friday_holdout_sample,7,extra_trees,a4_split_shift,2026-06-12T10:57:18.125142+00:00,2026-06-12T10:57:18.575807+00:00,0.4506649971008301,90000,,
448,result_writing,CICIDS2017,cicids2017_friday_holdout_sample,7,extra_trees,a4_split_shift,2026-06-12T10:57:18.575976+00:00,2026-06-12T10:57:18.579370+00:00,0.0033931732177734375,1,results/raw/tier_e_core4_hgb_mlp_timed_cicids2017/CICIDS2017_cicids2017_friday_holdout_sample_extra_trees_a4_split_shift_7.csv,
449,split_construction,CICIDS2017,cicids2017_friday_holdout_sample,7,hist_gradient_boosting,,2026-06-12T10:57:18.579463+00:00,2026-06-12T10:57:18.711232+00:00,0.13176941871643066,240000,,
450,preprocessing,CICIDS2017,cicids2017_friday_holdout_sample,7,hist_gradient_boosting,,2026-06-12T10:57:18.711353+00:00,2026-06-12T10:57:21.090420+00:00,2.3790676593780518,240000,,
451,model_training,CICIDS2017,cicids2017_friday_holdout_sample,7,hist_gradient_boosting,,2026-06-12T10:57:21.090590+00:00,2026-06-12T10:57:24.329654+00:00,3.239063262939453,240000,,
452,clean_profile,CICIDS2017,cicids2017_friday_holdout_sample,7,hist_gradient_boosting,,2026-06-12T10:57:24.329745+00:00,2026-06-12T10:57:24.613733+00:00,0.28398823738098145,240000,,
453,threat_evaluation,CICIDS2017,cicids2017_friday_holdout_sample,7,hist_gradient_boosting,a0_clean,2026-06-12T10:57:24.619369+00:00,2026-06-12T10:57:24.717992+00:00,0.09862232208251953,90000,,
454,result_writing,CICIDS2017,cicids2017_friday_holdout_sample,7,hist_gradient_boosting,a0_clean,2026-06-12T10:57:24.718156+00:00,2026-06-12T10:57:24.721631+00:00,0.0034742355346679688,1,results/raw/tier_e_core4_hgb_mlp_timed_cicids2017/CICIDS2017_cicids2017_friday_holdout_sample_hist_gradient_boosting_a0_clean_7.csv,
455,threat_evaluation,CICIDS2017,cicids2017_friday_holdout_sample,7,hist_gradient_boosting,a1_constrained_feature,2026-06-12T10:57:24.721678+00:00,2026-06-12T10:57:25.055743+00:00,0.3340647220611572,90000,,
456,result_writing,CICIDS2017,cicids2017_friday_holdout_sample,7,hist_gradient_boosting,a1_constrained_feature,2026-06-12T10:57:25.055915+00:00,2026-06-12T10:57:25.059263+00:00,0.0033483505249023438,1,results/raw/tier_e_core4_hgb_mlp_timed_cicids2017/CICIDS2017_cicids2017_friday_holdout_sample_hist_gradient_boosting_a1_constrained_feature_7.csv,
457,threat_evaluation,CICIDS2017,cicids2017_friday_holdout_sample,7,hist_gradient_boosting,a1_constrained_score_search,2026-06-12T10:57:25.059306+00:00,2026-06-12T10:57:26.386019+00:00,1.3267128467559814,90000,,
458,result_writing,CICIDS2017,cicids2017_friday_holdout_sample,7,hist_gradient_boosting,a1_constrained_score_search,2026-06-12T10:57:26.386202+00:00,2026-06-12T10:57:26.389638+00:00,0.003435850143432617,1,results/raw/tier_e_core4_hgb_mlp_timed_cicids2017/CICIDS2017_cicids2017_friday_holdout_sample_hist_gradient_boosting_a1_constrained_score_search_7.csv,
459,threat_evaluation,CICIDS2017,cicids2017_friday_holdout_sample,7,hist_gradient_boosting,a4_split_shift,2026-06-12T10:57:26.389683+00:00,2026-06-12T10:57:26.497718+00:00,0.10803556442260742,90000,,
460,result_writing,CICIDS2017,cicids2017_friday_holdout_sample,7,hist_gradient_boosting,a4_split_shift,2026-06-12T10:57:26.497886+00:00,2026-06-12T10:57:26.501282+00:00,0.0033960342407226562,1,results/raw/tier_e_core4_hgb_mlp_timed_cicids2017/CICIDS2017_cicids2017_friday_holdout_sample_hist_gradient_boosting_a4_split_shift_7.csv,
461,split_construction,CICIDS2017,cicids2017_friday_holdout_sample,7,logistic_regression,,2026-06-12T10:57:26.501366+00:00,2026-06-12T10:57:26.631900+00:00,0.13053369522094727,240000,,
462,preprocessing,CICIDS2017,cicids2017_friday_holdout_sample,7,logistic_regression,,2026-06-12T10:57:26.632021+00:00,2026-06-12T10:57:29.030180+00:00,2.398158311843872,240000,,
463,model_training,CICIDS2017,cicids2017_friday_holdout_sample,7,logistic_regression,,2026-06-12T10:57:29.030317+00:00,2026-06-12T10:57:50.141073+00:00,21.110756397247314,240000,,
464,clean_profile,CICIDS2017,cicids2017_friday_holdout_sample,7,logistic_regression,,2026-06-12T10:57:50.141147+00:00,2026-06-12T10:57:50.191429+00:00,0.05028200149536133,240000,,
465,threat_evaluation,CICIDS2017,cicids2017_friday_holdout_sample,7,logistic_regression,a0_clean,2026-06-12T10:57:50.197528+00:00,2026-06-12T10:57:50.223052+00:00,0.02552318572998047,90000,,
466,result_writing,CICIDS2017,cicids2017_friday_holdout_sample,7,logistic_regression,a0_clean,2026-06-12T10:57:50.223219+00:00,2026-06-12T10:57:50.226689+00:00,0.003469705581665039,1,results/raw/tier_e_core4_hgb_mlp_timed_cicids2017/CICIDS2017_cicids2017_friday_holdout_sample_logistic_regression_a0_clean_7.csv,
467,threat_evaluation,CICIDS2017,cicids2017_friday_holdout_sample,7,logistic_regression,a1_constrained_feature,2026-06-12T10:57:50.226743+00:00,2026-06-12T10:57:50.440679+00:00,0.21393632888793945,90000,,
468,result_writing,CICIDS2017,cicids2017_friday_holdout_sample,7,logistic_regression,a1_constrained_feature,2026-06-12T10:57:50.440856+00:00,2026-06-12T10:57:50.444242+00:00,0.0033864974975585938,1,results/raw/tier_e_core4_hgb_mlp_timed_cicids2017/CICIDS2017_cicids2017_friday_holdout_sample_logistic_regression_a1_constrained_feature_7.csv,
469,threat_evaluation,CICIDS2017,cicids2017_friday_holdout_sample,7,logistic_regression,a1_constrained_score_search,2026-06-12T10:57:50.444287+00:00,2026-06-12T10:57:51.291009+00:00,0.846721887588501,90000,,
470,result_writing,CICIDS2017,cicids2017_friday_holdout_sample,7,logistic_regression,a1_constrained_score_search,2026-06-12T10:57:51.291188+00:00,2026-06-12T10:57:51.294567+00:00,0.0033791065216064453,1,results/raw/tier_e_core4_hgb_mlp_timed_cicids2017/CICIDS2017_cicids2017_friday_holdout_sample_logistic_regression_a1_constrained_score_search_7.csv,
471,threat_evaluation,CICIDS2017,cicids2017_friday_holdout_sample,7,logistic_regression,a4_split_shift,2026-06-12T10:57:51.294609+00:00,2026-06-12T10:57:51.319761+00:00,0.025152206420898438,90000,,
472,result_writing,CICIDS2017,cicids2017_friday_holdout_sample,7,logistic_regression,a4_split_shift,2026-06-12T10:57:51.319930+00:00,2026-06-12T10:57:51.323291+00:00,0.003360271453857422,1,results/raw/tier_e_core4_hgb_mlp_timed_cicids2017/CICIDS2017_cicids2017_friday_holdout_sample_logistic_regression_a4_split_shift_7.csv,
473,split_construction,CICIDS2017,cicids2017_friday_holdout_sample,7,mlp_sklearn,,2026-06-12T10:57:51.323375+00:00,2026-06-12T10:57:51.454695+00:00,0.13131928443908691,240000,,
474,preprocessing,CICIDS2017,cicids2017_friday_holdout_sample,7,mlp_sklearn,,2026-06-12T10:57:51.454818+00:00,2026-06-12T10:57:53.849688+00:00,2.3948702812194824,240000,,
475,model_training,CICIDS2017,cicids2017_friday_holdout_sample,7,mlp_sklearn,,2026-06-12T10:57:53.849853+00:00,2026-06-12T10:58:06.160915+00:00,12.31106162071228,240000,,
476,clean_profile,CICIDS2017,cicids2017_friday_holdout_sample,7,mlp_sklearn,,2026-06-12T10:58:06.160993+00:00,2026-06-12T10:58:06.296407+00:00,0.13541483879089355,240000,,
477,threat_evaluation,CICIDS2017,cicids2017_friday_holdout_sample,7,mlp_sklearn,a0_clean,2026-06-12T10:58:06.301606+00:00,2026-06-12T10:58:06.356232+00:00,0.0546267032623291,90000,,
478,result_writing,CICIDS2017,cicids2017_friday_holdout_sample,7,mlp_sklearn,a0_clean,2026-06-12T10:58:06.356407+00:00,2026-06-12T10:58:06.359890+00:00,0.0034830570220947266,1,results/raw/tier_e_core4_hgb_mlp_timed_cicids2017/CICIDS2017_cicids2017_friday_holdout_sample_mlp_sklearn_a0_clean_7.csv,
479,threat_evaluation,CICIDS2017,cicids2017_friday_holdout_sample,7,mlp_sklearn,a1_constrained_feature,2026-06-12T10:58:06.359937+00:00,2026-06-12T10:58:06.601169+00:00,0.24123144149780273,90000,,
480,result_writing,CICIDS2017,cicids2017_friday_holdout_sample,7,mlp_sklearn,a1_constrained_feature,2026-06-12T10:58:06.601344+00:00,2026-06-12T10:58:06.604689+00:00,0.003345012664794922,1,results/raw/tier_e_core4_hgb_mlp_timed_cicids2017/CICIDS2017_cicids2017_friday_holdout_sample_mlp_sklearn_a1_constrained_feature_7.csv,
481,threat_evaluation,CICIDS2017,cicids2017_friday_holdout_sample,7,mlp_sklearn,a1_constrained_score_search,2026-06-12T10:58:06.604734+00:00,2026-06-12T10:58:07.541829+00:00,0.9370954036712646,90000,,
482,result_writing,CICIDS2017,cicids2017_friday_holdout_sample,7,mlp_sklearn,a1_constrained_score_search,2026-06-12T10:58:07.542005+00:00,2026-06-12T10:58:07.545408+00:00,0.0034034252166748047,1,results/raw/tier_e_core4_hgb_mlp_timed_cicids2017/CICIDS2017_cicids2017_friday_holdout_sample_mlp_sklearn_a1_constrained_score_search_7.csv,
483,threat_evaluation,CICIDS2017,cicids2017_friday_holdout_sample,7,mlp_sklearn,a4_split_shift,2026-06-12T10:58:07.545453+00:00,2026-06-12T10:58:07.598607+00:00,0.05315399169921875,90000,,
484,result_writing,CICIDS2017,cicids2017_friday_holdout_sample,7,mlp_sklearn,a4_split_shift,2026-06-12T10:58:07.598778+00:00,2026-06-12T10:58:07.602152+00:00,0.0033740997314453125,1,results/raw/tier_e_core4_hgb_mlp_timed_cicids2017/CICIDS2017_cicids2017_friday_holdout_sample_mlp_sklearn_a4_split_shift_7.csv,
485,split_construction,CICIDS2017,cicids2017_friday_holdout_sample,7,random_forest,,2026-06-12T10:58:07.602242+00:00,2026-06-12T10:58:07.733258+00:00,0.13101696968078613,240000,,
486,preprocessing,CICIDS2017,cicids2017_friday_holdout_sample,7,random_forest,,2026-06-12T10:58:07.733386+00:00,2026-06-12T10:58:10.121176+00:00,2.3877904415130615,240000,,
487,model_training,CICIDS2017,cicids2017_friday_holdout_sample,7,random_forest,,2026-06-12T10:58:10.121365+00:00,2026-06-12T10:58:27.251049+00:00,17.12968349456787,240000,,
488,clean_profile,CICIDS2017,cicids2017_friday_holdout_sample,7,random_forest,,2026-06-12T10:58:27.251136+00:00,2026-06-12T10:58:28.108958+00:00,0.8578224182128906,240000,,
489,threat_evaluation,CICIDS2017,cicids2017_friday_holdout_sample,7,random_forest,a0_clean,2026-06-12T10:58:28.114187+00:00,2026-06-12T10:58:28.416457+00:00,0.30227017402648926,90000,,
490,result_writing,CICIDS2017,cicids2017_friday_holdout_sample,7,random_forest,a0_clean,2026-06-12T10:58:28.416628+00:00,2026-06-12T10:58:28.420162+00:00,0.0035343170166015625,1,results/raw/tier_e_core4_hgb_mlp_timed_cicids2017/CICIDS2017_cicids2017_friday_holdout_sample_random_forest_a0_clean_7.csv,
491,threat_evaluation,CICIDS2017,cicids2017_friday_holdout_sample,7,random_forest,a1_constrained_feature,2026-06-12T10:58:28.420213+00:00,2026-06-12T10:58:28.921698+00:00,0.5014853477478027,90000,,
492,result_writing,CICIDS2017,cicids2017_friday_holdout_sample,7,random_forest,a1_constrained_feature,2026-06-12T10:58:28.921869+00:00,2026-06-12T10:58:28.925304+00:00,0.0034356117248535156,1,results/raw/tier_e_core4_hgb_mlp_timed_cicids2017/CICIDS2017_cicids2017_friday_holdout_sample_random_forest_a1_constrained_feature_7.csv,
493,threat_evaluation,CICIDS2017,cicids2017_friday_holdout_sample,7,random_forest,a1_constrained_score_search,2026-06-12T10:58:28.925354+00:00,2026-06-12T10:58:30.365766+00:00,1.4404113292694092,90000,,
494,result_writing,CICIDS2017,cicids2017_friday_holdout_sample,7,random_forest,a1_constrained_score_search,2026-06-12T10:58:30.365943+00:00,2026-06-12T10:58:30.369382+00:00,0.0034389495849609375,1,results/raw/tier_e_core4_hgb_mlp_timed_cicids2017/CICIDS2017_cicids2017_friday_holdout_sample_random_forest_a1_constrained_score_search_7.csv,
495,threat_evaluation,CICIDS2017,cicids2017_friday_holdout_sample,7,random_forest,a4_split_shift,2026-06-12T10:58:30.369432+00:00,2026-06-12T10:58:30.671938+00:00,0.3025054931640625,90000,,
496,result_writing,CICIDS2017,cicids2017_friday_holdout_sample,7,random_forest,a4_split_shift,2026-06-12T10:58:30.672116+00:00,2026-06-12T10:58:30.675553+00:00,0.0034377574920654297,1,results/raw/tier_e_core4_hgb_mlp_timed_cicids2017/CICIDS2017_cicids2017_friday_holdout_sample_random_forest_a4_split_shift_7.csv,
497,dataset_load,CICIDS2017,cicids2017_friday_holdout_sample,8,,,2026-06-12T10:58:30.675605+00:00,2026-06-12T10:58:36.612087+00:00,5.936481952667236,240000,,
498,preprocess_manifest,CICIDS2017,cicids2017_friday_holdout_sample,8,,,2026-06-12T10:58:36.612230+00:00,2026-06-12T10:58:38.775745+00:00,2.163515090942383,240000,,
499,split_construction,CICIDS2017,cicids2017_friday_holdout_sample,8,extra_trees,,2026-06-12T10:58:38.775928+00:00,2026-06-12T10:58:38.907301+00:00,0.13137316703796387,240000,,
500,preprocessing,CICIDS2017,cicids2017_friday_holdout_sample,8,extra_trees,,2026-06-12T10:58:38.907432+00:00,2026-06-12T10:58:41.287784+00:00,2.380352020263672,240000,,
501,model_training,CICIDS2017,cicids2017_friday_holdout_sample,8,extra_trees,,2026-06-12T10:58:41.287969+00:00,2026-06-12T10:58:51.198633+00:00,9.910664319992065,240000,,
502,clean_profile,CICIDS2017,cicids2017_friday_holdout_sample,8,extra_trees,,2026-06-12T10:58:51.198721+00:00,2026-06-12T10:58:52.478715+00:00,1.2799947261810303,240000,,
503,threat_evaluation,CICIDS2017,cicids2017_friday_holdout_sample,8,extra_trees,a0_clean,2026-06-12T10:58:52.484051+00:00,2026-06-12T10:58:52.921288+00:00,0.437237024307251,90000,,
504,result_writing,CICIDS2017,cicids2017_friday_holdout_sample,8,extra_trees,a0_clean,2026-06-12T10:58:52.921468+00:00,2026-06-12T10:58:52.924977+00:00,0.0035092830657958984,1,results/raw/tier_e_core4_hgb_mlp_timed_cicids2017/CICIDS2017_cicids2017_friday_holdout_sample_extra_trees_a0_clean_8.csv,
505,threat_evaluation,CICIDS2017,cicids2017_friday_holdout_sample,8,extra_trees,a1_constrained_feature,2026-06-12T10:58:52.925029+00:00,2026-06-12T10:58:53.560039+00:00,0.6350102424621582,90000,,
506,result_writing,CICIDS2017,cicids2017_friday_holdout_sample,8,extra_trees,a1_constrained_feature,2026-06-12T10:58:53.560221+00:00,2026-06-12T10:58:53.563607+00:00,0.0033855438232421875,1,results/raw/tier_e_core4_hgb_mlp_timed_cicids2017/CICIDS2017_cicids2017_friday_holdout_sample_extra_trees_a1_constrained_feature_8.csv,
507,threat_evaluation,CICIDS2017,cicids2017_friday_holdout_sample,8,extra_trees,a1_constrained_score_search,2026-06-12T10:58:53.563657+00:00,2026-06-12T10:58:55.253643+00:00,1.6899855136871338,90000,,
508,result_writing,CICIDS2017,cicids2017_friday_holdout_sample,8,extra_trees,a1_constrained_score_search,2026-06-12T10:58:55.253829+00:00,2026-06-12T10:58:55.257300+00:00,0.0034706592559814453,1,results/raw/tier_e_core4_hgb_mlp_timed_cicids2017/CICIDS2017_cicids2017_friday_holdout_sample_extra_trees_a1_constrained_score_search_8.csv,
509,threat_evaluation,CICIDS2017,cicids2017_friday_holdout_sample,8,extra_trees,a4_split_shift,2026-06-12T10:58:55.257352+00:00,2026-06-12T10:58:55.693851+00:00,0.43649959564208984,90000,,
510,result_writing,CICIDS2017,cicids2017_friday_holdout_sample,8,extra_trees,a4_split_shift,2026-06-12T10:58:55.694021+00:00,2026-06-12T10:58:55.697481+00:00,0.0034601688385009766,1,results/raw/tier_e_core4_hgb_mlp_timed_cicids2017/CICIDS2017_cicids2017_friday_holdout_sample_extra_trees_a4_split_shift_8.csv,
511,split_construction,CICIDS2017,cicids2017_friday_holdout_sample,8,hist_gradient_boosting,,2026-06-12T10:58:55.697569+00:00,2026-06-12T10:58:55.829219+00:00,0.13164949417114258,240000,,
512,preprocessing,CICIDS2017,cicids2017_friday_holdout_sample,8,hist_gradient_boosting,,2026-06-12T10:58:55.829336+00:00,2026-06-12T10:58:58.221268+00:00,2.391932249069214,240000,,
513,model_training,CICIDS2017,cicids2017_friday_holdout_sample,8,hist_gradient_boosting,,2026-06-12T10:58:58.221435+00:00,2026-06-12T10:59:01.476731+00:00,3.255296230316162,240000,,
514,clean_profile,CICIDS2017,cicids2017_friday_holdout_sample,8,hist_gradient_boosting,,2026-06-12T10:59:01.476827+00:00,2026-06-12T10:59:01.756073+00:00,0.27924633026123047,240000,,
515,threat_evaluation,CICIDS2017,cicids2017_friday_holdout_sample,8,hist_gradient_boosting,a0_clean,2026-06-12T10:59:01.761960+00:00,2026-06-12T10:59:01.860986+00:00,0.09902644157409668,90000,,
516,result_writing,CICIDS2017,cicids2017_friday_holdout_sample,8,hist_gradient_boosting,a0_clean,2026-06-12T10:59:01.861158+00:00,2026-06-12T10:59:01.864631+00:00,0.003473520278930664,1,results/raw/tier_e_core4_hgb_mlp_timed_cicids2017/CICIDS2017_cicids2017_friday_holdout_sample_hist_gradient_boosting_a0_clean_8.csv,
517,threat_evaluation,CICIDS2017,cicids2017_friday_holdout_sample,8,hist_gradient_boosting,a1_constrained_feature,2026-06-12T10:59:01.864676+00:00,2026-06-12T10:59:02.156496+00:00,0.29181957244873047,90000,,
518,result_writing,CICIDS2017,cicids2017_friday_holdout_sample,8,hist_gradient_boosting,a1_constrained_feature,2026-06-12T10:59:02.156665+00:00,2026-06-12T10:59:02.160086+00:00,0.0034210681915283203,1,results/raw/tier_e_core4_hgb_mlp_timed_cicids2017/CICIDS2017_cicids2017_friday_holdout_sample_hist_gradient_boosting_a1_constrained_feature_8.csv,
519,threat_evaluation,CICIDS2017,cicids2017_friday_holdout_sample,8,hist_gradient_boosting,a1_constrained_score_search,2026-06-12T10:59:02.160131+00:00,2026-06-12T10:59:03.427621+00:00,1.2674896717071533,90000,,
520,result_writing,CICIDS2017,cicids2017_friday_holdout_sample,8,hist_gradient_boosting,a1_constrained_score_search,2026-06-12T10:59:03.427819+00:00,2026-06-12T10:59:03.431218+00:00,0.003398418426513672,1,results/raw/tier_e_core4_hgb_mlp_timed_cicids2017/CICIDS2017_cicids2017_friday_holdout_sample_hist_gradient_boosting_a1_constrained_score_search_8.csv,
521,threat_evaluation,CICIDS2017,cicids2017_friday_holdout_sample,8,hist_gradient_boosting,a4_split_shift,2026-06-12T10:59:03.431265+00:00,2026-06-12T10:59:03.535591+00:00,0.10432577133178711,90000,,
522,result_writing,CICIDS2017,cicids2017_friday_holdout_sample,8,hist_gradient_boosting,a4_split_shift,2026-06-12T10:59:03.535789+00:00,2026-06-12T10:59:03.539188+00:00,0.0033981800079345703,1,results/raw/tier_e_core4_hgb_mlp_timed_cicids2017/CICIDS2017_cicids2017_friday_holdout_sample_hist_gradient_boosting_a4_split_shift_8.csv,
523,split_construction,CICIDS2017,cicids2017_friday_holdout_sample,8,logistic_regression,,2026-06-12T10:59:03.539276+00:00,2026-06-12T10:59:03.670197+00:00,0.1309208869934082,240000,,
524,preprocessing,CICIDS2017,cicids2017_friday_holdout_sample,8,logistic_regression,,2026-06-12T10:59:03.670326+00:00,2026-06-12T10:59:06.066087+00:00,2.395761728286743,240000,,
525,model_training,CICIDS2017,cicids2017_friday_holdout_sample,8,logistic_regression,,2026-06-12T10:59:06.066222+00:00,2026-06-12T10:59:25.181277+00:00,19.115054845809937,240000,,
526,clean_profile,CICIDS2017,cicids2017_friday_holdout_sample,8,logistic_regression,,2026-06-12T10:59:25.181363+00:00,2026-06-12T10:59:25.231698+00:00,0.05033469200134277,240000,,
527,threat_evaluation,CICIDS2017,cicids2017_friday_holdout_sample,8,logistic_regression,a0_clean,2026-06-12T10:59:25.237874+00:00,2026-06-12T10:59:25.263279+00:00,0.025405406951904297,90000,,
528,result_writing,CICIDS2017,cicids2017_friday_holdout_sample,8,logistic_regression,a0_clean,2026-06-12T10:59:25.263450+00:00,2026-06-12T10:59:25.266963+00:00,0.003512859344482422,1,results/raw/tier_e_core4_hgb_mlp_timed_cicids2017/CICIDS2017_cicids2017_friday_holdout_sample_logistic_regression_a0_clean_8.csv,
529,threat_evaluation,CICIDS2017,cicids2017_friday_holdout_sample,8,logistic_regression,a1_constrained_feature,2026-06-12T10:59:25.267015+00:00,2026-06-12T10:59:25.480880+00:00,0.2138657569885254,90000,,
530,result_writing,CICIDS2017,cicids2017_friday_holdout_sample,8,logistic_regression,a1_constrained_feature,2026-06-12T10:59:25.481056+00:00,2026-06-12T10:59:25.484472+00:00,0.003415822982788086,1,results/raw/tier_e_core4_hgb_mlp_timed_cicids2017/CICIDS2017_cicids2017_friday_holdout_sample_logistic_regression_a1_constrained_feature_8.csv,
531,threat_evaluation,CICIDS2017,cicids2017_friday_holdout_sample,8,logistic_regression,a1_constrained_score_search,2026-06-12T10:59:25.484518+00:00,2026-06-12T10:59:26.334128+00:00,0.8496103286743164,90000,,
532,result_writing,CICIDS2017,cicids2017_friday_holdout_sample,8,logistic_regression,a1_constrained_score_search,2026-06-12T10:59:26.334295+00:00,2026-06-12T10:59:26.348085+00:00,0.013789653778076172,1,results/raw/tier_e_core4_hgb_mlp_timed_cicids2017/CICIDS2017_cicids2017_friday_holdout_sample_logistic_regression_a1_constrained_score_search_8.csv,
533,threat_evaluation,CICIDS2017,cicids2017_friday_holdout_sample,8,logistic_regression,a4_split_shift,2026-06-12T10:59:26.348130+00:00,2026-06-12T10:59:26.373215+00:00,0.0250852108001709,90000,,
534,result_writing,CICIDS2017,cicids2017_friday_holdout_sample,8,logistic_regression,a4_split_shift,2026-06-12T10:59:26.373380+00:00,2026-06-12T10:59:26.376706+00:00,0.0033261775970458984,1,results/raw/tier_e_core4_hgb_mlp_timed_cicids2017/CICIDS2017_cicids2017_friday_holdout_sample_logistic_regression_a4_split_shift_8.csv,
535,split_construction,CICIDS2017,cicids2017_friday_holdout_sample,8,mlp_sklearn,,2026-06-12T10:59:26.376791+00:00,2026-06-12T10:59:26.508354+00:00,0.1315631866455078,240000,,
536,preprocessing,CICIDS2017,cicids2017_friday_holdout_sample,8,mlp_sklearn,,2026-06-12T10:59:26.508482+00:00,2026-06-12T10:59:28.896596+00:00,2.3881142139434814,240000,,
537,model_training,CICIDS2017,cicids2017_friday_holdout_sample,8,mlp_sklearn,,2026-06-12T10:59:28.896770+00:00,2026-06-12T10:59:39.659417+00:00,10.762646198272705,240000,,
538,clean_profile,CICIDS2017,cicids2017_friday_holdout_sample,8,mlp_sklearn,,2026-06-12T10:59:39.659497+00:00,2026-06-12T10:59:39.793997+00:00,0.13450050354003906,240000,,
539,threat_evaluation,CICIDS2017,cicids2017_friday_holdout_sample,8,mlp_sklearn,a0_clean,2026-06-12T10:59:39.799834+00:00,2026-06-12T10:59:39.854141+00:00,0.05430793762207031,90000,,
540,result_writing,CICIDS2017,cicids2017_friday_holdout_sample,8,mlp_sklearn,a0_clean,2026-06-12T10:59:39.854321+00:00,2026-06-12T10:59:39.857800+00:00,0.0034787654876708984,1,results/raw/tier_e_core4_hgb_mlp_timed_cicids2017/CICIDS2017_cicids2017_friday_holdout_sample_mlp_sklearn_a0_clean_8.csv,
541,threat_evaluation,CICIDS2017,cicids2017_friday_holdout_sample,8,mlp_sklearn,a1_constrained_feature,2026-06-12T10:59:39.857853+00:00,2026-06-12T10:59:40.098812+00:00,0.24095869064331055,90000,,
542,result_writing,CICIDS2017,cicids2017_friday_holdout_sample,8,mlp_sklearn,a1_constrained_feature,2026-06-12T10:59:40.098985+00:00,2026-06-12T10:59:40.102426+00:00,0.0034406185150146484,1,results/raw/tier_e_core4_hgb_mlp_timed_cicids2017/CICIDS2017_cicids2017_friday_holdout_sample_mlp_sklearn_a1_constrained_feature_8.csv,
543,threat_evaluation,CICIDS2017,cicids2017_friday_holdout_sample,8,mlp_sklearn,a1_constrained_score_search,2026-06-12T10:59:40.102470+00:00,2026-06-12T10:59:41.043182+00:00,0.940711498260498,90000,,
544,result_writing,CICIDS2017,cicids2017_friday_holdout_sample,8,mlp_sklearn,a1_constrained_score_search,2026-06-12T10:59:41.043355+00:00,2026-06-12T10:59:41.046766+00:00,0.0034105777740478516,1,results/raw/tier_e_core4_hgb_mlp_timed_cicids2017/CICIDS2017_cicids2017_friday_holdout_sample_mlp_sklearn_a1_constrained_score_search_8.csv,
545,threat_evaluation,CICIDS2017,cicids2017_friday_holdout_sample,8,mlp_sklearn,a4_split_shift,2026-06-12T10:59:41.046811+00:00,2026-06-12T10:59:41.100180+00:00,0.053368568420410156,90000,,
546,result_writing,CICIDS2017,cicids2017_friday_holdout_sample,8,mlp_sklearn,a4_split_shift,2026-06-12T10:59:41.100349+00:00,2026-06-12T10:59:41.103694+00:00,0.003345489501953125,1,results/raw/tier_e_core4_hgb_mlp_timed_cicids2017/CICIDS2017_cicids2017_friday_holdout_sample_mlp_sklearn_a4_split_shift_8.csv,
547,split_construction,CICIDS2017,cicids2017_friday_holdout_sample,8,random_forest,,2026-06-12T10:59:41.103821+00:00,2026-06-12T10:59:41.234392+00:00,0.1305711269378662,240000,,
548,preprocessing,CICIDS2017,cicids2017_friday_holdout_sample,8,random_forest,,2026-06-12T10:59:41.234507+00:00,2026-06-12T10:59:43.720633+00:00,2.486125946044922,240000,,
549,model_training,CICIDS2017,cicids2017_friday_holdout_sample,8,random_forest,,2026-06-12T10:59:43.720824+00:00,2026-06-12T11:00:00.310613+00:00,16.589789152145386,240000,,
550,clean_profile,CICIDS2017,cicids2017_friday_holdout_sample,8,random_forest,,2026-06-12T11:00:00.310701+00:00,2026-06-12T11:00:01.207195+00:00,0.8964943885803223,240000,,
551,threat_evaluation,CICIDS2017,cicids2017_friday_holdout_sample,8,random_forest,a0_clean,2026-06-12T11:00:01.213005+00:00,2026-06-12T11:00:01.511405+00:00,0.2984001636505127,90000,,
552,result_writing,CICIDS2017,cicids2017_friday_holdout_sample,8,random_forest,a0_clean,2026-06-12T11:00:01.511575+00:00,2026-06-12T11:00:01.515078+00:00,0.0035021305084228516,1,results/raw/tier_e_core4_hgb_mlp_timed_cicids2017/CICIDS2017_cicids2017_friday_holdout_sample_random_forest_a0_clean_8.csv,
553,threat_evaluation,CICIDS2017,cicids2017_friday_holdout_sample,8,random_forest,a1_constrained_feature,2026-06-12T11:00:01.515130+00:00,2026-06-12T11:00:02.003463+00:00,0.48833298683166504,90000,,
554,result_writing,CICIDS2017,cicids2017_friday_holdout_sample,8,random_forest,a1_constrained_feature,2026-06-12T11:00:02.003643+00:00,2026-06-12T11:00:02.007200+00:00,0.003557443618774414,1,results/raw/tier_e_core4_hgb_mlp_timed_cicids2017/CICIDS2017_cicids2017_friday_holdout_sample_random_forest_a1_constrained_feature_8.csv,
555,threat_evaluation,CICIDS2017,cicids2017_friday_holdout_sample,8,random_forest,a1_constrained_score_search,2026-06-12T11:00:02.007254+00:00,2026-06-12T11:00:03.409415+00:00,1.402160882949829,90000,,
556,result_writing,CICIDS2017,cicids2017_friday_holdout_sample,8,random_forest,a1_constrained_score_search,2026-06-12T11:00:03.409597+00:00,2026-06-12T11:00:03.413041+00:00,0.0034437179565429688,1,results/raw/tier_e_core4_hgb_mlp_timed_cicids2017/CICIDS2017_cicids2017_friday_holdout_sample_random_forest_a1_constrained_score_search_8.csv,
557,threat_evaluation,CICIDS2017,cicids2017_friday_holdout_sample,8,random_forest,a4_split_shift,2026-06-12T11:00:03.413092+00:00,2026-06-12T11:00:03.711501+00:00,0.29840922355651855,90000,,
558,result_writing,CICIDS2017,cicids2017_friday_holdout_sample,8,random_forest,a4_split_shift,2026-06-12T11:00:03.711666+00:00,2026-06-12T11:00:03.715086+00:00,0.0034198760986328125,1,results/raw/tier_e_core4_hgb_mlp_timed_cicids2017/CICIDS2017_cicids2017_friday_holdout_sample_random_forest_a4_split_shift_8.csv,
559,dataset_load,CICIDS2017,cicids2017_friday_holdout_sample,9,,,2026-06-12T11:00:03.715137+00:00,2026-06-12T11:00:09.706517+00:00,5.991379976272583,240000,,
560,preprocess_manifest,CICIDS2017,cicids2017_friday_holdout_sample,9,,,2026-06-12T11:00:09.706646+00:00,2026-06-12T11:00:11.865555+00:00,2.1589081287384033,240000,,
561,split_construction,CICIDS2017,cicids2017_friday_holdout_sample,9,extra_trees,,2026-06-12T11:00:11.865730+00:00,2026-06-12T11:00:11.996850+00:00,0.131119966506958,240000,,
562,preprocessing,CICIDS2017,cicids2017_friday_holdout_sample,9,extra_trees,,2026-06-12T11:00:11.996978+00:00,2026-06-12T11:00:14.381370+00:00,2.384392261505127,240000,,
563,model_training,CICIDS2017,cicids2017_friday_holdout_sample,9,extra_trees,,2026-06-12T11:00:14.381550+00:00,2026-06-12T11:00:24.432076+00:00,10.050526142120361,240000,,
564,clean_profile,CICIDS2017,cicids2017_friday_holdout_sample,9,extra_trees,,2026-06-12T11:00:24.432165+00:00,2026-06-12T11:00:25.735639+00:00,1.3034746646881104,240000,,
565,threat_evaluation,CICIDS2017,cicids2017_friday_holdout_sample,9,extra_trees,a0_clean,2026-06-12T11:00:25.741300+00:00,2026-06-12T11:00:26.167181+00:00,0.42588186264038086,90000,,
566,result_writing,CICIDS2017,cicids2017_friday_holdout_sample,9,extra_trees,a0_clean,2026-06-12T11:00:26.167349+00:00,2026-06-12T11:00:26.170806+00:00,0.0034568309783935547,1,results/raw/tier_e_core4_hgb_mlp_timed_cicids2017/CICIDS2017_cicids2017_friday_holdout_sample_extra_trees_a0_clean_9.csv,
567,threat_evaluation,CICIDS2017,cicids2017_friday_holdout_sample,9,extra_trees,a1_constrained_feature,2026-06-12T11:00:26.170856+00:00,2026-06-12T11:00:26.815245+00:00,0.6443886756896973,90000,,
568,result_writing,CICIDS2017,cicids2017_friday_holdout_sample,9,extra_trees,a1_constrained_feature,2026-06-12T11:00:26.815415+00:00,2026-06-12T11:00:26.818876+00:00,0.0034608840942382812,1,results/raw/tier_e_core4_hgb_mlp_timed_cicids2017/CICIDS2017_cicids2017_friday_holdout_sample_extra_trees_a1_constrained_feature_9.csv,
569,threat_evaluation,CICIDS2017,cicids2017_friday_holdout_sample,9,extra_trees,a1_constrained_score_search,2026-06-12T11:00:26.818926+00:00,2026-06-12T11:00:28.489614+00:00,1.6706881523132324,90000,,
570,result_writing,CICIDS2017,cicids2017_friday_holdout_sample,9,extra_trees,a1_constrained_score_search,2026-06-12T11:00:28.489790+00:00,2026-06-12T11:00:28.493223+00:00,0.003432750701904297,1,results/raw/tier_e_core4_hgb_mlp_timed_cicids2017/CICIDS2017_cicids2017_friday_holdout_sample_extra_trees_a1_constrained_score_search_9.csv,
571,threat_evaluation,CICIDS2017,cicids2017_friday_holdout_sample,9,extra_trees,a4_split_shift,2026-06-12T11:00:28.493275+00:00,2026-06-12T11:00:28.921505+00:00,0.42823028564453125,90000,,
572,result_writing,CICIDS2017,cicids2017_friday_holdout_sample,9,extra_trees,a4_split_shift,2026-06-12T11:00:28.921673+00:00,2026-06-12T11:00:28.925104+00:00,0.003430604934692383,1,results/raw/tier_e_core4_hgb_mlp_timed_cicids2017/CICIDS2017_cicids2017_friday_holdout_sample_extra_trees_a4_split_shift_9.csv,
573,split_construction,CICIDS2017,cicids2017_friday_holdout_sample,9,hist_gradient_boosting,,2026-06-12T11:00:28.925189+00:00,2026-06-12T11:00:29.056518+00:00,0.13132834434509277,240000,,
574,preprocessing,CICIDS2017,cicids2017_friday_holdout_sample,9,hist_gradient_boosting,,2026-06-12T11:00:29.056628+00:00,2026-06-12T11:00:31.443610+00:00,2.386981725692749,240000,,
575,model_training,CICIDS2017,cicids2017_friday_holdout_sample,9,hist_gradient_boosting,,2026-06-12T11:00:31.443801+00:00,2026-06-12T11:00:34.654539+00:00,3.210737705230713,240000,,
576,clean_profile,CICIDS2017,cicids2017_friday_holdout_sample,9,hist_gradient_boosting,,2026-06-12T11:00:34.654633+00:00,2026-06-12T11:00:34.936743+00:00,0.28211045265197754,240000,,
577,threat_evaluation,CICIDS2017,cicids2017_friday_holdout_sample,9,hist_gradient_boosting,a0_clean,2026-06-12T11:00:34.942400+00:00,2026-06-12T11:00:35.042211+00:00,0.09981083869934082,90000,,
578,result_writing,CICIDS2017,cicids2017_friday_holdout_sample,9,hist_gradient_boosting,a0_clean,2026-06-12T11:00:35.042384+00:00,2026-06-12T11:00:35.045857+00:00,0.003472566604614258,1,results/raw/tier_e_core4_hgb_mlp_timed_cicids2017/CICIDS2017_cicids2017_friday_holdout_sample_hist_gradient_boosting_a0_clean_9.csv,
579,threat_evaluation,CICIDS2017,cicids2017_friday_holdout_sample,9,hist_gradient_boosting,a1_constrained_feature,2026-06-12T11:00:35.045902+00:00,2026-06-12T11:00:35.344498+00:00,0.2985963821411133,90000,,
580,result_writing,CICIDS2017,cicids2017_friday_holdout_sample,9,hist_gradient_boosting,a1_constrained_feature,2026-06-12T11:00:35.344665+00:00,2026-06-12T11:00:35.348053+00:00,0.0033876895904541016,1,results/raw/tier_e_core4_hgb_mlp_timed_cicids2017/CICIDS2017_cicids2017_friday_holdout_sample_hist_gradient_boosting_a1_constrained_feature_9.csv,
581,threat_evaluation,CICIDS2017,cicids2017_friday_holdout_sample,9,hist_gradient_boosting,a1_constrained_score_search,2026-06-12T11:00:35.348098+00:00,2026-06-12T11:00:36.643570+00:00,1.2954721450805664,90000,,
582,result_writing,CICIDS2017,cicids2017_friday_holdout_sample,9,hist_gradient_boosting,a1_constrained_score_search,2026-06-12T11:00:36.643770+00:00,2026-06-12T11:00:36.647154+00:00,0.0033833980560302734,1,results/raw/tier_e_core4_hgb_mlp_timed_cicids2017/CICIDS2017_cicids2017_friday_holdout_sample_hist_gradient_boosting_a1_constrained_score_search_9.csv,
583,threat_evaluation,CICIDS2017,cicids2017_friday_holdout_sample,9,hist_gradient_boosting,a4_split_shift,2026-06-12T11:00:36.647198+00:00,2026-06-12T11:00:36.758867+00:00,0.11166882514953613,90000,,
584,result_writing,CICIDS2017,cicids2017_friday_holdout_sample,9,hist_gradient_boosting,a4_split_shift,2026-06-12T11:00:36.759031+00:00,2026-06-12T11:00:36.762408+00:00,0.003377676010131836,1,results/raw/tier_e_core4_hgb_mlp_timed_cicids2017/CICIDS2017_cicids2017_friday_holdout_sample_hist_gradient_boosting_a4_split_shift_9.csv,
585,split_construction,CICIDS2017,cicids2017_friday_holdout_sample,9,logistic_regression,,2026-06-12T11:00:36.762494+00:00,2026-06-12T11:00:36.893836+00:00,0.13134169578552246,240000,,
586,preprocessing,CICIDS2017,cicids2017_friday_holdout_sample,9,logistic_regression,,2026-06-12T11:00:36.893960+00:00,2026-06-12T11:00:39.311496+00:00,2.4175357818603516,240000,,
587,model_training,CICIDS2017,cicids2017_friday_holdout_sample,9,logistic_regression,,2026-06-12T11:00:39.311643+00:00,2026-06-12T11:01:01.993606+00:00,22.681963443756104,240000,,
588,clean_profile,CICIDS2017,cicids2017_friday_holdout_sample,9,logistic_regression,,2026-06-12T11:01:01.993692+00:00,2026-06-12T11:01:02.044713+00:00,0.05102133750915527,240000,,
589,threat_evaluation,CICIDS2017,cicids2017_friday_holdout_sample,9,logistic_regression,a0_clean,2026-06-12T11:01:02.050768+00:00,2026-06-12T11:01:02.076309+00:00,0.02554154396057129,90000,,
590,result_writing,CICIDS2017,cicids2017_friday_holdout_sample,9,logistic_regression,a0_clean,2026-06-12T11:01:02.076481+00:00,2026-06-12T11:01:02.079929+00:00,0.003448009490966797,1,results/raw/tier_e_core4_hgb_mlp_timed_cicids2017/CICIDS2017_cicids2017_friday_holdout_sample_logistic_regression_a0_clean_9.csv,
591,threat_evaluation,CICIDS2017,cicids2017_friday_holdout_sample,9,logistic_regression,a1_constrained_feature,2026-06-12T11:01:02.079978+00:00,2026-06-12T11:01:02.292189+00:00,0.21221137046813965,90000,,
592,result_writing,CICIDS2017,cicids2017_friday_holdout_sample,9,logistic_regression,a1_constrained_feature,2026-06-12T11:01:02.292366+00:00,2026-06-12T11:01:02.295784+00:00,0.0034177303314208984,1,results/raw/tier_e_core4_hgb_mlp_timed_cicids2017/CICIDS2017_cicids2017_friday_holdout_sample_logistic_regression_a1_constrained_feature_9.csv,
593,threat_evaluation,CICIDS2017,cicids2017_friday_holdout_sample,9,logistic_regression,a1_constrained_score_search,2026-06-12T11:01:02.295829+00:00,2026-06-12T11:01:03.140092+00:00,0.8442633152008057,90000,,
594,result_writing,CICIDS2017,cicids2017_friday_holdout_sample,9,logistic_regression,a1_constrained_score_search,2026-06-12T11:01:03.140272+00:00,2026-06-12T11:01:03.143608+00:00,0.0033359527587890625,1,results/raw/tier_e_core4_hgb_mlp_timed_cicids2017/CICIDS2017_cicids2017_friday_holdout_sample_logistic_regression_a1_constrained_score_search_9.csv,
595,threat_evaluation,CICIDS2017,cicids2017_friday_holdout_sample,9,logistic_regression,a4_split_shift,2026-06-12T11:01:03.143653+00:00,2026-06-12T11:01:03.169017+00:00,0.025364160537719727,90000,,
596,result_writing,CICIDS2017,cicids2017_friday_holdout_sample,9,logistic_regression,a4_split_shift,2026-06-12T11:01:03.169181+00:00,2026-06-12T11:01:03.172586+00:00,0.003404855728149414,1,results/raw/tier_e_core4_hgb_mlp_timed_cicids2017/CICIDS2017_cicids2017_friday_holdout_sample_logistic_regression_a4_split_shift_9.csv,
597,split_construction,CICIDS2017,cicids2017_friday_holdout_sample,9,mlp_sklearn,,2026-06-12T11:01:03.172677+00:00,2026-06-12T11:01:03.304443+00:00,0.13176679611206055,240000,,
598,preprocessing,CICIDS2017,cicids2017_friday_holdout_sample,9,mlp_sklearn,,2026-06-12T11:01:03.304589+00:00,2026-06-12T11:01:05.699744+00:00,2.395155668258667,240000,,
599,model_training,CICIDS2017,cicids2017_friday_holdout_sample,9,mlp_sklearn,,2026-06-12T11:01:05.699913+00:00,2026-06-12T11:01:18.616338+00:00,12.916425704956055,240000,,
600,clean_profile,CICIDS2017,cicids2017_friday_holdout_sample,9,mlp_sklearn,,2026-06-12T11:01:18.616421+00:00,2026-06-12T11:01:18.751099+00:00,0.13467836380004883,240000,,
601,threat_evaluation,CICIDS2017,cicids2017_friday_holdout_sample,9,mlp_sklearn,a0_clean,2026-06-12T11:01:18.756838+00:00,2026-06-12T11:01:18.811231+00:00,0.054392337799072266,90000,,
602,result_writing,CICIDS2017,cicids2017_friday_holdout_sample,9,mlp_sklearn,a0_clean,2026-06-12T11:01:18.811400+00:00,2026-06-12T11:01:18.814893+00:00,0.003492593765258789,1,results/raw/tier_e_core4_hgb_mlp_timed_cicids2017/CICIDS2017_cicids2017_friday_holdout_sample_mlp_sklearn_a0_clean_9.csv,
603,threat_evaluation,CICIDS2017,cicids2017_friday_holdout_sample,9,mlp_sklearn,a1_constrained_feature,2026-06-12T11:01:18.814941+00:00,2026-06-12T11:01:19.056277+00:00,0.24133634567260742,90000,,
604,result_writing,CICIDS2017,cicids2017_friday_holdout_sample,9,mlp_sklearn,a1_constrained_feature,2026-06-12T11:01:19.056453+00:00,2026-06-12T11:01:19.096076+00:00,0.03962349891662598,1,results/raw/tier_e_core4_hgb_mlp_timed_cicids2017/CICIDS2017_cicids2017_friday_holdout_sample_mlp_sklearn_a1_constrained_feature_9.csv,
605,threat_evaluation,CICIDS2017,cicids2017_friday_holdout_sample,9,mlp_sklearn,a1_constrained_score_search,2026-06-12T11:01:19.096128+00:00,2026-06-12T11:01:20.029580+00:00,0.9334514141082764,90000,,
606,result_writing,CICIDS2017,cicids2017_friday_holdout_sample,9,mlp_sklearn,a1_constrained_score_search,2026-06-12T11:01:20.029753+00:00,2026-06-12T11:01:20.033138+00:00,0.003384828567504883,1,results/raw/tier_e_core4_hgb_mlp_timed_cicids2017/CICIDS2017_cicids2017_friday_holdout_sample_mlp_sklearn_a1_constrained_score_search_9.csv,
607,threat_evaluation,CICIDS2017,cicids2017_friday_holdout_sample,9,mlp_sklearn,a4_split_shift,2026-06-12T11:01:20.033183+00:00,2026-06-12T11:01:20.086589+00:00,0.0534060001373291,90000,,
608,result_writing,CICIDS2017,cicids2017_friday_holdout_sample,9,mlp_sklearn,a4_split_shift,2026-06-12T11:01:20.086758+00:00,2026-06-12T11:01:20.090150+00:00,0.003392457962036133,1,results/raw/tier_e_core4_hgb_mlp_timed_cicids2017/CICIDS2017_cicids2017_friday_holdout_sample_mlp_sklearn_a4_split_shift_9.csv,
609,split_construction,CICIDS2017,cicids2017_friday_holdout_sample,9,random_forest,,2026-06-12T11:01:20.090241+00:00,2026-06-12T11:01:20.222240+00:00,0.13199925422668457,240000,,
610,preprocessing,CICIDS2017,cicids2017_friday_holdout_sample,9,random_forest,,2026-06-12T11:01:20.222372+00:00,2026-06-12T11:01:22.616290+00:00,2.393918037414551,240000,,
611,model_training,CICIDS2017,cicids2017_friday_holdout_sample,9,random_forest,,2026-06-12T11:01:22.616482+00:00,2026-06-12T11:01:39.944523+00:00,17.328041076660156,240000,,
612,clean_profile,CICIDS2017,cicids2017_friday_holdout_sample,9,random_forest,,2026-06-12T11:01:39.944614+00:00,2026-06-12T11:01:40.874907+00:00,0.9302935600280762,240000,,
613,threat_evaluation,CICIDS2017,cicids2017_friday_holdout_sample,9,random_forest,a0_clean,2026-06-12T11:01:40.880645+00:00,2026-06-12T11:01:41.191982+00:00,0.3113372325897217,90000,,
614,result_writing,CICIDS2017,cicids2017_friday_holdout_sample,9,random_forest,a0_clean,2026-06-12T11:01:41.192155+00:00,2026-06-12T11:01:41.195582+00:00,0.0034275054931640625,1,results/raw/tier_e_core4_hgb_mlp_timed_cicids2017/CICIDS2017_cicids2017_friday_holdout_sample_random_forest_a0_clean_9.csv,
615,threat_evaluation,CICIDS2017,cicids2017_friday_holdout_sample,9,random_forest,a1_constrained_feature,2026-06-12T11:01:41.195633+00:00,2026-06-12T11:01:41.696756+00:00,0.5011234283447266,90000,,
616,result_writing,CICIDS2017,cicids2017_friday_holdout_sample,9,random_forest,a1_constrained_feature,2026-06-12T11:01:41.696935+00:00,2026-06-12T11:01:41.700412+00:00,0.0034766197204589844,1,results/raw/tier_e_core4_hgb_mlp_timed_cicids2017/CICIDS2017_cicids2017_friday_holdout_sample_random_forest_a1_constrained_feature_9.csv,
617,threat_evaluation,CICIDS2017,cicids2017_friday_holdout_sample,9,random_forest,a1_constrained_score_search,2026-06-12T11:01:41.700465+00:00,2026-06-12T11:01:43.120991+00:00,1.4205260276794434,90000,,
618,result_writing,CICIDS2017,cicids2017_friday_holdout_sample,9,random_forest,a1_constrained_score_search,2026-06-12T11:01:43.121168+00:00,2026-06-12T11:01:43.124628+00:00,0.0034596920013427734,1,results/raw/tier_e_core4_hgb_mlp_timed_cicids2017/CICIDS2017_cicids2017_friday_holdout_sample_random_forest_a1_constrained_score_search_9.csv,
619,threat_evaluation,CICIDS2017,cicids2017_friday_holdout_sample,9,random_forest,a4_split_shift,2026-06-12T11:01:43.124682+00:00,2026-06-12T11:01:43.435054+00:00,0.31037235260009766,90000,,
620,result_writing,CICIDS2017,cicids2017_friday_holdout_sample,9,random_forest,a4_split_shift,2026-06-12T11:01:43.435226+00:00,2026-06-12T11:01:43.438665+00:00,0.0034389495849609375,1,results/raw/tier_e_core4_hgb_mlp_timed_cicids2017/CICIDS2017_cicids2017_friday_holdout_sample_random_forest_a4_split_shift_9.csv,
