event_id,stage,dataset,split_id,seed,model_id,threat_id,start_iso,end_iso,elapsed_s,rows,output_path,detail
1,dataset_load,CSE-CIC-IDS2018,cse_cic_ids2018_friday_holdout_sample,0,,,2026-06-12T11:01:45.495608+00:00,2026-06-12T11:02:29.514844+00:00,44.01923584938049,20000,,
2,preprocess_manifest,CSE-CIC-IDS2018,cse_cic_ids2018_friday_holdout_sample,0,,,2026-06-12T11:02:29.515009+00:00,2026-06-12T11:02:31.725613+00:00,2.210603713989258,20000,,
3,split_construction,CSE-CIC-IDS2018,cse_cic_ids2018_friday_holdout_sample,0,extra_trees,,2026-06-12T11:02:31.725796+00:00,2026-06-12T11:02:31.781026+00:00,0.05523061752319336,20000,,
4,preprocessing,CSE-CIC-IDS2018,cse_cic_ids2018_friday_holdout_sample,0,extra_trees,,2026-06-12T11:02:31.781151+00:00,2026-06-12T11:02:34.039704+00:00,2.2585527896881104,20000,,
5,model_training,CSE-CIC-IDS2018,cse_cic_ids2018_friday_holdout_sample,0,extra_trees,,2026-06-12T11:02:34.039919+00:00,2026-06-12T11:02:35.139817+00:00,1.099898099899292,20000,,
6,clean_profile,CSE-CIC-IDS2018,cse_cic_ids2018_friday_holdout_sample,0,extra_trees,,2026-06-12T11:02:35.139899+00:00,2026-06-12T11:02:35.328537+00:00,0.18863773345947266,20000,,
7,threat_evaluation,CSE-CIC-IDS2018,cse_cic_ids2018_friday_holdout_sample,0,extra_trees,a0_clean,2026-06-12T11:02:35.340361+00:00,2026-06-12T11:02:35.405059+00:00,0.06469869613647461,5000,,
8,result_writing,CSE-CIC-IDS2018,cse_cic_ids2018_friday_holdout_sample,0,extra_trees,a0_clean,2026-06-12T11:02:35.405231+00:00,2026-06-12T11:02:35.409454+00:00,0.0042231082916259766,1,results/raw/tier_e_core4_hgb_mlp_timed_cse_cic_ids2018/CSE-CIC-IDS2018_cse_cic_ids2018_friday_holdout_sample_extra_trees_a0_clean_0.csv,
9,threat_evaluation,CSE-CIC-IDS2018,cse_cic_ids2018_friday_holdout_sample,0,extra_trees,a1_constrained_feature,2026-06-12T11:02:35.409500+00:00,2026-06-12T11:02:35.532497+00:00,0.12299680709838867,5000,,
10,result_writing,CSE-CIC-IDS2018,cse_cic_ids2018_friday_holdout_sample,0,extra_trees,a1_constrained_feature,2026-06-12T11:02:35.532686+00:00,2026-06-12T11:02:35.535936+00:00,0.003250598907470703,1,results/raw/tier_e_core4_hgb_mlp_timed_cse_cic_ids2018/CSE-CIC-IDS2018_cse_cic_ids2018_friday_holdout_sample_extra_trees_a1_constrained_feature_0.csv,
11,threat_evaluation,CSE-CIC-IDS2018,cse_cic_ids2018_friday_holdout_sample,0,extra_trees,a1_constrained_score_search,2026-06-12T11:02:35.535978+00:00,2026-06-12T11:02:35.916770+00:00,0.38079118728637695,5000,,
12,result_writing,CSE-CIC-IDS2018,cse_cic_ids2018_friday_holdout_sample,0,extra_trees,a1_constrained_score_search,2026-06-12T11:02:35.916962+00:00,2026-06-12T11:02:35.920220+00:00,0.0032575130462646484,1,results/raw/tier_e_core4_hgb_mlp_timed_cse_cic_ids2018/CSE-CIC-IDS2018_cse_cic_ids2018_friday_holdout_sample_extra_trees_a1_constrained_score_search_0.csv,
13,threat_evaluation,CSE-CIC-IDS2018,cse_cic_ids2018_friday_holdout_sample,0,extra_trees,a4_split_shift,2026-06-12T11:02:35.920264+00:00,2026-06-12T11:02:35.984545+00:00,0.06428074836730957,5000,,
14,result_writing,CSE-CIC-IDS2018,cse_cic_ids2018_friday_holdout_sample,0,extra_trees,a4_split_shift,2026-06-12T11:02:35.984717+00:00,2026-06-12T11:02:35.987959+00:00,0.0032415390014648438,1,results/raw/tier_e_core4_hgb_mlp_timed_cse_cic_ids2018/CSE-CIC-IDS2018_cse_cic_ids2018_friday_holdout_sample_extra_trees_a4_split_shift_0.csv,
15,split_construction,CSE-CIC-IDS2018,cse_cic_ids2018_friday_holdout_sample,0,hist_gradient_boosting,,2026-06-12T11:02:35.988040+00:00,2026-06-12T11:02:36.043991+00:00,0.05595088005065918,20000,,
16,preprocessing,CSE-CIC-IDS2018,cse_cic_ids2018_friday_holdout_sample,0,hist_gradient_boosting,,2026-06-12T11:02:36.044102+00:00,2026-06-12T11:02:38.385592+00:00,2.3414902687072754,20000,,
17,model_training,CSE-CIC-IDS2018,cse_cic_ids2018_friday_holdout_sample,0,hist_gradient_boosting,,2026-06-12T11:02:38.385748+00:00,2026-06-12T11:02:39.000549+00:00,0.6148006916046143,20000,,
18,clean_profile,CSE-CIC-IDS2018,cse_cic_ids2018_friday_holdout_sample,0,hist_gradient_boosting,,2026-06-12T11:02:39.000627+00:00,2026-06-12T11:02:39.031410+00:00,0.03078317642211914,20000,,
19,threat_evaluation,CSE-CIC-IDS2018,cse_cic_ids2018_friday_holdout_sample,0,hist_gradient_boosting,a0_clean,2026-06-12T11:02:39.043902+00:00,2026-06-12T11:02:39.056965+00:00,0.013063192367553711,5000,,
20,result_writing,CSE-CIC-IDS2018,cse_cic_ids2018_friday_holdout_sample,0,hist_gradient_boosting,a0_clean,2026-06-12T11:02:39.057136+00:00,2026-06-12T11:02:39.060519+00:00,0.0033829212188720703,1,results/raw/tier_e_core4_hgb_mlp_timed_cse_cic_ids2018/CSE-CIC-IDS2018_cse_cic_ids2018_friday_holdout_sample_hist_gradient_boosting_a0_clean_0.csv,
21,threat_evaluation,CSE-CIC-IDS2018,cse_cic_ids2018_friday_holdout_sample,0,hist_gradient_boosting,a1_constrained_feature,2026-06-12T11:02:39.060565+00:00,2026-06-12T11:02:39.130937+00:00,0.07037210464477539,5000,,
22,result_writing,CSE-CIC-IDS2018,cse_cic_ids2018_friday_holdout_sample,0,hist_gradient_boosting,a1_constrained_feature,2026-06-12T11:02:39.131115+00:00,2026-06-12T11:02:39.134250+00:00,0.0031349658966064453,1,results/raw/tier_e_core4_hgb_mlp_timed_cse_cic_ids2018/CSE-CIC-IDS2018_cse_cic_ids2018_friday_holdout_sample_hist_gradient_boosting_a1_constrained_feature_0.csv,
23,threat_evaluation,CSE-CIC-IDS2018,cse_cic_ids2018_friday_holdout_sample,0,hist_gradient_boosting,a1_constrained_score_search,2026-06-12T11:02:39.134293+00:00,2026-06-12T11:02:39.433522+00:00,0.29922914505004883,5000,,
24,result_writing,CSE-CIC-IDS2018,cse_cic_ids2018_friday_holdout_sample,0,hist_gradient_boosting,a1_constrained_score_search,2026-06-12T11:02:39.433704+00:00,2026-06-12T11:02:39.436868+00:00,0.0031647682189941406,1,results/raw/tier_e_core4_hgb_mlp_timed_cse_cic_ids2018/CSE-CIC-IDS2018_cse_cic_ids2018_friday_holdout_sample_hist_gradient_boosting_a1_constrained_score_search_0.csv,
25,threat_evaluation,CSE-CIC-IDS2018,cse_cic_ids2018_friday_holdout_sample,0,hist_gradient_boosting,a4_split_shift,2026-06-12T11:02:39.436914+00:00,2026-06-12T11:02:39.460101+00:00,0.023187637329101562,5000,,
26,result_writing,CSE-CIC-IDS2018,cse_cic_ids2018_friday_holdout_sample,0,hist_gradient_boosting,a4_split_shift,2026-06-12T11:02:39.460253+00:00,2026-06-12T11:02:39.463222+00:00,0.002969503402709961,1,results/raw/tier_e_core4_hgb_mlp_timed_cse_cic_ids2018/CSE-CIC-IDS2018_cse_cic_ids2018_friday_holdout_sample_hist_gradient_boosting_a4_split_shift_0.csv,
27,split_construction,CSE-CIC-IDS2018,cse_cic_ids2018_friday_holdout_sample,0,logistic_regression,,2026-06-12T11:02:39.463302+00:00,2026-06-12T11:02:39.519621+00:00,0.05631828308105469,20000,,
28,preprocessing,CSE-CIC-IDS2018,cse_cic_ids2018_friday_holdout_sample,0,logistic_regression,,2026-06-12T11:02:39.519735+00:00,2026-06-12T11:02:41.772921+00:00,2.253185749053955,20000,,
29,model_training,CSE-CIC-IDS2018,cse_cic_ids2018_friday_holdout_sample,0,logistic_regression,,2026-06-12T11:02:41.773055+00:00,2026-06-12T11:02:52.893971+00:00,11.120916366577148,20000,,
30,clean_profile,CSE-CIC-IDS2018,cse_cic_ids2018_friday_holdout_sample,0,logistic_regression,,2026-06-12T11:02:52.894037+00:00,2026-06-12T11:02:52.926481+00:00,0.03244376182556152,20000,,
31,threat_evaluation,CSE-CIC-IDS2018,cse_cic_ids2018_friday_holdout_sample,0,logistic_regression,a0_clean,2026-06-12T11:02:52.942144+00:00,2026-06-12T11:02:52.951999+00:00,0.009855508804321289,5000,,
32,result_writing,CSE-CIC-IDS2018,cse_cic_ids2018_friday_holdout_sample,0,logistic_regression,a0_clean,2026-06-12T11:02:52.952163+00:00,2026-06-12T11:02:52.955362+00:00,0.003199338912963867,1,results/raw/tier_e_core4_hgb_mlp_timed_cse_cic_ids2018/CSE-CIC-IDS2018_cse_cic_ids2018_friday_holdout_sample_logistic_regression_a0_clean_0.csv,
33,threat_evaluation,CSE-CIC-IDS2018,cse_cic_ids2018_friday_holdout_sample,0,logistic_regression,a1_constrained_feature,2026-06-12T11:02:52.955402+00:00,2026-06-12T11:02:53.021034+00:00,0.06563234329223633,5000,,
34,result_writing,CSE-CIC-IDS2018,cse_cic_ids2018_friday_holdout_sample,0,logistic_regression,a1_constrained_feature,2026-06-12T11:02:53.021210+00:00,2026-06-12T11:02:53.024428+00:00,0.0032181739807128906,1,results/raw/tier_e_core4_hgb_mlp_timed_cse_cic_ids2018/CSE-CIC-IDS2018_cse_cic_ids2018_friday_holdout_sample_logistic_regression_a1_constrained_feature_0.csv,
35,threat_evaluation,CSE-CIC-IDS2018,cse_cic_ids2018_friday_holdout_sample,0,logistic_regression,a1_constrained_score_search,2026-06-12T11:02:53.024472+00:00,2026-06-12T11:02:53.298806+00:00,0.2743344306945801,5000,,
36,result_writing,CSE-CIC-IDS2018,cse_cic_ids2018_friday_holdout_sample,0,logistic_regression,a1_constrained_score_search,2026-06-12T11:02:53.298983+00:00,2026-06-12T11:02:53.302131+00:00,0.0031473636627197266,1,results/raw/tier_e_core4_hgb_mlp_timed_cse_cic_ids2018/CSE-CIC-IDS2018_cse_cic_ids2018_friday_holdout_sample_logistic_regression_a1_constrained_score_search_0.csv,
37,threat_evaluation,CSE-CIC-IDS2018,cse_cic_ids2018_friday_holdout_sample,0,logistic_regression,a4_split_shift,2026-06-12T11:02:53.302177+00:00,2026-06-12T11:02:53.310919+00:00,0.00874185562133789,5000,,
38,result_writing,CSE-CIC-IDS2018,cse_cic_ids2018_friday_holdout_sample,0,logistic_regression,a4_split_shift,2026-06-12T11:02:53.311057+00:00,2026-06-12T11:02:53.313893+00:00,0.0028357505798339844,1,results/raw/tier_e_core4_hgb_mlp_timed_cse_cic_ids2018/CSE-CIC-IDS2018_cse_cic_ids2018_friday_holdout_sample_logistic_regression_a4_split_shift_0.csv,
39,split_construction,CSE-CIC-IDS2018,cse_cic_ids2018_friday_holdout_sample,0,mlp_sklearn,,2026-06-12T11:02:53.313965+00:00,2026-06-12T11:02:53.369409+00:00,0.05544424057006836,20000,,
40,preprocessing,CSE-CIC-IDS2018,cse_cic_ids2018_friday_holdout_sample,0,mlp_sklearn,,2026-06-12T11:02:53.369513+00:00,2026-06-12T11:02:55.624829+00:00,2.2553160190582275,20000,,
41,model_training,CSE-CIC-IDS2018,cse_cic_ids2018_friday_holdout_sample,0,mlp_sklearn,,2026-06-12T11:02:55.624991+00:00,2026-06-12T11:02:56.333965+00:00,0.7089743614196777,20000,,
42,clean_profile,CSE-CIC-IDS2018,cse_cic_ids2018_friday_holdout_sample,0,mlp_sklearn,,2026-06-12T11:02:56.334041+00:00,2026-06-12T11:02:56.357267+00:00,0.023225784301757812,20000,,
43,threat_evaluation,CSE-CIC-IDS2018,cse_cic_ids2018_friday_holdout_sample,0,mlp_sklearn,a0_clean,2026-06-12T11:02:56.369666+00:00,2026-06-12T11:02:56.381533+00:00,0.011866569519042969,5000,,
44,result_writing,CSE-CIC-IDS2018,cse_cic_ids2018_friday_holdout_sample,0,mlp_sklearn,a0_clean,2026-06-12T11:02:56.381709+00:00,2026-06-12T11:02:56.385110+00:00,0.0034003257751464844,1,results/raw/tier_e_core4_hgb_mlp_timed_cse_cic_ids2018/CSE-CIC-IDS2018_cse_cic_ids2018_friday_holdout_sample_mlp_sklearn_a0_clean_0.csv,
45,threat_evaluation,CSE-CIC-IDS2018,cse_cic_ids2018_friday_holdout_sample,0,mlp_sklearn,a1_constrained_feature,2026-06-12T11:02:56.385156+00:00,2026-06-12T11:02:56.453441+00:00,0.06828546524047852,5000,,
46,result_writing,CSE-CIC-IDS2018,cse_cic_ids2018_friday_holdout_sample,0,mlp_sklearn,a1_constrained_feature,2026-06-12T11:02:56.453627+00:00,2026-06-12T11:02:56.456882+00:00,0.0032541751861572266,1,results/raw/tier_e_core4_hgb_mlp_timed_cse_cic_ids2018/CSE-CIC-IDS2018_cse_cic_ids2018_friday_holdout_sample_mlp_sklearn_a1_constrained_feature_0.csv,
47,threat_evaluation,CSE-CIC-IDS2018,cse_cic_ids2018_friday_holdout_sample,0,mlp_sklearn,a1_constrained_score_search,2026-06-12T11:02:56.456923+00:00,2026-06-12T11:02:56.736984+00:00,0.2800612449645996,5000,,
48,result_writing,CSE-CIC-IDS2018,cse_cic_ids2018_friday_holdout_sample,0,mlp_sklearn,a1_constrained_score_search,2026-06-12T11:02:56.737169+00:00,2026-06-12T11:02:56.740407+00:00,0.003238677978515625,1,results/raw/tier_e_core4_hgb_mlp_timed_cse_cic_ids2018/CSE-CIC-IDS2018_cse_cic_ids2018_friday_holdout_sample_mlp_sklearn_a1_constrained_score_search_0.csv,
49,threat_evaluation,CSE-CIC-IDS2018,cse_cic_ids2018_friday_holdout_sample,0,mlp_sklearn,a4_split_shift,2026-06-12T11:02:56.740453+00:00,2026-06-12T11:02:56.751506+00:00,0.011053323745727539,5000,,
50,result_writing,CSE-CIC-IDS2018,cse_cic_ids2018_friday_holdout_sample,0,mlp_sklearn,a4_split_shift,2026-06-12T11:02:56.751655+00:00,2026-06-12T11:02:56.754831+00:00,0.0031752586364746094,1,results/raw/tier_e_core4_hgb_mlp_timed_cse_cic_ids2018/CSE-CIC-IDS2018_cse_cic_ids2018_friday_holdout_sample_mlp_sklearn_a4_split_shift_0.csv,
51,split_construction,CSE-CIC-IDS2018,cse_cic_ids2018_friday_holdout_sample,0,random_forest,,2026-06-12T11:02:56.754912+00:00,2026-06-12T11:02:56.811103+00:00,0.05619072914123535,20000,,
52,preprocessing,CSE-CIC-IDS2018,cse_cic_ids2018_friday_holdout_sample,0,random_forest,,2026-06-12T11:02:56.811222+00:00,2026-06-12T11:02:59.067458+00:00,2.2562363147735596,20000,,
53,model_training,CSE-CIC-IDS2018,cse_cic_ids2018_friday_holdout_sample,0,random_forest,,2026-06-12T11:02:59.067648+00:00,2026-06-12T11:03:00.958196+00:00,1.890547752380371,20000,,
54,clean_profile,CSE-CIC-IDS2018,cse_cic_ids2018_friday_holdout_sample,0,random_forest,,2026-06-12T11:03:00.958273+00:00,2026-06-12T11:03:01.093311+00:00,0.13503766059875488,20000,,
55,threat_evaluation,CSE-CIC-IDS2018,cse_cic_ids2018_friday_holdout_sample,0,random_forest,a0_clean,2026-06-12T11:03:01.105604+00:00,2026-06-12T11:03:01.153923+00:00,0.04831838607788086,5000,,
56,result_writing,CSE-CIC-IDS2018,cse_cic_ids2018_friday_holdout_sample,0,random_forest,a0_clean,2026-06-12T11:03:01.154084+00:00,2026-06-12T11:03:01.157432+00:00,0.003347158432006836,1,results/raw/tier_e_core4_hgb_mlp_timed_cse_cic_ids2018/CSE-CIC-IDS2018_cse_cic_ids2018_friday_holdout_sample_random_forest_a0_clean_0.csv,
57,threat_evaluation,CSE-CIC-IDS2018,cse_cic_ids2018_friday_holdout_sample,0,random_forest,a1_constrained_feature,2026-06-12T11:03:01.157476+00:00,2026-06-12T11:03:01.261947+00:00,0.10447072982788086,5000,,
58,result_writing,CSE-CIC-IDS2018,cse_cic_ids2018_friday_holdout_sample,0,random_forest,a1_constrained_feature,2026-06-12T11:03:01.262110+00:00,2026-06-12T11:03:01.265343+00:00,0.003233194351196289,1,results/raw/tier_e_core4_hgb_mlp_timed_cse_cic_ids2018/CSE-CIC-IDS2018_cse_cic_ids2018_friday_holdout_sample_random_forest_a1_constrained_feature_0.csv,
59,threat_evaluation,CSE-CIC-IDS2018,cse_cic_ids2018_friday_holdout_sample,0,random_forest,a1_constrained_score_search,2026-06-12T11:03:01.265385+00:00,2026-06-12T11:03:01.625123+00:00,0.3597378730773926,5000,,
60,result_writing,CSE-CIC-IDS2018,cse_cic_ids2018_friday_holdout_sample,0,random_forest,a1_constrained_score_search,2026-06-12T11:03:01.625289+00:00,2026-06-12T11:03:01.628536+00:00,0.0032460689544677734,1,results/raw/tier_e_core4_hgb_mlp_timed_cse_cic_ids2018/CSE-CIC-IDS2018_cse_cic_ids2018_friday_holdout_sample_random_forest_a1_constrained_score_search_0.csv,
61,threat_evaluation,CSE-CIC-IDS2018,cse_cic_ids2018_friday_holdout_sample,0,random_forest,a4_split_shift,2026-06-12T11:03:01.628582+00:00,2026-06-12T11:03:01.676362+00:00,0.04778003692626953,5000,,
62,result_writing,CSE-CIC-IDS2018,cse_cic_ids2018_friday_holdout_sample,0,random_forest,a4_split_shift,2026-06-12T11:03:01.676521+00:00,2026-06-12T11:03:01.679762+00:00,0.0032405853271484375,1,results/raw/tier_e_core4_hgb_mlp_timed_cse_cic_ids2018/CSE-CIC-IDS2018_cse_cic_ids2018_friday_holdout_sample_random_forest_a4_split_shift_0.csv,
63,dataset_load,CSE-CIC-IDS2018,cse_cic_ids2018_friday_holdout_sample,1,,,2026-06-12T11:03:01.679809+00:00,2026-06-12T11:03:45.270937+00:00,43.5911283493042,20000,,
64,preprocess_manifest,CSE-CIC-IDS2018,cse_cic_ids2018_friday_holdout_sample,1,,,2026-06-12T11:03:45.271088+00:00,2026-06-12T11:03:47.484697+00:00,2.213608741760254,20000,,
65,split_construction,CSE-CIC-IDS2018,cse_cic_ids2018_friday_holdout_sample,1,extra_trees,,2026-06-12T11:03:47.484876+00:00,2026-06-12T11:03:47.540615+00:00,0.05573892593383789,20000,,
66,preprocessing,CSE-CIC-IDS2018,cse_cic_ids2018_friday_holdout_sample,1,extra_trees,,2026-06-12T11:03:47.540740+00:00,2026-06-12T11:03:49.802366+00:00,2.2616264820098877,20000,,
67,model_training,CSE-CIC-IDS2018,cse_cic_ids2018_friday_holdout_sample,1,extra_trees,,2026-06-12T11:03:49.802542+00:00,2026-06-12T11:03:50.889653+00:00,1.0871102809906006,20000,,
68,clean_profile,CSE-CIC-IDS2018,cse_cic_ids2018_friday_holdout_sample,1,extra_trees,,2026-06-12T11:03:50.889735+00:00,2026-06-12T11:03:51.073734+00:00,0.18399882316589355,20000,,
69,threat_evaluation,CSE-CIC-IDS2018,cse_cic_ids2018_friday_holdout_sample,1,extra_trees,a0_clean,2026-06-12T11:03:51.086233+00:00,2026-06-12T11:03:51.151788+00:00,0.06555461883544922,5000,,
70,result_writing,CSE-CIC-IDS2018,cse_cic_ids2018_friday_holdout_sample,1,extra_trees,a0_clean,2026-06-12T11:03:51.151949+00:00,2026-06-12T11:03:51.155263+00:00,0.0033140182495117188,1,results/raw/tier_e_core4_hgb_mlp_timed_cse_cic_ids2018/CSE-CIC-IDS2018_cse_cic_ids2018_friday_holdout_sample_extra_trees_a0_clean_1.csv,
71,threat_evaluation,CSE-CIC-IDS2018,cse_cic_ids2018_friday_holdout_sample,1,extra_trees,a1_constrained_feature,2026-06-12T11:03:51.155305+00:00,2026-06-12T11:03:51.277834+00:00,0.1225290298461914,5000,,
72,result_writing,CSE-CIC-IDS2018,cse_cic_ids2018_friday_holdout_sample,1,extra_trees,a1_constrained_feature,2026-06-12T11:03:51.278009+00:00,2026-06-12T11:03:51.281264+00:00,0.0032546520233154297,1,results/raw/tier_e_core4_hgb_mlp_timed_cse_cic_ids2018/CSE-CIC-IDS2018_cse_cic_ids2018_friday_holdout_sample_extra_trees_a1_constrained_feature_1.csv,
73,threat_evaluation,CSE-CIC-IDS2018,cse_cic_ids2018_friday_holdout_sample,1,extra_trees,a1_constrained_score_search,2026-06-12T11:03:51.281306+00:00,2026-06-12T11:03:51.660153+00:00,0.3788478374481201,5000,,
74,result_writing,CSE-CIC-IDS2018,cse_cic_ids2018_friday_holdout_sample,1,extra_trees,a1_constrained_score_search,2026-06-12T11:03:51.660326+00:00,2026-06-12T11:03:51.663529+00:00,0.0032029151916503906,1,results/raw/tier_e_core4_hgb_mlp_timed_cse_cic_ids2018/CSE-CIC-IDS2018_cse_cic_ids2018_friday_holdout_sample_extra_trees_a1_constrained_score_search_1.csv,
75,threat_evaluation,CSE-CIC-IDS2018,cse_cic_ids2018_friday_holdout_sample,1,extra_trees,a4_split_shift,2026-06-12T11:03:51.663571+00:00,2026-06-12T11:03:51.728004+00:00,0.06443262100219727,5000,,
76,result_writing,CSE-CIC-IDS2018,cse_cic_ids2018_friday_holdout_sample,1,extra_trees,a4_split_shift,2026-06-12T11:03:51.728159+00:00,2026-06-12T11:03:51.731429+00:00,0.0032701492309570312,1,results/raw/tier_e_core4_hgb_mlp_timed_cse_cic_ids2018/CSE-CIC-IDS2018_cse_cic_ids2018_friday_holdout_sample_extra_trees_a4_split_shift_1.csv,
77,split_construction,CSE-CIC-IDS2018,cse_cic_ids2018_friday_holdout_sample,1,hist_gradient_boosting,,2026-06-12T11:03:51.731510+00:00,2026-06-12T11:03:51.788349+00:00,0.0568387508392334,20000,,
78,preprocessing,CSE-CIC-IDS2018,cse_cic_ids2018_friday_holdout_sample,1,hist_gradient_boosting,,2026-06-12T11:03:51.788476+00:00,2026-06-12T11:03:54.057868+00:00,2.269392251968384,20000,,
79,model_training,CSE-CIC-IDS2018,cse_cic_ids2018_friday_holdout_sample,1,hist_gradient_boosting,,2026-06-12T11:03:54.058025+00:00,2026-06-12T11:03:54.789853+00:00,0.7318282127380371,20000,,
80,clean_profile,CSE-CIC-IDS2018,cse_cic_ids2018_friday_holdout_sample,1,hist_gradient_boosting,,2026-06-12T11:03:54.789935+00:00,2026-06-12T11:03:54.821329+00:00,0.03139328956604004,20000,,
81,threat_evaluation,CSE-CIC-IDS2018,cse_cic_ids2018_friday_holdout_sample,1,hist_gradient_boosting,a0_clean,2026-06-12T11:03:54.833894+00:00,2026-06-12T11:03:54.847233+00:00,0.01333928108215332,5000,,
82,result_writing,CSE-CIC-IDS2018,cse_cic_ids2018_friday_holdout_sample,1,hist_gradient_boosting,a0_clean,2026-06-12T11:03:54.847389+00:00,2026-06-12T11:03:54.850758+00:00,0.0033693313598632812,1,results/raw/tier_e_core4_hgb_mlp_timed_cse_cic_ids2018/CSE-CIC-IDS2018_cse_cic_ids2018_friday_holdout_sample_hist_gradient_boosting_a0_clean_1.csv,
83,threat_evaluation,CSE-CIC-IDS2018,cse_cic_ids2018_friday_holdout_sample,1,hist_gradient_boosting,a1_constrained_feature,2026-06-12T11:03:54.850808+00:00,2026-06-12T11:03:54.921232+00:00,0.07042312622070312,5000,,
84,result_writing,CSE-CIC-IDS2018,cse_cic_ids2018_friday_holdout_sample,1,hist_gradient_boosting,a1_constrained_feature,2026-06-12T11:03:54.921401+00:00,2026-06-12T11:03:54.924558+00:00,0.003156900405883789,1,results/raw/tier_e_core4_hgb_mlp_timed_cse_cic_ids2018/CSE-CIC-IDS2018_cse_cic_ids2018_friday_holdout_sample_hist_gradient_boosting_a1_constrained_feature_1.csv,
85,threat_evaluation,CSE-CIC-IDS2018,cse_cic_ids2018_friday_holdout_sample,1,hist_gradient_boosting,a1_constrained_score_search,2026-06-12T11:03:54.924605+00:00,2026-06-12T11:03:55.240024+00:00,0.3154184818267822,5000,,
86,result_writing,CSE-CIC-IDS2018,cse_cic_ids2018_friday_holdout_sample,1,hist_gradient_boosting,a1_constrained_score_search,2026-06-12T11:03:55.240190+00:00,2026-06-12T11:03:55.243298+00:00,0.0031075477600097656,1,results/raw/tier_e_core4_hgb_mlp_timed_cse_cic_ids2018/CSE-CIC-IDS2018_cse_cic_ids2018_friday_holdout_sample_hist_gradient_boosting_a1_constrained_score_search_1.csv,
87,threat_evaluation,CSE-CIC-IDS2018,cse_cic_ids2018_friday_holdout_sample,1,hist_gradient_boosting,a4_split_shift,2026-06-12T11:03:55.243345+00:00,2026-06-12T11:03:55.260535+00:00,0.017189502716064453,5000,,
88,result_writing,CSE-CIC-IDS2018,cse_cic_ids2018_friday_holdout_sample,1,hist_gradient_boosting,a4_split_shift,2026-06-12T11:03:55.260673+00:00,2026-06-12T11:03:55.263630+00:00,0.0029573440551757812,1,results/raw/tier_e_core4_hgb_mlp_timed_cse_cic_ids2018/CSE-CIC-IDS2018_cse_cic_ids2018_friday_holdout_sample_hist_gradient_boosting_a4_split_shift_1.csv,
89,split_construction,CSE-CIC-IDS2018,cse_cic_ids2018_friday_holdout_sample,1,logistic_regression,,2026-06-12T11:03:55.263708+00:00,2026-06-12T11:03:55.320102+00:00,0.05639386177062988,20000,,
90,preprocessing,CSE-CIC-IDS2018,cse_cic_ids2018_friday_holdout_sample,1,logistic_regression,,2026-06-12T11:03:55.320225+00:00,2026-06-12T11:03:57.580740+00:00,2.2605156898498535,20000,,
91,model_training,CSE-CIC-IDS2018,cse_cic_ids2018_friday_holdout_sample,1,logistic_regression,,2026-06-12T11:03:57.580873+00:00,2026-06-12T11:04:12.567548+00:00,14.986675024032593,20000,,
92,clean_profile,CSE-CIC-IDS2018,cse_cic_ids2018_friday_holdout_sample,1,logistic_regression,,2026-06-12T11:04:12.567613+00:00,2026-06-12T11:04:12.583828+00:00,0.01621532440185547,20000,,
93,threat_evaluation,CSE-CIC-IDS2018,cse_cic_ids2018_friday_holdout_sample,1,logistic_regression,a0_clean,2026-06-12T11:04:12.596414+00:00,2026-06-12T11:04:12.606276+00:00,0.009861469268798828,5000,,
94,result_writing,CSE-CIC-IDS2018,cse_cic_ids2018_friday_holdout_sample,1,logistic_regression,a0_clean,2026-06-12T11:04:12.606435+00:00,2026-06-12T11:04:12.609622+00:00,0.003186941146850586,1,results/raw/tier_e_core4_hgb_mlp_timed_cse_cic_ids2018/CSE-CIC-IDS2018_cse_cic_ids2018_friday_holdout_sample_logistic_regression_a0_clean_1.csv,
95,threat_evaluation,CSE-CIC-IDS2018,cse_cic_ids2018_friday_holdout_sample,1,logistic_regression,a1_constrained_feature,2026-06-12T11:04:12.609663+00:00,2026-06-12T11:04:12.675341+00:00,0.06567811965942383,5000,,
96,result_writing,CSE-CIC-IDS2018,cse_cic_ids2018_friday_holdout_sample,1,logistic_regression,a1_constrained_feature,2026-06-12T11:04:12.675507+00:00,2026-06-12T11:04:12.678650+00:00,0.0031430721282958984,1,results/raw/tier_e_core4_hgb_mlp_timed_cse_cic_ids2018/CSE-CIC-IDS2018_cse_cic_ids2018_friday_holdout_sample_logistic_regression_a1_constrained_feature_1.csv,
97,threat_evaluation,CSE-CIC-IDS2018,cse_cic_ids2018_friday_holdout_sample,1,logistic_regression,a1_constrained_score_search,2026-06-12T11:04:12.678691+00:00,2026-06-12T11:04:12.954728+00:00,0.27603721618652344,5000,,
98,result_writing,CSE-CIC-IDS2018,cse_cic_ids2018_friday_holdout_sample,1,logistic_regression,a1_constrained_score_search,2026-06-12T11:04:12.954894+00:00,2026-06-12T11:04:12.958049+00:00,0.003154277801513672,1,results/raw/tier_e_core4_hgb_mlp_timed_cse_cic_ids2018/CSE-CIC-IDS2018_cse_cic_ids2018_friday_holdout_sample_logistic_regression_a1_constrained_score_search_1.csv,
99,threat_evaluation,CSE-CIC-IDS2018,cse_cic_ids2018_friday_holdout_sample,1,logistic_regression,a4_split_shift,2026-06-12T11:04:12.958098+00:00,2026-06-12T11:04:12.966973+00:00,0.008875131607055664,5000,,
100,result_writing,CSE-CIC-IDS2018,cse_cic_ids2018_friday_holdout_sample,1,logistic_regression,a4_split_shift,2026-06-12T11:04:12.967106+00:00,2026-06-12T11:04:12.970147+00:00,0.003040790557861328,1,results/raw/tier_e_core4_hgb_mlp_timed_cse_cic_ids2018/CSE-CIC-IDS2018_cse_cic_ids2018_friday_holdout_sample_logistic_regression_a4_split_shift_1.csv,
101,split_construction,CSE-CIC-IDS2018,cse_cic_ids2018_friday_holdout_sample,1,mlp_sklearn,,2026-06-12T11:04:12.970227+00:00,2026-06-12T11:04:13.026591+00:00,0.05636429786682129,20000,,
102,preprocessing,CSE-CIC-IDS2018,cse_cic_ids2018_friday_holdout_sample,1,mlp_sklearn,,2026-06-12T11:04:13.026707+00:00,2026-06-12T11:04:15.293868+00:00,2.2671611309051514,20000,,
103,model_training,CSE-CIC-IDS2018,cse_cic_ids2018_friday_holdout_sample,1,mlp_sklearn,,2026-06-12T11:04:15.294023+00:00,2026-06-12T11:04:16.496638+00:00,1.2026152610778809,20000,,
104,clean_profile,CSE-CIC-IDS2018,cse_cic_ids2018_friday_holdout_sample,1,mlp_sklearn,,2026-06-12T11:04:16.496714+00:00,2026-06-12T11:04:16.519489+00:00,0.022775650024414062,20000,,
105,threat_evaluation,CSE-CIC-IDS2018,cse_cic_ids2018_friday_holdout_sample,1,mlp_sklearn,a0_clean,2026-06-12T11:04:16.532091+00:00,2026-06-12T11:04:16.543797+00:00,0.011706829071044922,5000,,
106,result_writing,CSE-CIC-IDS2018,cse_cic_ids2018_friday_holdout_sample,1,mlp_sklearn,a0_clean,2026-06-12T11:04:16.543957+00:00,2026-06-12T11:04:16.547358+00:00,0.003400564193725586,1,results/raw/tier_e_core4_hgb_mlp_timed_cse_cic_ids2018/CSE-CIC-IDS2018_cse_cic_ids2018_friday_holdout_sample_mlp_sklearn_a0_clean_1.csv,
107,threat_evaluation,CSE-CIC-IDS2018,cse_cic_ids2018_friday_holdout_sample,1,mlp_sklearn,a1_constrained_feature,2026-06-12T11:04:16.547410+00:00,2026-06-12T11:04:16.616890+00:00,0.06948018074035645,5000,,
108,result_writing,CSE-CIC-IDS2018,cse_cic_ids2018_friday_holdout_sample,1,mlp_sklearn,a1_constrained_feature,2026-06-12T11:04:16.617058+00:00,2026-06-12T11:04:16.620352+00:00,0.003293752670288086,1,results/raw/tier_e_core4_hgb_mlp_timed_cse_cic_ids2018/CSE-CIC-IDS2018_cse_cic_ids2018_friday_holdout_sample_mlp_sklearn_a1_constrained_feature_1.csv,
109,threat_evaluation,CSE-CIC-IDS2018,cse_cic_ids2018_friday_holdout_sample,1,mlp_sklearn,a1_constrained_score_search,2026-06-12T11:04:16.620400+00:00,2026-06-12T11:04:16.902424+00:00,0.2820241451263428,5000,,
110,result_writing,CSE-CIC-IDS2018,cse_cic_ids2018_friday_holdout_sample,1,mlp_sklearn,a1_constrained_score_search,2026-06-12T11:04:16.902595+00:00,2026-06-12T11:04:16.905922+00:00,0.0033273696899414062,1,results/raw/tier_e_core4_hgb_mlp_timed_cse_cic_ids2018/CSE-CIC-IDS2018_cse_cic_ids2018_friday_holdout_sample_mlp_sklearn_a1_constrained_score_search_1.csv,
111,threat_evaluation,CSE-CIC-IDS2018,cse_cic_ids2018_friday_holdout_sample,1,mlp_sklearn,a4_split_shift,2026-06-12T11:04:16.905968+00:00,2026-06-12T11:04:16.917122+00:00,0.011153697967529297,5000,,
112,result_writing,CSE-CIC-IDS2018,cse_cic_ids2018_friday_holdout_sample,1,mlp_sklearn,a4_split_shift,2026-06-12T11:04:16.917273+00:00,2026-06-12T11:04:16.920504+00:00,0.003231048583984375,1,results/raw/tier_e_core4_hgb_mlp_timed_cse_cic_ids2018/CSE-CIC-IDS2018_cse_cic_ids2018_friday_holdout_sample_mlp_sklearn_a4_split_shift_1.csv,
113,split_construction,CSE-CIC-IDS2018,cse_cic_ids2018_friday_holdout_sample,1,random_forest,,2026-06-12T11:04:16.920584+00:00,2026-06-12T11:04:16.977159+00:00,0.05657482147216797,20000,,
114,preprocessing,CSE-CIC-IDS2018,cse_cic_ids2018_friday_holdout_sample,1,random_forest,,2026-06-12T11:04:16.977283+00:00,2026-06-12T11:04:19.243868+00:00,2.2665855884552,20000,,
115,model_training,CSE-CIC-IDS2018,cse_cic_ids2018_friday_holdout_sample,1,random_forest,,2026-06-12T11:04:19.244043+00:00,2026-06-12T11:04:21.188051+00:00,1.9440088272094727,20000,,
116,clean_profile,CSE-CIC-IDS2018,cse_cic_ids2018_friday_holdout_sample,1,random_forest,,2026-06-12T11:04:21.188132+00:00,2026-06-12T11:04:21.327047+00:00,0.1389148235321045,20000,,
117,threat_evaluation,CSE-CIC-IDS2018,cse_cic_ids2018_friday_holdout_sample,1,random_forest,a0_clean,2026-06-12T11:04:21.339399+00:00,2026-06-12T11:04:21.387854+00:00,0.04845571517944336,5000,,
118,result_writing,CSE-CIC-IDS2018,cse_cic_ids2018_friday_holdout_sample,1,random_forest,a0_clean,2026-06-12T11:04:21.388017+00:00,2026-06-12T11:04:21.391319+00:00,0.003301382064819336,1,results/raw/tier_e_core4_hgb_mlp_timed_cse_cic_ids2018/CSE-CIC-IDS2018_cse_cic_ids2018_friday_holdout_sample_random_forest_a0_clean_1.csv,
119,threat_evaluation,CSE-CIC-IDS2018,cse_cic_ids2018_friday_holdout_sample,1,random_forest,a1_constrained_feature,2026-06-12T11:04:21.391363+00:00,2026-06-12T11:04:21.498041+00:00,0.10667800903320312,5000,,
120,result_writing,CSE-CIC-IDS2018,cse_cic_ids2018_friday_holdout_sample,1,random_forest,a1_constrained_feature,2026-06-12T11:04:21.498210+00:00,2026-06-12T11:04:21.501491+00:00,0.0032813549041748047,1,results/raw/tier_e_core4_hgb_mlp_timed_cse_cic_ids2018/CSE-CIC-IDS2018_cse_cic_ids2018_friday_holdout_sample_random_forest_a1_constrained_feature_1.csv,
121,threat_evaluation,CSE-CIC-IDS2018,cse_cic_ids2018_friday_holdout_sample,1,random_forest,a1_constrained_score_search,2026-06-12T11:04:21.501535+00:00,2026-06-12T11:04:21.863192+00:00,0.36165666580200195,5000,,
122,result_writing,CSE-CIC-IDS2018,cse_cic_ids2018_friday_holdout_sample,1,random_forest,a1_constrained_score_search,2026-06-12T11:04:21.863361+00:00,2026-06-12T11:04:21.866596+00:00,0.0032346248626708984,1,results/raw/tier_e_core4_hgb_mlp_timed_cse_cic_ids2018/CSE-CIC-IDS2018_cse_cic_ids2018_friday_holdout_sample_random_forest_a1_constrained_score_search_1.csv,
123,threat_evaluation,CSE-CIC-IDS2018,cse_cic_ids2018_friday_holdout_sample,1,random_forest,a4_split_shift,2026-06-12T11:04:21.866642+00:00,2026-06-12T11:04:21.914415+00:00,0.04777359962463379,5000,,
124,result_writing,CSE-CIC-IDS2018,cse_cic_ids2018_friday_holdout_sample,1,random_forest,a4_split_shift,2026-06-12T11:04:21.914572+00:00,2026-06-12T11:04:21.918008+00:00,0.003435850143432617,1,results/raw/tier_e_core4_hgb_mlp_timed_cse_cic_ids2018/CSE-CIC-IDS2018_cse_cic_ids2018_friday_holdout_sample_random_forest_a4_split_shift_1.csv,
125,dataset_load,CSE-CIC-IDS2018,cse_cic_ids2018_friday_holdout_sample,2,,,2026-06-12T11:04:21.918056+00:00,2026-06-12T11:05:05.416062+00:00,43.498005628585815,20000,,
126,preprocess_manifest,CSE-CIC-IDS2018,cse_cic_ids2018_friday_holdout_sample,2,,,2026-06-12T11:05:05.416204+00:00,2026-06-12T11:05:07.630225+00:00,2.2140209674835205,20000,,
127,split_construction,CSE-CIC-IDS2018,cse_cic_ids2018_friday_holdout_sample,2,extra_trees,,2026-06-12T11:05:07.630396+00:00,2026-06-12T11:05:07.686353+00:00,0.05595707893371582,20000,,
128,preprocessing,CSE-CIC-IDS2018,cse_cic_ids2018_friday_holdout_sample,2,extra_trees,,2026-06-12T11:05:07.686479+00:00,2026-06-12T11:05:09.961500+00:00,2.2750213146209717,20000,,
129,model_training,CSE-CIC-IDS2018,cse_cic_ids2018_friday_holdout_sample,2,extra_trees,,2026-06-12T11:05:09.961673+00:00,2026-06-12T11:05:11.097790+00:00,1.1361172199249268,20000,,
130,clean_profile,CSE-CIC-IDS2018,cse_cic_ids2018_friday_holdout_sample,2,extra_trees,,2026-06-12T11:05:11.097873+00:00,2026-06-12T11:05:11.285935+00:00,0.18806242942810059,20000,,
131,threat_evaluation,CSE-CIC-IDS2018,cse_cic_ids2018_friday_holdout_sample,2,extra_trees,a0_clean,2026-06-12T11:05:11.298515+00:00,2026-06-12T11:05:11.363775+00:00,0.06525945663452148,5000,,
132,result_writing,CSE-CIC-IDS2018,cse_cic_ids2018_friday_holdout_sample,2,extra_trees,a0_clean,2026-06-12T11:05:11.363933+00:00,2026-06-12T11:05:11.367240+00:00,0.0033071041107177734,1,results/raw/tier_e_core4_hgb_mlp_timed_cse_cic_ids2018/CSE-CIC-IDS2018_cse_cic_ids2018_friday_holdout_sample_extra_trees_a0_clean_2.csv,
133,threat_evaluation,CSE-CIC-IDS2018,cse_cic_ids2018_friday_holdout_sample,2,extra_trees,a1_constrained_feature,2026-06-12T11:05:11.367285+00:00,2026-06-12T11:05:11.490522+00:00,0.12323665618896484,5000,,
134,result_writing,CSE-CIC-IDS2018,cse_cic_ids2018_friday_holdout_sample,2,extra_trees,a1_constrained_feature,2026-06-12T11:05:11.490688+00:00,2026-06-12T11:05:11.493935+00:00,0.0032472610473632812,1,results/raw/tier_e_core4_hgb_mlp_timed_cse_cic_ids2018/CSE-CIC-IDS2018_cse_cic_ids2018_friday_holdout_sample_extra_trees_a1_constrained_feature_2.csv,
135,threat_evaluation,CSE-CIC-IDS2018,cse_cic_ids2018_friday_holdout_sample,2,extra_trees,a1_constrained_score_search,2026-06-12T11:05:11.493978+00:00,2026-06-12T11:05:11.876916+00:00,0.3829379081726074,5000,,
136,result_writing,CSE-CIC-IDS2018,cse_cic_ids2018_friday_holdout_sample,2,extra_trees,a1_constrained_score_search,2026-06-12T11:05:11.877090+00:00,2026-06-12T11:05:11.880315+00:00,0.0032243728637695312,1,results/raw/tier_e_core4_hgb_mlp_timed_cse_cic_ids2018/CSE-CIC-IDS2018_cse_cic_ids2018_friday_holdout_sample_extra_trees_a1_constrained_score_search_2.csv,
137,threat_evaluation,CSE-CIC-IDS2018,cse_cic_ids2018_friday_holdout_sample,2,extra_trees,a4_split_shift,2026-06-12T11:05:11.880359+00:00,2026-06-12T11:05:11.945597+00:00,0.06523847579956055,5000,,
138,result_writing,CSE-CIC-IDS2018,cse_cic_ids2018_friday_holdout_sample,2,extra_trees,a4_split_shift,2026-06-12T11:05:11.945756+00:00,2026-06-12T11:05:11.949033+00:00,0.003277301788330078,1,results/raw/tier_e_core4_hgb_mlp_timed_cse_cic_ids2018/CSE-CIC-IDS2018_cse_cic_ids2018_friday_holdout_sample_extra_trees_a4_split_shift_2.csv,
139,split_construction,CSE-CIC-IDS2018,cse_cic_ids2018_friday_holdout_sample,2,hist_gradient_boosting,,2026-06-12T11:05:11.949119+00:00,2026-06-12T11:05:12.006242+00:00,0.057122230529785156,20000,,
140,preprocessing,CSE-CIC-IDS2018,cse_cic_ids2018_friday_holdout_sample,2,hist_gradient_boosting,,2026-06-12T11:05:12.006352+00:00,2026-06-12T11:05:14.297762+00:00,2.291409969329834,20000,,
141,model_training,CSE-CIC-IDS2018,cse_cic_ids2018_friday_holdout_sample,2,hist_gradient_boosting,,2026-06-12T11:05:14.297915+00:00,2026-06-12T11:05:14.906021+00:00,0.6081058979034424,20000,,
142,clean_profile,CSE-CIC-IDS2018,cse_cic_ids2018_friday_holdout_sample,2,hist_gradient_boosting,,2026-06-12T11:05:14.906099+00:00,2026-06-12T11:05:14.935678+00:00,0.029578447341918945,20000,,
143,threat_evaluation,CSE-CIC-IDS2018,cse_cic_ids2018_friday_holdout_sample,2,hist_gradient_boosting,a0_clean,2026-06-12T11:05:14.948562+00:00,2026-06-12T11:05:14.961555+00:00,0.01299285888671875,5000,,
144,result_writing,CSE-CIC-IDS2018,cse_cic_ids2018_friday_holdout_sample,2,hist_gradient_boosting,a0_clean,2026-06-12T11:05:14.961711+00:00,2026-06-12T11:05:14.965122+00:00,0.0034117698669433594,1,results/raw/tier_e_core4_hgb_mlp_timed_cse_cic_ids2018/CSE-CIC-IDS2018_cse_cic_ids2018_friday_holdout_sample_hist_gradient_boosting_a0_clean_2.csv,
145,threat_evaluation,CSE-CIC-IDS2018,cse_cic_ids2018_friday_holdout_sample,2,hist_gradient_boosting,a1_constrained_feature,2026-06-12T11:05:14.965171+00:00,2026-06-12T11:05:15.035921+00:00,0.07075023651123047,5000,,
146,result_writing,CSE-CIC-IDS2018,cse_cic_ids2018_friday_holdout_sample,2,hist_gradient_boosting,a1_constrained_feature,2026-06-12T11:05:15.036090+00:00,2026-06-12T11:05:15.039239+00:00,0.0031485557556152344,1,results/raw/tier_e_core4_hgb_mlp_timed_cse_cic_ids2018/CSE-CIC-IDS2018_cse_cic_ids2018_friday_holdout_sample_hist_gradient_boosting_a1_constrained_feature_2.csv,
147,threat_evaluation,CSE-CIC-IDS2018,cse_cic_ids2018_friday_holdout_sample,2,hist_gradient_boosting,a1_constrained_score_search,2026-06-12T11:05:15.039284+00:00,2026-06-12T11:05:15.336794+00:00,0.29750943183898926,5000,,
148,result_writing,CSE-CIC-IDS2018,cse_cic_ids2018_friday_holdout_sample,2,hist_gradient_boosting,a1_constrained_score_search,2026-06-12T11:05:15.336966+00:00,2026-06-12T11:05:15.340156+00:00,0.0031900405883789062,1,results/raw/tier_e_core4_hgb_mlp_timed_cse_cic_ids2018/CSE-CIC-IDS2018_cse_cic_ids2018_friday_holdout_sample_hist_gradient_boosting_a1_constrained_score_search_2.csv,
149,threat_evaluation,CSE-CIC-IDS2018,cse_cic_ids2018_friday_holdout_sample,2,hist_gradient_boosting,a4_split_shift,2026-06-12T11:05:15.340204+00:00,2026-06-12T11:05:15.355864+00:00,0.01566004753112793,5000,,
150,result_writing,CSE-CIC-IDS2018,cse_cic_ids2018_friday_holdout_sample,2,hist_gradient_boosting,a4_split_shift,2026-06-12T11:05:15.356004+00:00,2026-06-12T11:05:15.358958+00:00,0.0029532909393310547,1,results/raw/tier_e_core4_hgb_mlp_timed_cse_cic_ids2018/CSE-CIC-IDS2018_cse_cic_ids2018_friday_holdout_sample_hist_gradient_boosting_a4_split_shift_2.csv,
151,split_construction,CSE-CIC-IDS2018,cse_cic_ids2018_friday_holdout_sample,2,logistic_regression,,2026-06-12T11:05:15.359038+00:00,2026-06-12T11:05:15.415533+00:00,0.05649518966674805,20000,,
152,preprocessing,CSE-CIC-IDS2018,cse_cic_ids2018_friday_holdout_sample,2,logistic_regression,,2026-06-12T11:05:15.415653+00:00,2026-06-12T11:05:17.689083+00:00,2.273430585861206,20000,,
153,model_training,CSE-CIC-IDS2018,cse_cic_ids2018_friday_holdout_sample,2,logistic_regression,,2026-06-12T11:05:17.689217+00:00,2026-06-12T11:05:31.917900+00:00,14.228683471679688,20000,,
154,clean_profile,CSE-CIC-IDS2018,cse_cic_ids2018_friday_holdout_sample,2,logistic_regression,,2026-06-12T11:05:31.917963+00:00,2026-06-12T11:05:31.934215+00:00,0.01625227928161621,20000,,
155,threat_evaluation,CSE-CIC-IDS2018,cse_cic_ids2018_friday_holdout_sample,2,logistic_regression,a0_clean,2026-06-12T11:05:31.947282+00:00,2026-06-12T11:05:31.957190+00:00,0.00990748405456543,5000,,
156,result_writing,CSE-CIC-IDS2018,cse_cic_ids2018_friday_holdout_sample,2,logistic_regression,a0_clean,2026-06-12T11:05:31.957345+00:00,2026-06-12T11:05:31.960526+00:00,0.0031805038452148438,1,results/raw/tier_e_core4_hgb_mlp_timed_cse_cic_ids2018/CSE-CIC-IDS2018_cse_cic_ids2018_friday_holdout_sample_logistic_regression_a0_clean_2.csv,
157,threat_evaluation,CSE-CIC-IDS2018,cse_cic_ids2018_friday_holdout_sample,2,logistic_regression,a1_constrained_feature,2026-06-12T11:05:31.960566+00:00,2026-06-12T11:05:32.027128+00:00,0.06656217575073242,5000,,
158,result_writing,CSE-CIC-IDS2018,cse_cic_ids2018_friday_holdout_sample,2,logistic_regression,a1_constrained_feature,2026-06-12T11:05:32.027296+00:00,2026-06-12T11:05:32.030497+00:00,0.003201007843017578,1,results/raw/tier_e_core4_hgb_mlp_timed_cse_cic_ids2018/CSE-CIC-IDS2018_cse_cic_ids2018_friday_holdout_sample_logistic_regression_a1_constrained_feature_2.csv,
159,threat_evaluation,CSE-CIC-IDS2018,cse_cic_ids2018_friday_holdout_sample,2,logistic_regression,a1_constrained_score_search,2026-06-12T11:05:32.030540+00:00,2026-06-12T11:05:32.305381+00:00,0.2748403549194336,5000,,
160,result_writing,CSE-CIC-IDS2018,cse_cic_ids2018_friday_holdout_sample,2,logistic_regression,a1_constrained_score_search,2026-06-12T11:05:32.305551+00:00,2026-06-12T11:05:32.308745+00:00,0.003194093704223633,1,results/raw/tier_e_core4_hgb_mlp_timed_cse_cic_ids2018/CSE-CIC-IDS2018_cse_cic_ids2018_friday_holdout_sample_logistic_regression_a1_constrained_score_search_2.csv,
161,threat_evaluation,CSE-CIC-IDS2018,cse_cic_ids2018_friday_holdout_sample,2,logistic_regression,a4_split_shift,2026-06-12T11:05:32.308789+00:00,2026-06-12T11:05:32.317414+00:00,0.00862574577331543,5000,,
162,result_writing,CSE-CIC-IDS2018,cse_cic_ids2018_friday_holdout_sample,2,logistic_regression,a4_split_shift,2026-06-12T11:05:32.317541+00:00,2026-06-12T11:05:32.320345+00:00,0.002804279327392578,1,results/raw/tier_e_core4_hgb_mlp_timed_cse_cic_ids2018/CSE-CIC-IDS2018_cse_cic_ids2018_friday_holdout_sample_logistic_regression_a4_split_shift_2.csv,
163,split_construction,CSE-CIC-IDS2018,cse_cic_ids2018_friday_holdout_sample,2,mlp_sklearn,,2026-06-12T11:05:32.320421+00:00,2026-06-12T11:05:32.377033+00:00,0.05661273002624512,20000,,
164,preprocessing,CSE-CIC-IDS2018,cse_cic_ids2018_friday_holdout_sample,2,mlp_sklearn,,2026-06-12T11:05:32.377144+00:00,2026-06-12T11:05:34.653788+00:00,2.276643753051758,20000,,
165,model_training,CSE-CIC-IDS2018,cse_cic_ids2018_friday_holdout_sample,2,mlp_sklearn,,2026-06-12T11:05:34.653939+00:00,2026-06-12T11:05:35.782055+00:00,1.1281156539916992,20000,,
166,clean_profile,CSE-CIC-IDS2018,cse_cic_ids2018_friday_holdout_sample,2,mlp_sklearn,,2026-06-12T11:05:35.782131+00:00,2026-06-12T11:05:35.804729+00:00,0.0225982666015625,20000,,
167,threat_evaluation,CSE-CIC-IDS2018,cse_cic_ids2018_friday_holdout_sample,2,mlp_sklearn,a0_clean,2026-06-12T11:05:35.817370+00:00,2026-06-12T11:05:35.829195+00:00,0.011824607849121094,5000,,
168,result_writing,CSE-CIC-IDS2018,cse_cic_ids2018_friday_holdout_sample,2,mlp_sklearn,a0_clean,2026-06-12T11:05:35.829357+00:00,2026-06-12T11:05:35.832743+00:00,0.0033864974975585938,1,results/raw/tier_e_core4_hgb_mlp_timed_cse_cic_ids2018/CSE-CIC-IDS2018_cse_cic_ids2018_friday_holdout_sample_mlp_sklearn_a0_clean_2.csv,
169,threat_evaluation,CSE-CIC-IDS2018,cse_cic_ids2018_friday_holdout_sample,2,mlp_sklearn,a1_constrained_feature,2026-06-12T11:05:35.832791+00:00,2026-06-12T11:05:35.901412+00:00,0.06862163543701172,5000,,
170,result_writing,CSE-CIC-IDS2018,cse_cic_ids2018_friday_holdout_sample,2,mlp_sklearn,a1_constrained_feature,2026-06-12T11:05:35.901587+00:00,2026-06-12T11:05:35.904871+00:00,0.003283262252807617,1,results/raw/tier_e_core4_hgb_mlp_timed_cse_cic_ids2018/CSE-CIC-IDS2018_cse_cic_ids2018_friday_holdout_sample_mlp_sklearn_a1_constrained_feature_2.csv,
171,threat_evaluation,CSE-CIC-IDS2018,cse_cic_ids2018_friday_holdout_sample,2,mlp_sklearn,a1_constrained_score_search,2026-06-12T11:05:35.904919+00:00,2026-06-12T11:05:36.188410+00:00,0.2834908962249756,5000,,
172,result_writing,CSE-CIC-IDS2018,cse_cic_ids2018_friday_holdout_sample,2,mlp_sklearn,a1_constrained_score_search,2026-06-12T11:05:36.188582+00:00,2026-06-12T11:05:36.191878+00:00,0.0032966136932373047,1,results/raw/tier_e_core4_hgb_mlp_timed_cse_cic_ids2018/CSE-CIC-IDS2018_cse_cic_ids2018_friday_holdout_sample_mlp_sklearn_a1_constrained_score_search_2.csv,
173,threat_evaluation,CSE-CIC-IDS2018,cse_cic_ids2018_friday_holdout_sample,2,mlp_sklearn,a4_split_shift,2026-06-12T11:05:36.191928+00:00,2026-06-12T11:05:36.202979+00:00,0.011050701141357422,5000,,
174,result_writing,CSE-CIC-IDS2018,cse_cic_ids2018_friday_holdout_sample,2,mlp_sklearn,a4_split_shift,2026-06-12T11:05:36.203136+00:00,2026-06-12T11:05:36.206383+00:00,0.0032465457916259766,1,results/raw/tier_e_core4_hgb_mlp_timed_cse_cic_ids2018/CSE-CIC-IDS2018_cse_cic_ids2018_friday_holdout_sample_mlp_sklearn_a4_split_shift_2.csv,
175,split_construction,CSE-CIC-IDS2018,cse_cic_ids2018_friday_holdout_sample,2,random_forest,,2026-06-12T11:05:36.206468+00:00,2026-06-12T11:05:36.263545+00:00,0.05707669258117676,20000,,
176,preprocessing,CSE-CIC-IDS2018,cse_cic_ids2018_friday_holdout_sample,2,random_forest,,2026-06-12T11:05:36.263663+00:00,2026-06-12T11:05:38.536715+00:00,2.2730512619018555,20000,,
177,model_training,CSE-CIC-IDS2018,cse_cic_ids2018_friday_holdout_sample,2,random_forest,,2026-06-12T11:05:38.536894+00:00,2026-06-12T11:05:40.504443+00:00,1.9675490856170654,20000,,
178,clean_profile,CSE-CIC-IDS2018,cse_cic_ids2018_friday_holdout_sample,2,random_forest,,2026-06-12T11:05:40.504519+00:00,2026-06-12T11:05:40.638082+00:00,0.13356351852416992,20000,,
179,threat_evaluation,CSE-CIC-IDS2018,cse_cic_ids2018_friday_holdout_sample,2,random_forest,a0_clean,2026-06-12T11:05:40.650501+00:00,2026-06-12T11:05:40.698807+00:00,0.04830574989318848,5000,,
180,result_writing,CSE-CIC-IDS2018,cse_cic_ids2018_friday_holdout_sample,2,random_forest,a0_clean,2026-06-12T11:05:40.698970+00:00,2026-06-12T11:05:40.702320+00:00,0.00334930419921875,1,results/raw/tier_e_core4_hgb_mlp_timed_cse_cic_ids2018/CSE-CIC-IDS2018_cse_cic_ids2018_friday_holdout_sample_random_forest_a0_clean_2.csv,
181,threat_evaluation,CSE-CIC-IDS2018,cse_cic_ids2018_friday_holdout_sample,2,random_forest,a1_constrained_feature,2026-06-12T11:05:40.702367+00:00,2026-06-12T11:05:40.808160+00:00,0.10579252243041992,5000,,
182,result_writing,CSE-CIC-IDS2018,cse_cic_ids2018_friday_holdout_sample,2,random_forest,a1_constrained_feature,2026-06-12T11:05:40.808329+00:00,2026-06-12T11:05:40.811584+00:00,0.003255128860473633,1,results/raw/tier_e_core4_hgb_mlp_timed_cse_cic_ids2018/CSE-CIC-IDS2018_cse_cic_ids2018_friday_holdout_sample_random_forest_a1_constrained_feature_2.csv,
183,threat_evaluation,CSE-CIC-IDS2018,cse_cic_ids2018_friday_holdout_sample,2,random_forest,a1_constrained_score_search,2026-06-12T11:05:40.811625+00:00,2026-06-12T11:05:41.172188+00:00,0.3605623245239258,5000,,
184,result_writing,CSE-CIC-IDS2018,cse_cic_ids2018_friday_holdout_sample,2,random_forest,a1_constrained_score_search,2026-06-12T11:05:41.172359+00:00,2026-06-12T11:05:41.175580+00:00,0.003221273422241211,1,results/raw/tier_e_core4_hgb_mlp_timed_cse_cic_ids2018/CSE-CIC-IDS2018_cse_cic_ids2018_friday_holdout_sample_random_forest_a1_constrained_score_search_2.csv,
185,threat_evaluation,CSE-CIC-IDS2018,cse_cic_ids2018_friday_holdout_sample,2,random_forest,a4_split_shift,2026-06-12T11:05:41.175623+00:00,2026-06-12T11:05:41.223217+00:00,0.04759407043457031,5000,,
186,result_writing,CSE-CIC-IDS2018,cse_cic_ids2018_friday_holdout_sample,2,random_forest,a4_split_shift,2026-06-12T11:05:41.223378+00:00,2026-06-12T11:05:41.226641+00:00,0.0032625198364257812,1,results/raw/tier_e_core4_hgb_mlp_timed_cse_cic_ids2018/CSE-CIC-IDS2018_cse_cic_ids2018_friday_holdout_sample_random_forest_a4_split_shift_2.csv,
187,dataset_load,CSE-CIC-IDS2018,cse_cic_ids2018_friday_holdout_sample,3,,,2026-06-12T11:05:41.226684+00:00,2026-06-12T11:06:24.987963+00:00,43.76127910614014,20000,,
188,preprocess_manifest,CSE-CIC-IDS2018,cse_cic_ids2018_friday_holdout_sample,3,,,2026-06-12T11:06:24.988113+00:00,2026-06-12T11:06:27.199539+00:00,2.211425304412842,20000,,
189,split_construction,CSE-CIC-IDS2018,cse_cic_ids2018_friday_holdout_sample,3,extra_trees,,2026-06-12T11:06:27.199707+00:00,2026-06-12T11:06:27.255966+00:00,0.0562586784362793,20000,,
190,preprocessing,CSE-CIC-IDS2018,cse_cic_ids2018_friday_holdout_sample,3,extra_trees,,2026-06-12T11:06:27.256081+00:00,2026-06-12T11:06:29.526813+00:00,2.2707324028015137,20000,,
191,model_training,CSE-CIC-IDS2018,cse_cic_ids2018_friday_holdout_sample,3,extra_trees,,2026-06-12T11:06:29.526987+00:00,2026-06-12T11:06:30.664301+00:00,1.1373143196105957,20000,,
192,clean_profile,CSE-CIC-IDS2018,cse_cic_ids2018_friday_holdout_sample,3,extra_trees,,2026-06-12T11:06:30.664415+00:00,2026-06-12T11:06:30.855751+00:00,0.19133591651916504,20000,,
193,threat_evaluation,CSE-CIC-IDS2018,cse_cic_ids2018_friday_holdout_sample,3,extra_trees,a0_clean,2026-06-12T11:06:30.868269+00:00,2026-06-12T11:06:30.933959+00:00,0.0656898021697998,5000,,
194,result_writing,CSE-CIC-IDS2018,cse_cic_ids2018_friday_holdout_sample,3,extra_trees,a0_clean,2026-06-12T11:06:30.934126+00:00,2026-06-12T11:06:30.937457+00:00,0.0033311843872070312,1,results/raw/tier_e_core4_hgb_mlp_timed_cse_cic_ids2018/CSE-CIC-IDS2018_cse_cic_ids2018_friday_holdout_sample_extra_trees_a0_clean_3.csv,
195,threat_evaluation,CSE-CIC-IDS2018,cse_cic_ids2018_friday_holdout_sample,3,extra_trees,a1_constrained_feature,2026-06-12T11:06:30.937499+00:00,2026-06-12T11:06:31.060500+00:00,0.1230010986328125,5000,,
196,result_writing,CSE-CIC-IDS2018,cse_cic_ids2018_friday_holdout_sample,3,extra_trees,a1_constrained_feature,2026-06-12T11:06:31.060673+00:00,2026-06-12T11:06:31.063990+00:00,0.0033173561096191406,1,results/raw/tier_e_core4_hgb_mlp_timed_cse_cic_ids2018/CSE-CIC-IDS2018_cse_cic_ids2018_friday_holdout_sample_extra_trees_a1_constrained_feature_3.csv,
197,threat_evaluation,CSE-CIC-IDS2018,cse_cic_ids2018_friday_holdout_sample,3,extra_trees,a1_constrained_score_search,2026-06-12T11:06:31.064034+00:00,2026-06-12T11:06:31.445751+00:00,0.3817172050476074,5000,,
198,result_writing,CSE-CIC-IDS2018,cse_cic_ids2018_friday_holdout_sample,3,extra_trees,a1_constrained_score_search,2026-06-12T11:06:31.445929+00:00,2026-06-12T11:06:31.449234+00:00,0.0033049583435058594,1,results/raw/tier_e_core4_hgb_mlp_timed_cse_cic_ids2018/CSE-CIC-IDS2018_cse_cic_ids2018_friday_holdout_sample_extra_trees_a1_constrained_score_search_3.csv,
199,threat_evaluation,CSE-CIC-IDS2018,cse_cic_ids2018_friday_holdout_sample,3,extra_trees,a4_split_shift,2026-06-12T11:06:31.449277+00:00,2026-06-12T11:06:31.515869+00:00,0.06659126281738281,5000,,
200,result_writing,CSE-CIC-IDS2018,cse_cic_ids2018_friday_holdout_sample,3,extra_trees,a4_split_shift,2026-06-12T11:06:31.516029+00:00,2026-06-12T11:06:31.519285+00:00,0.003256559371948242,1,results/raw/tier_e_core4_hgb_mlp_timed_cse_cic_ids2018/CSE-CIC-IDS2018_cse_cic_ids2018_friday_holdout_sample_extra_trees_a4_split_shift_3.csv,
201,split_construction,CSE-CIC-IDS2018,cse_cic_ids2018_friday_holdout_sample,3,hist_gradient_boosting,,2026-06-12T11:06:31.519367+00:00,2026-06-12T11:06:31.576261+00:00,0.05689406394958496,20000,,
202,preprocessing,CSE-CIC-IDS2018,cse_cic_ids2018_friday_holdout_sample,3,hist_gradient_boosting,,2026-06-12T11:06:31.576387+00:00,2026-06-12T11:06:33.850711+00:00,2.2743234634399414,20000,,
203,model_training,CSE-CIC-IDS2018,cse_cic_ids2018_friday_holdout_sample,3,hist_gradient_boosting,,2026-06-12T11:06:33.850866+00:00,2026-06-12T11:06:34.573008+00:00,0.7221424579620361,20000,,
204,clean_profile,CSE-CIC-IDS2018,cse_cic_ids2018_friday_holdout_sample,3,hist_gradient_boosting,,2026-06-12T11:06:34.573087+00:00,2026-06-12T11:06:34.605037+00:00,0.03195071220397949,20000,,
205,threat_evaluation,CSE-CIC-IDS2018,cse_cic_ids2018_friday_holdout_sample,3,hist_gradient_boosting,a0_clean,2026-06-12T11:06:34.617838+00:00,2026-06-12T11:06:34.631417+00:00,0.013579368591308594,5000,,
206,result_writing,CSE-CIC-IDS2018,cse_cic_ids2018_friday_holdout_sample,3,hist_gradient_boosting,a0_clean,2026-06-12T11:06:34.631584+00:00,2026-06-12T11:06:34.634985+00:00,0.003401041030883789,1,results/raw/tier_e_core4_hgb_mlp_timed_cse_cic_ids2018/CSE-CIC-IDS2018_cse_cic_ids2018_friday_holdout_sample_hist_gradient_boosting_a0_clean_3.csv,
207,threat_evaluation,CSE-CIC-IDS2018,cse_cic_ids2018_friday_holdout_sample,3,hist_gradient_boosting,a1_constrained_feature,2026-06-12T11:06:34.635034+00:00,2026-06-12T11:06:34.707302+00:00,0.07226777076721191,5000,,
208,result_writing,CSE-CIC-IDS2018,cse_cic_ids2018_friday_holdout_sample,3,hist_gradient_boosting,a1_constrained_feature,2026-06-12T11:06:34.707468+00:00,2026-06-12T11:06:34.710634+00:00,0.0031664371490478516,1,results/raw/tier_e_core4_hgb_mlp_timed_cse_cic_ids2018/CSE-CIC-IDS2018_cse_cic_ids2018_friday_holdout_sample_hist_gradient_boosting_a1_constrained_feature_3.csv,
209,threat_evaluation,CSE-CIC-IDS2018,cse_cic_ids2018_friday_holdout_sample,3,hist_gradient_boosting,a1_constrained_score_search,2026-06-12T11:06:34.710678+00:00,2026-06-12T11:06:35.027197+00:00,0.31651854515075684,5000,,
210,result_writing,CSE-CIC-IDS2018,cse_cic_ids2018_friday_holdout_sample,3,hist_gradient_boosting,a1_constrained_score_search,2026-06-12T11:06:35.027360+00:00,2026-06-12T11:06:35.030572+00:00,0.003211498260498047,1,results/raw/tier_e_core4_hgb_mlp_timed_cse_cic_ids2018/CSE-CIC-IDS2018_cse_cic_ids2018_friday_holdout_sample_hist_gradient_boosting_a1_constrained_score_search_3.csv,
211,threat_evaluation,CSE-CIC-IDS2018,cse_cic_ids2018_friday_holdout_sample,3,hist_gradient_boosting,a4_split_shift,2026-06-12T11:06:35.030616+00:00,2026-06-12T11:06:35.047903+00:00,0.017287492752075195,5000,,
212,result_writing,CSE-CIC-IDS2018,cse_cic_ids2018_friday_holdout_sample,3,hist_gradient_boosting,a4_split_shift,2026-06-12T11:06:35.048038+00:00,2026-06-12T11:06:35.050943+00:00,0.002904653549194336,1,results/raw/tier_e_core4_hgb_mlp_timed_cse_cic_ids2018/CSE-CIC-IDS2018_cse_cic_ids2018_friday_holdout_sample_hist_gradient_boosting_a4_split_shift_3.csv,
213,split_construction,CSE-CIC-IDS2018,cse_cic_ids2018_friday_holdout_sample,3,logistic_regression,,2026-06-12T11:06:35.051023+00:00,2026-06-12T11:06:35.107986+00:00,0.05696272850036621,20000,,
214,preprocessing,CSE-CIC-IDS2018,cse_cic_ids2018_friday_holdout_sample,3,logistic_regression,,2026-06-12T11:06:35.108105+00:00,2026-06-12T11:06:37.381725+00:00,2.273620128631592,20000,,
215,model_training,CSE-CIC-IDS2018,cse_cic_ids2018_friday_holdout_sample,3,logistic_regression,,2026-06-12T11:06:37.381858+00:00,2026-06-12T11:06:50.140337+00:00,12.758479118347168,20000,,
216,clean_profile,CSE-CIC-IDS2018,cse_cic_ids2018_friday_holdout_sample,3,logistic_regression,,2026-06-12T11:06:50.140401+00:00,2026-06-12T11:06:50.177108+00:00,0.03670668601989746,20000,,
217,threat_evaluation,CSE-CIC-IDS2018,cse_cic_ids2018_friday_holdout_sample,3,logistic_regression,a0_clean,2026-06-12T11:06:50.189884+00:00,2026-06-12T11:06:50.199828+00:00,0.009943723678588867,5000,,
218,result_writing,CSE-CIC-IDS2018,cse_cic_ids2018_friday_holdout_sample,3,logistic_regression,a0_clean,2026-06-12T11:06:50.199984+00:00,2026-06-12T11:06:50.203127+00:00,0.0031435489654541016,1,results/raw/tier_e_core4_hgb_mlp_timed_cse_cic_ids2018/CSE-CIC-IDS2018_cse_cic_ids2018_friday_holdout_sample_logistic_regression_a0_clean_3.csv,
219,threat_evaluation,CSE-CIC-IDS2018,cse_cic_ids2018_friday_holdout_sample,3,logistic_regression,a1_constrained_feature,2026-06-12T11:06:50.203169+00:00,2026-06-12T11:06:50.269054+00:00,0.06588530540466309,5000,,
220,result_writing,CSE-CIC-IDS2018,cse_cic_ids2018_friday_holdout_sample,3,logistic_regression,a1_constrained_feature,2026-06-12T11:06:50.269227+00:00,2026-06-12T11:06:50.272375+00:00,0.003147602081298828,1,results/raw/tier_e_core4_hgb_mlp_timed_cse_cic_ids2018/CSE-CIC-IDS2018_cse_cic_ids2018_friday_holdout_sample_logistic_regression_a1_constrained_feature_3.csv,
221,threat_evaluation,CSE-CIC-IDS2018,cse_cic_ids2018_friday_holdout_sample,3,logistic_regression,a1_constrained_score_search,2026-06-12T11:06:50.272417+00:00,2026-06-12T11:06:50.547618+00:00,0.27520084381103516,5000,,
222,result_writing,CSE-CIC-IDS2018,cse_cic_ids2018_friday_holdout_sample,3,logistic_regression,a1_constrained_score_search,2026-06-12T11:06:50.547807+00:00,2026-06-12T11:06:50.550956+00:00,0.0031480789184570312,1,results/raw/tier_e_core4_hgb_mlp_timed_cse_cic_ids2018/CSE-CIC-IDS2018_cse_cic_ids2018_friday_holdout_sample_logistic_regression_a1_constrained_score_search_3.csv,
223,threat_evaluation,CSE-CIC-IDS2018,cse_cic_ids2018_friday_holdout_sample,3,logistic_regression,a4_split_shift,2026-06-12T11:06:50.551003+00:00,2026-06-12T11:06:50.559895+00:00,0.008891105651855469,5000,,
224,result_writing,CSE-CIC-IDS2018,cse_cic_ids2018_friday_holdout_sample,3,logistic_regression,a4_split_shift,2026-06-12T11:06:50.560033+00:00,2026-06-12T11:06:50.562916+00:00,0.002882719039916992,1,results/raw/tier_e_core4_hgb_mlp_timed_cse_cic_ids2018/CSE-CIC-IDS2018_cse_cic_ids2018_friday_holdout_sample_logistic_regression_a4_split_shift_3.csv,
225,split_construction,CSE-CIC-IDS2018,cse_cic_ids2018_friday_holdout_sample,3,mlp_sklearn,,2026-06-12T11:06:50.562991+00:00,2026-06-12T11:06:50.619975+00:00,0.05698442459106445,20000,,
226,preprocessing,CSE-CIC-IDS2018,cse_cic_ids2018_friday_holdout_sample,3,mlp_sklearn,,2026-06-12T11:06:50.620083+00:00,2026-06-12T11:06:52.976790+00:00,2.3567070960998535,20000,,
227,model_training,CSE-CIC-IDS2018,cse_cic_ids2018_friday_holdout_sample,3,mlp_sklearn,,2026-06-12T11:06:52.976948+00:00,2026-06-12T11:06:53.686475+00:00,0.709526538848877,20000,,
228,clean_profile,CSE-CIC-IDS2018,cse_cic_ids2018_friday_holdout_sample,3,mlp_sklearn,,2026-06-12T11:06:53.686551+00:00,2026-06-12T11:06:53.709335+00:00,0.02278447151184082,20000,,
229,threat_evaluation,CSE-CIC-IDS2018,cse_cic_ids2018_friday_holdout_sample,3,mlp_sklearn,a0_clean,2026-06-12T11:06:53.721893+00:00,2026-06-12T11:06:53.733859+00:00,0.011966228485107422,5000,,
230,result_writing,CSE-CIC-IDS2018,cse_cic_ids2018_friday_holdout_sample,3,mlp_sklearn,a0_clean,2026-06-12T11:06:53.734016+00:00,2026-06-12T11:06:53.737388+00:00,0.0033719539642333984,1,results/raw/tier_e_core4_hgb_mlp_timed_cse_cic_ids2018/CSE-CIC-IDS2018_cse_cic_ids2018_friday_holdout_sample_mlp_sklearn_a0_clean_3.csv,
231,threat_evaluation,CSE-CIC-IDS2018,cse_cic_ids2018_friday_holdout_sample,3,mlp_sklearn,a1_constrained_feature,2026-06-12T11:06:53.737434+00:00,2026-06-12T11:06:53.806360+00:00,0.06892609596252441,5000,,
232,result_writing,CSE-CIC-IDS2018,cse_cic_ids2018_friday_holdout_sample,3,mlp_sklearn,a1_constrained_feature,2026-06-12T11:06:53.806526+00:00,2026-06-12T11:06:53.809848+00:00,0.0033218860626220703,1,results/raw/tier_e_core4_hgb_mlp_timed_cse_cic_ids2018/CSE-CIC-IDS2018_cse_cic_ids2018_friday_holdout_sample_mlp_sklearn_a1_constrained_feature_3.csv,
233,threat_evaluation,CSE-CIC-IDS2018,cse_cic_ids2018_friday_holdout_sample,3,mlp_sklearn,a1_constrained_score_search,2026-06-12T11:06:53.809896+00:00,2026-06-12T11:06:54.092083+00:00,0.28218674659729004,5000,,
234,result_writing,CSE-CIC-IDS2018,cse_cic_ids2018_friday_holdout_sample,3,mlp_sklearn,a1_constrained_score_search,2026-06-12T11:06:54.092261+00:00,2026-06-12T11:06:54.095512+00:00,0.0032515525817871094,1,results/raw/tier_e_core4_hgb_mlp_timed_cse_cic_ids2018/CSE-CIC-IDS2018_cse_cic_ids2018_friday_holdout_sample_mlp_sklearn_a1_constrained_score_search_3.csv,
235,threat_evaluation,CSE-CIC-IDS2018,cse_cic_ids2018_friday_holdout_sample,3,mlp_sklearn,a4_split_shift,2026-06-12T11:06:54.095559+00:00,2026-06-12T11:06:54.106618+00:00,0.011059761047363281,5000,,
236,result_writing,CSE-CIC-IDS2018,cse_cic_ids2018_friday_holdout_sample,3,mlp_sklearn,a4_split_shift,2026-06-12T11:06:54.106767+00:00,2026-06-12T11:06:54.110010+00:00,0.003242969512939453,1,results/raw/tier_e_core4_hgb_mlp_timed_cse_cic_ids2018/CSE-CIC-IDS2018_cse_cic_ids2018_friday_holdout_sample_mlp_sklearn_a4_split_shift_3.csv,
237,split_construction,CSE-CIC-IDS2018,cse_cic_ids2018_friday_holdout_sample,3,random_forest,,2026-06-12T11:06:54.110095+00:00,2026-06-12T11:06:54.167401+00:00,0.05730628967285156,20000,,
238,preprocessing,CSE-CIC-IDS2018,cse_cic_ids2018_friday_holdout_sample,3,random_forest,,2026-06-12T11:06:54.167529+00:00,2026-06-12T11:06:56.435402+00:00,2.2678723335266113,20000,,
239,model_training,CSE-CIC-IDS2018,cse_cic_ids2018_friday_holdout_sample,3,random_forest,,2026-06-12T11:06:56.435570+00:00,2026-06-12T11:06:58.391853+00:00,1.956282615661621,20000,,
240,clean_profile,CSE-CIC-IDS2018,cse_cic_ids2018_friday_holdout_sample,3,random_forest,,2026-06-12T11:06:58.391931+00:00,2026-06-12T11:06:58.530394+00:00,0.13846254348754883,20000,,
241,threat_evaluation,CSE-CIC-IDS2018,cse_cic_ids2018_friday_holdout_sample,3,random_forest,a0_clean,2026-06-12T11:06:58.542911+00:00,2026-06-12T11:06:58.591325+00:00,0.048413991928100586,5000,,
242,result_writing,CSE-CIC-IDS2018,cse_cic_ids2018_friday_holdout_sample,3,random_forest,a0_clean,2026-06-12T11:06:58.591482+00:00,2026-06-12T11:06:58.594794+00:00,0.003311634063720703,1,results/raw/tier_e_core4_hgb_mlp_timed_cse_cic_ids2018/CSE-CIC-IDS2018_cse_cic_ids2018_friday_holdout_sample_random_forest_a0_clean_3.csv,
243,threat_evaluation,CSE-CIC-IDS2018,cse_cic_ids2018_friday_holdout_sample,3,random_forest,a1_constrained_feature,2026-06-12T11:06:58.594836+00:00,2026-06-12T11:06:58.700688+00:00,0.10585212707519531,5000,,
244,result_writing,CSE-CIC-IDS2018,cse_cic_ids2018_friday_holdout_sample,3,random_forest,a1_constrained_feature,2026-06-12T11:06:58.700861+00:00,2026-06-12T11:06:58.704241+00:00,0.0033800601959228516,1,results/raw/tier_e_core4_hgb_mlp_timed_cse_cic_ids2018/CSE-CIC-IDS2018_cse_cic_ids2018_friday_holdout_sample_random_forest_a1_constrained_feature_3.csv,
245,threat_evaluation,CSE-CIC-IDS2018,cse_cic_ids2018_friday_holdout_sample,3,random_forest,a1_constrained_score_search,2026-06-12T11:06:58.704284+00:00,2026-06-12T11:06:59.066444+00:00,0.36215949058532715,5000,,
246,result_writing,CSE-CIC-IDS2018,cse_cic_ids2018_friday_holdout_sample,3,random_forest,a1_constrained_score_search,2026-06-12T11:06:59.066618+00:00,2026-06-12T11:06:59.069907+00:00,0.0032889842987060547,1,results/raw/tier_e_core4_hgb_mlp_timed_cse_cic_ids2018/CSE-CIC-IDS2018_cse_cic_ids2018_friday_holdout_sample_random_forest_a1_constrained_score_search_3.csv,
247,threat_evaluation,CSE-CIC-IDS2018,cse_cic_ids2018_friday_holdout_sample,3,random_forest,a4_split_shift,2026-06-12T11:06:59.069952+00:00,2026-06-12T11:06:59.117691+00:00,0.04773855209350586,5000,,
248,result_writing,CSE-CIC-IDS2018,cse_cic_ids2018_friday_holdout_sample,3,random_forest,a4_split_shift,2026-06-12T11:06:59.117849+00:00,2026-06-12T11:06:59.121205+00:00,0.0033566951751708984,1,results/raw/tier_e_core4_hgb_mlp_timed_cse_cic_ids2018/CSE-CIC-IDS2018_cse_cic_ids2018_friday_holdout_sample_random_forest_a4_split_shift_3.csv,
249,dataset_load,CSE-CIC-IDS2018,cse_cic_ids2018_friday_holdout_sample,4,,,2026-06-12T11:06:59.121254+00:00,2026-06-12T11:07:43.065780+00:00,43.9445264339447,19999,,
250,preprocess_manifest,CSE-CIC-IDS2018,cse_cic_ids2018_friday_holdout_sample,4,,,2026-06-12T11:07:43.065929+00:00,2026-06-12T11:07:45.279121+00:00,2.2131922245025635,19999,,
251,split_construction,CSE-CIC-IDS2018,cse_cic_ids2018_friday_holdout_sample,4,extra_trees,,2026-06-12T11:07:45.279288+00:00,2026-06-12T11:07:45.335958+00:00,0.056670427322387695,19999,,
252,preprocessing,CSE-CIC-IDS2018,cse_cic_ids2018_friday_holdout_sample,4,extra_trees,,2026-06-12T11:07:45.336082+00:00,2026-06-12T11:07:47.610675+00:00,2.274592399597168,19999,,
253,model_training,CSE-CIC-IDS2018,cse_cic_ids2018_friday_holdout_sample,4,extra_trees,,2026-06-12T11:07:47.610865+00:00,2026-06-12T11:07:48.738126+00:00,1.127260446548462,19999,,
254,clean_profile,CSE-CIC-IDS2018,cse_cic_ids2018_friday_holdout_sample,4,extra_trees,,2026-06-12T11:07:48.738209+00:00,2026-06-12T11:07:48.924145+00:00,0.18593645095825195,19999,,
255,threat_evaluation,CSE-CIC-IDS2018,cse_cic_ids2018_friday_holdout_sample,4,extra_trees,a0_clean,2026-06-12T11:07:48.936780+00:00,2026-06-12T11:07:49.000467+00:00,0.06368637084960938,5000,,
256,result_writing,CSE-CIC-IDS2018,cse_cic_ids2018_friday_holdout_sample,4,extra_trees,a0_clean,2026-06-12T11:07:49.000628+00:00,2026-06-12T11:07:49.003969+00:00,0.0033409595489501953,1,results/raw/tier_e_core4_hgb_mlp_timed_cse_cic_ids2018/CSE-CIC-IDS2018_cse_cic_ids2018_friday_holdout_sample_extra_trees_a0_clean_4.csv,
257,threat_evaluation,CSE-CIC-IDS2018,cse_cic_ids2018_friday_holdout_sample,4,extra_trees,a1_constrained_feature,2026-06-12T11:07:49.004012+00:00,2026-06-12T11:07:49.126141+00:00,0.12212872505187988,5000,,
258,result_writing,CSE-CIC-IDS2018,cse_cic_ids2018_friday_holdout_sample,4,extra_trees,a1_constrained_feature,2026-06-12T11:07:49.126307+00:00,2026-06-12T11:07:49.129596+00:00,0.003288745880126953,1,results/raw/tier_e_core4_hgb_mlp_timed_cse_cic_ids2018/CSE-CIC-IDS2018_cse_cic_ids2018_friday_holdout_sample_extra_trees_a1_constrained_feature_4.csv,
259,threat_evaluation,CSE-CIC-IDS2018,cse_cic_ids2018_friday_holdout_sample,4,extra_trees,a1_constrained_score_search,2026-06-12T11:07:49.129639+00:00,2026-06-12T11:07:49.508840+00:00,0.37920069694519043,5000,,
260,result_writing,CSE-CIC-IDS2018,cse_cic_ids2018_friday_holdout_sample,4,extra_trees,a1_constrained_score_search,2026-06-12T11:07:49.509018+00:00,2026-06-12T11:07:49.512344+00:00,0.0033261775970458984,1,results/raw/tier_e_core4_hgb_mlp_timed_cse_cic_ids2018/CSE-CIC-IDS2018_cse_cic_ids2018_friday_holdout_sample_extra_trees_a1_constrained_score_search_4.csv,
261,threat_evaluation,CSE-CIC-IDS2018,cse_cic_ids2018_friday_holdout_sample,4,extra_trees,a4_split_shift,2026-06-12T11:07:49.512390+00:00,2026-06-12T11:07:49.576307+00:00,0.06391763687133789,5000,,
262,result_writing,CSE-CIC-IDS2018,cse_cic_ids2018_friday_holdout_sample,4,extra_trees,a4_split_shift,2026-06-12T11:07:49.576466+00:00,2026-06-12T11:07:49.579698+00:00,0.0032320022583007812,1,results/raw/tier_e_core4_hgb_mlp_timed_cse_cic_ids2018/CSE-CIC-IDS2018_cse_cic_ids2018_friday_holdout_sample_extra_trees_a4_split_shift_4.csv,
263,split_construction,CSE-CIC-IDS2018,cse_cic_ids2018_friday_holdout_sample,4,hist_gradient_boosting,,2026-06-12T11:07:49.579804+00:00,2026-06-12T11:07:49.636923+00:00,0.05711936950683594,19999,,
264,preprocessing,CSE-CIC-IDS2018,cse_cic_ids2018_friday_holdout_sample,4,hist_gradient_boosting,,2026-06-12T11:07:49.637034+00:00,2026-06-12T11:07:51.902793+00:00,2.265758514404297,19999,,
265,model_training,CSE-CIC-IDS2018,cse_cic_ids2018_friday_holdout_sample,4,hist_gradient_boosting,,2026-06-12T11:07:51.902946+00:00,2026-06-12T11:07:52.566949+00:00,0.6640033721923828,19999,,
266,clean_profile,CSE-CIC-IDS2018,cse_cic_ids2018_friday_holdout_sample,4,hist_gradient_boosting,,2026-06-12T11:07:52.567031+00:00,2026-06-12T11:07:52.597032+00:00,0.03000164031982422,19999,,
267,threat_evaluation,CSE-CIC-IDS2018,cse_cic_ids2018_friday_holdout_sample,4,hist_gradient_boosting,a0_clean,2026-06-12T11:07:52.609902+00:00,2026-06-12T11:07:52.623042+00:00,0.013140678405761719,5000,,
268,result_writing,CSE-CIC-IDS2018,cse_cic_ids2018_friday_holdout_sample,4,hist_gradient_boosting,a0_clean,2026-06-12T11:07:52.623202+00:00,2026-06-12T11:07:52.626571+00:00,0.003368377685546875,1,results/raw/tier_e_core4_hgb_mlp_timed_cse_cic_ids2018/CSE-CIC-IDS2018_cse_cic_ids2018_friday_holdout_sample_hist_gradient_boosting_a0_clean_4.csv,
269,threat_evaluation,CSE-CIC-IDS2018,cse_cic_ids2018_friday_holdout_sample,4,hist_gradient_boosting,a1_constrained_feature,2026-06-12T11:07:52.626618+00:00,2026-06-12T11:07:52.697487+00:00,0.07086896896362305,5000,,
270,result_writing,CSE-CIC-IDS2018,cse_cic_ids2018_friday_holdout_sample,4,hist_gradient_boosting,a1_constrained_feature,2026-06-12T11:07:52.697656+00:00,2026-06-12T11:07:52.700802+00:00,0.0031456947326660156,1,results/raw/tier_e_core4_hgb_mlp_timed_cse_cic_ids2018/CSE-CIC-IDS2018_cse_cic_ids2018_friday_holdout_sample_hist_gradient_boosting_a1_constrained_feature_4.csv,
271,threat_evaluation,CSE-CIC-IDS2018,cse_cic_ids2018_friday_holdout_sample,4,hist_gradient_boosting,a1_constrained_score_search,2026-06-12T11:07:52.700845+00:00,2026-06-12T11:07:53.002348+00:00,0.30150270462036133,5000,,
272,result_writing,CSE-CIC-IDS2018,cse_cic_ids2018_friday_holdout_sample,4,hist_gradient_boosting,a1_constrained_score_search,2026-06-12T11:07:53.002516+00:00,2026-06-12T11:07:53.005745+00:00,0.0032296180725097656,1,results/raw/tier_e_core4_hgb_mlp_timed_cse_cic_ids2018/CSE-CIC-IDS2018_cse_cic_ids2018_friday_holdout_sample_hist_gradient_boosting_a1_constrained_score_search_4.csv,
273,threat_evaluation,CSE-CIC-IDS2018,cse_cic_ids2018_friday_holdout_sample,4,hist_gradient_boosting,a4_split_shift,2026-06-12T11:07:53.005791+00:00,2026-06-12T11:07:53.022201+00:00,0.016410112380981445,5000,,
274,result_writing,CSE-CIC-IDS2018,cse_cic_ids2018_friday_holdout_sample,4,hist_gradient_boosting,a4_split_shift,2026-06-12T11:07:53.022346+00:00,2026-06-12T11:07:53.025337+00:00,0.0029909610748291016,1,results/raw/tier_e_core4_hgb_mlp_timed_cse_cic_ids2018/CSE-CIC-IDS2018_cse_cic_ids2018_friday_holdout_sample_hist_gradient_boosting_a4_split_shift_4.csv,
275,split_construction,CSE-CIC-IDS2018,cse_cic_ids2018_friday_holdout_sample,4,logistic_regression,,2026-06-12T11:07:53.025416+00:00,2026-06-12T11:07:53.082708+00:00,0.057291269302368164,19999,,
276,preprocessing,CSE-CIC-IDS2018,cse_cic_ids2018_friday_holdout_sample,4,logistic_regression,,2026-06-12T11:07:53.082831+00:00,2026-06-12T11:07:55.352104+00:00,2.269273042678833,19999,,
277,model_training,CSE-CIC-IDS2018,cse_cic_ids2018_friday_holdout_sample,4,logistic_regression,,2026-06-12T11:07:55.352236+00:00,2026-06-12T11:08:08.952208+00:00,13.599971771240234,19999,,
278,clean_profile,CSE-CIC-IDS2018,cse_cic_ids2018_friday_holdout_sample,4,logistic_regression,,2026-06-12T11:08:08.952274+00:00,2026-06-12T11:08:08.978528+00:00,0.026253938674926758,19999,,
279,threat_evaluation,CSE-CIC-IDS2018,cse_cic_ids2018_friday_holdout_sample,4,logistic_regression,a0_clean,2026-06-12T11:08:08.991269+00:00,2026-06-12T11:08:09.001250+00:00,0.009980916976928711,5000,,
280,result_writing,CSE-CIC-IDS2018,cse_cic_ids2018_friday_holdout_sample,4,logistic_regression,a0_clean,2026-06-12T11:08:09.001404+00:00,2026-06-12T11:08:09.004637+00:00,0.0032329559326171875,1,results/raw/tier_e_core4_hgb_mlp_timed_cse_cic_ids2018/CSE-CIC-IDS2018_cse_cic_ids2018_friday_holdout_sample_logistic_regression_a0_clean_4.csv,
281,threat_evaluation,CSE-CIC-IDS2018,cse_cic_ids2018_friday_holdout_sample,4,logistic_regression,a1_constrained_feature,2026-06-12T11:08:09.004674+00:00,2026-06-12T11:08:09.071150+00:00,0.06647610664367676,5000,,
282,result_writing,CSE-CIC-IDS2018,cse_cic_ids2018_friday_holdout_sample,4,logistic_regression,a1_constrained_feature,2026-06-12T11:08:09.071318+00:00,2026-06-12T11:08:09.074598+00:00,0.0032792091369628906,1,results/raw/tier_e_core4_hgb_mlp_timed_cse_cic_ids2018/CSE-CIC-IDS2018_cse_cic_ids2018_friday_holdout_sample_logistic_regression_a1_constrained_feature_4.csv,
283,threat_evaluation,CSE-CIC-IDS2018,cse_cic_ids2018_friday_holdout_sample,4,logistic_regression,a1_constrained_score_search,2026-06-12T11:08:09.074641+00:00,2026-06-12T11:08:09.351024+00:00,0.2763826847076416,5000,,
284,result_writing,CSE-CIC-IDS2018,cse_cic_ids2018_friday_holdout_sample,4,logistic_regression,a1_constrained_score_search,2026-06-12T11:08:09.351192+00:00,2026-06-12T11:08:09.354350+00:00,0.0031578540802001953,1,results/raw/tier_e_core4_hgb_mlp_timed_cse_cic_ids2018/CSE-CIC-IDS2018_cse_cic_ids2018_friday_holdout_sample_logistic_regression_a1_constrained_score_search_4.csv,
285,threat_evaluation,CSE-CIC-IDS2018,cse_cic_ids2018_friday_holdout_sample,4,logistic_regression,a4_split_shift,2026-06-12T11:08:09.354397+00:00,2026-06-12T11:08:09.363256+00:00,0.008859395980834961,5000,,
286,result_writing,CSE-CIC-IDS2018,cse_cic_ids2018_friday_holdout_sample,4,logistic_regression,a4_split_shift,2026-06-12T11:08:09.363389+00:00,2026-06-12T11:08:09.366378+00:00,0.002989053726196289,1,results/raw/tier_e_core4_hgb_mlp_timed_cse_cic_ids2018/CSE-CIC-IDS2018_cse_cic_ids2018_friday_holdout_sample_logistic_regression_a4_split_shift_4.csv,
287,split_construction,CSE-CIC-IDS2018,cse_cic_ids2018_friday_holdout_sample,4,mlp_sklearn,,2026-06-12T11:08:09.366459+00:00,2026-06-12T11:08:09.423898+00:00,0.05743861198425293,19999,,
288,preprocessing,CSE-CIC-IDS2018,cse_cic_ids2018_friday_holdout_sample,4,mlp_sklearn,,2026-06-12T11:08:09.424005+00:00,2026-06-12T11:08:11.701988+00:00,2.277982234954834,19999,,
289,model_training,CSE-CIC-IDS2018,cse_cic_ids2018_friday_holdout_sample,4,mlp_sklearn,,2026-06-12T11:08:11.702140+00:00,2026-06-12T11:08:12.710219+00:00,1.0080795288085938,19999,,
290,clean_profile,CSE-CIC-IDS2018,cse_cic_ids2018_friday_holdout_sample,4,mlp_sklearn,,2026-06-12T11:08:12.710292+00:00,2026-06-12T11:08:12.733058+00:00,0.022765636444091797,19999,,
291,threat_evaluation,CSE-CIC-IDS2018,cse_cic_ids2018_friday_holdout_sample,4,mlp_sklearn,a0_clean,2026-06-12T11:08:12.745830+00:00,2026-06-12T11:08:12.757719+00:00,0.011889219284057617,5000,,
292,result_writing,CSE-CIC-IDS2018,cse_cic_ids2018_friday_holdout_sample,4,mlp_sklearn,a0_clean,2026-06-12T11:08:12.757883+00:00,2026-06-12T11:08:12.761343+00:00,0.0034601688385009766,1,results/raw/tier_e_core4_hgb_mlp_timed_cse_cic_ids2018/CSE-CIC-IDS2018_cse_cic_ids2018_friday_holdout_sample_mlp_sklearn_a0_clean_4.csv,
293,threat_evaluation,CSE-CIC-IDS2018,cse_cic_ids2018_friday_holdout_sample,4,mlp_sklearn,a1_constrained_feature,2026-06-12T11:08:12.761393+00:00,2026-06-12T11:08:12.830566+00:00,0.06917262077331543,5000,,
294,result_writing,CSE-CIC-IDS2018,cse_cic_ids2018_friday_holdout_sample,4,mlp_sklearn,a1_constrained_feature,2026-06-12T11:08:12.830741+00:00,2026-06-12T11:08:12.834051+00:00,0.0033104419708251953,1,results/raw/tier_e_core4_hgb_mlp_timed_cse_cic_ids2018/CSE-CIC-IDS2018_cse_cic_ids2018_friday_holdout_sample_mlp_sklearn_a1_constrained_feature_4.csv,
295,threat_evaluation,CSE-CIC-IDS2018,cse_cic_ids2018_friday_holdout_sample,4,mlp_sklearn,a1_constrained_score_search,2026-06-12T11:08:12.834098+00:00,2026-06-12T11:08:13.117408+00:00,0.2833104133605957,5000,,
296,result_writing,CSE-CIC-IDS2018,cse_cic_ids2018_friday_holdout_sample,4,mlp_sklearn,a1_constrained_score_search,2026-06-12T11:08:13.117577+00:00,2026-06-12T11:08:13.120844+00:00,0.0032672882080078125,1,results/raw/tier_e_core4_hgb_mlp_timed_cse_cic_ids2018/CSE-CIC-IDS2018_cse_cic_ids2018_friday_holdout_sample_mlp_sklearn_a1_constrained_score_search_4.csv,
297,threat_evaluation,CSE-CIC-IDS2018,cse_cic_ids2018_friday_holdout_sample,4,mlp_sklearn,a4_split_shift,2026-06-12T11:08:13.120892+00:00,2026-06-12T11:08:13.132017+00:00,0.01112508773803711,5000,,
298,result_writing,CSE-CIC-IDS2018,cse_cic_ids2018_friday_holdout_sample,4,mlp_sklearn,a4_split_shift,2026-06-12T11:08:13.132168+00:00,2026-06-12T11:08:13.135332+00:00,0.0031642913818359375,1,results/raw/tier_e_core4_hgb_mlp_timed_cse_cic_ids2018/CSE-CIC-IDS2018_cse_cic_ids2018_friday_holdout_sample_mlp_sklearn_a4_split_shift_4.csv,
299,split_construction,CSE-CIC-IDS2018,cse_cic_ids2018_friday_holdout_sample,4,random_forest,,2026-06-12T11:08:13.135419+00:00,2026-06-12T11:08:13.192994+00:00,0.05757498741149902,19999,,
300,preprocessing,CSE-CIC-IDS2018,cse_cic_ids2018_friday_holdout_sample,4,random_forest,,2026-06-12T11:08:13.193117+00:00,2026-06-12T11:08:15.472540+00:00,2.279423236846924,19999,,
301,model_training,CSE-CIC-IDS2018,cse_cic_ids2018_friday_holdout_sample,4,random_forest,,2026-06-12T11:08:15.472710+00:00,2026-06-12T11:08:17.354261+00:00,1.8815505504608154,19999,,
302,clean_profile,CSE-CIC-IDS2018,cse_cic_ids2018_friday_holdout_sample,4,random_forest,,2026-06-12T11:08:17.354337+00:00,2026-06-12T11:08:17.491547+00:00,0.13720917701721191,19999,,
303,threat_evaluation,CSE-CIC-IDS2018,cse_cic_ids2018_friday_holdout_sample,4,random_forest,a0_clean,2026-06-12T11:08:17.504083+00:00,2026-06-12T11:08:17.552076+00:00,0.04799294471740723,5000,,
304,result_writing,CSE-CIC-IDS2018,cse_cic_ids2018_friday_holdout_sample,4,random_forest,a0_clean,2026-06-12T11:08:17.552234+00:00,2026-06-12T11:08:17.555536+00:00,0.0033020973205566406,1,results/raw/tier_e_core4_hgb_mlp_timed_cse_cic_ids2018/CSE-CIC-IDS2018_cse_cic_ids2018_friday_holdout_sample_random_forest_a0_clean_4.csv,
305,threat_evaluation,CSE-CIC-IDS2018,cse_cic_ids2018_friday_holdout_sample,4,random_forest,a1_constrained_feature,2026-06-12T11:08:17.555578+00:00,2026-06-12T11:08:17.661052+00:00,0.10547447204589844,5000,,
306,result_writing,CSE-CIC-IDS2018,cse_cic_ids2018_friday_holdout_sample,4,random_forest,a1_constrained_feature,2026-06-12T11:08:17.661229+00:00,2026-06-12T11:08:17.664495+00:00,0.0032660961151123047,1,results/raw/tier_e_core4_hgb_mlp_timed_cse_cic_ids2018/CSE-CIC-IDS2018_cse_cic_ids2018_friday_holdout_sample_random_forest_a1_constrained_feature_4.csv,
307,threat_evaluation,CSE-CIC-IDS2018,cse_cic_ids2018_friday_holdout_sample,4,random_forest,a1_constrained_score_search,2026-06-12T11:08:17.664539+00:00,2026-06-12T11:08:18.025650+00:00,0.3611116409301758,5000,,
308,result_writing,CSE-CIC-IDS2018,cse_cic_ids2018_friday_holdout_sample,4,random_forest,a1_constrained_score_search,2026-06-12T11:08:18.025820+00:00,2026-06-12T11:08:18.029097+00:00,0.0032761096954345703,1,results/raw/tier_e_core4_hgb_mlp_timed_cse_cic_ids2018/CSE-CIC-IDS2018_cse_cic_ids2018_friday_holdout_sample_random_forest_a1_constrained_score_search_4.csv,
309,threat_evaluation,CSE-CIC-IDS2018,cse_cic_ids2018_friday_holdout_sample,4,random_forest,a4_split_shift,2026-06-12T11:08:18.029142+00:00,2026-06-12T11:08:18.076268+00:00,0.047126054763793945,5000,,
310,result_writing,CSE-CIC-IDS2018,cse_cic_ids2018_friday_holdout_sample,4,random_forest,a4_split_shift,2026-06-12T11:08:18.076425+00:00,2026-06-12T11:08:18.079629+00:00,0.0032041072845458984,1,results/raw/tier_e_core4_hgb_mlp_timed_cse_cic_ids2018/CSE-CIC-IDS2018_cse_cic_ids2018_friday_holdout_sample_random_forest_a4_split_shift_4.csv,
311,dataset_load,CSE-CIC-IDS2018,cse_cic_ids2018_friday_holdout_sample,5,,,2026-06-12T11:08:18.079674+00:00,2026-06-12T11:09:02.174737+00:00,44.09506320953369,20000,,
312,preprocess_manifest,CSE-CIC-IDS2018,cse_cic_ids2018_friday_holdout_sample,5,,,2026-06-12T11:09:02.174888+00:00,2026-06-12T11:09:04.395644+00:00,2.2207555770874023,20000,,
313,split_construction,CSE-CIC-IDS2018,cse_cic_ids2018_friday_holdout_sample,5,extra_trees,,2026-06-12T11:09:04.395832+00:00,2026-06-12T11:09:04.452264+00:00,0.056432247161865234,20000,,
314,preprocessing,CSE-CIC-IDS2018,cse_cic_ids2018_friday_holdout_sample,5,extra_trees,,2026-06-12T11:09:04.452374+00:00,2026-06-12T11:09:06.730010+00:00,2.2776360511779785,20000,,
315,model_training,CSE-CIC-IDS2018,cse_cic_ids2018_friday_holdout_sample,5,extra_trees,,2026-06-12T11:09:06.730190+00:00,2026-06-12T11:09:07.821616+00:00,1.0914256572723389,20000,,
316,clean_profile,CSE-CIC-IDS2018,cse_cic_ids2018_friday_holdout_sample,5,extra_trees,,2026-06-12T11:09:07.821697+00:00,2026-06-12T11:09:08.007200+00:00,0.185502290725708,20000,,
317,threat_evaluation,CSE-CIC-IDS2018,cse_cic_ids2018_friday_holdout_sample,5,extra_trees,a0_clean,2026-06-12T11:09:08.019824+00:00,2026-06-12T11:09:08.083586+00:00,0.06376171112060547,5000,,
318,result_writing,CSE-CIC-IDS2018,cse_cic_ids2018_friday_holdout_sample,5,extra_trees,a0_clean,2026-06-12T11:09:08.083793+00:00,2026-06-12T11:09:08.087083+00:00,0.003289461135864258,1,results/raw/tier_e_core4_hgb_mlp_timed_cse_cic_ids2018/CSE-CIC-IDS2018_cse_cic_ids2018_friday_holdout_sample_extra_trees_a0_clean_5.csv,
319,threat_evaluation,CSE-CIC-IDS2018,cse_cic_ids2018_friday_holdout_sample,5,extra_trees,a1_constrained_feature,2026-06-12T11:09:08.087126+00:00,2026-06-12T11:09:08.207243+00:00,0.1201174259185791,5000,,
320,result_writing,CSE-CIC-IDS2018,cse_cic_ids2018_friday_holdout_sample,5,extra_trees,a1_constrained_feature,2026-06-12T11:09:08.207414+00:00,2026-06-12T11:09:08.210708+00:00,0.0032939910888671875,1,results/raw/tier_e_core4_hgb_mlp_timed_cse_cic_ids2018/CSE-CIC-IDS2018_cse_cic_ids2018_friday_holdout_sample_extra_trees_a1_constrained_feature_5.csv,
321,threat_evaluation,CSE-CIC-IDS2018,cse_cic_ids2018_friday_holdout_sample,5,extra_trees,a1_constrained_score_search,2026-06-12T11:09:08.210750+00:00,2026-06-12T11:09:08.590187+00:00,0.3794374465942383,5000,,
322,result_writing,CSE-CIC-IDS2018,cse_cic_ids2018_friday_holdout_sample,5,extra_trees,a1_constrained_score_search,2026-06-12T11:09:08.590355+00:00,2026-06-12T11:09:08.593627+00:00,0.003271818161010742,1,results/raw/tier_e_core4_hgb_mlp_timed_cse_cic_ids2018/CSE-CIC-IDS2018_cse_cic_ids2018_friday_holdout_sample_extra_trees_a1_constrained_score_search_5.csv,
323,threat_evaluation,CSE-CIC-IDS2018,cse_cic_ids2018_friday_holdout_sample,5,extra_trees,a4_split_shift,2026-06-12T11:09:08.593673+00:00,2026-06-12T11:09:08.658323+00:00,0.06465005874633789,5000,,
324,result_writing,CSE-CIC-IDS2018,cse_cic_ids2018_friday_holdout_sample,5,extra_trees,a4_split_shift,2026-06-12T11:09:08.658482+00:00,2026-06-12T11:09:08.661775+00:00,0.003292560577392578,1,results/raw/tier_e_core4_hgb_mlp_timed_cse_cic_ids2018/CSE-CIC-IDS2018_cse_cic_ids2018_friday_holdout_sample_extra_trees_a4_split_shift_5.csv,
325,split_construction,CSE-CIC-IDS2018,cse_cic_ids2018_friday_holdout_sample,5,hist_gradient_boosting,,2026-06-12T11:09:08.661856+00:00,2026-06-12T11:09:08.718885+00:00,0.05702924728393555,20000,,
326,preprocessing,CSE-CIC-IDS2018,cse_cic_ids2018_friday_holdout_sample,5,hist_gradient_boosting,,2026-06-12T11:09:08.719001+00:00,2026-06-12T11:09:11.069136+00:00,2.3501346111297607,20000,,
327,model_training,CSE-CIC-IDS2018,cse_cic_ids2018_friday_holdout_sample,5,hist_gradient_boosting,,2026-06-12T11:09:11.069290+00:00,2026-06-12T11:09:11.726112+00:00,0.6568219661712646,20000,,
328,clean_profile,CSE-CIC-IDS2018,cse_cic_ids2018_friday_holdout_sample,5,hist_gradient_boosting,,2026-06-12T11:09:11.726195+00:00,2026-06-12T11:09:11.756171+00:00,0.029976367950439453,20000,,
329,threat_evaluation,CSE-CIC-IDS2018,cse_cic_ids2018_friday_holdout_sample,5,hist_gradient_boosting,a0_clean,2026-06-12T11:09:11.769166+00:00,2026-06-12T11:09:11.782270+00:00,0.013103485107421875,5000,,
330,result_writing,CSE-CIC-IDS2018,cse_cic_ids2018_friday_holdout_sample,5,hist_gradient_boosting,a0_clean,2026-06-12T11:09:11.782427+00:00,2026-06-12T11:09:11.785895+00:00,0.0034682750701904297,1,results/raw/tier_e_core4_hgb_mlp_timed_cse_cic_ids2018/CSE-CIC-IDS2018_cse_cic_ids2018_friday_holdout_sample_hist_gradient_boosting_a0_clean_5.csv,
331,threat_evaluation,CSE-CIC-IDS2018,cse_cic_ids2018_friday_holdout_sample,5,hist_gradient_boosting,a1_constrained_feature,2026-06-12T11:09:11.785951+00:00,2026-06-12T11:09:11.856099+00:00,0.07014799118041992,5000,,
332,result_writing,CSE-CIC-IDS2018,cse_cic_ids2018_friday_holdout_sample,5,hist_gradient_boosting,a1_constrained_feature,2026-06-12T11:09:11.856263+00:00,2026-06-12T11:09:11.859408+00:00,0.003144502639770508,1,results/raw/tier_e_core4_hgb_mlp_timed_cse_cic_ids2018/CSE-CIC-IDS2018_cse_cic_ids2018_friday_holdout_sample_hist_gradient_boosting_a1_constrained_feature_5.csv,
333,threat_evaluation,CSE-CIC-IDS2018,cse_cic_ids2018_friday_holdout_sample,5,hist_gradient_boosting,a1_constrained_score_search,2026-06-12T11:09:11.859452+00:00,2026-06-12T11:09:12.167167+00:00,0.30771517753601074,5000,,
334,result_writing,CSE-CIC-IDS2018,cse_cic_ids2018_friday_holdout_sample,5,hist_gradient_boosting,a1_constrained_score_search,2026-06-12T11:09:12.167333+00:00,2026-06-12T11:09:12.170521+00:00,0.0031883716583251953,1,results/raw/tier_e_core4_hgb_mlp_timed_cse_cic_ids2018/CSE-CIC-IDS2018_cse_cic_ids2018_friday_holdout_sample_hist_gradient_boosting_a1_constrained_score_search_5.csv,
335,threat_evaluation,CSE-CIC-IDS2018,cse_cic_ids2018_friday_holdout_sample,5,hist_gradient_boosting,a4_split_shift,2026-06-12T11:09:12.170566+00:00,2026-06-12T11:09:12.186919+00:00,0.01635289192199707,5000,,
336,result_writing,CSE-CIC-IDS2018,cse_cic_ids2018_friday_holdout_sample,5,hist_gradient_boosting,a4_split_shift,2026-06-12T11:09:12.187059+00:00,2026-06-12T11:09:12.190099+00:00,0.0030395984649658203,1,results/raw/tier_e_core4_hgb_mlp_timed_cse_cic_ids2018/CSE-CIC-IDS2018_cse_cic_ids2018_friday_holdout_sample_hist_gradient_boosting_a4_split_shift_5.csv,
337,split_construction,CSE-CIC-IDS2018,cse_cic_ids2018_friday_holdout_sample,5,logistic_regression,,2026-06-12T11:09:12.190179+00:00,2026-06-12T11:09:12.247551+00:00,0.0573728084564209,20000,,
338,preprocessing,CSE-CIC-IDS2018,cse_cic_ids2018_friday_holdout_sample,5,logistic_regression,,2026-06-12T11:09:12.247669+00:00,2026-06-12T11:09:14.526328+00:00,2.278658151626587,20000,,
339,model_training,CSE-CIC-IDS2018,cse_cic_ids2018_friday_holdout_sample,5,logistic_regression,,2026-06-12T11:09:14.526461+00:00,2026-06-12T11:09:26.231270+00:00,11.704808950424194,20000,,
340,clean_profile,CSE-CIC-IDS2018,cse_cic_ids2018_friday_holdout_sample,5,logistic_regression,,2026-06-12T11:09:26.231335+00:00,2026-06-12T11:09:26.247625+00:00,0.016289234161376953,20000,,
341,threat_evaluation,CSE-CIC-IDS2018,cse_cic_ids2018_friday_holdout_sample,5,logistic_regression,a0_clean,2026-06-12T11:09:26.260476+00:00,2026-06-12T11:09:26.270350+00:00,0.00987386703491211,5000,,
342,result_writing,CSE-CIC-IDS2018,cse_cic_ids2018_friday_holdout_sample,5,logistic_regression,a0_clean,2026-06-12T11:09:26.270507+00:00,2026-06-12T11:09:26.273797+00:00,0.0032892227172851562,1,results/raw/tier_e_core4_hgb_mlp_timed_cse_cic_ids2018/CSE-CIC-IDS2018_cse_cic_ids2018_friday_holdout_sample_logistic_regression_a0_clean_5.csv,
343,threat_evaluation,CSE-CIC-IDS2018,cse_cic_ids2018_friday_holdout_sample,5,logistic_regression,a1_constrained_feature,2026-06-12T11:09:26.273839+00:00,2026-06-12T11:09:26.339442+00:00,0.06560349464416504,5000,,
344,result_writing,CSE-CIC-IDS2018,cse_cic_ids2018_friday_holdout_sample,5,logistic_regression,a1_constrained_feature,2026-06-12T11:09:26.339614+00:00,2026-06-12T11:09:26.342802+00:00,0.0031881332397460938,1,results/raw/tier_e_core4_hgb_mlp_timed_cse_cic_ids2018/CSE-CIC-IDS2018_cse_cic_ids2018_friday_holdout_sample_logistic_regression_a1_constrained_feature_5.csv,
345,threat_evaluation,CSE-CIC-IDS2018,cse_cic_ids2018_friday_holdout_sample,5,logistic_regression,a1_constrained_score_search,2026-06-12T11:09:26.342844+00:00,2026-06-12T11:09:26.616781+00:00,0.27393651008605957,5000,,
346,result_writing,CSE-CIC-IDS2018,cse_cic_ids2018_friday_holdout_sample,5,logistic_regression,a1_constrained_score_search,2026-06-12T11:09:26.616947+00:00,2026-06-12T11:09:26.620148+00:00,0.0032012462615966797,1,results/raw/tier_e_core4_hgb_mlp_timed_cse_cic_ids2018/CSE-CIC-IDS2018_cse_cic_ids2018_friday_holdout_sample_logistic_regression_a1_constrained_score_search_5.csv,
347,threat_evaluation,CSE-CIC-IDS2018,cse_cic_ids2018_friday_holdout_sample,5,logistic_regression,a4_split_shift,2026-06-12T11:09:26.620195+00:00,2026-06-12T11:09:26.628888+00:00,0.008692502975463867,5000,,
348,result_writing,CSE-CIC-IDS2018,cse_cic_ids2018_friday_holdout_sample,5,logistic_regression,a4_split_shift,2026-06-12T11:09:26.629021+00:00,2026-06-12T11:09:26.631884+00:00,0.002863168716430664,1,results/raw/tier_e_core4_hgb_mlp_timed_cse_cic_ids2018/CSE-CIC-IDS2018_cse_cic_ids2018_friday_holdout_sample_logistic_regression_a4_split_shift_5.csv,
349,split_construction,CSE-CIC-IDS2018,cse_cic_ids2018_friday_holdout_sample,5,mlp_sklearn,,2026-06-12T11:09:26.631964+00:00,2026-06-12T11:09:26.689045+00:00,0.05708146095275879,20000,,
350,preprocessing,CSE-CIC-IDS2018,cse_cic_ids2018_friday_holdout_sample,5,mlp_sklearn,,2026-06-12T11:09:26.689158+00:00,2026-06-12T11:09:28.962771+00:00,2.2736129760742188,20000,,
351,model_training,CSE-CIC-IDS2018,cse_cic_ids2018_friday_holdout_sample,5,mlp_sklearn,,2026-06-12T11:09:28.962925+00:00,2026-06-12T11:09:29.670785+00:00,0.7078607082366943,20000,,
352,clean_profile,CSE-CIC-IDS2018,cse_cic_ids2018_friday_holdout_sample,5,mlp_sklearn,,2026-06-12T11:09:29.670862+00:00,2026-06-12T11:09:29.693521+00:00,0.0226590633392334,20000,,
353,threat_evaluation,CSE-CIC-IDS2018,cse_cic_ids2018_friday_holdout_sample,5,mlp_sklearn,a0_clean,2026-06-12T11:09:29.706247+00:00,2026-06-12T11:09:29.718685+00:00,0.012437582015991211,5000,,
354,result_writing,CSE-CIC-IDS2018,cse_cic_ids2018_friday_holdout_sample,5,mlp_sklearn,a0_clean,2026-06-12T11:09:29.718853+00:00,2026-06-12T11:09:29.722261+00:00,0.0034079551696777344,1,results/raw/tier_e_core4_hgb_mlp_timed_cse_cic_ids2018/CSE-CIC-IDS2018_cse_cic_ids2018_friday_holdout_sample_mlp_sklearn_a0_clean_5.csv,
355,threat_evaluation,CSE-CIC-IDS2018,cse_cic_ids2018_friday_holdout_sample,5,mlp_sklearn,a1_constrained_feature,2026-06-12T11:09:29.722312+00:00,2026-06-12T11:09:29.791080+00:00,0.06876826286315918,5000,,
356,result_writing,CSE-CIC-IDS2018,cse_cic_ids2018_friday_holdout_sample,5,mlp_sklearn,a1_constrained_feature,2026-06-12T11:09:29.791255+00:00,2026-06-12T11:09:29.794573+00:00,0.003318309783935547,1,results/raw/tier_e_core4_hgb_mlp_timed_cse_cic_ids2018/CSE-CIC-IDS2018_cse_cic_ids2018_friday_holdout_sample_mlp_sklearn_a1_constrained_feature_5.csv,
357,threat_evaluation,CSE-CIC-IDS2018,cse_cic_ids2018_friday_holdout_sample,5,mlp_sklearn,a1_constrained_score_search,2026-06-12T11:09:29.794618+00:00,2026-06-12T11:09:30.075788+00:00,0.2811698913574219,5000,,
358,result_writing,CSE-CIC-IDS2018,cse_cic_ids2018_friday_holdout_sample,5,mlp_sklearn,a1_constrained_score_search,2026-06-12T11:09:30.075973+00:00,2026-06-12T11:09:30.079251+00:00,0.003278017044067383,1,results/raw/tier_e_core4_hgb_mlp_timed_cse_cic_ids2018/CSE-CIC-IDS2018_cse_cic_ids2018_friday_holdout_sample_mlp_sklearn_a1_constrained_score_search_5.csv,
359,threat_evaluation,CSE-CIC-IDS2018,cse_cic_ids2018_friday_holdout_sample,5,mlp_sklearn,a4_split_shift,2026-06-12T11:09:30.079301+00:00,2026-06-12T11:09:30.090241+00:00,0.010940074920654297,5000,,
360,result_writing,CSE-CIC-IDS2018,cse_cic_ids2018_friday_holdout_sample,5,mlp_sklearn,a4_split_shift,2026-06-12T11:09:30.090394+00:00,2026-06-12T11:09:30.093593+00:00,0.003199338912963867,1,results/raw/tier_e_core4_hgb_mlp_timed_cse_cic_ids2018/CSE-CIC-IDS2018_cse_cic_ids2018_friday_holdout_sample_mlp_sklearn_a4_split_shift_5.csv,
361,split_construction,CSE-CIC-IDS2018,cse_cic_ids2018_friday_holdout_sample,5,random_forest,,2026-06-12T11:09:30.093678+00:00,2026-06-12T11:09:30.151208+00:00,0.057530879974365234,20000,,
362,preprocessing,CSE-CIC-IDS2018,cse_cic_ids2018_friday_holdout_sample,5,random_forest,,2026-06-12T11:09:30.151330+00:00,2026-06-12T11:09:32.426354+00:00,2.275023937225342,20000,,
363,model_training,CSE-CIC-IDS2018,cse_cic_ids2018_friday_holdout_sample,5,random_forest,,2026-06-12T11:09:32.426530+00:00,2026-06-12T11:09:34.254012+00:00,1.827481985092163,20000,,
364,clean_profile,CSE-CIC-IDS2018,cse_cic_ids2018_friday_holdout_sample,5,random_forest,,2026-06-12T11:09:34.254092+00:00,2026-06-12T11:09:34.387879+00:00,0.1337876319885254,20000,,
365,threat_evaluation,CSE-CIC-IDS2018,cse_cic_ids2018_friday_holdout_sample,5,random_forest,a0_clean,2026-06-12T11:09:34.400373+00:00,2026-06-12T11:09:34.447371+00:00,0.046998023986816406,5000,,
366,result_writing,CSE-CIC-IDS2018,cse_cic_ids2018_friday_holdout_sample,5,random_forest,a0_clean,2026-06-12T11:09:34.447534+00:00,2026-06-12T11:09:34.473508+00:00,0.02597355842590332,1,results/raw/tier_e_core4_hgb_mlp_timed_cse_cic_ids2018/CSE-CIC-IDS2018_cse_cic_ids2018_friday_holdout_sample_random_forest_a0_clean_5.csv,
367,threat_evaluation,CSE-CIC-IDS2018,cse_cic_ids2018_friday_holdout_sample,5,random_forest,a1_constrained_feature,2026-06-12T11:09:34.473557+00:00,2026-06-12T11:09:34.577956+00:00,0.1043996810913086,5000,,
368,result_writing,CSE-CIC-IDS2018,cse_cic_ids2018_friday_holdout_sample,5,random_forest,a1_constrained_feature,2026-06-12T11:09:34.578117+00:00,2026-06-12T11:09:34.581403+00:00,0.003286123275756836,1,results/raw/tier_e_core4_hgb_mlp_timed_cse_cic_ids2018/CSE-CIC-IDS2018_cse_cic_ids2018_friday_holdout_sample_random_forest_a1_constrained_feature_5.csv,
369,threat_evaluation,CSE-CIC-IDS2018,cse_cic_ids2018_friday_holdout_sample,5,random_forest,a1_constrained_score_search,2026-06-12T11:09:34.581449+00:00,2026-06-12T11:09:34.938948+00:00,0.357499361038208,5000,,
370,result_writing,CSE-CIC-IDS2018,cse_cic_ids2018_friday_holdout_sample,5,random_forest,a1_constrained_score_search,2026-06-12T11:09:34.939118+00:00,2026-06-12T11:09:34.942379+00:00,0.003261566162109375,1,results/raw/tier_e_core4_hgb_mlp_timed_cse_cic_ids2018/CSE-CIC-IDS2018_cse_cic_ids2018_friday_holdout_sample_random_forest_a1_constrained_score_search_5.csv,
371,threat_evaluation,CSE-CIC-IDS2018,cse_cic_ids2018_friday_holdout_sample,5,random_forest,a4_split_shift,2026-06-12T11:09:34.942428+00:00,2026-06-12T11:09:34.988273+00:00,0.04584455490112305,5000,,
372,result_writing,CSE-CIC-IDS2018,cse_cic_ids2018_friday_holdout_sample,5,random_forest,a4_split_shift,2026-06-12T11:09:34.988428+00:00,2026-06-12T11:09:34.991623+00:00,0.0031948089599609375,1,results/raw/tier_e_core4_hgb_mlp_timed_cse_cic_ids2018/CSE-CIC-IDS2018_cse_cic_ids2018_friday_holdout_sample_random_forest_a4_split_shift_5.csv,
373,dataset_load,CSE-CIC-IDS2018,cse_cic_ids2018_friday_holdout_sample,6,,,2026-06-12T11:09:34.991670+00:00,2026-06-12T11:10:18.862352+00:00,43.87068176269531,20000,,
374,preprocess_manifest,CSE-CIC-IDS2018,cse_cic_ids2018_friday_holdout_sample,6,,,2026-06-12T11:10:18.862485+00:00,2026-06-12T11:10:21.077436+00:00,2.2149510383605957,20000,,
375,split_construction,CSE-CIC-IDS2018,cse_cic_ids2018_friday_holdout_sample,6,extra_trees,,2026-06-12T11:10:21.077612+00:00,2026-06-12T11:10:21.134943+00:00,0.05733060836791992,20000,,
376,preprocessing,CSE-CIC-IDS2018,cse_cic_ids2018_friday_holdout_sample,6,extra_trees,,2026-06-12T11:10:21.135070+00:00,2026-06-12T11:10:23.413538+00:00,2.278468370437622,20000,,
377,model_training,CSE-CIC-IDS2018,cse_cic_ids2018_friday_holdout_sample,6,extra_trees,,2026-06-12T11:10:23.413715+00:00,2026-06-12T11:10:24.534424+00:00,1.12070894241333,20000,,
378,clean_profile,CSE-CIC-IDS2018,cse_cic_ids2018_friday_holdout_sample,6,extra_trees,,2026-06-12T11:10:24.534502+00:00,2026-06-12T11:10:24.726139+00:00,0.19163727760314941,20000,,
379,threat_evaluation,CSE-CIC-IDS2018,cse_cic_ids2018_friday_holdout_sample,6,extra_trees,a0_clean,2026-06-12T11:10:24.738867+00:00,2026-06-12T11:10:24.804501+00:00,0.06563448905944824,5000,,
380,result_writing,CSE-CIC-IDS2018,cse_cic_ids2018_friday_holdout_sample,6,extra_trees,a0_clean,2026-06-12T11:10:24.804665+00:00,2026-06-12T11:10:24.808008+00:00,0.003343343734741211,1,results/raw/tier_e_core4_hgb_mlp_timed_cse_cic_ids2018/CSE-CIC-IDS2018_cse_cic_ids2018_friday_holdout_sample_extra_trees_a0_clean_6.csv,
381,threat_evaluation,CSE-CIC-IDS2018,cse_cic_ids2018_friday_holdout_sample,6,extra_trees,a1_constrained_feature,2026-06-12T11:10:24.808054+00:00,2026-06-12T11:10:24.932861+00:00,0.12480688095092773,5000,,
382,result_writing,CSE-CIC-IDS2018,cse_cic_ids2018_friday_holdout_sample,6,extra_trees,a1_constrained_feature,2026-06-12T11:10:24.933030+00:00,2026-06-12T11:10:24.936322+00:00,0.003291606903076172,1,results/raw/tier_e_core4_hgb_mlp_timed_cse_cic_ids2018/CSE-CIC-IDS2018_cse_cic_ids2018_friday_holdout_sample_extra_trees_a1_constrained_feature_6.csv,
383,threat_evaluation,CSE-CIC-IDS2018,cse_cic_ids2018_friday_holdout_sample,6,extra_trees,a1_constrained_score_search,2026-06-12T11:10:24.936364+00:00,2026-06-12T11:10:25.317203+00:00,0.38083887100219727,5000,,
384,result_writing,CSE-CIC-IDS2018,cse_cic_ids2018_friday_holdout_sample,6,extra_trees,a1_constrained_score_search,2026-06-12T11:10:25.317388+00:00,2026-06-12T11:10:25.320709+00:00,0.0033216476440429688,1,results/raw/tier_e_core4_hgb_mlp_timed_cse_cic_ids2018/CSE-CIC-IDS2018_cse_cic_ids2018_friday_holdout_sample_extra_trees_a1_constrained_score_search_6.csv,
385,threat_evaluation,CSE-CIC-IDS2018,cse_cic_ids2018_friday_holdout_sample,6,extra_trees,a4_split_shift,2026-06-12T11:10:25.320756+00:00,2026-06-12T11:10:25.387533+00:00,0.06677699089050293,5000,,
386,result_writing,CSE-CIC-IDS2018,cse_cic_ids2018_friday_holdout_sample,6,extra_trees,a4_split_shift,2026-06-12T11:10:25.387692+00:00,2026-06-12T11:10:25.390972+00:00,0.0032799243927001953,1,results/raw/tier_e_core4_hgb_mlp_timed_cse_cic_ids2018/CSE-CIC-IDS2018_cse_cic_ids2018_friday_holdout_sample_extra_trees_a4_split_shift_6.csv,
387,split_construction,CSE-CIC-IDS2018,cse_cic_ids2018_friday_holdout_sample,6,hist_gradient_boosting,,2026-06-12T11:10:25.391052+00:00,2026-06-12T11:10:25.448464+00:00,0.057412147521972656,20000,,
388,preprocessing,CSE-CIC-IDS2018,cse_cic_ids2018_friday_holdout_sample,6,hist_gradient_boosting,,2026-06-12T11:10:25.448589+00:00,2026-06-12T11:10:27.726229+00:00,2.2776408195495605,20000,,
389,model_training,CSE-CIC-IDS2018,cse_cic_ids2018_friday_holdout_sample,6,hist_gradient_boosting,,2026-06-12T11:10:27.726384+00:00,2026-06-12T11:10:28.453491+00:00,0.7271065711975098,20000,,
390,clean_profile,CSE-CIC-IDS2018,cse_cic_ids2018_friday_holdout_sample,6,hist_gradient_boosting,,2026-06-12T11:10:28.453570+00:00,2026-06-12T11:10:28.484759+00:00,0.0311887264251709,20000,,
391,threat_evaluation,CSE-CIC-IDS2018,cse_cic_ids2018_friday_holdout_sample,6,hist_gradient_boosting,a0_clean,2026-06-12T11:10:28.497817+00:00,2026-06-12T11:10:28.512136+00:00,0.014319658279418945,5000,,
392,result_writing,CSE-CIC-IDS2018,cse_cic_ids2018_friday_holdout_sample,6,hist_gradient_boosting,a0_clean,2026-06-12T11:10:28.512296+00:00,2026-06-12T11:10:28.515597+00:00,0.003300189971923828,1,results/raw/tier_e_core4_hgb_mlp_timed_cse_cic_ids2018/CSE-CIC-IDS2018_cse_cic_ids2018_friday_holdout_sample_hist_gradient_boosting_a0_clean_6.csv,
393,threat_evaluation,CSE-CIC-IDS2018,cse_cic_ids2018_friday_holdout_sample,6,hist_gradient_boosting,a1_constrained_feature,2026-06-12T11:10:28.515642+00:00,2026-06-12T11:10:28.589097+00:00,0.07345461845397949,5000,,
394,result_writing,CSE-CIC-IDS2018,cse_cic_ids2018_friday_holdout_sample,6,hist_gradient_boosting,a1_constrained_feature,2026-06-12T11:10:28.589259+00:00,2026-06-12T11:10:28.592369+00:00,0.003110647201538086,1,results/raw/tier_e_core4_hgb_mlp_timed_cse_cic_ids2018/CSE-CIC-IDS2018_cse_cic_ids2018_friday_holdout_sample_hist_gradient_boosting_a1_constrained_feature_6.csv,
395,threat_evaluation,CSE-CIC-IDS2018,cse_cic_ids2018_friday_holdout_sample,6,hist_gradient_boosting,a1_constrained_score_search,2026-06-12T11:10:28.592414+00:00,2026-06-12T11:10:28.893188+00:00,0.30077338218688965,5000,,
396,result_writing,CSE-CIC-IDS2018,cse_cic_ids2018_friday_holdout_sample,6,hist_gradient_boosting,a1_constrained_score_search,2026-06-12T11:10:28.893353+00:00,2026-06-12T11:10:28.896496+00:00,0.0031430721282958984,1,results/raw/tier_e_core4_hgb_mlp_timed_cse_cic_ids2018/CSE-CIC-IDS2018_cse_cic_ids2018_friday_holdout_sample_hist_gradient_boosting_a1_constrained_score_search_6.csv,
397,threat_evaluation,CSE-CIC-IDS2018,cse_cic_ids2018_friday_holdout_sample,6,hist_gradient_boosting,a4_split_shift,2026-06-12T11:10:28.896541+00:00,2026-06-12T11:10:28.914374+00:00,0.017833232879638672,5000,,
398,result_writing,CSE-CIC-IDS2018,cse_cic_ids2018_friday_holdout_sample,6,hist_gradient_boosting,a4_split_shift,2026-06-12T11:10:28.914513+00:00,2026-06-12T11:10:28.917506+00:00,0.002992868423461914,1,results/raw/tier_e_core4_hgb_mlp_timed_cse_cic_ids2018/CSE-CIC-IDS2018_cse_cic_ids2018_friday_holdout_sample_hist_gradient_boosting_a4_split_shift_6.csv,
399,split_construction,CSE-CIC-IDS2018,cse_cic_ids2018_friday_holdout_sample,6,logistic_regression,,2026-06-12T11:10:28.917584+00:00,2026-06-12T11:10:28.974936+00:00,0.05735158920288086,20000,,
400,preprocessing,CSE-CIC-IDS2018,cse_cic_ids2018_friday_holdout_sample,6,logistic_regression,,2026-06-12T11:10:28.975056+00:00,2026-06-12T11:10:31.262542+00:00,2.287485122680664,20000,,
401,model_training,CSE-CIC-IDS2018,cse_cic_ids2018_friday_holdout_sample,6,logistic_regression,,2026-06-12T11:10:31.262676+00:00,2026-06-12T11:10:44.256339+00:00,12.993663787841797,20000,,
402,clean_profile,CSE-CIC-IDS2018,cse_cic_ids2018_friday_holdout_sample,6,logistic_regression,,2026-06-12T11:10:44.256409+00:00,2026-06-12T11:10:44.275587+00:00,0.01917719841003418,20000,,
403,threat_evaluation,CSE-CIC-IDS2018,cse_cic_ids2018_friday_holdout_sample,6,logistic_regression,a0_clean,2026-06-12T11:10:44.288443+00:00,2026-06-12T11:10:44.298261+00:00,0.009818553924560547,5000,,
404,result_writing,CSE-CIC-IDS2018,cse_cic_ids2018_friday_holdout_sample,6,logistic_regression,a0_clean,2026-06-12T11:10:44.298418+00:00,2026-06-12T11:10:44.301608+00:00,0.0031900405883789062,1,results/raw/tier_e_core4_hgb_mlp_timed_cse_cic_ids2018/CSE-CIC-IDS2018_cse_cic_ids2018_friday_holdout_sample_logistic_regression_a0_clean_6.csv,
405,threat_evaluation,CSE-CIC-IDS2018,cse_cic_ids2018_friday_holdout_sample,6,logistic_regression,a1_constrained_feature,2026-06-12T11:10:44.301646+00:00,2026-06-12T11:10:44.366843+00:00,0.06519722938537598,5000,,
406,result_writing,CSE-CIC-IDS2018,cse_cic_ids2018_friday_holdout_sample,6,logistic_regression,a1_constrained_feature,2026-06-12T11:10:44.367013+00:00,2026-06-12T11:10:44.370256+00:00,0.0032427310943603516,1,results/raw/tier_e_core4_hgb_mlp_timed_cse_cic_ids2018/CSE-CIC-IDS2018_cse_cic_ids2018_friday_holdout_sample_logistic_regression_a1_constrained_feature_6.csv,
407,threat_evaluation,CSE-CIC-IDS2018,cse_cic_ids2018_friday_holdout_sample,6,logistic_regression,a1_constrained_score_search,2026-06-12T11:10:44.370301+00:00,2026-06-12T11:10:44.643497+00:00,0.273195743560791,5000,,
408,result_writing,CSE-CIC-IDS2018,cse_cic_ids2018_friday_holdout_sample,6,logistic_regression,a1_constrained_score_search,2026-06-12T11:10:44.643659+00:00,2026-06-12T11:10:44.646840+00:00,0.0031805038452148438,1,results/raw/tier_e_core4_hgb_mlp_timed_cse_cic_ids2018/CSE-CIC-IDS2018_cse_cic_ids2018_friday_holdout_sample_logistic_regression_a1_constrained_score_search_6.csv,
409,threat_evaluation,CSE-CIC-IDS2018,cse_cic_ids2018_friday_holdout_sample,6,logistic_regression,a4_split_shift,2026-06-12T11:10:44.646883+00:00,2026-06-12T11:10:44.655418+00:00,0.008534908294677734,5000,,
410,result_writing,CSE-CIC-IDS2018,cse_cic_ids2018_friday_holdout_sample,6,logistic_regression,a4_split_shift,2026-06-12T11:10:44.655547+00:00,2026-06-12T11:10:44.658308+00:00,0.002760648727416992,1,results/raw/tier_e_core4_hgb_mlp_timed_cse_cic_ids2018/CSE-CIC-IDS2018_cse_cic_ids2018_friday_holdout_sample_logistic_regression_a4_split_shift_6.csv,
411,split_construction,CSE-CIC-IDS2018,cse_cic_ids2018_friday_holdout_sample,6,mlp_sklearn,,2026-06-12T11:10:44.658386+00:00,2026-06-12T11:10:44.715420+00:00,0.05703401565551758,20000,,
412,preprocessing,CSE-CIC-IDS2018,cse_cic_ids2018_friday_holdout_sample,6,mlp_sklearn,,2026-06-12T11:10:44.715529+00:00,2026-06-12T11:10:46.995086+00:00,2.279557704925537,20000,,
413,model_training,CSE-CIC-IDS2018,cse_cic_ids2018_friday_holdout_sample,6,mlp_sklearn,,2026-06-12T11:10:46.995241+00:00,2026-06-12T11:10:47.516350+00:00,0.5211083889007568,20000,,
414,clean_profile,CSE-CIC-IDS2018,cse_cic_ids2018_friday_holdout_sample,6,mlp_sklearn,,2026-06-12T11:10:47.516421+00:00,2026-06-12T11:10:47.539063+00:00,0.022642135620117188,20000,,
415,threat_evaluation,CSE-CIC-IDS2018,cse_cic_ids2018_friday_holdout_sample,6,mlp_sklearn,a0_clean,2026-06-12T11:10:47.551879+00:00,2026-06-12T11:10:47.563668+00:00,0.011789083480834961,5000,,
416,result_writing,CSE-CIC-IDS2018,cse_cic_ids2018_friday_holdout_sample,6,mlp_sklearn,a0_clean,2026-06-12T11:10:47.563863+00:00,2026-06-12T11:10:47.567244+00:00,0.0033807754516601562,1,results/raw/tier_e_core4_hgb_mlp_timed_cse_cic_ids2018/CSE-CIC-IDS2018_cse_cic_ids2018_friday_holdout_sample_mlp_sklearn_a0_clean_6.csv,
417,threat_evaluation,CSE-CIC-IDS2018,cse_cic_ids2018_friday_holdout_sample,6,mlp_sklearn,a1_constrained_feature,2026-06-12T11:10:47.567293+00:00,2026-06-12T11:10:47.635940+00:00,0.06864690780639648,5000,,
418,result_writing,CSE-CIC-IDS2018,cse_cic_ids2018_friday_holdout_sample,6,mlp_sklearn,a1_constrained_feature,2026-06-12T11:10:47.636110+00:00,2026-06-12T11:10:47.639374+00:00,0.0032639503479003906,1,results/raw/tier_e_core4_hgb_mlp_timed_cse_cic_ids2018/CSE-CIC-IDS2018_cse_cic_ids2018_friday_holdout_sample_mlp_sklearn_a1_constrained_feature_6.csv,
419,threat_evaluation,CSE-CIC-IDS2018,cse_cic_ids2018_friday_holdout_sample,6,mlp_sklearn,a1_constrained_score_search,2026-06-12T11:10:47.639419+00:00,2026-06-12T11:10:47.918044+00:00,0.27862548828125,5000,,
420,result_writing,CSE-CIC-IDS2018,cse_cic_ids2018_friday_holdout_sample,6,mlp_sklearn,a1_constrained_score_search,2026-06-12T11:10:47.918211+00:00,2026-06-12T11:10:47.921510+00:00,0.0032987594604492188,1,results/raw/tier_e_core4_hgb_mlp_timed_cse_cic_ids2018/CSE-CIC-IDS2018_cse_cic_ids2018_friday_holdout_sample_mlp_sklearn_a1_constrained_score_search_6.csv,
421,threat_evaluation,CSE-CIC-IDS2018,cse_cic_ids2018_friday_holdout_sample,6,mlp_sklearn,a4_split_shift,2026-06-12T11:10:47.921557+00:00,2026-06-12T11:10:47.933130+00:00,0.011572837829589844,5000,,
422,result_writing,CSE-CIC-IDS2018,cse_cic_ids2018_friday_holdout_sample,6,mlp_sklearn,a4_split_shift,2026-06-12T11:10:47.933288+00:00,2026-06-12T11:10:47.936522+00:00,0.003234386444091797,1,results/raw/tier_e_core4_hgb_mlp_timed_cse_cic_ids2018/CSE-CIC-IDS2018_cse_cic_ids2018_friday_holdout_sample_mlp_sklearn_a4_split_shift_6.csv,
423,split_construction,CSE-CIC-IDS2018,cse_cic_ids2018_friday_holdout_sample,6,random_forest,,2026-06-12T11:10:47.936604+00:00,2026-06-12T11:10:47.993870+00:00,0.057265520095825195,20000,,
424,preprocessing,CSE-CIC-IDS2018,cse_cic_ids2018_friday_holdout_sample,6,random_forest,,2026-06-12T11:10:47.993989+00:00,2026-06-12T11:10:50.354974+00:00,2.360985040664673,20000,,
425,model_training,CSE-CIC-IDS2018,cse_cic_ids2018_friday_holdout_sample,6,random_forest,,2026-06-12T11:10:50.355154+00:00,2026-06-12T11:10:52.304554+00:00,1.9493999481201172,20000,,
426,clean_profile,CSE-CIC-IDS2018,cse_cic_ids2018_friday_holdout_sample,6,random_forest,,2026-06-12T11:10:52.304630+00:00,2026-06-12T11:10:52.438593+00:00,0.13396382331848145,20000,,
427,threat_evaluation,CSE-CIC-IDS2018,cse_cic_ids2018_friday_holdout_sample,6,random_forest,a0_clean,2026-06-12T11:10:52.451177+00:00,2026-06-12T11:10:52.499664+00:00,0.04848647117614746,5000,,
428,result_writing,CSE-CIC-IDS2018,cse_cic_ids2018_friday_holdout_sample,6,random_forest,a0_clean,2026-06-12T11:10:52.499858+00:00,2026-06-12T11:10:52.503189+00:00,0.003331422805786133,1,results/raw/tier_e_core4_hgb_mlp_timed_cse_cic_ids2018/CSE-CIC-IDS2018_cse_cic_ids2018_friday_holdout_sample_random_forest_a0_clean_6.csv,
429,threat_evaluation,CSE-CIC-IDS2018,cse_cic_ids2018_friday_holdout_sample,6,random_forest,a1_constrained_feature,2026-06-12T11:10:52.503233+00:00,2026-06-12T11:10:52.608324+00:00,0.10509085655212402,5000,,
430,result_writing,CSE-CIC-IDS2018,cse_cic_ids2018_friday_holdout_sample,6,random_forest,a1_constrained_feature,2026-06-12T11:10:52.608499+00:00,2026-06-12T11:10:52.611743+00:00,0.003243684768676758,1,results/raw/tier_e_core4_hgb_mlp_timed_cse_cic_ids2018/CSE-CIC-IDS2018_cse_cic_ids2018_friday_holdout_sample_random_forest_a1_constrained_feature_6.csv,
431,threat_evaluation,CSE-CIC-IDS2018,cse_cic_ids2018_friday_holdout_sample,6,random_forest,a1_constrained_score_search,2026-06-12T11:10:52.611786+00:00,2026-06-12T11:10:52.972611+00:00,0.3608250617980957,5000,,
432,result_writing,CSE-CIC-IDS2018,cse_cic_ids2018_friday_holdout_sample,6,random_forest,a1_constrained_score_search,2026-06-12T11:10:52.972780+00:00,2026-06-12T11:10:52.975997+00:00,0.0032172203063964844,1,results/raw/tier_e_core4_hgb_mlp_timed_cse_cic_ids2018/CSE-CIC-IDS2018_cse_cic_ids2018_friday_holdout_sample_random_forest_a1_constrained_score_search_6.csv,
433,threat_evaluation,CSE-CIC-IDS2018,cse_cic_ids2018_friday_holdout_sample,6,random_forest,a4_split_shift,2026-06-12T11:10:52.976045+00:00,2026-06-12T11:10:53.024163+00:00,0.04811811447143555,5000,,
434,result_writing,CSE-CIC-IDS2018,cse_cic_ids2018_friday_holdout_sample,6,random_forest,a4_split_shift,2026-06-12T11:10:53.024313+00:00,2026-06-12T11:10:53.027511+00:00,0.003197193145751953,1,results/raw/tier_e_core4_hgb_mlp_timed_cse_cic_ids2018/CSE-CIC-IDS2018_cse_cic_ids2018_friday_holdout_sample_random_forest_a4_split_shift_6.csv,
435,dataset_load,CSE-CIC-IDS2018,cse_cic_ids2018_friday_holdout_sample,7,,,2026-06-12T11:10:53.027558+00:00,2026-06-12T11:11:36.874154+00:00,43.84659671783447,19999,,
436,preprocess_manifest,CSE-CIC-IDS2018,cse_cic_ids2018_friday_holdout_sample,7,,,2026-06-12T11:11:36.874305+00:00,2026-06-12T11:11:39.090574+00:00,2.21626877784729,19999,,
437,split_construction,CSE-CIC-IDS2018,cse_cic_ids2018_friday_holdout_sample,7,extra_trees,,2026-06-12T11:11:39.090745+00:00,2026-06-12T11:11:39.148160+00:00,0.05741453170776367,19999,,
438,preprocessing,CSE-CIC-IDS2018,cse_cic_ids2018_friday_holdout_sample,7,extra_trees,,2026-06-12T11:11:39.148280+00:00,2026-06-12T11:11:41.425604+00:00,2.2773232460021973,19999,,
439,model_training,CSE-CIC-IDS2018,cse_cic_ids2018_friday_holdout_sample,7,extra_trees,,2026-06-12T11:11:41.425783+00:00,2026-06-12T11:11:42.557871+00:00,1.1320879459381104,19999,,
440,clean_profile,CSE-CIC-IDS2018,cse_cic_ids2018_friday_holdout_sample,7,extra_trees,,2026-06-12T11:11:42.557955+00:00,2026-06-12T11:11:42.743947+00:00,0.18599224090576172,19999,,
441,threat_evaluation,CSE-CIC-IDS2018,cse_cic_ids2018_friday_holdout_sample,7,extra_trees,a0_clean,2026-06-12T11:11:42.756598+00:00,2026-06-12T11:11:42.820974+00:00,0.0643765926361084,5000,,
442,result_writing,CSE-CIC-IDS2018,cse_cic_ids2018_friday_holdout_sample,7,extra_trees,a0_clean,2026-06-12T11:11:42.821133+00:00,2026-06-12T11:11:42.824349+00:00,0.0032160282135009766,1,results/raw/tier_e_core4_hgb_mlp_timed_cse_cic_ids2018/CSE-CIC-IDS2018_cse_cic_ids2018_friday_holdout_sample_extra_trees_a0_clean_7.csv,
443,threat_evaluation,CSE-CIC-IDS2018,cse_cic_ids2018_friday_holdout_sample,7,extra_trees,a1_constrained_feature,2026-06-12T11:11:42.824394+00:00,2026-06-12T11:11:42.947478+00:00,0.12308430671691895,5000,,
444,result_writing,CSE-CIC-IDS2018,cse_cic_ids2018_friday_holdout_sample,7,extra_trees,a1_constrained_feature,2026-06-12T11:11:42.947643+00:00,2026-06-12T11:11:42.950943+00:00,0.003300189971923828,1,results/raw/tier_e_core4_hgb_mlp_timed_cse_cic_ids2018/CSE-CIC-IDS2018_cse_cic_ids2018_friday_holdout_sample_extra_trees_a1_constrained_feature_7.csv,
445,threat_evaluation,CSE-CIC-IDS2018,cse_cic_ids2018_friday_holdout_sample,7,extra_trees,a1_constrained_score_search,2026-06-12T11:11:42.950987+00:00,2026-06-12T11:11:43.329613+00:00,0.37862610816955566,5000,,
446,result_writing,CSE-CIC-IDS2018,cse_cic_ids2018_friday_holdout_sample,7,extra_trees,a1_constrained_score_search,2026-06-12T11:11:43.329776+00:00,2026-06-12T11:11:43.333087+00:00,0.0033109188079833984,1,results/raw/tier_e_core4_hgb_mlp_timed_cse_cic_ids2018/CSE-CIC-IDS2018_cse_cic_ids2018_friday_holdout_sample_extra_trees_a1_constrained_score_search_7.csv,
447,threat_evaluation,CSE-CIC-IDS2018,cse_cic_ids2018_friday_holdout_sample,7,extra_trees,a4_split_shift,2026-06-12T11:11:43.333136+00:00,2026-06-12T11:11:43.397062+00:00,0.06392645835876465,5000,,
448,result_writing,CSE-CIC-IDS2018,cse_cic_ids2018_friday_holdout_sample,7,extra_trees,a4_split_shift,2026-06-12T11:11:43.397215+00:00,2026-06-12T11:11:43.400475+00:00,0.003259420394897461,1,results/raw/tier_e_core4_hgb_mlp_timed_cse_cic_ids2018/CSE-CIC-IDS2018_cse_cic_ids2018_friday_holdout_sample_extra_trees_a4_split_shift_7.csv,
449,split_construction,CSE-CIC-IDS2018,cse_cic_ids2018_friday_holdout_sample,7,hist_gradient_boosting,,2026-06-12T11:11:43.400559+00:00,2026-06-12T11:11:43.458170+00:00,0.05761098861694336,19999,,
450,preprocessing,CSE-CIC-IDS2018,cse_cic_ids2018_friday_holdout_sample,7,hist_gradient_boosting,,2026-06-12T11:11:43.458290+00:00,2026-06-12T11:11:45.740075+00:00,2.281785488128662,19999,,
451,model_training,CSE-CIC-IDS2018,cse_cic_ids2018_friday_holdout_sample,7,hist_gradient_boosting,,2026-06-12T11:11:45.740235+00:00,2026-06-12T11:11:46.374651+00:00,0.6344153881072998,19999,,
452,clean_profile,CSE-CIC-IDS2018,cse_cic_ids2018_friday_holdout_sample,7,hist_gradient_boosting,,2026-06-12T11:11:46.374732+00:00,2026-06-12T11:11:46.407499+00:00,0.03276634216308594,19999,,
453,threat_evaluation,CSE-CIC-IDS2018,cse_cic_ids2018_friday_holdout_sample,7,hist_gradient_boosting,a0_clean,2026-06-12T11:11:46.420377+00:00,2026-06-12T11:11:46.433429+00:00,0.013051986694335938,5000,,
454,result_writing,CSE-CIC-IDS2018,cse_cic_ids2018_friday_holdout_sample,7,hist_gradient_boosting,a0_clean,2026-06-12T11:11:46.433589+00:00,2026-06-12T11:11:46.436975+00:00,0.003385305404663086,1,results/raw/tier_e_core4_hgb_mlp_timed_cse_cic_ids2018/CSE-CIC-IDS2018_cse_cic_ids2018_friday_holdout_sample_hist_gradient_boosting_a0_clean_7.csv,
455,threat_evaluation,CSE-CIC-IDS2018,cse_cic_ids2018_friday_holdout_sample,7,hist_gradient_boosting,a1_constrained_feature,2026-06-12T11:11:46.437022+00:00,2026-06-12T11:11:46.507359+00:00,0.07033729553222656,5000,,
456,result_writing,CSE-CIC-IDS2018,cse_cic_ids2018_friday_holdout_sample,7,hist_gradient_boosting,a1_constrained_feature,2026-06-12T11:11:46.507523+00:00,2026-06-12T11:11:46.510696+00:00,0.0031731128692626953,1,results/raw/tier_e_core4_hgb_mlp_timed_cse_cic_ids2018/CSE-CIC-IDS2018_cse_cic_ids2018_friday_holdout_sample_hist_gradient_boosting_a1_constrained_feature_7.csv,
457,threat_evaluation,CSE-CIC-IDS2018,cse_cic_ids2018_friday_holdout_sample,7,hist_gradient_boosting,a1_constrained_score_search,2026-06-12T11:11:46.510741+00:00,2026-06-12T11:11:46.814138+00:00,0.30339789390563965,5000,,
458,result_writing,CSE-CIC-IDS2018,cse_cic_ids2018_friday_holdout_sample,7,hist_gradient_boosting,a1_constrained_score_search,2026-06-12T11:11:46.814312+00:00,2026-06-12T11:11:46.817529+00:00,0.003217935562133789,1,results/raw/tier_e_core4_hgb_mlp_timed_cse_cic_ids2018/CSE-CIC-IDS2018_cse_cic_ids2018_friday_holdout_sample_hist_gradient_boosting_a1_constrained_score_search_7.csv,
459,threat_evaluation,CSE-CIC-IDS2018,cse_cic_ids2018_friday_holdout_sample,7,hist_gradient_boosting,a4_split_shift,2026-06-12T11:11:46.817575+00:00,2026-06-12T11:11:46.834219+00:00,0.016643285751342773,5000,,
460,result_writing,CSE-CIC-IDS2018,cse_cic_ids2018_friday_holdout_sample,7,hist_gradient_boosting,a4_split_shift,2026-06-12T11:11:46.834358+00:00,2026-06-12T11:11:46.837371+00:00,0.003013134002685547,1,results/raw/tier_e_core4_hgb_mlp_timed_cse_cic_ids2018/CSE-CIC-IDS2018_cse_cic_ids2018_friday_holdout_sample_hist_gradient_boosting_a4_split_shift_7.csv,
461,split_construction,CSE-CIC-IDS2018,cse_cic_ids2018_friday_holdout_sample,7,logistic_regression,,2026-06-12T11:11:46.837452+00:00,2026-06-12T11:11:46.894871+00:00,0.057418107986450195,19999,,
462,preprocessing,CSE-CIC-IDS2018,cse_cic_ids2018_friday_holdout_sample,7,logistic_regression,,2026-06-12T11:11:46.894991+00:00,2026-06-12T11:11:49.176527+00:00,2.2815356254577637,19999,,
463,model_training,CSE-CIC-IDS2018,cse_cic_ids2018_friday_holdout_sample,7,logistic_regression,,2026-06-12T11:11:49.176658+00:00,2026-06-12T11:12:01.246133+00:00,12.069474697113037,19999,,
464,clean_profile,CSE-CIC-IDS2018,cse_cic_ids2018_friday_holdout_sample,7,logistic_regression,,2026-06-12T11:12:01.246195+00:00,2026-06-12T11:12:01.278499+00:00,0.032303810119628906,19999,,
465,threat_evaluation,CSE-CIC-IDS2018,cse_cic_ids2018_friday_holdout_sample,7,logistic_regression,a0_clean,2026-06-12T11:12:01.291298+00:00,2026-06-12T11:12:01.304220+00:00,0.012921810150146484,5000,,
466,result_writing,CSE-CIC-IDS2018,cse_cic_ids2018_friday_holdout_sample,7,logistic_regression,a0_clean,2026-06-12T11:12:01.304377+00:00,2026-06-12T11:12:01.307588+00:00,0.0032117366790771484,1,results/raw/tier_e_core4_hgb_mlp_timed_cse_cic_ids2018/CSE-CIC-IDS2018_cse_cic_ids2018_friday_holdout_sample_logistic_regression_a0_clean_7.csv,
467,threat_evaluation,CSE-CIC-IDS2018,cse_cic_ids2018_friday_holdout_sample,7,logistic_regression,a1_constrained_feature,2026-06-12T11:12:01.307630+00:00,2026-06-12T11:12:01.373614+00:00,0.06598329544067383,5000,,
468,result_writing,CSE-CIC-IDS2018,cse_cic_ids2018_friday_holdout_sample,7,logistic_regression,a1_constrained_feature,2026-06-12T11:12:01.373781+00:00,2026-06-12T11:12:01.376975+00:00,0.0031936168670654297,1,results/raw/tier_e_core4_hgb_mlp_timed_cse_cic_ids2018/CSE-CIC-IDS2018_cse_cic_ids2018_friday_holdout_sample_logistic_regression_a1_constrained_feature_7.csv,
469,threat_evaluation,CSE-CIC-IDS2018,cse_cic_ids2018_friday_holdout_sample,7,logistic_regression,a1_constrained_score_search,2026-06-12T11:12:01.377016+00:00,2026-06-12T11:12:01.651809+00:00,0.2747929096221924,5000,,
470,result_writing,CSE-CIC-IDS2018,cse_cic_ids2018_friday_holdout_sample,7,logistic_regression,a1_constrained_score_search,2026-06-12T11:12:01.651980+00:00,2026-06-12T11:12:01.655184+00:00,0.003203868865966797,1,results/raw/tier_e_core4_hgb_mlp_timed_cse_cic_ids2018/CSE-CIC-IDS2018_cse_cic_ids2018_friday_holdout_sample_logistic_regression_a1_constrained_score_search_7.csv,
471,threat_evaluation,CSE-CIC-IDS2018,cse_cic_ids2018_friday_holdout_sample,7,logistic_regression,a4_split_shift,2026-06-12T11:12:01.655233+00:00,2026-06-12T11:12:01.664085+00:00,0.00885152816772461,5000,,
472,result_writing,CSE-CIC-IDS2018,cse_cic_ids2018_friday_holdout_sample,7,logistic_regression,a4_split_shift,2026-06-12T11:12:01.664216+00:00,2026-06-12T11:12:01.667071+00:00,0.002855062484741211,1,results/raw/tier_e_core4_hgb_mlp_timed_cse_cic_ids2018/CSE-CIC-IDS2018_cse_cic_ids2018_friday_holdout_sample_logistic_regression_a4_split_shift_7.csv,
473,split_construction,CSE-CIC-IDS2018,cse_cic_ids2018_friday_holdout_sample,7,mlp_sklearn,,2026-06-12T11:12:01.667147+00:00,2026-06-12T11:12:01.724437+00:00,0.05728912353515625,19999,,
474,preprocessing,CSE-CIC-IDS2018,cse_cic_ids2018_friday_holdout_sample,7,mlp_sklearn,,2026-06-12T11:12:01.724551+00:00,2026-06-12T11:12:04.002646+00:00,2.2780957221984863,19999,,
475,model_training,CSE-CIC-IDS2018,cse_cic_ids2018_friday_holdout_sample,7,mlp_sklearn,,2026-06-12T11:12:04.002800+00:00,2026-06-12T11:12:05.116651+00:00,1.1138503551483154,19999,,
476,clean_profile,CSE-CIC-IDS2018,cse_cic_ids2018_friday_holdout_sample,7,mlp_sklearn,,2026-06-12T11:12:05.116725+00:00,2026-06-12T11:12:05.139539+00:00,0.022814273834228516,19999,,
477,threat_evaluation,CSE-CIC-IDS2018,cse_cic_ids2018_friday_holdout_sample,7,mlp_sklearn,a0_clean,2026-06-12T11:12:05.152364+00:00,2026-06-12T11:12:05.164147+00:00,0.011783123016357422,5000,,
478,result_writing,CSE-CIC-IDS2018,cse_cic_ids2018_friday_holdout_sample,7,mlp_sklearn,a0_clean,2026-06-12T11:12:05.164311+00:00,2026-06-12T11:12:05.167866+00:00,0.0035555362701416016,1,results/raw/tier_e_core4_hgb_mlp_timed_cse_cic_ids2018/CSE-CIC-IDS2018_cse_cic_ids2018_friday_holdout_sample_mlp_sklearn_a0_clean_7.csv,
479,threat_evaluation,CSE-CIC-IDS2018,cse_cic_ids2018_friday_holdout_sample,7,mlp_sklearn,a1_constrained_feature,2026-06-12T11:12:05.167920+00:00,2026-06-12T11:12:05.237119+00:00,0.0691983699798584,5000,,
480,result_writing,CSE-CIC-IDS2018,cse_cic_ids2018_friday_holdout_sample,7,mlp_sklearn,a1_constrained_feature,2026-06-12T11:12:05.237291+00:00,2026-06-12T11:12:05.240624+00:00,0.0033333301544189453,1,results/raw/tier_e_core4_hgb_mlp_timed_cse_cic_ids2018/CSE-CIC-IDS2018_cse_cic_ids2018_friday_holdout_sample_mlp_sklearn_a1_constrained_feature_7.csv,
481,threat_evaluation,CSE-CIC-IDS2018,cse_cic_ids2018_friday_holdout_sample,7,mlp_sklearn,a1_constrained_score_search,2026-06-12T11:12:05.240674+00:00,2026-06-12T11:12:05.522906+00:00,0.28223228454589844,5000,,
482,result_writing,CSE-CIC-IDS2018,cse_cic_ids2018_friday_holdout_sample,7,mlp_sklearn,a1_constrained_score_search,2026-06-12T11:12:05.523080+00:00,2026-06-12T11:12:05.526396+00:00,0.0033156871795654297,1,results/raw/tier_e_core4_hgb_mlp_timed_cse_cic_ids2018/CSE-CIC-IDS2018_cse_cic_ids2018_friday_holdout_sample_mlp_sklearn_a1_constrained_score_search_7.csv,
483,threat_evaluation,CSE-CIC-IDS2018,cse_cic_ids2018_friday_holdout_sample,7,mlp_sklearn,a4_split_shift,2026-06-12T11:12:05.526440+00:00,2026-06-12T11:12:05.537580+00:00,0.011140108108520508,5000,,
484,result_writing,CSE-CIC-IDS2018,cse_cic_ids2018_friday_holdout_sample,7,mlp_sklearn,a4_split_shift,2026-06-12T11:12:05.537729+00:00,2026-06-12T11:12:05.540964+00:00,0.0032346248626708984,1,results/raw/tier_e_core4_hgb_mlp_timed_cse_cic_ids2018/CSE-CIC-IDS2018_cse_cic_ids2018_friday_holdout_sample_mlp_sklearn_a4_split_shift_7.csv,
485,split_construction,CSE-CIC-IDS2018,cse_cic_ids2018_friday_holdout_sample,7,random_forest,,2026-06-12T11:12:05.541045+00:00,2026-06-12T11:12:05.598649+00:00,0.05760383605957031,19999,,
486,preprocessing,CSE-CIC-IDS2018,cse_cic_ids2018_friday_holdout_sample,7,random_forest,,2026-06-12T11:12:05.598768+00:00,2026-06-12T11:12:07.876570+00:00,2.2778022289276123,19999,,
487,model_training,CSE-CIC-IDS2018,cse_cic_ids2018_friday_holdout_sample,7,random_forest,,2026-06-12T11:12:07.876741+00:00,2026-06-12T11:12:09.775425+00:00,1.898684024810791,19999,,
488,clean_profile,CSE-CIC-IDS2018,cse_cic_ids2018_friday_holdout_sample,7,random_forest,,2026-06-12T11:12:09.775506+00:00,2026-06-12T11:12:09.914490+00:00,0.13898444175720215,19999,,
489,threat_evaluation,CSE-CIC-IDS2018,cse_cic_ids2018_friday_holdout_sample,7,random_forest,a0_clean,2026-06-12T11:12:09.927013+00:00,2026-06-12T11:12:09.975478+00:00,0.04846477508544922,5000,,
490,result_writing,CSE-CIC-IDS2018,cse_cic_ids2018_friday_holdout_sample,7,random_forest,a0_clean,2026-06-12T11:12:09.975641+00:00,2026-06-12T11:12:09.978982+00:00,0.0033416748046875,1,results/raw/tier_e_core4_hgb_mlp_timed_cse_cic_ids2018/CSE-CIC-IDS2018_cse_cic_ids2018_friday_holdout_sample_random_forest_a0_clean_7.csv,
491,threat_evaluation,CSE-CIC-IDS2018,cse_cic_ids2018_friday_holdout_sample,7,random_forest,a1_constrained_feature,2026-06-12T11:12:09.979025+00:00,2026-06-12T11:12:10.084899+00:00,0.10587453842163086,5000,,
492,result_writing,CSE-CIC-IDS2018,cse_cic_ids2018_friday_holdout_sample,7,random_forest,a1_constrained_feature,2026-06-12T11:12:10.085068+00:00,2026-06-12T11:12:10.088375+00:00,0.003306865692138672,1,results/raw/tier_e_core4_hgb_mlp_timed_cse_cic_ids2018/CSE-CIC-IDS2018_cse_cic_ids2018_friday_holdout_sample_random_forest_a1_constrained_feature_7.csv,
493,threat_evaluation,CSE-CIC-IDS2018,cse_cic_ids2018_friday_holdout_sample,7,random_forest,a1_constrained_score_search,2026-06-12T11:12:10.088417+00:00,2026-06-12T11:12:10.450597+00:00,0.3621799945831299,5000,,
494,result_writing,CSE-CIC-IDS2018,cse_cic_ids2018_friday_holdout_sample,7,random_forest,a1_constrained_score_search,2026-06-12T11:12:10.450767+00:00,2026-06-12T11:12:10.454103+00:00,0.0033364295959472656,1,results/raw/tier_e_core4_hgb_mlp_timed_cse_cic_ids2018/CSE-CIC-IDS2018_cse_cic_ids2018_friday_holdout_sample_random_forest_a1_constrained_score_search_7.csv,
495,threat_evaluation,CSE-CIC-IDS2018,cse_cic_ids2018_friday_holdout_sample,7,random_forest,a4_split_shift,2026-06-12T11:12:10.454149+00:00,2026-06-12T11:12:10.502156+00:00,0.048007965087890625,5000,,
496,result_writing,CSE-CIC-IDS2018,cse_cic_ids2018_friday_holdout_sample,7,random_forest,a4_split_shift,2026-06-12T11:12:10.502310+00:00,2026-06-12T11:12:10.505621+00:00,0.003311634063720703,1,results/raw/tier_e_core4_hgb_mlp_timed_cse_cic_ids2018/CSE-CIC-IDS2018_cse_cic_ids2018_friday_holdout_sample_random_forest_a4_split_shift_7.csv,
497,dataset_load,CSE-CIC-IDS2018,cse_cic_ids2018_friday_holdout_sample,8,,,2026-06-12T11:12:10.505669+00:00,2026-06-12T11:12:54.535250+00:00,44.02958154678345,19997,,
498,preprocess_manifest,CSE-CIC-IDS2018,cse_cic_ids2018_friday_holdout_sample,8,,,2026-06-12T11:12:54.535404+00:00,2026-06-12T11:12:56.752790+00:00,2.217386484146118,19997,,
499,split_construction,CSE-CIC-IDS2018,cse_cic_ids2018_friday_holdout_sample,8,extra_trees,,2026-06-12T11:12:56.752976+00:00,2026-06-12T11:12:56.810287+00:00,0.057311058044433594,19997,,
500,preprocessing,CSE-CIC-IDS2018,cse_cic_ids2018_friday_holdout_sample,8,extra_trees,,2026-06-12T11:12:56.810416+00:00,2026-06-12T11:12:59.088159+00:00,2.277742862701416,19997,,
501,model_training,CSE-CIC-IDS2018,cse_cic_ids2018_friday_holdout_sample,8,extra_trees,,2026-06-12T11:12:59.088339+00:00,2026-06-12T11:13:00.234040+00:00,1.1457009315490723,19997,,
502,clean_profile,CSE-CIC-IDS2018,cse_cic_ids2018_friday_holdout_sample,8,extra_trees,,2026-06-12T11:13:00.234127+00:00,2026-06-12T11:13:00.429040+00:00,0.19491267204284668,19997,,
503,threat_evaluation,CSE-CIC-IDS2018,cse_cic_ids2018_friday_holdout_sample,8,extra_trees,a0_clean,2026-06-12T11:13:00.441691+00:00,2026-06-12T11:13:00.508362+00:00,0.06667017936706543,5000,,
504,result_writing,CSE-CIC-IDS2018,cse_cic_ids2018_friday_holdout_sample,8,extra_trees,a0_clean,2026-06-12T11:13:00.508527+00:00,2026-06-12T11:13:00.511851+00:00,0.0033240318298339844,1,results/raw/tier_e_core4_hgb_mlp_timed_cse_cic_ids2018/CSE-CIC-IDS2018_cse_cic_ids2018_friday_holdout_sample_extra_trees_a0_clean_8.csv,
505,threat_evaluation,CSE-CIC-IDS2018,cse_cic_ids2018_friday_holdout_sample,8,extra_trees,a1_constrained_feature,2026-06-12T11:13:00.511893+00:00,2026-06-12T11:13:00.636398+00:00,0.12450504302978516,5000,,
506,result_writing,CSE-CIC-IDS2018,cse_cic_ids2018_friday_holdout_sample,8,extra_trees,a1_constrained_feature,2026-06-12T11:13:00.636570+00:00,2026-06-12T11:13:00.639974+00:00,0.003403902053833008,1,results/raw/tier_e_core4_hgb_mlp_timed_cse_cic_ids2018/CSE-CIC-IDS2018_cse_cic_ids2018_friday_holdout_sample_extra_trees_a1_constrained_feature_8.csv,
507,threat_evaluation,CSE-CIC-IDS2018,cse_cic_ids2018_friday_holdout_sample,8,extra_trees,a1_constrained_score_search,2026-06-12T11:13:00.640016+00:00,2026-06-12T11:13:01.022575+00:00,0.38255858421325684,5000,,
508,result_writing,CSE-CIC-IDS2018,cse_cic_ids2018_friday_holdout_sample,8,extra_trees,a1_constrained_score_search,2026-06-12T11:13:01.022746+00:00,2026-06-12T11:13:01.026130+00:00,0.0033833980560302734,1,results/raw/tier_e_core4_hgb_mlp_timed_cse_cic_ids2018/CSE-CIC-IDS2018_cse_cic_ids2018_friday_holdout_sample_extra_trees_a1_constrained_score_search_8.csv,
509,threat_evaluation,CSE-CIC-IDS2018,cse_cic_ids2018_friday_holdout_sample,8,extra_trees,a4_split_shift,2026-06-12T11:13:01.026180+00:00,2026-06-12T11:13:01.094645+00:00,0.06846499443054199,5000,,
510,result_writing,CSE-CIC-IDS2018,cse_cic_ids2018_friday_holdout_sample,8,extra_trees,a4_split_shift,2026-06-12T11:13:01.094803+00:00,2026-06-12T11:13:01.098090+00:00,0.0032873153686523438,1,results/raw/tier_e_core4_hgb_mlp_timed_cse_cic_ids2018/CSE-CIC-IDS2018_cse_cic_ids2018_friday_holdout_sample_extra_trees_a4_split_shift_8.csv,
511,split_construction,CSE-CIC-IDS2018,cse_cic_ids2018_friday_holdout_sample,8,hist_gradient_boosting,,2026-06-12T11:13:01.098172+00:00,2026-06-12T11:13:01.155670+00:00,0.05749773979187012,19997,,
512,preprocessing,CSE-CIC-IDS2018,cse_cic_ids2018_friday_holdout_sample,8,hist_gradient_boosting,,2026-06-12T11:13:01.155835+00:00,2026-06-12T11:13:03.436652+00:00,2.2808170318603516,19997,,
513,model_training,CSE-CIC-IDS2018,cse_cic_ids2018_friday_holdout_sample,8,hist_gradient_boosting,,2026-06-12T11:13:03.436812+00:00,2026-06-12T11:13:04.123435+00:00,0.6866228580474854,19997,,
514,clean_profile,CSE-CIC-IDS2018,cse_cic_ids2018_friday_holdout_sample,8,hist_gradient_boosting,,2026-06-12T11:13:04.123514+00:00,2026-06-12T11:13:04.215577+00:00,0.09206247329711914,19997,,
515,threat_evaluation,CSE-CIC-IDS2018,cse_cic_ids2018_friday_holdout_sample,8,hist_gradient_boosting,a0_clean,2026-06-12T11:13:04.228649+00:00,2026-06-12T11:13:04.250865+00:00,0.022215843200683594,5000,,
516,result_writing,CSE-CIC-IDS2018,cse_cic_ids2018_friday_holdout_sample,8,hist_gradient_boosting,a0_clean,2026-06-12T11:13:04.251026+00:00,2026-06-12T11:13:04.254412+00:00,0.0033860206604003906,1,results/raw/tier_e_core4_hgb_mlp_timed_cse_cic_ids2018/CSE-CIC-IDS2018_cse_cic_ids2018_friday_holdout_sample_hist_gradient_boosting_a0_clean_8.csv,
517,threat_evaluation,CSE-CIC-IDS2018,cse_cic_ids2018_friday_holdout_sample,8,hist_gradient_boosting,a1_constrained_feature,2026-06-12T11:13:04.254460+00:00,2026-06-12T11:13:04.325854+00:00,0.07139420509338379,5000,,
518,result_writing,CSE-CIC-IDS2018,cse_cic_ids2018_friday_holdout_sample,8,hist_gradient_boosting,a1_constrained_feature,2026-06-12T11:13:04.326020+00:00,2026-06-12T11:13:04.329201+00:00,0.00318145751953125,1,results/raw/tier_e_core4_hgb_mlp_timed_cse_cic_ids2018/CSE-CIC-IDS2018_cse_cic_ids2018_friday_holdout_sample_hist_gradient_boosting_a1_constrained_feature_8.csv,
519,threat_evaluation,CSE-CIC-IDS2018,cse_cic_ids2018_friday_holdout_sample,8,hist_gradient_boosting,a1_constrained_score_search,2026-06-12T11:13:04.329244+00:00,2026-06-12T11:13:04.633598+00:00,0.3043537139892578,5000,,
520,result_writing,CSE-CIC-IDS2018,cse_cic_ids2018_friday_holdout_sample,8,hist_gradient_boosting,a1_constrained_score_search,2026-06-12T11:13:04.633770+00:00,2026-06-12T11:13:04.636999+00:00,0.003229379653930664,1,results/raw/tier_e_core4_hgb_mlp_timed_cse_cic_ids2018/CSE-CIC-IDS2018_cse_cic_ids2018_friday_holdout_sample_hist_gradient_boosting_a1_constrained_score_search_8.csv,
521,threat_evaluation,CSE-CIC-IDS2018,cse_cic_ids2018_friday_holdout_sample,8,hist_gradient_boosting,a4_split_shift,2026-06-12T11:13:04.637044+00:00,2026-06-12T11:13:04.654009+00:00,0.016964435577392578,5000,,
522,result_writing,CSE-CIC-IDS2018,cse_cic_ids2018_friday_holdout_sample,8,hist_gradient_boosting,a4_split_shift,2026-06-12T11:13:04.654153+00:00,2026-06-12T11:13:04.657154+00:00,0.0030012130737304688,1,results/raw/tier_e_core4_hgb_mlp_timed_cse_cic_ids2018/CSE-CIC-IDS2018_cse_cic_ids2018_friday_holdout_sample_hist_gradient_boosting_a4_split_shift_8.csv,
523,split_construction,CSE-CIC-IDS2018,cse_cic_ids2018_friday_holdout_sample,8,logistic_regression,,2026-06-12T11:13:04.657231+00:00,2026-06-12T11:13:04.714789+00:00,0.057558536529541016,19997,,
524,preprocessing,CSE-CIC-IDS2018,cse_cic_ids2018_friday_holdout_sample,8,logistic_regression,,2026-06-12T11:13:04.714914+00:00,2026-06-12T11:13:07.082058+00:00,2.3671445846557617,19997,,
525,model_training,CSE-CIC-IDS2018,cse_cic_ids2018_friday_holdout_sample,8,logistic_regression,,2026-06-12T11:13:07.082193+00:00,2026-06-12T11:13:19.403652+00:00,12.3214590549469,19997,,
526,clean_profile,CSE-CIC-IDS2018,cse_cic_ids2018_friday_holdout_sample,8,logistic_regression,,2026-06-12T11:13:19.403716+00:00,2026-06-12T11:13:19.420002+00:00,0.016286134719848633,19997,,
527,threat_evaluation,CSE-CIC-IDS2018,cse_cic_ids2018_friday_holdout_sample,8,logistic_regression,a0_clean,2026-06-12T11:13:19.432896+00:00,2026-06-12T11:13:19.442748+00:00,0.009851455688476562,5000,,
528,result_writing,CSE-CIC-IDS2018,cse_cic_ids2018_friday_holdout_sample,8,logistic_regression,a0_clean,2026-06-12T11:13:19.442903+00:00,2026-06-12T11:13:19.446152+00:00,0.0032494068145751953,1,results/raw/tier_e_core4_hgb_mlp_timed_cse_cic_ids2018/CSE-CIC-IDS2018_cse_cic_ids2018_friday_holdout_sample_logistic_regression_a0_clean_8.csv,
529,threat_evaluation,CSE-CIC-IDS2018,cse_cic_ids2018_friday_holdout_sample,8,logistic_regression,a1_constrained_feature,2026-06-12T11:13:19.446190+00:00,2026-06-12T11:13:19.512166+00:00,0.06597542762756348,5000,,
530,result_writing,CSE-CIC-IDS2018,cse_cic_ids2018_friday_holdout_sample,8,logistic_regression,a1_constrained_feature,2026-06-12T11:13:19.512335+00:00,2026-06-12T11:13:19.515494+00:00,0.0031592845916748047,1,results/raw/tier_e_core4_hgb_mlp_timed_cse_cic_ids2018/CSE-CIC-IDS2018_cse_cic_ids2018_friday_holdout_sample_logistic_regression_a1_constrained_feature_8.csv,
531,threat_evaluation,CSE-CIC-IDS2018,cse_cic_ids2018_friday_holdout_sample,8,logistic_regression,a1_constrained_score_search,2026-06-12T11:13:19.515535+00:00,2026-06-12T11:13:19.790398+00:00,0.27486276626586914,5000,,
532,result_writing,CSE-CIC-IDS2018,cse_cic_ids2018_friday_holdout_sample,8,logistic_regression,a1_constrained_score_search,2026-06-12T11:13:19.790563+00:00,2026-06-12T11:13:19.793771+00:00,0.0032079219818115234,1,results/raw/tier_e_core4_hgb_mlp_timed_cse_cic_ids2018/CSE-CIC-IDS2018_cse_cic_ids2018_friday_holdout_sample_logistic_regression_a1_constrained_score_search_8.csv,
533,threat_evaluation,CSE-CIC-IDS2018,cse_cic_ids2018_friday_holdout_sample,8,logistic_regression,a4_split_shift,2026-06-12T11:13:19.793814+00:00,2026-06-12T11:13:19.802612+00:00,0.008797883987426758,5000,,
534,result_writing,CSE-CIC-IDS2018,cse_cic_ids2018_friday_holdout_sample,8,logistic_regression,a4_split_shift,2026-06-12T11:13:19.802744+00:00,2026-06-12T11:13:19.805671+00:00,0.0029265880584716797,1,results/raw/tier_e_core4_hgb_mlp_timed_cse_cic_ids2018/CSE-CIC-IDS2018_cse_cic_ids2018_friday_holdout_sample_logistic_regression_a4_split_shift_8.csv,
535,split_construction,CSE-CIC-IDS2018,cse_cic_ids2018_friday_holdout_sample,8,mlp_sklearn,,2026-06-12T11:13:19.805752+00:00,2026-06-12T11:13:19.863500+00:00,0.05774855613708496,19997,,
536,preprocessing,CSE-CIC-IDS2018,cse_cic_ids2018_friday_holdout_sample,8,mlp_sklearn,,2026-06-12T11:13:19.863617+00:00,2026-06-12T11:13:22.145294+00:00,2.2816762924194336,19997,,
537,model_training,CSE-CIC-IDS2018,cse_cic_ids2018_friday_holdout_sample,8,mlp_sklearn,,2026-06-12T11:13:22.145447+00:00,2026-06-12T11:13:22.638027+00:00,0.49257993698120117,19997,,
538,clean_profile,CSE-CIC-IDS2018,cse_cic_ids2018_friday_holdout_sample,8,mlp_sklearn,,2026-06-12T11:13:22.638104+00:00,2026-06-12T11:13:22.660902+00:00,0.022798538208007812,19997,,
539,threat_evaluation,CSE-CIC-IDS2018,cse_cic_ids2018_friday_holdout_sample,8,mlp_sklearn,a0_clean,2026-06-12T11:13:22.673781+00:00,2026-06-12T11:13:22.685601+00:00,0.011820077896118164,5000,,
540,result_writing,CSE-CIC-IDS2018,cse_cic_ids2018_friday_holdout_sample,8,mlp_sklearn,a0_clean,2026-06-12T11:13:22.685758+00:00,2026-06-12T11:13:22.689204+00:00,0.003446817398071289,1,results/raw/tier_e_core4_hgb_mlp_timed_cse_cic_ids2018/CSE-CIC-IDS2018_cse_cic_ids2018_friday_holdout_sample_mlp_sklearn_a0_clean_8.csv,
541,threat_evaluation,CSE-CIC-IDS2018,cse_cic_ids2018_friday_holdout_sample,8,mlp_sklearn,a1_constrained_feature,2026-06-12T11:13:22.689258+00:00,2026-06-12T11:13:22.758442+00:00,0.0691843032836914,5000,,
542,result_writing,CSE-CIC-IDS2018,cse_cic_ids2018_friday_holdout_sample,8,mlp_sklearn,a1_constrained_feature,2026-06-12T11:13:22.758613+00:00,2026-06-12T11:13:22.761930+00:00,0.003317117691040039,1,results/raw/tier_e_core4_hgb_mlp_timed_cse_cic_ids2018/CSE-CIC-IDS2018_cse_cic_ids2018_friday_holdout_sample_mlp_sklearn_a1_constrained_feature_8.csv,
543,threat_evaluation,CSE-CIC-IDS2018,cse_cic_ids2018_friday_holdout_sample,8,mlp_sklearn,a1_constrained_score_search,2026-06-12T11:13:22.761974+00:00,2026-06-12T11:13:23.044883+00:00,0.282909631729126,5000,,
544,result_writing,CSE-CIC-IDS2018,cse_cic_ids2018_friday_holdout_sample,8,mlp_sklearn,a1_constrained_score_search,2026-06-12T11:13:23.045058+00:00,2026-06-12T11:13:23.048363+00:00,0.0033049583435058594,1,results/raw/tier_e_core4_hgb_mlp_timed_cse_cic_ids2018/CSE-CIC-IDS2018_cse_cic_ids2018_friday_holdout_sample_mlp_sklearn_a1_constrained_score_search_8.csv,
545,threat_evaluation,CSE-CIC-IDS2018,cse_cic_ids2018_friday_holdout_sample,8,mlp_sklearn,a4_split_shift,2026-06-12T11:13:23.048410+00:00,2026-06-12T11:13:23.059323+00:00,0.010913610458374023,5000,,
546,result_writing,CSE-CIC-IDS2018,cse_cic_ids2018_friday_holdout_sample,8,mlp_sklearn,a4_split_shift,2026-06-12T11:13:23.059472+00:00,2026-06-12T11:13:23.062739+00:00,0.003266572952270508,1,results/raw/tier_e_core4_hgb_mlp_timed_cse_cic_ids2018/CSE-CIC-IDS2018_cse_cic_ids2018_friday_holdout_sample_mlp_sklearn_a4_split_shift_8.csv,
547,split_construction,CSE-CIC-IDS2018,cse_cic_ids2018_friday_holdout_sample,8,random_forest,,2026-06-12T11:13:23.062822+00:00,2026-06-12T11:13:23.120844+00:00,0.058022499084472656,19997,,
548,preprocessing,CSE-CIC-IDS2018,cse_cic_ids2018_friday_holdout_sample,8,random_forest,,2026-06-12T11:13:23.120963+00:00,2026-06-12T11:13:25.398636+00:00,2.27767276763916,19997,,
549,model_training,CSE-CIC-IDS2018,cse_cic_ids2018_friday_holdout_sample,8,random_forest,,2026-06-12T11:13:25.398816+00:00,2026-06-12T11:13:27.317828+00:00,1.9190115928649902,19997,,
550,clean_profile,CSE-CIC-IDS2018,cse_cic_ids2018_friday_holdout_sample,8,random_forest,,2026-06-12T11:13:27.317905+00:00,2026-06-12T11:13:27.458916+00:00,0.14101123809814453,19997,,
551,threat_evaluation,CSE-CIC-IDS2018,cse_cic_ids2018_friday_holdout_sample,8,random_forest,a0_clean,2026-06-12T11:13:27.471546+00:00,2026-06-12T11:13:27.520787+00:00,0.0492401123046875,5000,,
552,result_writing,CSE-CIC-IDS2018,cse_cic_ids2018_friday_holdout_sample,8,random_forest,a0_clean,2026-06-12T11:13:27.520947+00:00,2026-06-12T11:13:27.524297+00:00,0.0033502578735351562,1,results/raw/tier_e_core4_hgb_mlp_timed_cse_cic_ids2018/CSE-CIC-IDS2018_cse_cic_ids2018_friday_holdout_sample_random_forest_a0_clean_8.csv,
553,threat_evaluation,CSE-CIC-IDS2018,cse_cic_ids2018_friday_holdout_sample,8,random_forest,a1_constrained_feature,2026-06-12T11:13:27.524340+00:00,2026-06-12T11:13:27.631690+00:00,0.10734987258911133,5000,,
554,result_writing,CSE-CIC-IDS2018,cse_cic_ids2018_friday_holdout_sample,8,random_forest,a1_constrained_feature,2026-06-12T11:13:27.631891+00:00,2026-06-12T11:13:27.635314+00:00,0.0034227371215820312,1,results/raw/tier_e_core4_hgb_mlp_timed_cse_cic_ids2018/CSE-CIC-IDS2018_cse_cic_ids2018_friday_holdout_sample_random_forest_a1_constrained_feature_8.csv,
555,threat_evaluation,CSE-CIC-IDS2018,cse_cic_ids2018_friday_holdout_sample,8,random_forest,a1_constrained_score_search,2026-06-12T11:13:27.635365+00:00,2026-06-12T11:13:27.998153+00:00,0.36278843879699707,5000,,
556,result_writing,CSE-CIC-IDS2018,cse_cic_ids2018_friday_holdout_sample,8,random_forest,a1_constrained_score_search,2026-06-12T11:13:27.998323+00:00,2026-06-12T11:13:28.001642+00:00,0.003319263458251953,1,results/raw/tier_e_core4_hgb_mlp_timed_cse_cic_ids2018/CSE-CIC-IDS2018_cse_cic_ids2018_friday_holdout_sample_random_forest_a1_constrained_score_search_8.csv,
557,threat_evaluation,CSE-CIC-IDS2018,cse_cic_ids2018_friday_holdout_sample,8,random_forest,a4_split_shift,2026-06-12T11:13:28.001687+00:00,2026-06-12T11:13:28.050299+00:00,0.04861187934875488,5000,,
558,result_writing,CSE-CIC-IDS2018,cse_cic_ids2018_friday_holdout_sample,8,random_forest,a4_split_shift,2026-06-12T11:13:28.050453+00:00,2026-06-12T11:13:28.053823+00:00,0.0033693313598632812,1,results/raw/tier_e_core4_hgb_mlp_timed_cse_cic_ids2018/CSE-CIC-IDS2018_cse_cic_ids2018_friday_holdout_sample_random_forest_a4_split_shift_8.csv,
559,dataset_load,CSE-CIC-IDS2018,cse_cic_ids2018_friday_holdout_sample,9,,,2026-06-12T11:13:28.053866+00:00,2026-06-12T11:14:12.154948+00:00,44.10108160972595,20000,,
560,preprocess_manifest,CSE-CIC-IDS2018,cse_cic_ids2018_friday_holdout_sample,9,,,2026-06-12T11:14:12.155095+00:00,2026-06-12T11:14:14.376847+00:00,2.221752166748047,20000,,
561,split_construction,CSE-CIC-IDS2018,cse_cic_ids2018_friday_holdout_sample,9,extra_trees,,2026-06-12T11:14:14.377020+00:00,2026-06-12T11:14:14.433939+00:00,0.05691838264465332,20000,,
562,preprocessing,CSE-CIC-IDS2018,cse_cic_ids2018_friday_holdout_sample,9,extra_trees,,2026-06-12T11:14:14.434055+00:00,2026-06-12T11:14:16.716324+00:00,2.282268762588501,20000,,
563,model_training,CSE-CIC-IDS2018,cse_cic_ids2018_friday_holdout_sample,9,extra_trees,,2026-06-12T11:14:16.716504+00:00,2026-06-12T11:14:17.814267+00:00,1.0977632999420166,20000,,
564,clean_profile,CSE-CIC-IDS2018,cse_cic_ids2018_friday_holdout_sample,9,extra_trees,,2026-06-12T11:14:17.814350+00:00,2026-06-12T11:14:17.997041+00:00,0.18269109725952148,20000,,
565,threat_evaluation,CSE-CIC-IDS2018,cse_cic_ids2018_friday_holdout_sample,9,extra_trees,a0_clean,2026-06-12T11:14:18.009684+00:00,2026-06-12T11:14:18.072519+00:00,0.0628352165222168,5000,,
566,result_writing,CSE-CIC-IDS2018,cse_cic_ids2018_friday_holdout_sample,9,extra_trees,a0_clean,2026-06-12T11:14:18.072683+00:00,2026-06-12T11:14:18.076020+00:00,0.0033364295959472656,1,results/raw/tier_e_core4_hgb_mlp_timed_cse_cic_ids2018/CSE-CIC-IDS2018_cse_cic_ids2018_friday_holdout_sample_extra_trees_a0_clean_9.csv,
567,threat_evaluation,CSE-CIC-IDS2018,cse_cic_ids2018_friday_holdout_sample,9,extra_trees,a1_constrained_feature,2026-06-12T11:14:18.076064+00:00,2026-06-12T11:14:18.196536+00:00,0.12047147750854492,5000,,
568,result_writing,CSE-CIC-IDS2018,cse_cic_ids2018_friday_holdout_sample,9,extra_trees,a1_constrained_feature,2026-06-12T11:14:18.196703+00:00,2026-06-12T11:14:18.199964+00:00,0.003261089324951172,1,results/raw/tier_e_core4_hgb_mlp_timed_cse_cic_ids2018/CSE-CIC-IDS2018_cse_cic_ids2018_friday_holdout_sample_extra_trees_a1_constrained_feature_9.csv,
569,threat_evaluation,CSE-CIC-IDS2018,cse_cic_ids2018_friday_holdout_sample,9,extra_trees,a1_constrained_score_search,2026-06-12T11:14:18.200006+00:00,2026-06-12T11:14:18.580332+00:00,0.380326509475708,5000,,
570,result_writing,CSE-CIC-IDS2018,cse_cic_ids2018_friday_holdout_sample,9,extra_trees,a1_constrained_score_search,2026-06-12T11:14:18.580508+00:00,2026-06-12T11:14:18.619985+00:00,0.03947734832763672,1,results/raw/tier_e_core4_hgb_mlp_timed_cse_cic_ids2018/CSE-CIC-IDS2018_cse_cic_ids2018_friday_holdout_sample_extra_trees_a1_constrained_score_search_9.csv,
571,threat_evaluation,CSE-CIC-IDS2018,cse_cic_ids2018_friday_holdout_sample,9,extra_trees,a4_split_shift,2026-06-12T11:14:18.620056+00:00,2026-06-12T11:14:18.682993+00:00,0.06293702125549316,5000,,
572,result_writing,CSE-CIC-IDS2018,cse_cic_ids2018_friday_holdout_sample,9,extra_trees,a4_split_shift,2026-06-12T11:14:18.683149+00:00,2026-06-12T11:14:18.686428+00:00,0.003278970718383789,1,results/raw/tier_e_core4_hgb_mlp_timed_cse_cic_ids2018/CSE-CIC-IDS2018_cse_cic_ids2018_friday_holdout_sample_extra_trees_a4_split_shift_9.csv,
573,split_construction,CSE-CIC-IDS2018,cse_cic_ids2018_friday_holdout_sample,9,hist_gradient_boosting,,2026-06-12T11:14:18.686507+00:00,2026-06-12T11:14:18.744184+00:00,0.05767679214477539,20000,,
574,preprocessing,CSE-CIC-IDS2018,cse_cic_ids2018_friday_holdout_sample,9,hist_gradient_boosting,,2026-06-12T11:14:18.744301+00:00,2026-06-12T11:14:21.024331+00:00,2.2800300121307373,20000,,
575,model_training,CSE-CIC-IDS2018,cse_cic_ids2018_friday_holdout_sample,9,hist_gradient_boosting,,2026-06-12T11:14:21.024483+00:00,2026-06-12T11:14:21.698076+00:00,0.673593282699585,20000,,
576,clean_profile,CSE-CIC-IDS2018,cse_cic_ids2018_friday_holdout_sample,9,hist_gradient_boosting,,2026-06-12T11:14:21.698157+00:00,2026-06-12T11:14:21.727895+00:00,0.029738426208496094,20000,,
577,threat_evaluation,CSE-CIC-IDS2018,cse_cic_ids2018_friday_holdout_sample,9,hist_gradient_boosting,a0_clean,2026-06-12T11:14:21.741551+00:00,2026-06-12T11:14:21.755553+00:00,0.014002323150634766,5000,,
578,result_writing,CSE-CIC-IDS2018,cse_cic_ids2018_friday_holdout_sample,9,hist_gradient_boosting,a0_clean,2026-06-12T11:14:21.755712+00:00,2026-06-12T11:14:21.759046+00:00,0.00333404541015625,1,results/raw/tier_e_core4_hgb_mlp_timed_cse_cic_ids2018/CSE-CIC-IDS2018_cse_cic_ids2018_friday_holdout_sample_hist_gradient_boosting_a0_clean_9.csv,
579,threat_evaluation,CSE-CIC-IDS2018,cse_cic_ids2018_friday_holdout_sample,9,hist_gradient_boosting,a1_constrained_feature,2026-06-12T11:14:21.759092+00:00,2026-06-12T11:14:21.829223+00:00,0.07013058662414551,5000,,
580,result_writing,CSE-CIC-IDS2018,cse_cic_ids2018_friday_holdout_sample,9,hist_gradient_boosting,a1_constrained_feature,2026-06-12T11:14:21.829391+00:00,2026-06-12T11:14:21.832609+00:00,0.003217935562133789,1,results/raw/tier_e_core4_hgb_mlp_timed_cse_cic_ids2018/CSE-CIC-IDS2018_cse_cic_ids2018_friday_holdout_sample_hist_gradient_boosting_a1_constrained_feature_9.csv,
581,threat_evaluation,CSE-CIC-IDS2018,cse_cic_ids2018_friday_holdout_sample,9,hist_gradient_boosting,a1_constrained_score_search,2026-06-12T11:14:21.832659+00:00,2026-06-12T11:14:22.136702+00:00,0.3040425777435303,5000,,
582,result_writing,CSE-CIC-IDS2018,cse_cic_ids2018_friday_holdout_sample,9,hist_gradient_boosting,a1_constrained_score_search,2026-06-12T11:14:22.136866+00:00,2026-06-12T11:14:22.139981+00:00,0.0031147003173828125,1,results/raw/tier_e_core4_hgb_mlp_timed_cse_cic_ids2018/CSE-CIC-IDS2018_cse_cic_ids2018_friday_holdout_sample_hist_gradient_boosting_a1_constrained_score_search_9.csv,
583,threat_evaluation,CSE-CIC-IDS2018,cse_cic_ids2018_friday_holdout_sample,9,hist_gradient_boosting,a4_split_shift,2026-06-12T11:14:22.140030+00:00,2026-06-12T11:14:22.156398+00:00,0.016368389129638672,5000,,
584,result_writing,CSE-CIC-IDS2018,cse_cic_ids2018_friday_holdout_sample,9,hist_gradient_boosting,a4_split_shift,2026-06-12T11:14:22.156537+00:00,2026-06-12T11:14:22.159548+00:00,0.0030105113983154297,1,results/raw/tier_e_core4_hgb_mlp_timed_cse_cic_ids2018/CSE-CIC-IDS2018_cse_cic_ids2018_friday_holdout_sample_hist_gradient_boosting_a4_split_shift_9.csv,
585,split_construction,CSE-CIC-IDS2018,cse_cic_ids2018_friday_holdout_sample,9,logistic_regression,,2026-06-12T11:14:22.159620+00:00,2026-06-12T11:14:22.217324+00:00,0.05770444869995117,20000,,
586,preprocessing,CSE-CIC-IDS2018,cse_cic_ids2018_friday_holdout_sample,9,logistic_regression,,2026-06-12T11:14:22.217442+00:00,2026-06-12T11:14:24.503503+00:00,2.2860608100891113,20000,,
587,model_training,CSE-CIC-IDS2018,cse_cic_ids2018_friday_holdout_sample,9,logistic_regression,,2026-06-12T11:14:24.503635+00:00,2026-06-12T11:14:38.304324+00:00,13.800688982009888,20000,,
588,clean_profile,CSE-CIC-IDS2018,cse_cic_ids2018_friday_holdout_sample,9,logistic_regression,,2026-06-12T11:14:38.304408+00:00,2026-06-12T11:14:38.327740+00:00,0.023332595825195312,20000,,
589,threat_evaluation,CSE-CIC-IDS2018,cse_cic_ids2018_friday_holdout_sample,9,logistic_regression,a0_clean,2026-06-12T11:14:38.340584+00:00,2026-06-12T11:14:38.350343+00:00,0.009758949279785156,5000,,
590,result_writing,CSE-CIC-IDS2018,cse_cic_ids2018_friday_holdout_sample,9,logistic_regression,a0_clean,2026-06-12T11:14:38.350499+00:00,2026-06-12T11:14:38.353660+00:00,0.0031616687774658203,1,results/raw/tier_e_core4_hgb_mlp_timed_cse_cic_ids2018/CSE-CIC-IDS2018_cse_cic_ids2018_friday_holdout_sample_logistic_regression_a0_clean_9.csv,
591,threat_evaluation,CSE-CIC-IDS2018,cse_cic_ids2018_friday_holdout_sample,9,logistic_regression,a1_constrained_feature,2026-06-12T11:14:38.353699+00:00,2026-06-12T11:14:38.419488+00:00,0.06578898429870605,5000,,
592,result_writing,CSE-CIC-IDS2018,cse_cic_ids2018_friday_holdout_sample,9,logistic_regression,a1_constrained_feature,2026-06-12T11:14:38.419662+00:00,2026-06-12T11:14:38.422818+00:00,0.003155946731567383,1,results/raw/tier_e_core4_hgb_mlp_timed_cse_cic_ids2018/CSE-CIC-IDS2018_cse_cic_ids2018_friday_holdout_sample_logistic_regression_a1_constrained_feature_9.csv,
593,threat_evaluation,CSE-CIC-IDS2018,cse_cic_ids2018_friday_holdout_sample,9,logistic_regression,a1_constrained_score_search,2026-06-12T11:14:38.422860+00:00,2026-06-12T11:14:38.697248+00:00,0.27438855171203613,5000,,
594,result_writing,CSE-CIC-IDS2018,cse_cic_ids2018_friday_holdout_sample,9,logistic_regression,a1_constrained_score_search,2026-06-12T11:14:38.697419+00:00,2026-06-12T11:14:38.700573+00:00,0.0031538009643554688,1,results/raw/tier_e_core4_hgb_mlp_timed_cse_cic_ids2018/CSE-CIC-IDS2018_cse_cic_ids2018_friday_holdout_sample_logistic_regression_a1_constrained_score_search_9.csv,
595,threat_evaluation,CSE-CIC-IDS2018,cse_cic_ids2018_friday_holdout_sample,9,logistic_regression,a4_split_shift,2026-06-12T11:14:38.700616+00:00,2026-06-12T11:14:38.709221+00:00,0.008604764938354492,5000,,
596,result_writing,CSE-CIC-IDS2018,cse_cic_ids2018_friday_holdout_sample,9,logistic_regression,a4_split_shift,2026-06-12T11:14:38.709344+00:00,2026-06-12T11:14:38.712121+00:00,0.0027768611907958984,1,results/raw/tier_e_core4_hgb_mlp_timed_cse_cic_ids2018/CSE-CIC-IDS2018_cse_cic_ids2018_friday_holdout_sample_logistic_regression_a4_split_shift_9.csv,
597,split_construction,CSE-CIC-IDS2018,cse_cic_ids2018_friday_holdout_sample,9,mlp_sklearn,,2026-06-12T11:14:38.712200+00:00,2026-06-12T11:14:38.769484+00:00,0.05728459358215332,20000,,
598,preprocessing,CSE-CIC-IDS2018,cse_cic_ids2018_friday_holdout_sample,9,mlp_sklearn,,2026-06-12T11:14:38.769607+00:00,2026-06-12T11:14:41.054667+00:00,2.2850594520568848,20000,,
599,model_training,CSE-CIC-IDS2018,cse_cic_ids2018_friday_holdout_sample,9,mlp_sklearn,,2026-06-12T11:14:41.054831+00:00,2026-06-12T11:14:41.543594+00:00,0.48876309394836426,20000,,
600,clean_profile,CSE-CIC-IDS2018,cse_cic_ids2018_friday_holdout_sample,9,mlp_sklearn,,2026-06-12T11:14:41.543669+00:00,2026-06-12T11:14:41.566721+00:00,0.023051977157592773,20000,,
601,threat_evaluation,CSE-CIC-IDS2018,cse_cic_ids2018_friday_holdout_sample,9,mlp_sklearn,a0_clean,2026-06-12T11:14:41.579467+00:00,2026-06-12T11:14:41.591328+00:00,0.011860847473144531,5000,,
602,result_writing,CSE-CIC-IDS2018,cse_cic_ids2018_friday_holdout_sample,9,mlp_sklearn,a0_clean,2026-06-12T11:14:41.591489+00:00,2026-06-12T11:14:41.594836+00:00,0.0033464431762695312,1,results/raw/tier_e_core4_hgb_mlp_timed_cse_cic_ids2018/CSE-CIC-IDS2018_cse_cic_ids2018_friday_holdout_sample_mlp_sklearn_a0_clean_9.csv,
603,threat_evaluation,CSE-CIC-IDS2018,cse_cic_ids2018_friday_holdout_sample,9,mlp_sklearn,a1_constrained_feature,2026-06-12T11:14:41.594878+00:00,2026-06-12T11:14:41.663400+00:00,0.06852197647094727,5000,,
604,result_writing,CSE-CIC-IDS2018,cse_cic_ids2018_friday_holdout_sample,9,mlp_sklearn,a1_constrained_feature,2026-06-12T11:14:41.663574+00:00,2026-06-12T11:14:41.666852+00:00,0.0032782554626464844,1,results/raw/tier_e_core4_hgb_mlp_timed_cse_cic_ids2018/CSE-CIC-IDS2018_cse_cic_ids2018_friday_holdout_sample_mlp_sklearn_a1_constrained_feature_9.csv,
605,threat_evaluation,CSE-CIC-IDS2018,cse_cic_ids2018_friday_holdout_sample,9,mlp_sklearn,a1_constrained_score_search,2026-06-12T11:14:41.666893+00:00,2026-06-12T11:14:41.948770+00:00,0.281876802444458,5000,,
606,result_writing,CSE-CIC-IDS2018,cse_cic_ids2018_friday_holdout_sample,9,mlp_sklearn,a1_constrained_score_search,2026-06-12T11:14:41.948941+00:00,2026-06-12T11:14:41.952201+00:00,0.0032601356506347656,1,results/raw/tier_e_core4_hgb_mlp_timed_cse_cic_ids2018/CSE-CIC-IDS2018_cse_cic_ids2018_friday_holdout_sample_mlp_sklearn_a1_constrained_score_search_9.csv,
607,threat_evaluation,CSE-CIC-IDS2018,cse_cic_ids2018_friday_holdout_sample,9,mlp_sklearn,a4_split_shift,2026-06-12T11:14:41.952246+00:00,2026-06-12T11:14:41.963148+00:00,0.010902643203735352,5000,,
608,result_writing,CSE-CIC-IDS2018,cse_cic_ids2018_friday_holdout_sample,9,mlp_sklearn,a4_split_shift,2026-06-12T11:14:41.963302+00:00,2026-06-12T11:14:41.966526+00:00,0.0032243728637695312,1,results/raw/tier_e_core4_hgb_mlp_timed_cse_cic_ids2018/CSE-CIC-IDS2018_cse_cic_ids2018_friday_holdout_sample_mlp_sklearn_a4_split_shift_9.csv,
609,split_construction,CSE-CIC-IDS2018,cse_cic_ids2018_friday_holdout_sample,9,random_forest,,2026-06-12T11:14:41.966612+00:00,2026-06-12T11:14:42.023944+00:00,0.05733227729797363,20000,,
610,preprocessing,CSE-CIC-IDS2018,cse_cic_ids2018_friday_holdout_sample,9,random_forest,,2026-06-12T11:14:42.024066+00:00,2026-06-12T11:14:44.302839+00:00,2.2787725925445557,20000,,
611,model_training,CSE-CIC-IDS2018,cse_cic_ids2018_friday_holdout_sample,9,random_forest,,2026-06-12T11:14:44.303007+00:00,2026-06-12T11:14:46.171125+00:00,1.8681185245513916,20000,,
612,clean_profile,CSE-CIC-IDS2018,cse_cic_ids2018_friday_holdout_sample,9,random_forest,,2026-06-12T11:14:46.171207+00:00,2026-06-12T11:14:46.307454+00:00,0.136246919631958,20000,,
613,threat_evaluation,CSE-CIC-IDS2018,cse_cic_ids2018_friday_holdout_sample,9,random_forest,a0_clean,2026-06-12T11:14:46.320103+00:00,2026-06-12T11:14:46.368009+00:00,0.04790544509887695,5000,,
614,result_writing,CSE-CIC-IDS2018,cse_cic_ids2018_friday_holdout_sample,9,random_forest,a0_clean,2026-06-12T11:14:46.368171+00:00,2026-06-12T11:14:46.371457+00:00,0.0032858848571777344,1,results/raw/tier_e_core4_hgb_mlp_timed_cse_cic_ids2018/CSE-CIC-IDS2018_cse_cic_ids2018_friday_holdout_sample_random_forest_a0_clean_9.csv,
615,threat_evaluation,CSE-CIC-IDS2018,cse_cic_ids2018_friday_holdout_sample,9,random_forest,a1_constrained_feature,2026-06-12T11:14:46.371498+00:00,2026-06-12T11:14:46.476321+00:00,0.10482287406921387,5000,,
616,result_writing,CSE-CIC-IDS2018,cse_cic_ids2018_friday_holdout_sample,9,random_forest,a1_constrained_feature,2026-06-12T11:14:46.476491+00:00,2026-06-12T11:14:46.479702+00:00,0.003210783004760742,1,results/raw/tier_e_core4_hgb_mlp_timed_cse_cic_ids2018/CSE-CIC-IDS2018_cse_cic_ids2018_friday_holdout_sample_random_forest_a1_constrained_feature_9.csv,
617,threat_evaluation,CSE-CIC-IDS2018,cse_cic_ids2018_friday_holdout_sample,9,random_forest,a1_constrained_score_search,2026-06-12T11:14:46.479774+00:00,2026-06-12T11:14:46.838599+00:00,0.3588247299194336,5000,,
618,result_writing,CSE-CIC-IDS2018,cse_cic_ids2018_friday_holdout_sample,9,random_forest,a1_constrained_score_search,2026-06-12T11:14:46.838768+00:00,2026-06-12T11:14:46.842081+00:00,0.0033121109008789062,1,results/raw/tier_e_core4_hgb_mlp_timed_cse_cic_ids2018/CSE-CIC-IDS2018_cse_cic_ids2018_friday_holdout_sample_random_forest_a1_constrained_score_search_9.csv,
619,threat_evaluation,CSE-CIC-IDS2018,cse_cic_ids2018_friday_holdout_sample,9,random_forest,a4_split_shift,2026-06-12T11:14:46.842126+00:00,2026-06-12T11:14:46.889216+00:00,0.047089576721191406,5000,,
620,result_writing,CSE-CIC-IDS2018,cse_cic_ids2018_friday_holdout_sample,9,random_forest,a4_split_shift,2026-06-12T11:14:46.889370+00:00,2026-06-12T11:14:46.892608+00:00,0.003238201141357422,1,results/raw/tier_e_core4_hgb_mlp_timed_cse_cic_ids2018/CSE-CIC-IDS2018_cse_cic_ids2018_friday_holdout_sample_random_forest_a4_split_shift_9.csv,
