event_id,stage,dataset,split_id,seed,model_id,threat_id,start_iso,end_iso,elapsed_s,rows,output_path,detail
1,dataset_load,UNSW-NB15,unsw_nb15_official_full,0,,,2026-06-12T10:10:28.966585+00:00,2026-06-12T10:10:29.256660+00:00,0.29007554054260254,257673,,
2,preprocess_manifest,UNSW-NB15,unsw_nb15_official_full,0,,,2026-06-12T10:10:29.256819+00:00,2026-06-12T10:10:34.522385+00:00,5.265566110610962,257673,,
3,split_construction,UNSW-NB15,unsw_nb15_official_full,0,extra_trees,,2026-06-12T10:10:34.522538+00:00,2026-06-12T10:10:34.753402+00:00,0.2308645248413086,257673,,
4,preprocessing,UNSW-NB15,unsw_nb15_official_full,0,extra_trees,,2026-06-12T10:10:34.753530+00:00,2026-06-12T10:10:40.752574+00:00,5.999044179916382,257673,,
5,model_training,UNSW-NB15,unsw_nb15_official_full,0,extra_trees,,2026-06-12T10:10:40.752778+00:00,2026-06-12T10:11:00.196141+00:00,19.443363904953003,257673,,
6,clean_profile,UNSW-NB15,unsw_nb15_official_full,0,extra_trees,,2026-06-12T10:11:00.196232+00:00,2026-06-12T10:11:02.589540+00:00,2.393307685852051,257673,,
7,threat_evaluation,UNSW-NB15,unsw_nb15_official_full,0,extra_trees,a0_clean,2026-06-12T10:11:02.597928+00:00,2026-06-12T10:11:03.394121+00:00,0.7961926460266113,82332,,
8,result_writing,UNSW-NB15,unsw_nb15_official_full,0,extra_trees,a0_clean,2026-06-12T10:11:03.394312+00:00,2026-06-12T10:11:03.399314+00:00,0.005002498626708984,1,results/raw/tier_e_core4_hgb_mlp_timed_expanded/UNSW-NB15_unsw_nb15_official_full_extra_trees_a0_clean_0.csv,
9,threat_evaluation,UNSW-NB15,unsw_nb15_official_full,0,extra_trees,a1_constrained_feature,2026-06-12T10:11:03.399372+00:00,2026-06-12T10:11:04.504099+00:00,1.1047265529632568,82332,,
10,result_writing,UNSW-NB15,unsw_nb15_official_full,0,extra_trees,a1_constrained_feature,2026-06-12T10:11:04.504384+00:00,2026-06-12T10:11:04.508099+00:00,0.0037152767181396484,1,results/raw/tier_e_core4_hgb_mlp_timed_expanded/UNSW-NB15_unsw_nb15_official_full_extra_trees_a1_constrained_feature_0.csv,
11,threat_evaluation,UNSW-NB15,unsw_nb15_official_full,0,extra_trees,a1_constrained_score_search,2026-06-12T10:11:04.508161+00:00,2026-06-12T10:11:08.770390+00:00,4.2622292041778564,82332,,
12,result_writing,UNSW-NB15,unsw_nb15_official_full,0,extra_trees,a1_constrained_score_search,2026-06-12T10:11:08.770632+00:00,2026-06-12T10:11:08.774130+00:00,0.003498554229736328,1,results/raw/tier_e_core4_hgb_mlp_timed_expanded/UNSW-NB15_unsw_nb15_official_full_extra_trees_a1_constrained_score_search_0.csv,
13,threat_evaluation,UNSW-NB15,unsw_nb15_official_full,0,extra_trees,a4_split_shift,2026-06-12T10:11:08.774178+00:00,2026-06-12T10:11:09.574879+00:00,0.8007006645202637,82332,,
14,result_writing,UNSW-NB15,unsw_nb15_official_full,0,extra_trees,a4_split_shift,2026-06-12T10:11:09.575068+00:00,2026-06-12T10:11:09.578518+00:00,0.003450155258178711,1,results/raw/tier_e_core4_hgb_mlp_timed_expanded/UNSW-NB15_unsw_nb15_official_full_extra_trees_a4_split_shift_0.csv,
15,split_construction,UNSW-NB15,unsw_nb15_official_full,0,hist_gradient_boosting,,2026-06-12T10:11:09.578611+00:00,2026-06-12T10:11:09.806732+00:00,0.2281208038330078,257673,,
16,preprocessing,UNSW-NB15,unsw_nb15_official_full,0,hist_gradient_boosting,,2026-06-12T10:11:09.806843+00:00,2026-06-12T10:11:15.862932+00:00,6.056088447570801,257673,,
17,model_training,UNSW-NB15,unsw_nb15_official_full,0,hist_gradient_boosting,,2026-06-12T10:11:15.863107+00:00,2026-06-12T10:11:22.623998+00:00,6.760891437530518,257673,,
18,clean_profile,UNSW-NB15,unsw_nb15_official_full,0,hist_gradient_boosting,,2026-06-12T10:11:22.624090+00:00,2026-06-12T10:11:22.892496+00:00,0.2684051990509033,257673,,
19,threat_evaluation,UNSW-NB15,unsw_nb15_official_full,0,hist_gradient_boosting,a0_clean,2026-06-12T10:11:22.902444+00:00,2026-06-12T10:11:22.998524+00:00,0.09607982635498047,82332,,
20,result_writing,UNSW-NB15,unsw_nb15_official_full,0,hist_gradient_boosting,a0_clean,2026-06-12T10:11:22.998708+00:00,2026-06-12T10:11:23.002187+00:00,0.003479480743408203,1,results/raw/tier_e_core4_hgb_mlp_timed_expanded/UNSW-NB15_unsw_nb15_official_full_hist_gradient_boosting_a0_clean_0.csv,
21,threat_evaluation,UNSW-NB15,unsw_nb15_official_full,0,hist_gradient_boosting,a1_constrained_feature,2026-06-12T10:11:23.002231+00:00,2026-06-12T10:11:23.473211+00:00,0.4709804058074951,82332,,
22,result_writing,UNSW-NB15,unsw_nb15_official_full,0,hist_gradient_boosting,a1_constrained_feature,2026-06-12T10:11:23.473396+00:00,2026-06-12T10:11:23.476839+00:00,0.0034422874450683594,1,results/raw/tier_e_core4_hgb_mlp_timed_expanded/UNSW-NB15_unsw_nb15_official_full_hist_gradient_boosting_a1_constrained_feature_0.csv,
23,threat_evaluation,UNSW-NB15,unsw_nb15_official_full,0,hist_gradient_boosting,a1_constrained_score_search,2026-06-12T10:11:23.476882+00:00,2026-06-12T10:11:25.097578+00:00,1.6206960678100586,82332,,
24,result_writing,UNSW-NB15,unsw_nb15_official_full,0,hist_gradient_boosting,a1_constrained_score_search,2026-06-12T10:11:25.097813+00:00,2026-06-12T10:11:25.101384+00:00,0.0035715103149414062,1,results/raw/tier_e_core4_hgb_mlp_timed_expanded/UNSW-NB15_unsw_nb15_official_full_hist_gradient_boosting_a1_constrained_score_search_0.csv,
25,threat_evaluation,UNSW-NB15,unsw_nb15_official_full,0,hist_gradient_boosting,a4_split_shift,2026-06-12T10:11:25.101424+00:00,2026-06-12T10:11:25.209055+00:00,0.10763072967529297,82332,,
26,result_writing,UNSW-NB15,unsw_nb15_official_full,0,hist_gradient_boosting,a4_split_shift,2026-06-12T10:11:25.209234+00:00,2026-06-12T10:11:25.212627+00:00,0.0033926963806152344,1,results/raw/tier_e_core4_hgb_mlp_timed_expanded/UNSW-NB15_unsw_nb15_official_full_hist_gradient_boosting_a4_split_shift_0.csv,
27,split_construction,UNSW-NB15,unsw_nb15_official_full,0,logistic_regression,,2026-06-12T10:11:25.212712+00:00,2026-06-12T10:11:25.390775+00:00,0.17806339263916016,257673,,
28,preprocessing,UNSW-NB15,unsw_nb15_official_full,0,logistic_regression,,2026-06-12T10:11:25.390899+00:00,2026-06-12T10:11:31.283928+00:00,5.893028974533081,257673,,
29,model_training,UNSW-NB15,unsw_nb15_official_full,0,logistic_regression,,2026-06-12T10:11:31.284069+00:00,2026-06-12T10:11:50.408478+00:00,19.124409198760986,257673,,
30,clean_profile,UNSW-NB15,unsw_nb15_official_full,0,logistic_regression,,2026-06-12T10:11:50.408572+00:00,2026-06-12T10:11:50.492709+00:00,0.084136962890625,257673,,
31,threat_evaluation,UNSW-NB15,unsw_nb15_official_full,0,logistic_regression,a0_clean,2026-06-12T10:11:50.501395+00:00,2026-06-12T10:11:50.537278+00:00,0.03588247299194336,82332,,
32,result_writing,UNSW-NB15,unsw_nb15_official_full,0,logistic_regression,a0_clean,2026-06-12T10:11:50.537458+00:00,2026-06-12T10:11:50.540988+00:00,0.003529787063598633,1,results/raw/tier_e_core4_hgb_mlp_timed_expanded/UNSW-NB15_unsw_nb15_official_full_logistic_regression_a0_clean_0.csv,
33,threat_evaluation,UNSW-NB15,unsw_nb15_official_full,0,logistic_regression,a1_constrained_feature,2026-06-12T10:11:50.541039+00:00,2026-06-12T10:11:50.911835+00:00,0.37079620361328125,82332,,
34,result_writing,UNSW-NB15,unsw_nb15_official_full,0,logistic_regression,a1_constrained_feature,2026-06-12T10:11:50.912076+00:00,2026-06-12T10:11:50.915545+00:00,0.003468751907348633,1,results/raw/tier_e_core4_hgb_mlp_timed_expanded/UNSW-NB15_unsw_nb15_official_full_logistic_regression_a1_constrained_feature_0.csv,
35,threat_evaluation,UNSW-NB15,unsw_nb15_official_full,0,logistic_regression,a1_constrained_score_search,2026-06-12T10:11:50.915584+00:00,2026-06-12T10:11:52.013388+00:00,1.0978033542633057,82332,,
36,result_writing,UNSW-NB15,unsw_nb15_official_full,0,logistic_regression,a1_constrained_score_search,2026-06-12T10:11:52.013616+00:00,2026-06-12T10:11:52.017133+00:00,0.0035173892974853516,1,results/raw/tier_e_core4_hgb_mlp_timed_expanded/UNSW-NB15_unsw_nb15_official_full_logistic_regression_a1_constrained_score_search_0.csv,
37,threat_evaluation,UNSW-NB15,unsw_nb15_official_full,0,logistic_regression,a4_split_shift,2026-06-12T10:11:52.017177+00:00,2026-06-12T10:11:52.052751+00:00,0.03557419776916504,82332,,
38,result_writing,UNSW-NB15,unsw_nb15_official_full,0,logistic_regression,a4_split_shift,2026-06-12T10:11:52.052935+00:00,2026-06-12T10:11:52.056330+00:00,0.0033953189849853516,1,results/raw/tier_e_core4_hgb_mlp_timed_expanded/UNSW-NB15_unsw_nb15_official_full_logistic_regression_a4_split_shift_0.csv,
39,split_construction,UNSW-NB15,unsw_nb15_official_full,0,mlp_sklearn,,2026-06-12T10:11:52.056411+00:00,2026-06-12T10:11:52.233063+00:00,0.1766519546508789,257673,,
40,preprocessing,UNSW-NB15,unsw_nb15_official_full,0,mlp_sklearn,,2026-06-12T10:11:52.233168+00:00,2026-06-12T10:11:58.136158+00:00,5.902990102767944,257673,,
41,model_training,UNSW-NB15,unsw_nb15_official_full,0,mlp_sklearn,,2026-06-12T10:11:58.136334+00:00,2026-06-12T10:12:11.684537+00:00,13.548202991485596,257673,,
42,clean_profile,UNSW-NB15,unsw_nb15_official_full,0,mlp_sklearn,,2026-06-12T10:12:11.684627+00:00,2026-06-12T10:12:11.882447+00:00,0.19782018661499023,257673,,
43,threat_evaluation,UNSW-NB15,unsw_nb15_official_full,0,mlp_sklearn,a0_clean,2026-06-12T10:12:11.890685+00:00,2026-06-12T10:12:11.965219+00:00,0.07453417778015137,82332,,
44,result_writing,UNSW-NB15,unsw_nb15_official_full,0,mlp_sklearn,a0_clean,2026-06-12T10:12:11.965403+00:00,2026-06-12T10:12:11.991868+00:00,0.02646493911743164,1,results/raw/tier_e_core4_hgb_mlp_timed_expanded/UNSW-NB15_unsw_nb15_official_full_mlp_sklearn_a0_clean_0.csv,
45,threat_evaluation,UNSW-NB15,unsw_nb15_official_full,0,mlp_sklearn,a1_constrained_feature,2026-06-12T10:12:11.991922+00:00,2026-06-12T10:12:12.399241+00:00,0.4073188304901123,82332,,
46,result_writing,UNSW-NB15,unsw_nb15_official_full,0,mlp_sklearn,a1_constrained_feature,2026-06-12T10:12:12.399480+00:00,2026-06-12T10:12:12.403024+00:00,0.003543376922607422,1,results/raw/tier_e_core4_hgb_mlp_timed_expanded/UNSW-NB15_unsw_nb15_official_full_mlp_sklearn_a1_constrained_feature_0.csv,
47,threat_evaluation,UNSW-NB15,unsw_nb15_official_full,0,mlp_sklearn,a1_constrained_score_search,2026-06-12T10:12:12.403065+00:00,2026-06-12T10:12:13.657647+00:00,1.2545819282531738,82332,,
48,result_writing,UNSW-NB15,unsw_nb15_official_full,0,mlp_sklearn,a1_constrained_score_search,2026-06-12T10:12:13.657891+00:00,2026-06-12T10:12:13.661668+00:00,0.0037767887115478516,1,results/raw/tier_e_core4_hgb_mlp_timed_expanded/UNSW-NB15_unsw_nb15_official_full_mlp_sklearn_a1_constrained_score_search_0.csv,
49,threat_evaluation,UNSW-NB15,unsw_nb15_official_full,0,mlp_sklearn,a4_split_shift,2026-06-12T10:12:13.661711+00:00,2026-06-12T10:12:13.735320+00:00,0.0736083984375,82332,,
50,result_writing,UNSW-NB15,unsw_nb15_official_full,0,mlp_sklearn,a4_split_shift,2026-06-12T10:12:13.735490+00:00,2026-06-12T10:12:13.738887+00:00,0.003396749496459961,1,results/raw/tier_e_core4_hgb_mlp_timed_expanded/UNSW-NB15_unsw_nb15_official_full_mlp_sklearn_a4_split_shift_0.csv,
51,split_construction,UNSW-NB15,unsw_nb15_official_full,0,random_forest,,2026-06-12T10:12:13.738972+00:00,2026-06-12T10:12:13.916298+00:00,0.17732548713684082,257673,,
52,preprocessing,UNSW-NB15,unsw_nb15_official_full,0,random_forest,,2026-06-12T10:12:13.916420+00:00,2026-06-12T10:12:19.838660+00:00,5.922240257263184,257673,,
53,model_training,UNSW-NB15,unsw_nb15_official_full,0,random_forest,,2026-06-12T10:12:19.838854+00:00,2026-06-12T10:12:36.587541+00:00,16.74868655204773,257673,,
54,clean_profile,UNSW-NB15,unsw_nb15_official_full,0,random_forest,,2026-06-12T10:12:36.587638+00:00,2026-06-12T10:12:38.210032+00:00,1.6223938465118408,257673,,
55,threat_evaluation,UNSW-NB15,unsw_nb15_official_full,0,random_forest,a0_clean,2026-06-12T10:12:38.219266+00:00,2026-06-12T10:12:38.761930+00:00,0.5426638126373291,82332,,
56,result_writing,UNSW-NB15,unsw_nb15_official_full,0,random_forest,a0_clean,2026-06-12T10:12:38.762104+00:00,2026-06-12T10:12:38.765585+00:00,0.003481149673461914,1,results/raw/tier_e_core4_hgb_mlp_timed_expanded/UNSW-NB15_unsw_nb15_official_full_random_forest_a0_clean_0.csv,
57,threat_evaluation,UNSW-NB15,unsw_nb15_official_full,0,random_forest,a1_constrained_feature,2026-06-12T10:12:38.765635+00:00,2026-06-12T10:12:39.650718+00:00,0.8850827217102051,82332,,
58,result_writing,UNSW-NB15,unsw_nb15_official_full,0,random_forest,a1_constrained_feature,2026-06-12T10:12:39.650946+00:00,2026-06-12T10:12:39.654529+00:00,0.003582477569580078,1,results/raw/tier_e_core4_hgb_mlp_timed_expanded/UNSW-NB15_unsw_nb15_official_full_random_forest_a1_constrained_feature_0.csv,
59,threat_evaluation,UNSW-NB15,unsw_nb15_official_full,0,random_forest,a1_constrained_score_search,2026-06-12T10:12:39.654584+00:00,2026-06-12T10:12:43.078207+00:00,3.4236230850219727,82332,,
60,result_writing,UNSW-NB15,unsw_nb15_official_full,0,random_forest,a1_constrained_score_search,2026-06-12T10:12:43.078434+00:00,2026-06-12T10:12:43.082028+00:00,0.003593921661376953,1,results/raw/tier_e_core4_hgb_mlp_timed_expanded/UNSW-NB15_unsw_nb15_official_full_random_forest_a1_constrained_score_search_0.csv,
61,threat_evaluation,UNSW-NB15,unsw_nb15_official_full,0,random_forest,a4_split_shift,2026-06-12T10:12:43.082084+00:00,2026-06-12T10:12:43.624546+00:00,0.5424625873565674,82332,,
62,result_writing,UNSW-NB15,unsw_nb15_official_full,0,random_forest,a4_split_shift,2026-06-12T10:12:43.624716+00:00,2026-06-12T10:12:43.628153+00:00,0.003436565399169922,1,results/raw/tier_e_core4_hgb_mlp_timed_expanded/UNSW-NB15_unsw_nb15_official_full_random_forest_a4_split_shift_0.csv,
63,dataset_load,UNSW-NB15,unsw_nb15_official_full,1,,,2026-06-12T10:12:43.628204+00:00,2026-06-12T10:12:43.882643+00:00,0.2544393539428711,257673,,
64,preprocess_manifest,UNSW-NB15,unsw_nb15_official_full,1,,,2026-06-12T10:12:43.882786+00:00,2026-06-12T10:12:49.146737+00:00,5.263951301574707,257673,,
65,split_construction,UNSW-NB15,unsw_nb15_official_full,1,extra_trees,,2026-06-12T10:12:49.146899+00:00,2026-06-12T10:12:49.331638+00:00,0.1847391128540039,257673,,
66,preprocessing,UNSW-NB15,unsw_nb15_official_full,1,extra_trees,,2026-06-12T10:12:49.331807+00:00,2026-06-12T10:12:55.386226+00:00,6.0544188022613525,257673,,
67,model_training,UNSW-NB15,unsw_nb15_official_full,1,extra_trees,,2026-06-12T10:12:55.386408+00:00,2026-06-12T10:13:15.244223+00:00,19.85781455039978,257673,,
68,clean_profile,UNSW-NB15,unsw_nb15_official_full,1,extra_trees,,2026-06-12T10:13:15.244316+00:00,2026-06-12T10:13:17.616280+00:00,2.371964454650879,257673,,
69,threat_evaluation,UNSW-NB15,unsw_nb15_official_full,1,extra_trees,a0_clean,2026-06-12T10:13:17.628532+00:00,2026-06-12T10:13:18.446248+00:00,0.8177151679992676,82332,,
70,result_writing,UNSW-NB15,unsw_nb15_official_full,1,extra_trees,a0_clean,2026-06-12T10:13:18.446419+00:00,2026-06-12T10:13:18.449923+00:00,0.0035042762756347656,1,results/raw/tier_e_core4_hgb_mlp_timed_expanded/UNSW-NB15_unsw_nb15_official_full_extra_trees_a0_clean_1.csv,
71,threat_evaluation,UNSW-NB15,unsw_nb15_official_full,1,extra_trees,a1_constrained_feature,2026-06-12T10:13:18.449977+00:00,2026-06-12T10:13:19.586601+00:00,1.136624813079834,82332,,
72,result_writing,UNSW-NB15,unsw_nb15_official_full,1,extra_trees,a1_constrained_feature,2026-06-12T10:13:19.586833+00:00,2026-06-12T10:13:19.590335+00:00,0.00350189208984375,1,results/raw/tier_e_core4_hgb_mlp_timed_expanded/UNSW-NB15_unsw_nb15_official_full_extra_trees_a1_constrained_feature_1.csv,
73,threat_evaluation,UNSW-NB15,unsw_nb15_official_full,1,extra_trees,a1_constrained_score_search,2026-06-12T10:13:19.590385+00:00,2026-06-12T10:13:23.882212+00:00,4.291826963424683,82332,,
74,result_writing,UNSW-NB15,unsw_nb15_official_full,1,extra_trees,a1_constrained_score_search,2026-06-12T10:13:23.882442+00:00,2026-06-12T10:13:23.885993+00:00,0.003551006317138672,1,results/raw/tier_e_core4_hgb_mlp_timed_expanded/UNSW-NB15_unsw_nb15_official_full_extra_trees_a1_constrained_score_search_1.csv,
75,threat_evaluation,UNSW-NB15,unsw_nb15_official_full,1,extra_trees,a4_split_shift,2026-06-12T10:13:23.886048+00:00,2026-06-12T10:13:24.700662+00:00,0.8146138191223145,82332,,
76,result_writing,UNSW-NB15,unsw_nb15_official_full,1,extra_trees,a4_split_shift,2026-06-12T10:13:24.700837+00:00,2026-06-12T10:13:24.704245+00:00,0.003407716751098633,1,results/raw/tier_e_core4_hgb_mlp_timed_expanded/UNSW-NB15_unsw_nb15_official_full_extra_trees_a4_split_shift_1.csv,
77,split_construction,UNSW-NB15,unsw_nb15_official_full,1,hist_gradient_boosting,,2026-06-12T10:13:24.704338+00:00,2026-06-12T10:13:24.888278+00:00,0.18394017219543457,257673,,
78,preprocessing,UNSW-NB15,unsw_nb15_official_full,1,hist_gradient_boosting,,2026-06-12T10:13:24.888420+00:00,2026-06-12T10:13:31.003015+00:00,6.114595651626587,257673,,
79,model_training,UNSW-NB15,unsw_nb15_official_full,1,hist_gradient_boosting,,2026-06-12T10:13:31.003188+00:00,2026-06-12T10:13:37.895151+00:00,6.891962289810181,257673,,
80,clean_profile,UNSW-NB15,unsw_nb15_official_full,1,hist_gradient_boosting,,2026-06-12T10:13:37.895250+00:00,2026-06-12T10:13:38.210688+00:00,0.31543850898742676,257673,,
81,threat_evaluation,UNSW-NB15,unsw_nb15_official_full,1,hist_gradient_boosting,a0_clean,2026-06-12T10:13:38.230083+00:00,2026-06-12T10:13:38.337287+00:00,0.10720491409301758,82332,,
82,result_writing,UNSW-NB15,unsw_nb15_official_full,1,hist_gradient_boosting,a0_clean,2026-06-12T10:13:38.337453+00:00,2026-06-12T10:13:38.340949+00:00,0.0034956932067871094,1,results/raw/tier_e_core4_hgb_mlp_timed_expanded/UNSW-NB15_unsw_nb15_official_full_hist_gradient_boosting_a0_clean_1.csv,
83,threat_evaluation,UNSW-NB15,unsw_nb15_official_full,1,hist_gradient_boosting,a1_constrained_feature,2026-06-12T10:13:38.340996+00:00,2026-06-12T10:13:38.805653+00:00,0.4646575450897217,82332,,
84,result_writing,UNSW-NB15,unsw_nb15_official_full,1,hist_gradient_boosting,a1_constrained_feature,2026-06-12T10:13:38.805859+00:00,2026-06-12T10:13:38.809416+00:00,0.003556966781616211,1,results/raw/tier_e_core4_hgb_mlp_timed_expanded/UNSW-NB15_unsw_nb15_official_full_hist_gradient_boosting_a1_constrained_feature_1.csv,
85,threat_evaluation,UNSW-NB15,unsw_nb15_official_full,1,hist_gradient_boosting,a1_constrained_score_search,2026-06-12T10:13:38.809458+00:00,2026-06-12T10:13:40.556635+00:00,1.7471766471862793,82332,,
86,result_writing,UNSW-NB15,unsw_nb15_official_full,1,hist_gradient_boosting,a1_constrained_score_search,2026-06-12T10:13:40.556856+00:00,2026-06-12T10:13:40.560391+00:00,0.003535032272338867,1,results/raw/tier_e_core4_hgb_mlp_timed_expanded/UNSW-NB15_unsw_nb15_official_full_hist_gradient_boosting_a1_constrained_score_search_1.csv,
87,threat_evaluation,UNSW-NB15,unsw_nb15_official_full,1,hist_gradient_boosting,a4_split_shift,2026-06-12T10:13:40.560434+00:00,2026-06-12T10:13:40.681890+00:00,0.12145614624023438,82332,,
88,result_writing,UNSW-NB15,unsw_nb15_official_full,1,hist_gradient_boosting,a4_split_shift,2026-06-12T10:13:40.682052+00:00,2026-06-12T10:13:40.685441+00:00,0.003388643264770508,1,results/raw/tier_e_core4_hgb_mlp_timed_expanded/UNSW-NB15_unsw_nb15_official_full_hist_gradient_boosting_a4_split_shift_1.csv,
89,split_construction,UNSW-NB15,unsw_nb15_official_full,1,logistic_regression,,2026-06-12T10:13:40.685526+00:00,2026-06-12T10:13:40.863492+00:00,0.17796635627746582,257673,,
90,preprocessing,UNSW-NB15,unsw_nb15_official_full,1,logistic_regression,,2026-06-12T10:13:40.863616+00:00,2026-06-12T10:13:46.721647+00:00,5.858031272888184,257673,,
91,model_training,UNSW-NB15,unsw_nb15_official_full,1,logistic_regression,,2026-06-12T10:13:46.721783+00:00,2026-06-12T10:14:05.253114+00:00,18.531331777572632,257673,,
92,clean_profile,UNSW-NB15,unsw_nb15_official_full,1,logistic_regression,,2026-06-12T10:14:05.253203+00:00,2026-06-12T10:14:05.338870+00:00,0.08566689491271973,257673,,
93,threat_evaluation,UNSW-NB15,unsw_nb15_official_full,1,logistic_regression,a0_clean,2026-06-12T10:14:05.348074+00:00,2026-06-12T10:14:05.387142+00:00,0.03906750679016113,82332,,
94,result_writing,UNSW-NB15,unsw_nb15_official_full,1,logistic_regression,a0_clean,2026-06-12T10:14:05.387314+00:00,2026-06-12T10:14:05.390745+00:00,0.003431081771850586,1,results/raw/tier_e_core4_hgb_mlp_timed_expanded/UNSW-NB15_unsw_nb15_official_full_logistic_regression_a0_clean_1.csv,
95,threat_evaluation,UNSW-NB15,unsw_nb15_official_full,1,logistic_regression,a1_constrained_feature,2026-06-12T10:14:05.390793+00:00,2026-06-12T10:14:05.765064+00:00,0.3742706775665283,82332,,
96,result_writing,UNSW-NB15,unsw_nb15_official_full,1,logistic_regression,a1_constrained_feature,2026-06-12T10:14:05.765290+00:00,2026-06-12T10:14:05.768804+00:00,0.003513813018798828,1,results/raw/tier_e_core4_hgb_mlp_timed_expanded/UNSW-NB15_unsw_nb15_official_full_logistic_regression_a1_constrained_feature_1.csv,
97,threat_evaluation,UNSW-NB15,unsw_nb15_official_full,1,logistic_regression,a1_constrained_score_search,2026-06-12T10:14:05.768843+00:00,2026-06-12T10:14:06.939193+00:00,1.1703498363494873,82332,,
98,result_writing,UNSW-NB15,unsw_nb15_official_full,1,logistic_regression,a1_constrained_score_search,2026-06-12T10:14:06.939411+00:00,2026-06-12T10:14:06.942875+00:00,0.0034639835357666016,1,results/raw/tier_e_core4_hgb_mlp_timed_expanded/UNSW-NB15_unsw_nb15_official_full_logistic_regression_a1_constrained_score_search_1.csv,
99,threat_evaluation,UNSW-NB15,unsw_nb15_official_full,1,logistic_regression,a4_split_shift,2026-06-12T10:14:06.942918+00:00,2026-06-12T10:14:06.978621+00:00,0.035703182220458984,82332,,
100,result_writing,UNSW-NB15,unsw_nb15_official_full,1,logistic_regression,a4_split_shift,2026-06-12T10:14:06.978783+00:00,2026-06-12T10:14:06.982147+00:00,0.003364086151123047,1,results/raw/tier_e_core4_hgb_mlp_timed_expanded/UNSW-NB15_unsw_nb15_official_full_logistic_regression_a4_split_shift_1.csv,
101,split_construction,UNSW-NB15,unsw_nb15_official_full,1,mlp_sklearn,,2026-06-12T10:14:06.982234+00:00,2026-06-12T10:14:07.161406+00:00,0.17917180061340332,257673,,
102,preprocessing,UNSW-NB15,unsw_nb15_official_full,1,mlp_sklearn,,2026-06-12T10:14:07.161526+00:00,2026-06-12T10:14:13.036221+00:00,5.874695062637329,257673,,
103,model_training,UNSW-NB15,unsw_nb15_official_full,1,mlp_sklearn,,2026-06-12T10:14:13.036393+00:00,2026-06-12T10:14:31.864692+00:00,18.828299283981323,257673,,
104,clean_profile,UNSW-NB15,unsw_nb15_official_full,1,mlp_sklearn,,2026-06-12T10:14:31.864779+00:00,2026-06-12T10:14:32.063074+00:00,0.19829487800598145,257673,,
105,threat_evaluation,UNSW-NB15,unsw_nb15_official_full,1,mlp_sklearn,a0_clean,2026-06-12T10:14:32.073574+00:00,2026-06-12T10:14:32.152564+00:00,0.07898950576782227,82332,,
106,result_writing,UNSW-NB15,unsw_nb15_official_full,1,mlp_sklearn,a0_clean,2026-06-12T10:14:32.152742+00:00,2026-06-12T10:14:32.156288+00:00,0.003545999526977539,1,results/raw/tier_e_core4_hgb_mlp_timed_expanded/UNSW-NB15_unsw_nb15_official_full_mlp_sklearn_a0_clean_1.csv,
107,threat_evaluation,UNSW-NB15,unsw_nb15_official_full,1,mlp_sklearn,a1_constrained_feature,2026-06-12T10:14:32.156341+00:00,2026-06-12T10:14:32.649822+00:00,0.4934806823730469,82332,,
108,result_writing,UNSW-NB15,unsw_nb15_official_full,1,mlp_sklearn,a1_constrained_feature,2026-06-12T10:14:32.650045+00:00,2026-06-12T10:14:32.653563+00:00,0.003518342971801758,1,results/raw/tier_e_core4_hgb_mlp_timed_expanded/UNSW-NB15_unsw_nb15_official_full_mlp_sklearn_a1_constrained_feature_1.csv,
109,threat_evaluation,UNSW-NB15,unsw_nb15_official_full,1,mlp_sklearn,a1_constrained_score_search,2026-06-12T10:14:32.653603+00:00,2026-06-12T10:14:33.967898+00:00,1.3142952919006348,82332,,
110,result_writing,UNSW-NB15,unsw_nb15_official_full,1,mlp_sklearn,a1_constrained_score_search,2026-06-12T10:14:33.968117+00:00,2026-06-12T10:14:33.971557+00:00,0.0034401416778564453,1,results/raw/tier_e_core4_hgb_mlp_timed_expanded/UNSW-NB15_unsw_nb15_official_full_mlp_sklearn_a1_constrained_score_search_1.csv,
111,threat_evaluation,UNSW-NB15,unsw_nb15_official_full,1,mlp_sklearn,a4_split_shift,2026-06-12T10:14:33.971596+00:00,2026-06-12T10:14:34.044935+00:00,0.07333898544311523,82332,,
112,result_writing,UNSW-NB15,unsw_nb15_official_full,1,mlp_sklearn,a4_split_shift,2026-06-12T10:14:34.045103+00:00,2026-06-12T10:14:34.084974+00:00,0.0398707389831543,1,results/raw/tier_e_core4_hgb_mlp_timed_expanded/UNSW-NB15_unsw_nb15_official_full_mlp_sklearn_a4_split_shift_1.csv,
113,split_construction,UNSW-NB15,unsw_nb15_official_full,1,random_forest,,2026-06-12T10:14:34.085067+00:00,2026-06-12T10:14:34.261925+00:00,0.17685747146606445,257673,,
114,preprocessing,UNSW-NB15,unsw_nb15_official_full,1,random_forest,,2026-06-12T10:14:34.262047+00:00,2026-06-12T10:14:40.114615+00:00,5.852567672729492,257673,,
115,model_training,UNSW-NB15,unsw_nb15_official_full,1,random_forest,,2026-06-12T10:14:40.114791+00:00,2026-06-12T10:14:57.055688+00:00,16.94089698791504,257673,,
116,clean_profile,UNSW-NB15,unsw_nb15_official_full,1,random_forest,,2026-06-12T10:14:57.055817+00:00,2026-06-12T10:14:58.713447+00:00,1.6576297283172607,257673,,
117,threat_evaluation,UNSW-NB15,unsw_nb15_official_full,1,random_forest,a0_clean,2026-06-12T10:14:58.723233+00:00,2026-06-12T10:14:59.276040+00:00,0.5528068542480469,82332,,
118,result_writing,UNSW-NB15,unsw_nb15_official_full,1,random_forest,a0_clean,2026-06-12T10:14:59.276208+00:00,2026-06-12T10:14:59.279666+00:00,0.0034580230712890625,1,results/raw/tier_e_core4_hgb_mlp_timed_expanded/UNSW-NB15_unsw_nb15_official_full_random_forest_a0_clean_1.csv,
119,threat_evaluation,UNSW-NB15,unsw_nb15_official_full,1,random_forest,a1_constrained_feature,2026-06-12T10:14:59.279717+00:00,2026-06-12T10:15:00.185676+00:00,0.9059591293334961,82332,,
120,result_writing,UNSW-NB15,unsw_nb15_official_full,1,random_forest,a1_constrained_feature,2026-06-12T10:15:00.185905+00:00,2026-06-12T10:15:00.189463+00:00,0.0035576820373535156,1,results/raw/tier_e_core4_hgb_mlp_timed_expanded/UNSW-NB15_unsw_nb15_official_full_random_forest_a1_constrained_feature_1.csv,
121,threat_evaluation,UNSW-NB15,unsw_nb15_official_full,1,random_forest,a1_constrained_score_search,2026-06-12T10:15:00.189513+00:00,2026-06-12T10:15:03.576315+00:00,3.3868021965026855,82332,,
122,result_writing,UNSW-NB15,unsw_nb15_official_full,1,random_forest,a1_constrained_score_search,2026-06-12T10:15:03.576556+00:00,2026-06-12T10:15:03.580097+00:00,0.003540515899658203,1,results/raw/tier_e_core4_hgb_mlp_timed_expanded/UNSW-NB15_unsw_nb15_official_full_random_forest_a1_constrained_score_search_1.csv,
123,threat_evaluation,UNSW-NB15,unsw_nb15_official_full,1,random_forest,a4_split_shift,2026-06-12T10:15:03.580148+00:00,2026-06-12T10:15:04.133233+00:00,0.5530855655670166,82332,,
124,result_writing,UNSW-NB15,unsw_nb15_official_full,1,random_forest,a4_split_shift,2026-06-12T10:15:04.133404+00:00,2026-06-12T10:15:04.136829+00:00,0.0034246444702148438,1,results/raw/tier_e_core4_hgb_mlp_timed_expanded/UNSW-NB15_unsw_nb15_official_full_random_forest_a4_split_shift_1.csv,
125,dataset_load,UNSW-NB15,unsw_nb15_official_full,2,,,2026-06-12T10:15:04.136883+00:00,2026-06-12T10:15:04.407274+00:00,0.27039170265197754,257673,,
126,preprocess_manifest,UNSW-NB15,unsw_nb15_official_full,2,,,2026-06-12T10:15:04.407418+00:00,2026-06-12T10:15:09.533788+00:00,5.1263697147369385,257673,,
127,split_construction,UNSW-NB15,unsw_nb15_official_full,2,extra_trees,,2026-06-12T10:15:09.533924+00:00,2026-06-12T10:15:09.708806+00:00,0.174882173538208,257673,,
128,preprocessing,UNSW-NB15,unsw_nb15_official_full,2,extra_trees,,2026-06-12T10:15:09.708933+00:00,2026-06-12T10:15:15.613463+00:00,5.904529571533203,257673,,
129,model_training,UNSW-NB15,unsw_nb15_official_full,2,extra_trees,,2026-06-12T10:15:15.613642+00:00,2026-06-12T10:15:35.510033+00:00,19.89639139175415,257673,,
130,clean_profile,UNSW-NB15,unsw_nb15_official_full,2,extra_trees,,2026-06-12T10:15:35.510143+00:00,2026-06-12T10:15:37.916713+00:00,2.4065699577331543,257673,,
131,threat_evaluation,UNSW-NB15,unsw_nb15_official_full,2,extra_trees,a0_clean,2026-06-12T10:15:37.926834+00:00,2026-06-12T10:15:38.730089+00:00,0.8032546043395996,82332,,
132,result_writing,UNSW-NB15,unsw_nb15_official_full,2,extra_trees,a0_clean,2026-06-12T10:15:38.730261+00:00,2026-06-12T10:15:38.733745+00:00,0.0034837722778320312,1,results/raw/tier_e_core4_hgb_mlp_timed_expanded/UNSW-NB15_unsw_nb15_official_full_extra_trees_a0_clean_2.csv,
133,threat_evaluation,UNSW-NB15,unsw_nb15_official_full,2,extra_trees,a1_constrained_feature,2026-06-12T10:15:38.733799+00:00,2026-06-12T10:15:39.857062+00:00,1.123262882232666,82332,,
134,result_writing,UNSW-NB15,unsw_nb15_official_full,2,extra_trees,a1_constrained_feature,2026-06-12T10:15:39.857286+00:00,2026-06-12T10:15:39.860841+00:00,0.0035555362701416016,1,results/raw/tier_e_core4_hgb_mlp_timed_expanded/UNSW-NB15_unsw_nb15_official_full_extra_trees_a1_constrained_feature_2.csv,
135,threat_evaluation,UNSW-NB15,unsw_nb15_official_full,2,extra_trees,a1_constrained_score_search,2026-06-12T10:15:39.860888+00:00,2026-06-12T10:15:44.178420+00:00,4.317532062530518,82332,,
136,result_writing,UNSW-NB15,unsw_nb15_official_full,2,extra_trees,a1_constrained_score_search,2026-06-12T10:15:44.178644+00:00,2026-06-12T10:15:44.182131+00:00,0.0034863948822021484,1,results/raw/tier_e_core4_hgb_mlp_timed_expanded/UNSW-NB15_unsw_nb15_official_full_extra_trees_a1_constrained_score_search_2.csv,
137,threat_evaluation,UNSW-NB15,unsw_nb15_official_full,2,extra_trees,a4_split_shift,2026-06-12T10:15:44.182182+00:00,2026-06-12T10:15:44.985200+00:00,0.8030180931091309,82332,,
138,result_writing,UNSW-NB15,unsw_nb15_official_full,2,extra_trees,a4_split_shift,2026-06-12T10:15:44.985373+00:00,2026-06-12T10:15:44.988801+00:00,0.0034275054931640625,1,results/raw/tier_e_core4_hgb_mlp_timed_expanded/UNSW-NB15_unsw_nb15_official_full_extra_trees_a4_split_shift_2.csv,
139,split_construction,UNSW-NB15,unsw_nb15_official_full,2,hist_gradient_boosting,,2026-06-12T10:15:44.988896+00:00,2026-06-12T10:15:45.178154+00:00,0.18925857543945312,257673,,
140,preprocessing,UNSW-NB15,unsw_nb15_official_full,2,hist_gradient_boosting,,2026-06-12T10:15:45.178273+00:00,2026-06-12T10:15:51.266972+00:00,6.088698387145996,257673,,
141,model_training,UNSW-NB15,unsw_nb15_official_full,2,hist_gradient_boosting,,2026-06-12T10:15:51.267142+00:00,2026-06-12T10:15:58.038960+00:00,6.771818161010742,257673,,
142,clean_profile,UNSW-NB15,unsw_nb15_official_full,2,hist_gradient_boosting,,2026-06-12T10:15:58.039057+00:00,2026-06-12T10:15:58.345505+00:00,0.30644774436950684,257673,,
143,threat_evaluation,UNSW-NB15,unsw_nb15_official_full,2,hist_gradient_boosting,a0_clean,2026-06-12T10:15:58.363203+00:00,2026-06-12T10:15:58.491224+00:00,0.128021240234375,82332,,
144,result_writing,UNSW-NB15,unsw_nb15_official_full,2,hist_gradient_boosting,a0_clean,2026-06-12T10:15:58.491388+00:00,2026-06-12T10:15:58.494869+00:00,0.003480672836303711,1,results/raw/tier_e_core4_hgb_mlp_timed_expanded/UNSW-NB15_unsw_nb15_official_full_hist_gradient_boosting_a0_clean_2.csv,
145,threat_evaluation,UNSW-NB15,unsw_nb15_official_full,2,hist_gradient_boosting,a1_constrained_feature,2026-06-12T10:15:58.494912+00:00,2026-06-12T10:15:58.992756+00:00,0.49784421920776367,82332,,
146,result_writing,UNSW-NB15,unsw_nb15_official_full,2,hist_gradient_boosting,a1_constrained_feature,2026-06-12T10:15:58.992964+00:00,2026-06-12T10:15:58.996528+00:00,0.003564119338989258,1,results/raw/tier_e_core4_hgb_mlp_timed_expanded/UNSW-NB15_unsw_nb15_official_full_hist_gradient_boosting_a1_constrained_feature_2.csv,
147,threat_evaluation,UNSW-NB15,unsw_nb15_official_full,2,hist_gradient_boosting,a1_constrained_score_search,2026-06-12T10:15:58.996570+00:00,2026-06-12T10:16:00.683684+00:00,1.6871142387390137,82332,,
148,result_writing,UNSW-NB15,unsw_nb15_official_full,2,hist_gradient_boosting,a1_constrained_score_search,2026-06-12T10:16:00.683939+00:00,2026-06-12T10:16:00.687391+00:00,0.0034525394439697266,1,results/raw/tier_e_core4_hgb_mlp_timed_expanded/UNSW-NB15_unsw_nb15_official_full_hist_gradient_boosting_a1_constrained_score_search_2.csv,
149,threat_evaluation,UNSW-NB15,unsw_nb15_official_full,2,hist_gradient_boosting,a4_split_shift,2026-06-12T10:16:00.687432+00:00,2026-06-12T10:16:00.791871+00:00,0.10443878173828125,82332,,
150,result_writing,UNSW-NB15,unsw_nb15_official_full,2,hist_gradient_boosting,a4_split_shift,2026-06-12T10:16:00.792040+00:00,2026-06-12T10:16:00.795382+00:00,0.0033416748046875,1,results/raw/tier_e_core4_hgb_mlp_timed_expanded/UNSW-NB15_unsw_nb15_official_full_hist_gradient_boosting_a4_split_shift_2.csv,
151,split_construction,UNSW-NB15,unsw_nb15_official_full,2,logistic_regression,,2026-06-12T10:16:00.795470+00:00,2026-06-12T10:16:00.974862+00:00,0.17939209938049316,257673,,
152,preprocessing,UNSW-NB15,unsw_nb15_official_full,2,logistic_regression,,2026-06-12T10:16:00.974980+00:00,2026-06-12T10:16:06.936405+00:00,5.961425065994263,257673,,
153,model_training,UNSW-NB15,unsw_nb15_official_full,2,logistic_regression,,2026-06-12T10:16:06.936546+00:00,2026-06-12T10:16:26.213844+00:00,19.27729821205139,257673,,
154,clean_profile,UNSW-NB15,unsw_nb15_official_full,2,logistic_regression,,2026-06-12T10:16:26.213935+00:00,2026-06-12T10:16:26.298171+00:00,0.08423542976379395,257673,,
155,threat_evaluation,UNSW-NB15,unsw_nb15_official_full,2,logistic_regression,a0_clean,2026-06-12T10:16:26.307463+00:00,2026-06-12T10:16:26.343494+00:00,0.03603100776672363,82332,,
156,result_writing,UNSW-NB15,unsw_nb15_official_full,2,logistic_regression,a0_clean,2026-06-12T10:16:26.343663+00:00,2026-06-12T10:16:26.347267+00:00,0.003603696823120117,1,results/raw/tier_e_core4_hgb_mlp_timed_expanded/UNSW-NB15_unsw_nb15_official_full_logistic_regression_a0_clean_2.csv,
157,threat_evaluation,UNSW-NB15,unsw_nb15_official_full,2,logistic_regression,a1_constrained_feature,2026-06-12T10:16:26.347319+00:00,2026-06-12T10:16:26.720541+00:00,0.37322235107421875,82332,,
158,result_writing,UNSW-NB15,unsw_nb15_official_full,2,logistic_regression,a1_constrained_feature,2026-06-12T10:16:26.720769+00:00,2026-06-12T10:16:26.724251+00:00,0.0034818649291992188,1,results/raw/tier_e_core4_hgb_mlp_timed_expanded/UNSW-NB15_unsw_nb15_official_full_logistic_regression_a1_constrained_feature_2.csv,
159,threat_evaluation,UNSW-NB15,unsw_nb15_official_full,2,logistic_regression,a1_constrained_score_search,2026-06-12T10:16:26.724293+00:00,2026-06-12T10:16:27.883091+00:00,1.1587979793548584,82332,,
160,result_writing,UNSW-NB15,unsw_nb15_official_full,2,logistic_regression,a1_constrained_score_search,2026-06-12T10:16:27.883302+00:00,2026-06-12T10:16:27.922970+00:00,0.039667367935180664,1,results/raw/tier_e_core4_hgb_mlp_timed_expanded/UNSW-NB15_unsw_nb15_official_full_logistic_regression_a1_constrained_score_search_2.csv,
161,threat_evaluation,UNSW-NB15,unsw_nb15_official_full,2,logistic_regression,a4_split_shift,2026-06-12T10:16:27.923023+00:00,2026-06-12T10:16:27.958932+00:00,0.03590869903564453,82332,,
162,result_writing,UNSW-NB15,unsw_nb15_official_full,2,logistic_regression,a4_split_shift,2026-06-12T10:16:27.959092+00:00,2026-06-12T10:16:27.962447+00:00,0.0033545494079589844,1,results/raw/tier_e_core4_hgb_mlp_timed_expanded/UNSW-NB15_unsw_nb15_official_full_logistic_regression_a4_split_shift_2.csv,
163,split_construction,UNSW-NB15,unsw_nb15_official_full,2,mlp_sklearn,,2026-06-12T10:16:27.962539+00:00,2026-06-12T10:16:28.142293+00:00,0.17975473403930664,257673,,
164,preprocessing,UNSW-NB15,unsw_nb15_official_full,2,mlp_sklearn,,2026-06-12T10:16:28.142415+00:00,2026-06-12T10:16:34.026409+00:00,5.883994817733765,257673,,
165,model_training,UNSW-NB15,unsw_nb15_official_full,2,mlp_sklearn,,2026-06-12T10:16:34.026577+00:00,2026-06-12T10:16:44.481752+00:00,10.455175399780273,257673,,
166,clean_profile,UNSW-NB15,unsw_nb15_official_full,2,mlp_sklearn,,2026-06-12T10:16:44.481841+00:00,2026-06-12T10:16:44.680119+00:00,0.19827842712402344,257673,,
167,threat_evaluation,UNSW-NB15,unsw_nb15_official_full,2,mlp_sklearn,a0_clean,2026-06-12T10:16:44.689063+00:00,2026-06-12T10:16:44.764553+00:00,0.07548975944519043,82332,,
168,result_writing,UNSW-NB15,unsw_nb15_official_full,2,mlp_sklearn,a0_clean,2026-06-12T10:16:44.764724+00:00,2026-06-12T10:16:44.768242+00:00,0.0035181045532226562,1,results/raw/tier_e_core4_hgb_mlp_timed_expanded/UNSW-NB15_unsw_nb15_official_full_mlp_sklearn_a0_clean_2.csv,
169,threat_evaluation,UNSW-NB15,unsw_nb15_official_full,2,mlp_sklearn,a1_constrained_feature,2026-06-12T10:16:44.768293+00:00,2026-06-12T10:16:45.174067+00:00,0.4057736396789551,82332,,
170,result_writing,UNSW-NB15,unsw_nb15_official_full,2,mlp_sklearn,a1_constrained_feature,2026-06-12T10:16:45.174286+00:00,2026-06-12T10:16:45.177749+00:00,0.0034627914428710938,1,results/raw/tier_e_core4_hgb_mlp_timed_expanded/UNSW-NB15_unsw_nb15_official_full_mlp_sklearn_a1_constrained_feature_2.csv,
171,threat_evaluation,UNSW-NB15,unsw_nb15_official_full,2,mlp_sklearn,a1_constrained_score_search,2026-06-12T10:16:45.177788+00:00,2026-06-12T10:16:46.495509+00:00,1.3177218437194824,82332,,
172,result_writing,UNSW-NB15,unsw_nb15_official_full,2,mlp_sklearn,a1_constrained_score_search,2026-06-12T10:16:46.495767+00:00,2026-06-12T10:16:46.499319+00:00,0.003551483154296875,1,results/raw/tier_e_core4_hgb_mlp_timed_expanded/UNSW-NB15_unsw_nb15_official_full_mlp_sklearn_a1_constrained_score_search_2.csv,
173,threat_evaluation,UNSW-NB15,unsw_nb15_official_full,2,mlp_sklearn,a4_split_shift,2026-06-12T10:16:46.499362+00:00,2026-06-12T10:16:46.571908+00:00,0.07254672050476074,82332,,
174,result_writing,UNSW-NB15,unsw_nb15_official_full,2,mlp_sklearn,a4_split_shift,2026-06-12T10:16:46.572076+00:00,2026-06-12T10:16:46.575407+00:00,0.003330707550048828,1,results/raw/tier_e_core4_hgb_mlp_timed_expanded/UNSW-NB15_unsw_nb15_official_full_mlp_sklearn_a4_split_shift_2.csv,
175,split_construction,UNSW-NB15,unsw_nb15_official_full,2,random_forest,,2026-06-12T10:16:46.575493+00:00,2026-06-12T10:16:46.752745+00:00,0.17725205421447754,257673,,
176,preprocessing,UNSW-NB15,unsw_nb15_official_full,2,random_forest,,2026-06-12T10:16:46.752883+00:00,2026-06-12T10:16:52.636538+00:00,5.883654832839966,257673,,
177,model_training,UNSW-NB15,unsw_nb15_official_full,2,random_forest,,2026-06-12T10:16:52.636720+00:00,2026-06-12T10:17:10.091068+00:00,17.454347372055054,257673,,
178,clean_profile,UNSW-NB15,unsw_nb15_official_full,2,random_forest,,2026-06-12T10:17:10.091156+00:00,2026-06-12T10:17:11.700984+00:00,1.6098275184631348,257673,,
179,threat_evaluation,UNSW-NB15,unsw_nb15_official_full,2,random_forest,a0_clean,2026-06-12T10:17:11.710326+00:00,2026-06-12T10:17:12.250921+00:00,0.5405943393707275,82332,,
180,result_writing,UNSW-NB15,unsw_nb15_official_full,2,random_forest,a0_clean,2026-06-12T10:17:12.251093+00:00,2026-06-12T10:17:12.254572+00:00,0.0034787654876708984,1,results/raw/tier_e_core4_hgb_mlp_timed_expanded/UNSW-NB15_unsw_nb15_official_full_random_forest_a0_clean_2.csv,
181,threat_evaluation,UNSW-NB15,unsw_nb15_official_full,2,random_forest,a1_constrained_feature,2026-06-12T10:17:12.254627+00:00,2026-06-12T10:17:13.136831+00:00,0.8822047710418701,82332,,
182,result_writing,UNSW-NB15,unsw_nb15_official_full,2,random_forest,a1_constrained_feature,2026-06-12T10:17:13.137055+00:00,2026-06-12T10:17:13.140585+00:00,0.003529787063598633,1,results/raw/tier_e_core4_hgb_mlp_timed_expanded/UNSW-NB15_unsw_nb15_official_full_random_forest_a1_constrained_feature_2.csv,
183,threat_evaluation,UNSW-NB15,unsw_nb15_official_full,2,random_forest,a1_constrained_score_search,2026-06-12T10:17:13.140641+00:00,2026-06-12T10:17:16.524686+00:00,3.384045124053955,82332,,
184,result_writing,UNSW-NB15,unsw_nb15_official_full,2,random_forest,a1_constrained_score_search,2026-06-12T10:17:16.524914+00:00,2026-06-12T10:17:16.564658+00:00,0.039743900299072266,1,results/raw/tier_e_core4_hgb_mlp_timed_expanded/UNSW-NB15_unsw_nb15_official_full_random_forest_a1_constrained_score_search_2.csv,
185,threat_evaluation,UNSW-NB15,unsw_nb15_official_full,2,random_forest,a4_split_shift,2026-06-12T10:17:16.564735+00:00,2026-06-12T10:17:17.113426+00:00,0.5486910343170166,82332,,
186,result_writing,UNSW-NB15,unsw_nb15_official_full,2,random_forest,a4_split_shift,2026-06-12T10:17:17.113597+00:00,2026-06-12T10:17:17.117065+00:00,0.003468036651611328,1,results/raw/tier_e_core4_hgb_mlp_timed_expanded/UNSW-NB15_unsw_nb15_official_full_random_forest_a4_split_shift_2.csv,
187,dataset_load,UNSW-NB15,unsw_nb15_official_full,3,,,2026-06-12T10:17:17.117117+00:00,2026-06-12T10:17:17.361074+00:00,0.2439568042755127,257673,,
188,preprocess_manifest,UNSW-NB15,unsw_nb15_official_full,3,,,2026-06-12T10:17:17.361218+00:00,2026-06-12T10:17:22.591855+00:00,5.230637073516846,257673,,
189,split_construction,UNSW-NB15,unsw_nb15_official_full,3,extra_trees,,2026-06-12T10:17:22.591997+00:00,2026-06-12T10:17:22.768857+00:00,0.17686009407043457,257673,,
190,preprocessing,UNSW-NB15,unsw_nb15_official_full,3,extra_trees,,2026-06-12T10:17:22.768981+00:00,2026-06-12T10:17:28.782458+00:00,6.013476848602295,257673,,
191,model_training,UNSW-NB15,unsw_nb15_official_full,3,extra_trees,,2026-06-12T10:17:28.782643+00:00,2026-06-12T10:17:49.116055+00:00,20.333412647247314,257673,,
192,clean_profile,UNSW-NB15,unsw_nb15_official_full,3,extra_trees,,2026-06-12T10:17:49.116152+00:00,2026-06-12T10:17:51.587273+00:00,2.471120595932007,257673,,
193,threat_evaluation,UNSW-NB15,unsw_nb15_official_full,3,extra_trees,a0_clean,2026-06-12T10:17:51.598271+00:00,2026-06-12T10:17:52.416959+00:00,0.818688154220581,82332,,
194,result_writing,UNSW-NB15,unsw_nb15_official_full,3,extra_trees,a0_clean,2026-06-12T10:17:52.417129+00:00,2026-06-12T10:17:52.420626+00:00,0.0034973621368408203,1,results/raw/tier_e_core4_hgb_mlp_timed_expanded/UNSW-NB15_unsw_nb15_official_full_extra_trees_a0_clean_3.csv,
195,threat_evaluation,UNSW-NB15,unsw_nb15_official_full,3,extra_trees,a1_constrained_feature,2026-06-12T10:17:52.420677+00:00,2026-06-12T10:17:53.642886+00:00,1.2222087383270264,82332,,
196,result_writing,UNSW-NB15,unsw_nb15_official_full,3,extra_trees,a1_constrained_feature,2026-06-12T10:17:53.643113+00:00,2026-06-12T10:17:53.646638+00:00,0.0035257339477539062,1,results/raw/tier_e_core4_hgb_mlp_timed_expanded/UNSW-NB15_unsw_nb15_official_full_extra_trees_a1_constrained_feature_3.csv,
197,threat_evaluation,UNSW-NB15,unsw_nb15_official_full,3,extra_trees,a1_constrained_score_search,2026-06-12T10:17:53.646690+00:00,2026-06-12T10:17:58.072272+00:00,4.42558217048645,82332,,
198,result_writing,UNSW-NB15,unsw_nb15_official_full,3,extra_trees,a1_constrained_score_search,2026-06-12T10:17:58.072502+00:00,2026-06-12T10:17:58.076051+00:00,0.003548860549926758,1,results/raw/tier_e_core4_hgb_mlp_timed_expanded/UNSW-NB15_unsw_nb15_official_full_extra_trees_a1_constrained_score_search_3.csv,
199,threat_evaluation,UNSW-NB15,unsw_nb15_official_full,3,extra_trees,a4_split_shift,2026-06-12T10:17:58.076101+00:00,2026-06-12T10:17:58.891507+00:00,0.8154058456420898,82332,,
200,result_writing,UNSW-NB15,unsw_nb15_official_full,3,extra_trees,a4_split_shift,2026-06-12T10:17:58.891684+00:00,2026-06-12T10:17:58.895096+00:00,0.003412008285522461,1,results/raw/tier_e_core4_hgb_mlp_timed_expanded/UNSW-NB15_unsw_nb15_official_full_extra_trees_a4_split_shift_3.csv,
201,split_construction,UNSW-NB15,unsw_nb15_official_full,3,hist_gradient_boosting,,2026-06-12T10:17:58.895189+00:00,2026-06-12T10:17:59.082602+00:00,0.18741297721862793,257673,,
202,preprocessing,UNSW-NB15,unsw_nb15_official_full,3,hist_gradient_boosting,,2026-06-12T10:17:59.082744+00:00,2026-06-12T10:18:05.133624+00:00,6.050880193710327,257673,,
203,model_training,UNSW-NB15,unsw_nb15_official_full,3,hist_gradient_boosting,,2026-06-12T10:18:05.133798+00:00,2026-06-12T10:18:12.018058+00:00,6.884260177612305,257673,,
204,clean_profile,UNSW-NB15,unsw_nb15_official_full,3,hist_gradient_boosting,,2026-06-12T10:18:12.018157+00:00,2026-06-12T10:18:12.318662+00:00,0.3005053997039795,257673,,
205,threat_evaluation,UNSW-NB15,unsw_nb15_official_full,3,hist_gradient_boosting,a0_clean,2026-06-12T10:18:12.328897+00:00,2026-06-12T10:18:12.458704+00:00,0.1298069953918457,82332,,
206,result_writing,UNSW-NB15,unsw_nb15_official_full,3,hist_gradient_boosting,a0_clean,2026-06-12T10:18:12.458872+00:00,2026-06-12T10:18:12.462338+00:00,0.0034661293029785156,1,results/raw/tier_e_core4_hgb_mlp_timed_expanded/UNSW-NB15_unsw_nb15_official_full_hist_gradient_boosting_a0_clean_3.csv,
207,threat_evaluation,UNSW-NB15,unsw_nb15_official_full,3,hist_gradient_boosting,a1_constrained_feature,2026-06-12T10:18:12.462385+00:00,2026-06-12T10:18:12.955648+00:00,0.49326276779174805,82332,,
208,result_writing,UNSW-NB15,unsw_nb15_official_full,3,hist_gradient_boosting,a1_constrained_feature,2026-06-12T10:18:12.955892+00:00,2026-06-12T10:18:12.959407+00:00,0.003515005111694336,1,results/raw/tier_e_core4_hgb_mlp_timed_expanded/UNSW-NB15_unsw_nb15_official_full_hist_gradient_boosting_a1_constrained_feature_3.csv,
209,threat_evaluation,UNSW-NB15,unsw_nb15_official_full,3,hist_gradient_boosting,a1_constrained_score_search,2026-06-12T10:18:12.959449+00:00,2026-06-12T10:18:14.683449+00:00,1.7239997386932373,82332,,
210,result_writing,UNSW-NB15,unsw_nb15_official_full,3,hist_gradient_boosting,a1_constrained_score_search,2026-06-12T10:18:14.683647+00:00,2026-06-12T10:18:14.687145+00:00,0.0034983158111572266,1,results/raw/tier_e_core4_hgb_mlp_timed_expanded/UNSW-NB15_unsw_nb15_official_full_hist_gradient_boosting_a1_constrained_score_search_3.csv,
211,threat_evaluation,UNSW-NB15,unsw_nb15_official_full,3,hist_gradient_boosting,a4_split_shift,2026-06-12T10:18:14.687185+00:00,2026-06-12T10:18:14.791590+00:00,0.10440492630004883,82332,,
212,result_writing,UNSW-NB15,unsw_nb15_official_full,3,hist_gradient_boosting,a4_split_shift,2026-06-12T10:18:14.791786+00:00,2026-06-12T10:18:14.795120+00:00,0.003334522247314453,1,results/raw/tier_e_core4_hgb_mlp_timed_expanded/UNSW-NB15_unsw_nb15_official_full_hist_gradient_boosting_a4_split_shift_3.csv,
213,split_construction,UNSW-NB15,unsw_nb15_official_full,3,logistic_regression,,2026-06-12T10:18:14.795206+00:00,2026-06-12T10:18:14.967989+00:00,0.17278313636779785,257673,,
214,preprocessing,UNSW-NB15,unsw_nb15_official_full,3,logistic_regression,,2026-06-12T10:18:14.968103+00:00,2026-06-12T10:18:20.849122+00:00,5.881018877029419,257673,,
215,model_training,UNSW-NB15,unsw_nb15_official_full,3,logistic_regression,,2026-06-12T10:18:20.849261+00:00,2026-06-12T10:18:40.653609+00:00,19.80434775352478,257673,,
216,clean_profile,UNSW-NB15,unsw_nb15_official_full,3,logistic_regression,,2026-06-12T10:18:40.653696+00:00,2026-06-12T10:18:40.737286+00:00,0.08359050750732422,257673,,
217,threat_evaluation,UNSW-NB15,unsw_nb15_official_full,3,logistic_regression,a0_clean,2026-06-12T10:18:40.746253+00:00,2026-06-12T10:18:40.782374+00:00,0.03612160682678223,82332,,
218,result_writing,UNSW-NB15,unsw_nb15_official_full,3,logistic_regression,a0_clean,2026-06-12T10:18:40.782540+00:00,2026-06-12T10:18:40.785984+00:00,0.003443479537963867,1,results/raw/tier_e_core4_hgb_mlp_timed_expanded/UNSW-NB15_unsw_nb15_official_full_logistic_regression_a0_clean_3.csv,
219,threat_evaluation,UNSW-NB15,unsw_nb15_official_full,3,logistic_regression,a1_constrained_feature,2026-06-12T10:18:40.786033+00:00,2026-06-12T10:18:41.158195+00:00,0.372161865234375,82332,,
220,result_writing,UNSW-NB15,unsw_nb15_official_full,3,logistic_regression,a1_constrained_feature,2026-06-12T10:18:41.158413+00:00,2026-06-12T10:18:41.161914+00:00,0.0035009384155273438,1,results/raw/tier_e_core4_hgb_mlp_timed_expanded/UNSW-NB15_unsw_nb15_official_full_logistic_regression_a1_constrained_feature_3.csv,
221,threat_evaluation,UNSW-NB15,unsw_nb15_official_full,3,logistic_regression,a1_constrained_score_search,2026-06-12T10:18:41.161956+00:00,2026-06-12T10:18:42.313241+00:00,1.151285171508789,82332,,
222,result_writing,UNSW-NB15,unsw_nb15_official_full,3,logistic_regression,a1_constrained_score_search,2026-06-12T10:18:42.313458+00:00,2026-06-12T10:18:42.316972+00:00,0.0035130977630615234,1,results/raw/tier_e_core4_hgb_mlp_timed_expanded/UNSW-NB15_unsw_nb15_official_full_logistic_regression_a1_constrained_score_search_3.csv,
223,threat_evaluation,UNSW-NB15,unsw_nb15_official_full,3,logistic_regression,a4_split_shift,2026-06-12T10:18:42.317015+00:00,2026-06-12T10:18:42.352577+00:00,0.03556251525878906,82332,,
224,result_writing,UNSW-NB15,unsw_nb15_official_full,3,logistic_regression,a4_split_shift,2026-06-12T10:18:42.352884+00:00,2026-06-12T10:18:42.356202+00:00,0.0033180713653564453,1,results/raw/tier_e_core4_hgb_mlp_timed_expanded/UNSW-NB15_unsw_nb15_official_full_logistic_regression_a4_split_shift_3.csv,
225,split_construction,UNSW-NB15,unsw_nb15_official_full,3,mlp_sklearn,,2026-06-12T10:18:42.356288+00:00,2026-06-12T10:18:42.528799+00:00,0.17251038551330566,257673,,
226,preprocessing,UNSW-NB15,unsw_nb15_official_full,3,mlp_sklearn,,2026-06-12T10:18:42.528920+00:00,2026-06-12T10:18:48.414373+00:00,5.88545298576355,257673,,
227,model_training,UNSW-NB15,unsw_nb15_official_full,3,mlp_sklearn,,2026-06-12T10:18:48.414538+00:00,2026-06-12T10:19:13.080356+00:00,24.665817737579346,257673,,
228,clean_profile,UNSW-NB15,unsw_nb15_official_full,3,mlp_sklearn,,2026-06-12T10:19:13.080442+00:00,2026-06-12T10:19:13.278911+00:00,0.1984694004058838,257673,,
229,threat_evaluation,UNSW-NB15,unsw_nb15_official_full,3,mlp_sklearn,a0_clean,2026-06-12T10:19:13.287487+00:00,2026-06-12T10:19:13.361605+00:00,0.07411789894104004,82332,,
230,result_writing,UNSW-NB15,unsw_nb15_official_full,3,mlp_sklearn,a0_clean,2026-06-12T10:19:13.361788+00:00,2026-06-12T10:19:13.365303+00:00,0.003515481948852539,1,results/raw/tier_e_core4_hgb_mlp_timed_expanded/UNSW-NB15_unsw_nb15_official_full_mlp_sklearn_a0_clean_3.csv,
231,threat_evaluation,UNSW-NB15,unsw_nb15_official_full,3,mlp_sklearn,a1_constrained_feature,2026-06-12T10:19:13.365355+00:00,2026-06-12T10:19:13.772759+00:00,0.40740394592285156,82332,,
232,result_writing,UNSW-NB15,unsw_nb15_official_full,3,mlp_sklearn,a1_constrained_feature,2026-06-12T10:19:13.772967+00:00,2026-06-12T10:19:13.776513+00:00,0.003545522689819336,1,results/raw/tier_e_core4_hgb_mlp_timed_expanded/UNSW-NB15_unsw_nb15_official_full_mlp_sklearn_a1_constrained_feature_3.csv,
233,threat_evaluation,UNSW-NB15,unsw_nb15_official_full,3,mlp_sklearn,a1_constrained_score_search,2026-06-12T10:19:13.776554+00:00,2026-06-12T10:19:15.085229+00:00,1.3086750507354736,82332,,
234,result_writing,UNSW-NB15,unsw_nb15_official_full,3,mlp_sklearn,a1_constrained_score_search,2026-06-12T10:19:15.085458+00:00,2026-06-12T10:19:15.088967+00:00,0.0035092830657958984,1,results/raw/tier_e_core4_hgb_mlp_timed_expanded/UNSW-NB15_unsw_nb15_official_full_mlp_sklearn_a1_constrained_score_search_3.csv,
235,threat_evaluation,UNSW-NB15,unsw_nb15_official_full,3,mlp_sklearn,a4_split_shift,2026-06-12T10:19:15.089007+00:00,2026-06-12T10:19:15.162010+00:00,0.07300305366516113,82332,,
236,result_writing,UNSW-NB15,unsw_nb15_official_full,3,mlp_sklearn,a4_split_shift,2026-06-12T10:19:15.162179+00:00,2026-06-12T10:19:15.165559+00:00,0.0033795833587646484,1,results/raw/tier_e_core4_hgb_mlp_timed_expanded/UNSW-NB15_unsw_nb15_official_full_mlp_sklearn_a4_split_shift_3.csv,
237,split_construction,UNSW-NB15,unsw_nb15_official_full,3,random_forest,,2026-06-12T10:19:15.165640+00:00,2026-06-12T10:19:15.339329+00:00,0.1736898422241211,257673,,
238,preprocessing,UNSW-NB15,unsw_nb15_official_full,3,random_forest,,2026-06-12T10:19:15.339452+00:00,2026-06-12T10:19:21.224144+00:00,5.884692907333374,257673,,
239,model_training,UNSW-NB15,unsw_nb15_official_full,3,random_forest,,2026-06-12T10:19:21.224326+00:00,2026-06-12T10:19:37.825310+00:00,16.60098433494568,257673,,
240,clean_profile,UNSW-NB15,unsw_nb15_official_full,3,random_forest,,2026-06-12T10:19:37.825402+00:00,2026-06-12T10:19:39.426603+00:00,1.601200819015503,257673,,
241,threat_evaluation,UNSW-NB15,unsw_nb15_official_full,3,random_forest,a0_clean,2026-06-12T10:19:39.435049+00:00,2026-06-12T10:19:39.970900+00:00,0.535851001739502,82332,,
242,result_writing,UNSW-NB15,unsw_nb15_official_full,3,random_forest,a0_clean,2026-06-12T10:19:39.971075+00:00,2026-06-12T10:19:39.974569+00:00,0.003494739532470703,1,results/raw/tier_e_core4_hgb_mlp_timed_expanded/UNSW-NB15_unsw_nb15_official_full_random_forest_a0_clean_3.csv,
243,threat_evaluation,UNSW-NB15,unsw_nb15_official_full,3,random_forest,a1_constrained_feature,2026-06-12T10:19:39.974622+00:00,2026-06-12T10:19:40.939704+00:00,0.9650819301605225,82332,,
244,result_writing,UNSW-NB15,unsw_nb15_official_full,3,random_forest,a1_constrained_feature,2026-06-12T10:19:40.939960+00:00,2026-06-12T10:19:40.943456+00:00,0.003495931625366211,1,results/raw/tier_e_core4_hgb_mlp_timed_expanded/UNSW-NB15_unsw_nb15_official_full_random_forest_a1_constrained_feature_3.csv,
245,threat_evaluation,UNSW-NB15,unsw_nb15_official_full,3,random_forest,a1_constrained_score_search,2026-06-12T10:19:40.943508+00:00,2026-06-12T10:19:44.296339+00:00,3.3528311252593994,82332,,
246,result_writing,UNSW-NB15,unsw_nb15_official_full,3,random_forest,a1_constrained_score_search,2026-06-12T10:19:44.296559+00:00,2026-06-12T10:19:44.300151+00:00,0.003592252731323242,1,results/raw/tier_e_core4_hgb_mlp_timed_expanded/UNSW-NB15_unsw_nb15_official_full_random_forest_a1_constrained_score_search_3.csv,
247,threat_evaluation,UNSW-NB15,unsw_nb15_official_full,3,random_forest,a4_split_shift,2026-06-12T10:19:44.300205+00:00,2026-06-12T10:19:44.841155+00:00,0.5409500598907471,82332,,
248,result_writing,UNSW-NB15,unsw_nb15_official_full,3,random_forest,a4_split_shift,2026-06-12T10:19:44.841325+00:00,2026-06-12T10:19:44.844844+00:00,0.0035190582275390625,1,results/raw/tier_e_core4_hgb_mlp_timed_expanded/UNSW-NB15_unsw_nb15_official_full_random_forest_a4_split_shift_3.csv,
249,dataset_load,UNSW-NB15,unsw_nb15_official_full,4,,,2026-06-12T10:19:44.844897+00:00,2026-06-12T10:19:45.078182+00:00,0.23328590393066406,257673,,
250,preprocess_manifest,UNSW-NB15,unsw_nb15_official_full,4,,,2026-06-12T10:19:45.078328+00:00,2026-06-12T10:19:50.281956+00:00,5.2036285400390625,257673,,
251,split_construction,UNSW-NB15,unsw_nb15_official_full,4,extra_trees,,2026-06-12T10:19:50.282119+00:00,2026-06-12T10:19:50.458640+00:00,0.17652058601379395,257673,,
252,preprocessing,UNSW-NB15,unsw_nb15_official_full,4,extra_trees,,2026-06-12T10:19:50.458759+00:00,2026-06-12T10:19:56.497147+00:00,6.038387298583984,257673,,
253,model_training,UNSW-NB15,unsw_nb15_official_full,4,extra_trees,,2026-06-12T10:19:56.497326+00:00,2026-06-12T10:20:16.302800+00:00,19.805473804473877,257673,,
254,clean_profile,UNSW-NB15,unsw_nb15_official_full,4,extra_trees,,2026-06-12T10:20:16.302889+00:00,2026-06-12T10:20:18.671430+00:00,2.3685414791107178,257673,,
255,threat_evaluation,UNSW-NB15,unsw_nb15_official_full,4,extra_trees,a0_clean,2026-06-12T10:20:18.680654+00:00,2026-06-12T10:20:19.465646+00:00,0.7849912643432617,82332,,
256,result_writing,UNSW-NB15,unsw_nb15_official_full,4,extra_trees,a0_clean,2026-06-12T10:20:19.465824+00:00,2026-06-12T10:20:19.469271+00:00,0.0034470558166503906,1,results/raw/tier_e_core4_hgb_mlp_timed_expanded/UNSW-NB15_unsw_nb15_official_full_extra_trees_a0_clean_4.csv,
257,threat_evaluation,UNSW-NB15,unsw_nb15_official_full,4,extra_trees,a1_constrained_feature,2026-06-12T10:20:19.469327+00:00,2026-06-12T10:20:20.571677+00:00,1.1023504734039307,82332,,
258,result_writing,UNSW-NB15,unsw_nb15_official_full,4,extra_trees,a1_constrained_feature,2026-06-12T10:20:20.571940+00:00,2026-06-12T10:20:20.575403+00:00,0.003462553024291992,1,results/raw/tier_e_core4_hgb_mlp_timed_expanded/UNSW-NB15_unsw_nb15_official_full_extra_trees_a1_constrained_feature_4.csv,
259,threat_evaluation,UNSW-NB15,unsw_nb15_official_full,4,extra_trees,a1_constrained_score_search,2026-06-12T10:20:20.575454+00:00,2026-06-12T10:20:24.857188+00:00,4.281733274459839,82332,,
260,result_writing,UNSW-NB15,unsw_nb15_official_full,4,extra_trees,a1_constrained_score_search,2026-06-12T10:20:24.857419+00:00,2026-06-12T10:20:24.860931+00:00,0.003512144088745117,1,results/raw/tier_e_core4_hgb_mlp_timed_expanded/UNSW-NB15_unsw_nb15_official_full_extra_trees_a1_constrained_score_search_4.csv,
261,threat_evaluation,UNSW-NB15,unsw_nb15_official_full,4,extra_trees,a4_split_shift,2026-06-12T10:20:24.860982+00:00,2026-06-12T10:20:25.649799+00:00,0.7888169288635254,82332,,
262,result_writing,UNSW-NB15,unsw_nb15_official_full,4,extra_trees,a4_split_shift,2026-06-12T10:20:25.649970+00:00,2026-06-12T10:20:25.653453+00:00,0.003482341766357422,1,results/raw/tier_e_core4_hgb_mlp_timed_expanded/UNSW-NB15_unsw_nb15_official_full_extra_trees_a4_split_shift_4.csv,
263,split_construction,UNSW-NB15,unsw_nb15_official_full,4,hist_gradient_boosting,,2026-06-12T10:20:25.653546+00:00,2026-06-12T10:20:25.839875+00:00,0.18632888793945312,257673,,
264,preprocessing,UNSW-NB15,unsw_nb15_official_full,4,hist_gradient_boosting,,2026-06-12T10:20:25.839998+00:00,2026-06-12T10:20:31.902833+00:00,6.0628345012664795,257673,,
265,model_training,UNSW-NB15,unsw_nb15_official_full,4,hist_gradient_boosting,,2026-06-12T10:20:31.903002+00:00,2026-06-12T10:20:38.693353+00:00,6.790351867675781,257673,,
266,clean_profile,UNSW-NB15,unsw_nb15_official_full,4,hist_gradient_boosting,,2026-06-12T10:20:38.693452+00:00,2026-06-12T10:20:38.966141+00:00,0.2726888656616211,257673,,
267,threat_evaluation,UNSW-NB15,unsw_nb15_official_full,4,hist_gradient_boosting,a0_clean,2026-06-12T10:20:38.979434+00:00,2026-06-12T10:20:39.075398+00:00,0.09596371650695801,82332,,
268,result_writing,UNSW-NB15,unsw_nb15_official_full,4,hist_gradient_boosting,a0_clean,2026-06-12T10:20:39.075568+00:00,2026-06-12T10:20:39.079000+00:00,0.0034322738647460938,1,results/raw/tier_e_core4_hgb_mlp_timed_expanded/UNSW-NB15_unsw_nb15_official_full_hist_gradient_boosting_a0_clean_4.csv,
269,threat_evaluation,UNSW-NB15,unsw_nb15_official_full,4,hist_gradient_boosting,a1_constrained_feature,2026-06-12T10:20:39.079045+00:00,2026-06-12T10:20:39.563986+00:00,0.4849410057067871,82332,,
270,result_writing,UNSW-NB15,unsw_nb15_official_full,4,hist_gradient_boosting,a1_constrained_feature,2026-06-12T10:20:39.564209+00:00,2026-06-12T10:20:39.567707+00:00,0.003498077392578125,1,results/raw/tier_e_core4_hgb_mlp_timed_expanded/UNSW-NB15_unsw_nb15_official_full_hist_gradient_boosting_a1_constrained_feature_4.csv,
271,threat_evaluation,UNSW-NB15,unsw_nb15_official_full,4,hist_gradient_boosting,a1_constrained_score_search,2026-06-12T10:20:39.567787+00:00,2026-06-12T10:20:41.314646+00:00,1.746859073638916,82332,,
272,result_writing,UNSW-NB15,unsw_nb15_official_full,4,hist_gradient_boosting,a1_constrained_score_search,2026-06-12T10:20:41.314874+00:00,2026-06-12T10:20:41.318449+00:00,0.0035753250122070312,1,results/raw/tier_e_core4_hgb_mlp_timed_expanded/UNSW-NB15_unsw_nb15_official_full_hist_gradient_boosting_a1_constrained_score_search_4.csv,
273,threat_evaluation,UNSW-NB15,unsw_nb15_official_full,4,hist_gradient_boosting,a4_split_shift,2026-06-12T10:20:41.318491+00:00,2026-06-12T10:20:41.446451+00:00,0.1279599666595459,82332,,
274,result_writing,UNSW-NB15,unsw_nb15_official_full,4,hist_gradient_boosting,a4_split_shift,2026-06-12T10:20:41.446615+00:00,2026-06-12T10:20:41.450012+00:00,0.0033979415893554688,1,results/raw/tier_e_core4_hgb_mlp_timed_expanded/UNSW-NB15_unsw_nb15_official_full_hist_gradient_boosting_a4_split_shift_4.csv,
275,split_construction,UNSW-NB15,unsw_nb15_official_full,4,logistic_regression,,2026-06-12T10:20:41.450100+00:00,2026-06-12T10:20:41.626316+00:00,0.17621541023254395,257673,,
276,preprocessing,UNSW-NB15,unsw_nb15_official_full,4,logistic_regression,,2026-06-12T10:20:41.626440+00:00,2026-06-12T10:20:47.550802+00:00,5.924361705780029,257673,,
277,model_training,UNSW-NB15,unsw_nb15_official_full,4,logistic_regression,,2026-06-12T10:20:47.550942+00:00,2026-06-12T10:21:06.538807+00:00,18.98786497116089,257673,,
278,clean_profile,UNSW-NB15,unsw_nb15_official_full,4,logistic_regression,,2026-06-12T10:21:06.538895+00:00,2026-06-12T10:21:06.622875+00:00,0.08397936820983887,257673,,
279,threat_evaluation,UNSW-NB15,unsw_nb15_official_full,4,logistic_regression,a0_clean,2026-06-12T10:21:06.632290+00:00,2026-06-12T10:21:06.668414+00:00,0.03612351417541504,82332,,
280,result_writing,UNSW-NB15,unsw_nb15_official_full,4,logistic_regression,a0_clean,2026-06-12T10:21:06.668588+00:00,2026-06-12T10:21:06.672034+00:00,0.003446340560913086,1,results/raw/tier_e_core4_hgb_mlp_timed_expanded/UNSW-NB15_unsw_nb15_official_full_logistic_regression_a0_clean_4.csv,
281,threat_evaluation,UNSW-NB15,unsw_nb15_official_full,4,logistic_regression,a1_constrained_feature,2026-06-12T10:21:06.672082+00:00,2026-06-12T10:21:07.045856+00:00,0.37377381324768066,82332,,
282,result_writing,UNSW-NB15,unsw_nb15_official_full,4,logistic_regression,a1_constrained_feature,2026-06-12T10:21:07.046070+00:00,2026-06-12T10:21:07.049551+00:00,0.003481149673461914,1,results/raw/tier_e_core4_hgb_mlp_timed_expanded/UNSW-NB15_unsw_nb15_official_full_logistic_regression_a1_constrained_feature_4.csv,
283,threat_evaluation,UNSW-NB15,unsw_nb15_official_full,4,logistic_regression,a1_constrained_score_search,2026-06-12T10:21:07.049591+00:00,2026-06-12T10:21:08.193965+00:00,1.144373893737793,82332,,
284,result_writing,UNSW-NB15,unsw_nb15_official_full,4,logistic_regression,a1_constrained_score_search,2026-06-12T10:21:08.194189+00:00,2026-06-12T10:21:08.197747+00:00,0.0035583972930908203,1,results/raw/tier_e_core4_hgb_mlp_timed_expanded/UNSW-NB15_unsw_nb15_official_full_logistic_regression_a1_constrained_score_search_4.csv,
285,threat_evaluation,UNSW-NB15,unsw_nb15_official_full,4,logistic_regression,a4_split_shift,2026-06-12T10:21:08.197787+00:00,2026-06-12T10:21:08.233440+00:00,0.03565335273742676,82332,,
286,result_writing,UNSW-NB15,unsw_nb15_official_full,4,logistic_regression,a4_split_shift,2026-06-12T10:21:08.233603+00:00,2026-06-12T10:21:08.236989+00:00,0.0033864974975585938,1,results/raw/tier_e_core4_hgb_mlp_timed_expanded/UNSW-NB15_unsw_nb15_official_full_logistic_regression_a4_split_shift_4.csv,
287,split_construction,UNSW-NB15,unsw_nb15_official_full,4,mlp_sklearn,,2026-06-12T10:21:08.237073+00:00,2026-06-12T10:21:08.414279+00:00,0.17720651626586914,257673,,
288,preprocessing,UNSW-NB15,unsw_nb15_official_full,4,mlp_sklearn,,2026-06-12T10:21:08.414389+00:00,2026-06-12T10:21:14.413985+00:00,5.99959659576416,257673,,
289,model_training,UNSW-NB15,unsw_nb15_official_full,4,mlp_sklearn,,2026-06-12T10:21:14.414155+00:00,2026-06-12T10:21:29.495574+00:00,15.081419229507446,257673,,
290,clean_profile,UNSW-NB15,unsw_nb15_official_full,4,mlp_sklearn,,2026-06-12T10:21:29.495661+00:00,2026-06-12T10:21:29.692652+00:00,0.196990966796875,257673,,
291,threat_evaluation,UNSW-NB15,unsw_nb15_official_full,4,mlp_sklearn,a0_clean,2026-06-12T10:21:29.701518+00:00,2026-06-12T10:21:29.775479+00:00,0.07396125793457031,82332,,
292,result_writing,UNSW-NB15,unsw_nb15_official_full,4,mlp_sklearn,a0_clean,2026-06-12T10:21:29.775656+00:00,2026-06-12T10:21:29.779118+00:00,0.003462553024291992,1,results/raw/tier_e_core4_hgb_mlp_timed_expanded/UNSW-NB15_unsw_nb15_official_full_mlp_sklearn_a0_clean_4.csv,
293,threat_evaluation,UNSW-NB15,unsw_nb15_official_full,4,mlp_sklearn,a1_constrained_feature,2026-06-12T10:21:29.779169+00:00,2026-06-12T10:21:30.187069+00:00,0.407900333404541,82332,,
294,result_writing,UNSW-NB15,unsw_nb15_official_full,4,mlp_sklearn,a1_constrained_feature,2026-06-12T10:21:30.187292+00:00,2026-06-12T10:21:30.190797+00:00,0.0035047531127929688,1,results/raw/tier_e_core4_hgb_mlp_timed_expanded/UNSW-NB15_unsw_nb15_official_full_mlp_sklearn_a1_constrained_feature_4.csv,
295,threat_evaluation,UNSW-NB15,unsw_nb15_official_full,4,mlp_sklearn,a1_constrained_score_search,2026-06-12T10:21:30.190838+00:00,2026-06-12T10:21:31.493059+00:00,1.3022215366363525,82332,,
296,result_writing,UNSW-NB15,unsw_nb15_official_full,4,mlp_sklearn,a1_constrained_score_search,2026-06-12T10:21:31.493283+00:00,2026-06-12T10:21:31.496841+00:00,0.003557920455932617,1,results/raw/tier_e_core4_hgb_mlp_timed_expanded/UNSW-NB15_unsw_nb15_official_full_mlp_sklearn_a1_constrained_score_search_4.csv,
297,threat_evaluation,UNSW-NB15,unsw_nb15_official_full,4,mlp_sklearn,a4_split_shift,2026-06-12T10:21:31.496879+00:00,2026-06-12T10:21:31.569942+00:00,0.07306289672851562,82332,,
298,result_writing,UNSW-NB15,unsw_nb15_official_full,4,mlp_sklearn,a4_split_shift,2026-06-12T10:21:31.570108+00:00,2026-06-12T10:21:31.573598+00:00,0.003490447998046875,1,results/raw/tier_e_core4_hgb_mlp_timed_expanded/UNSW-NB15_unsw_nb15_official_full_mlp_sklearn_a4_split_shift_4.csv,
299,split_construction,UNSW-NB15,unsw_nb15_official_full,4,random_forest,,2026-06-12T10:21:31.573687+00:00,2026-06-12T10:21:31.751158+00:00,0.17747092247009277,257673,,
300,preprocessing,UNSW-NB15,unsw_nb15_official_full,4,random_forest,,2026-06-12T10:21:31.751278+00:00,2026-06-12T10:21:37.669090+00:00,5.917811393737793,257673,,
301,model_training,UNSW-NB15,unsw_nb15_official_full,4,random_forest,,2026-06-12T10:21:37.669272+00:00,2026-06-12T10:21:54.345861+00:00,16.676589250564575,257673,,
302,clean_profile,UNSW-NB15,unsw_nb15_official_full,4,random_forest,,2026-06-12T10:21:54.345953+00:00,2026-06-12T10:21:55.931227+00:00,1.5852746963500977,257673,,
303,threat_evaluation,UNSW-NB15,unsw_nb15_official_full,4,random_forest,a0_clean,2026-06-12T10:21:55.940181+00:00,2026-06-12T10:21:56.472522+00:00,0.5323405265808105,82332,,
304,result_writing,UNSW-NB15,unsw_nb15_official_full,4,random_forest,a0_clean,2026-06-12T10:21:56.472693+00:00,2026-06-12T10:21:56.476180+00:00,0.0034868717193603516,1,results/raw/tier_e_core4_hgb_mlp_timed_expanded/UNSW-NB15_unsw_nb15_official_full_random_forest_a0_clean_4.csv,
305,threat_evaluation,UNSW-NB15,unsw_nb15_official_full,4,random_forest,a1_constrained_feature,2026-06-12T10:21:56.476230+00:00,2026-06-12T10:21:57.353488+00:00,0.8772578239440918,82332,,
306,result_writing,UNSW-NB15,unsw_nb15_official_full,4,random_forest,a1_constrained_feature,2026-06-12T10:21:57.353716+00:00,2026-06-12T10:21:57.357218+00:00,0.003502368927001953,1,results/raw/tier_e_core4_hgb_mlp_timed_expanded/UNSW-NB15_unsw_nb15_official_full_random_forest_a1_constrained_feature_4.csv,
307,threat_evaluation,UNSW-NB15,unsw_nb15_official_full,4,random_forest,a1_constrained_score_search,2026-06-12T10:21:57.357270+00:00,2026-06-12T10:22:00.673496+00:00,3.316226005554199,82332,,
308,result_writing,UNSW-NB15,unsw_nb15_official_full,4,random_forest,a1_constrained_score_search,2026-06-12T10:22:00.673719+00:00,2026-06-12T10:22:00.677393+00:00,0.0036737918853759766,1,results/raw/tier_e_core4_hgb_mlp_timed_expanded/UNSW-NB15_unsw_nb15_official_full_random_forest_a1_constrained_score_search_4.csv,
309,threat_evaluation,UNSW-NB15,unsw_nb15_official_full,4,random_forest,a4_split_shift,2026-06-12T10:22:00.677442+00:00,2026-06-12T10:22:01.208704+00:00,0.5312621593475342,82332,,
310,result_writing,UNSW-NB15,unsw_nb15_official_full,4,random_forest,a4_split_shift,2026-06-12T10:22:01.208876+00:00,2026-06-12T10:22:01.212359+00:00,0.0034830570220947266,1,results/raw/tier_e_core4_hgb_mlp_timed_expanded/UNSW-NB15_unsw_nb15_official_full_random_forest_a4_split_shift_4.csv,
311,dataset_load,UNSW-NB15,unsw_nb15_official_full,5,,,2026-06-12T10:22:01.212412+00:00,2026-06-12T10:22:01.474306+00:00,0.26189446449279785,257673,,
312,preprocess_manifest,UNSW-NB15,unsw_nb15_official_full,5,,,2026-06-12T10:22:01.474446+00:00,2026-06-12T10:22:06.683789+00:00,5.209343433380127,257673,,
313,split_construction,UNSW-NB15,unsw_nb15_official_full,5,extra_trees,,2026-06-12T10:22:06.683932+00:00,2026-06-12T10:22:06.857765+00:00,0.17383337020874023,257673,,
314,preprocessing,UNSW-NB15,unsw_nb15_official_full,5,extra_trees,,2026-06-12T10:22:06.857890+00:00,2026-06-12T10:22:12.846704+00:00,5.98881459236145,257673,,
315,model_training,UNSW-NB15,unsw_nb15_official_full,5,extra_trees,,2026-06-12T10:22:12.846888+00:00,2026-06-12T10:22:32.603814+00:00,19.75692653656006,257673,,
316,clean_profile,UNSW-NB15,unsw_nb15_official_full,5,extra_trees,,2026-06-12T10:22:32.603908+00:00,2026-06-12T10:22:34.937558+00:00,2.333650588989258,257673,,
317,threat_evaluation,UNSW-NB15,unsw_nb15_official_full,5,extra_trees,a0_clean,2026-06-12T10:22:34.952037+00:00,2026-06-12T10:22:35.747118+00:00,0.7950811386108398,82332,,
318,result_writing,UNSW-NB15,unsw_nb15_official_full,5,extra_trees,a0_clean,2026-06-12T10:22:35.747300+00:00,2026-06-12T10:22:35.750772+00:00,0.0034716129302978516,1,results/raw/tier_e_core4_hgb_mlp_timed_expanded/UNSW-NB15_unsw_nb15_official_full_extra_trees_a0_clean_5.csv,
319,threat_evaluation,UNSW-NB15,unsw_nb15_official_full,5,extra_trees,a1_constrained_feature,2026-06-12T10:22:35.750825+00:00,2026-06-12T10:22:36.857640+00:00,1.1068153381347656,82332,,
320,result_writing,UNSW-NB15,unsw_nb15_official_full,5,extra_trees,a1_constrained_feature,2026-06-12T10:22:36.857865+00:00,2026-06-12T10:22:36.861420+00:00,0.0035550594329833984,1,results/raw/tier_e_core4_hgb_mlp_timed_expanded/UNSW-NB15_unsw_nb15_official_full_extra_trees_a1_constrained_feature_5.csv,
321,threat_evaluation,UNSW-NB15,unsw_nb15_official_full,5,extra_trees,a1_constrained_score_search,2026-06-12T10:22:36.861472+00:00,2026-06-12T10:22:41.233513+00:00,4.372040271759033,82332,,
322,result_writing,UNSW-NB15,unsw_nb15_official_full,5,extra_trees,a1_constrained_score_search,2026-06-12T10:22:41.233755+00:00,2026-06-12T10:22:41.237316+00:00,0.0035610198974609375,1,results/raw/tier_e_core4_hgb_mlp_timed_expanded/UNSW-NB15_unsw_nb15_official_full_extra_trees_a1_constrained_score_search_5.csv,
323,threat_evaluation,UNSW-NB15,unsw_nb15_official_full,5,extra_trees,a4_split_shift,2026-06-12T10:22:41.237364+00:00,2026-06-12T10:22:42.019678+00:00,0.7823143005371094,82332,,
324,result_writing,UNSW-NB15,unsw_nb15_official_full,5,extra_trees,a4_split_shift,2026-06-12T10:22:42.019905+00:00,2026-06-12T10:22:42.023253+00:00,0.0033473968505859375,1,results/raw/tier_e_core4_hgb_mlp_timed_expanded/UNSW-NB15_unsw_nb15_official_full_extra_trees_a4_split_shift_5.csv,
325,split_construction,UNSW-NB15,unsw_nb15_official_full,5,hist_gradient_boosting,,2026-06-12T10:22:42.023340+00:00,2026-06-12T10:22:42.210364+00:00,0.18702435493469238,257673,,
326,preprocessing,UNSW-NB15,unsw_nb15_official_full,5,hist_gradient_boosting,,2026-06-12T10:22:42.210478+00:00,2026-06-12T10:22:48.206579+00:00,5.9961018562316895,257673,,
327,model_training,UNSW-NB15,unsw_nb15_official_full,5,hist_gradient_boosting,,2026-06-12T10:22:48.206751+00:00,2026-06-12T10:22:54.945567+00:00,6.738816499710083,257673,,
328,clean_profile,UNSW-NB15,unsw_nb15_official_full,5,hist_gradient_boosting,,2026-06-12T10:22:54.945662+00:00,2026-06-12T10:22:55.222346+00:00,0.2766835689544678,257673,,
329,threat_evaluation,UNSW-NB15,unsw_nb15_official_full,5,hist_gradient_boosting,a0_clean,2026-06-12T10:22:55.235258+00:00,2026-06-12T10:22:55.333966+00:00,0.09870743751525879,82332,,
330,result_writing,UNSW-NB15,unsw_nb15_official_full,5,hist_gradient_boosting,a0_clean,2026-06-12T10:22:55.334143+00:00,2026-06-12T10:22:55.337622+00:00,0.0034792423248291016,1,results/raw/tier_e_core4_hgb_mlp_timed_expanded/UNSW-NB15_unsw_nb15_official_full_hist_gradient_boosting_a0_clean_5.csv,
331,threat_evaluation,UNSW-NB15,unsw_nb15_official_full,5,hist_gradient_boosting,a1_constrained_feature,2026-06-12T10:22:55.337670+00:00,2026-06-12T10:22:55.913640+00:00,0.5759706497192383,82332,,
332,result_writing,UNSW-NB15,unsw_nb15_official_full,5,hist_gradient_boosting,a1_constrained_feature,2026-06-12T10:22:55.913853+00:00,2026-06-12T10:22:55.917405+00:00,0.0035517215728759766,1,results/raw/tier_e_core4_hgb_mlp_timed_expanded/UNSW-NB15_unsw_nb15_official_full_hist_gradient_boosting_a1_constrained_feature_5.csv,
333,threat_evaluation,UNSW-NB15,unsw_nb15_official_full,5,hist_gradient_boosting,a1_constrained_score_search,2026-06-12T10:22:55.917447+00:00,2026-06-12T10:22:57.678350+00:00,1.7609035968780518,82332,,
334,result_writing,UNSW-NB15,unsw_nb15_official_full,5,hist_gradient_boosting,a1_constrained_score_search,2026-06-12T10:22:57.678554+00:00,2026-06-12T10:22:57.682215+00:00,0.0036611557006835938,1,results/raw/tier_e_core4_hgb_mlp_timed_expanded/UNSW-NB15_unsw_nb15_official_full_hist_gradient_boosting_a1_constrained_score_search_5.csv,
335,threat_evaluation,UNSW-NB15,unsw_nb15_official_full,5,hist_gradient_boosting,a4_split_shift,2026-06-12T10:22:57.682257+00:00,2026-06-12T10:22:57.789942+00:00,0.10768485069274902,82332,,
336,result_writing,UNSW-NB15,unsw_nb15_official_full,5,hist_gradient_boosting,a4_split_shift,2026-06-12T10:22:57.790108+00:00,2026-06-12T10:22:57.793475+00:00,0.0033669471740722656,1,results/raw/tier_e_core4_hgb_mlp_timed_expanded/UNSW-NB15_unsw_nb15_official_full_hist_gradient_boosting_a4_split_shift_5.csv,
337,split_construction,UNSW-NB15,unsw_nb15_official_full,5,logistic_regression,,2026-06-12T10:22:57.793562+00:00,2026-06-12T10:22:57.973178+00:00,0.17961573600769043,257673,,
338,preprocessing,UNSW-NB15,unsw_nb15_official_full,5,logistic_regression,,2026-06-12T10:22:57.973302+00:00,2026-06-12T10:23:03.900132+00:00,5.926830291748047,257673,,
339,model_training,UNSW-NB15,unsw_nb15_official_full,5,logistic_regression,,2026-06-12T10:23:03.900272+00:00,2026-06-12T10:23:22.881722+00:00,18.98145055770874,257673,,
340,clean_profile,UNSW-NB15,unsw_nb15_official_full,5,logistic_regression,,2026-06-12T10:23:22.881812+00:00,2026-06-12T10:23:22.965821+00:00,0.08400940895080566,257673,,
341,threat_evaluation,UNSW-NB15,unsw_nb15_official_full,5,logistic_regression,a0_clean,2026-06-12T10:23:22.975282+00:00,2026-06-12T10:23:23.011417+00:00,0.036135196685791016,82332,,
342,result_writing,UNSW-NB15,unsw_nb15_official_full,5,logistic_regression,a0_clean,2026-06-12T10:23:23.011588+00:00,2026-06-12T10:23:23.015058+00:00,0.0034694671630859375,1,results/raw/tier_e_core4_hgb_mlp_timed_expanded/UNSW-NB15_unsw_nb15_official_full_logistic_regression_a0_clean_5.csv,
343,threat_evaluation,UNSW-NB15,unsw_nb15_official_full,5,logistic_regression,a1_constrained_feature,2026-06-12T10:23:23.015109+00:00,2026-06-12T10:23:23.388202+00:00,0.3730936050415039,82332,,
344,result_writing,UNSW-NB15,unsw_nb15_official_full,5,logistic_regression,a1_constrained_feature,2026-06-12T10:23:23.388405+00:00,2026-06-12T10:23:23.391916+00:00,0.0035102367401123047,1,results/raw/tier_e_core4_hgb_mlp_timed_expanded/UNSW-NB15_unsw_nb15_official_full_logistic_regression_a1_constrained_feature_5.csv,
345,threat_evaluation,UNSW-NB15,unsw_nb15_official_full,5,logistic_regression,a1_constrained_score_search,2026-06-12T10:23:23.391957+00:00,2026-06-12T10:23:24.592360+00:00,1.2004034519195557,82332,,
346,result_writing,UNSW-NB15,unsw_nb15_official_full,5,logistic_regression,a1_constrained_score_search,2026-06-12T10:23:24.592588+00:00,2026-06-12T10:23:24.596083+00:00,0.003495454788208008,1,results/raw/tier_e_core4_hgb_mlp_timed_expanded/UNSW-NB15_unsw_nb15_official_full_logistic_regression_a1_constrained_score_search_5.csv,
347,threat_evaluation,UNSW-NB15,unsw_nb15_official_full,5,logistic_regression,a4_split_shift,2026-06-12T10:23:24.596124+00:00,2026-06-12T10:23:24.631955+00:00,0.03583097457885742,82332,,
348,result_writing,UNSW-NB15,unsw_nb15_official_full,5,logistic_regression,a4_split_shift,2026-06-12T10:23:24.632126+00:00,2026-06-12T10:23:24.635437+00:00,0.0033113956451416016,1,results/raw/tier_e_core4_hgb_mlp_timed_expanded/UNSW-NB15_unsw_nb15_official_full_logistic_regression_a4_split_shift_5.csv,
349,split_construction,UNSW-NB15,unsw_nb15_official_full,5,mlp_sklearn,,2026-06-12T10:23:24.635520+00:00,2026-06-12T10:23:24.813586+00:00,0.17806649208068848,257673,,
350,preprocessing,UNSW-NB15,unsw_nb15_official_full,5,mlp_sklearn,,2026-06-12T10:23:24.813703+00:00,2026-06-12T10:23:30.702011+00:00,5.888307571411133,257673,,
351,model_training,UNSW-NB15,unsw_nb15_official_full,5,mlp_sklearn,,2026-06-12T10:23:30.702175+00:00,2026-06-12T10:23:47.066230+00:00,16.364054679870605,257673,,
352,clean_profile,UNSW-NB15,unsw_nb15_official_full,5,mlp_sklearn,,2026-06-12T10:23:47.066315+00:00,2026-06-12T10:23:47.270570+00:00,0.2042543888092041,257673,,
353,threat_evaluation,UNSW-NB15,unsw_nb15_official_full,5,mlp_sklearn,a0_clean,2026-06-12T10:23:47.279680+00:00,2026-06-12T10:23:47.354067+00:00,0.0743873119354248,82332,,
354,result_writing,UNSW-NB15,unsw_nb15_official_full,5,mlp_sklearn,a0_clean,2026-06-12T10:23:47.354243+00:00,2026-06-12T10:23:47.357749+00:00,0.003506183624267578,1,results/raw/tier_e_core4_hgb_mlp_timed_expanded/UNSW-NB15_unsw_nb15_official_full_mlp_sklearn_a0_clean_5.csv,
355,threat_evaluation,UNSW-NB15,unsw_nb15_official_full,5,mlp_sklearn,a1_constrained_feature,2026-06-12T10:23:47.357800+00:00,2026-06-12T10:23:47.768735+00:00,0.4109351634979248,82332,,
356,result_writing,UNSW-NB15,unsw_nb15_official_full,5,mlp_sklearn,a1_constrained_feature,2026-06-12T10:23:47.768968+00:00,2026-06-12T10:23:47.772506+00:00,0.0035371780395507812,1,results/raw/tier_e_core4_hgb_mlp_timed_expanded/UNSW-NB15_unsw_nb15_official_full_mlp_sklearn_a1_constrained_feature_5.csv,
357,threat_evaluation,UNSW-NB15,unsw_nb15_official_full,5,mlp_sklearn,a1_constrained_score_search,2026-06-12T10:23:47.772546+00:00,2026-06-12T10:23:49.131919+00:00,1.3593733310699463,82332,,
358,result_writing,UNSW-NB15,unsw_nb15_official_full,5,mlp_sklearn,a1_constrained_score_search,2026-06-12T10:23:49.132144+00:00,2026-06-12T10:23:49.135640+00:00,0.0034956932067871094,1,results/raw/tier_e_core4_hgb_mlp_timed_expanded/UNSW-NB15_unsw_nb15_official_full_mlp_sklearn_a1_constrained_score_search_5.csv,
359,threat_evaluation,UNSW-NB15,unsw_nb15_official_full,5,mlp_sklearn,a4_split_shift,2026-06-12T10:23:49.135679+00:00,2026-06-12T10:23:49.209616+00:00,0.07393646240234375,82332,,
360,result_writing,UNSW-NB15,unsw_nb15_official_full,5,mlp_sklearn,a4_split_shift,2026-06-12T10:23:49.209800+00:00,2026-06-12T10:23:49.213194+00:00,0.003393411636352539,1,results/raw/tier_e_core4_hgb_mlp_timed_expanded/UNSW-NB15_unsw_nb15_official_full_mlp_sklearn_a4_split_shift_5.csv,
361,split_construction,UNSW-NB15,unsw_nb15_official_full,5,random_forest,,2026-06-12T10:23:49.213280+00:00,2026-06-12T10:23:49.391510+00:00,0.17823028564453125,257673,,
362,preprocessing,UNSW-NB15,unsw_nb15_official_full,5,random_forest,,2026-06-12T10:23:49.391623+00:00,2026-06-12T10:23:55.284512+00:00,5.892888784408569,257673,,
363,model_training,UNSW-NB15,unsw_nb15_official_full,5,random_forest,,2026-06-12T10:23:55.284693+00:00,2026-06-12T10:24:12.323515+00:00,17.038821697235107,257673,,
364,clean_profile,UNSW-NB15,unsw_nb15_official_full,5,random_forest,,2026-06-12T10:24:12.323604+00:00,2026-06-12T10:24:13.912823+00:00,1.589219570159912,257673,,
365,threat_evaluation,UNSW-NB15,unsw_nb15_official_full,5,random_forest,a0_clean,2026-06-12T10:24:13.921912+00:00,2026-06-12T10:24:14.452825+00:00,0.5309128761291504,82332,,
366,result_writing,UNSW-NB15,unsw_nb15_official_full,5,random_forest,a0_clean,2026-06-12T10:24:14.452993+00:00,2026-06-12T10:24:14.456470+00:00,0.003476858139038086,1,results/raw/tier_e_core4_hgb_mlp_timed_expanded/UNSW-NB15_unsw_nb15_official_full_random_forest_a0_clean_5.csv,
367,threat_evaluation,UNSW-NB15,unsw_nb15_official_full,5,random_forest,a1_constrained_feature,2026-06-12T10:24:14.456522+00:00,2026-06-12T10:24:15.324386+00:00,0.8678648471832275,82332,,
368,result_writing,UNSW-NB15,unsw_nb15_official_full,5,random_forest,a1_constrained_feature,2026-06-12T10:24:15.324616+00:00,2026-06-12T10:24:15.328154+00:00,0.0035376548767089844,1,results/raw/tier_e_core4_hgb_mlp_timed_expanded/UNSW-NB15_unsw_nb15_official_full_random_forest_a1_constrained_feature_5.csv,
369,threat_evaluation,UNSW-NB15,unsw_nb15_official_full,5,random_forest,a1_constrained_score_search,2026-06-12T10:24:15.328206+00:00,2026-06-12T10:24:18.722342+00:00,3.3941361904144287,82332,,
370,result_writing,UNSW-NB15,unsw_nb15_official_full,5,random_forest,a1_constrained_score_search,2026-06-12T10:24:18.722568+00:00,2026-06-12T10:24:18.726134+00:00,0.003565549850463867,1,results/raw/tier_e_core4_hgb_mlp_timed_expanded/UNSW-NB15_unsw_nb15_official_full_random_forest_a1_constrained_score_search_5.csv,
371,threat_evaluation,UNSW-NB15,unsw_nb15_official_full,5,random_forest,a4_split_shift,2026-06-12T10:24:18.726182+00:00,2026-06-12T10:24:19.255508+00:00,0.5293252468109131,82332,,
372,result_writing,UNSW-NB15,unsw_nb15_official_full,5,random_forest,a4_split_shift,2026-06-12T10:24:19.255675+00:00,2026-06-12T10:24:19.259138+00:00,0.0034630298614501953,1,results/raw/tier_e_core4_hgb_mlp_timed_expanded/UNSW-NB15_unsw_nb15_official_full_random_forest_a4_split_shift_5.csv,
373,dataset_load,UNSW-NB15,unsw_nb15_official_full,6,,,2026-06-12T10:24:19.259191+00:00,2026-06-12T10:24:19.502857+00:00,0.2436659336090088,257673,,
374,preprocess_manifest,UNSW-NB15,unsw_nb15_official_full,6,,,2026-06-12T10:24:19.502991+00:00,2026-06-12T10:24:24.602008+00:00,5.099016189575195,257673,,
375,split_construction,UNSW-NB15,unsw_nb15_official_full,6,extra_trees,,2026-06-12T10:24:24.602196+00:00,2026-06-12T10:24:24.779920+00:00,0.17772316932678223,257673,,
376,preprocessing,UNSW-NB15,unsw_nb15_official_full,6,extra_trees,,2026-06-12T10:24:24.780030+00:00,2026-06-12T10:24:30.743895+00:00,5.963864803314209,257673,,
377,model_training,UNSW-NB15,unsw_nb15_official_full,6,extra_trees,,2026-06-12T10:24:30.744075+00:00,2026-06-12T10:24:50.713122+00:00,19.96904706954956,257673,,
378,clean_profile,UNSW-NB15,unsw_nb15_official_full,6,extra_trees,,2026-06-12T10:24:50.713211+00:00,2026-06-12T10:24:53.090812+00:00,2.3776016235351562,257673,,
379,threat_evaluation,UNSW-NB15,unsw_nb15_official_full,6,extra_trees,a0_clean,2026-06-12T10:24:53.100009+00:00,2026-06-12T10:24:53.893736+00:00,0.793726921081543,82332,,
380,result_writing,UNSW-NB15,unsw_nb15_official_full,6,extra_trees,a0_clean,2026-06-12T10:24:53.893905+00:00,2026-06-12T10:24:53.897390+00:00,0.003484964370727539,1,results/raw/tier_e_core4_hgb_mlp_timed_expanded/UNSW-NB15_unsw_nb15_official_full_extra_trees_a0_clean_6.csv,
381,threat_evaluation,UNSW-NB15,unsw_nb15_official_full,6,extra_trees,a1_constrained_feature,2026-06-12T10:24:53.897440+00:00,2026-06-12T10:24:55.009123+00:00,1.1116828918457031,82332,,
382,result_writing,UNSW-NB15,unsw_nb15_official_full,6,extra_trees,a1_constrained_feature,2026-06-12T10:24:55.009351+00:00,2026-06-12T10:24:55.012841+00:00,0.003489971160888672,1,results/raw/tier_e_core4_hgb_mlp_timed_expanded/UNSW-NB15_unsw_nb15_official_full_extra_trees_a1_constrained_feature_6.csv,
383,threat_evaluation,UNSW-NB15,unsw_nb15_official_full,6,extra_trees,a1_constrained_score_search,2026-06-12T10:24:55.012891+00:00,2026-06-12T10:24:59.358317+00:00,4.345425605773926,82332,,
384,result_writing,UNSW-NB15,unsw_nb15_official_full,6,extra_trees,a1_constrained_score_search,2026-06-12T10:24:59.358548+00:00,2026-06-12T10:24:59.362078+00:00,0.003529787063598633,1,results/raw/tier_e_core4_hgb_mlp_timed_expanded/UNSW-NB15_unsw_nb15_official_full_extra_trees_a1_constrained_score_search_6.csv,
385,threat_evaluation,UNSW-NB15,unsw_nb15_official_full,6,extra_trees,a4_split_shift,2026-06-12T10:24:59.362130+00:00,2026-06-12T10:25:00.155436+00:00,0.7933063507080078,82332,,
386,result_writing,UNSW-NB15,unsw_nb15_official_full,6,extra_trees,a4_split_shift,2026-06-12T10:25:00.155607+00:00,2026-06-12T10:25:00.159104+00:00,0.003496885299682617,1,results/raw/tier_e_core4_hgb_mlp_timed_expanded/UNSW-NB15_unsw_nb15_official_full_extra_trees_a4_split_shift_6.csv,
387,split_construction,UNSW-NB15,unsw_nb15_official_full,6,hist_gradient_boosting,,2026-06-12T10:25:00.159201+00:00,2026-06-12T10:25:00.346059+00:00,0.1868581771850586,257673,,
388,preprocessing,UNSW-NB15,unsw_nb15_official_full,6,hist_gradient_boosting,,2026-06-12T10:25:00.346182+00:00,2026-06-12T10:25:06.362047+00:00,6.015865087509155,257673,,
389,model_training,UNSW-NB15,unsw_nb15_official_full,6,hist_gradient_boosting,,2026-06-12T10:25:06.362214+00:00,2026-06-12T10:25:13.192545+00:00,6.830330848693848,257673,,
390,clean_profile,UNSW-NB15,unsw_nb15_official_full,6,hist_gradient_boosting,,2026-06-12T10:25:13.192641+00:00,2026-06-12T10:25:13.470297+00:00,0.27765536308288574,257673,,
391,threat_evaluation,UNSW-NB15,unsw_nb15_official_full,6,hist_gradient_boosting,a0_clean,2026-06-12T10:25:13.479643+00:00,2026-06-12T10:25:13.578514+00:00,0.09887075424194336,82332,,
392,result_writing,UNSW-NB15,unsw_nb15_official_full,6,hist_gradient_boosting,a0_clean,2026-06-12T10:25:13.578677+00:00,2026-06-12T10:25:13.582151+00:00,0.003473997116088867,1,results/raw/tier_e_core4_hgb_mlp_timed_expanded/UNSW-NB15_unsw_nb15_official_full_hist_gradient_boosting_a0_clean_6.csv,
393,threat_evaluation,UNSW-NB15,unsw_nb15_official_full,6,hist_gradient_boosting,a1_constrained_feature,2026-06-12T10:25:13.582194+00:00,2026-06-12T10:25:14.071944+00:00,0.4897499084472656,82332,,
394,result_writing,UNSW-NB15,unsw_nb15_official_full,6,hist_gradient_boosting,a1_constrained_feature,2026-06-12T10:25:14.072148+00:00,2026-06-12T10:25:14.075659+00:00,0.0035109519958496094,1,results/raw/tier_e_core4_hgb_mlp_timed_expanded/UNSW-NB15_unsw_nb15_official_full_hist_gradient_boosting_a1_constrained_feature_6.csv,
395,threat_evaluation,UNSW-NB15,unsw_nb15_official_full,6,hist_gradient_boosting,a1_constrained_score_search,2026-06-12T10:25:14.075700+00:00,2026-06-12T10:25:15.802986+00:00,1.7272868156433105,82332,,
396,result_writing,UNSW-NB15,unsw_nb15_official_full,6,hist_gradient_boosting,a1_constrained_score_search,2026-06-12T10:25:15.803218+00:00,2026-06-12T10:25:15.806795+00:00,0.003577709197998047,1,results/raw/tier_e_core4_hgb_mlp_timed_expanded/UNSW-NB15_unsw_nb15_official_full_hist_gradient_boosting_a1_constrained_score_search_6.csv,
397,threat_evaluation,UNSW-NB15,unsw_nb15_official_full,6,hist_gradient_boosting,a4_split_shift,2026-06-12T10:25:15.806838+00:00,2026-06-12T10:25:15.921046+00:00,0.11420822143554688,82332,,
398,result_writing,UNSW-NB15,unsw_nb15_official_full,6,hist_gradient_boosting,a4_split_shift,2026-06-12T10:25:15.921211+00:00,2026-06-12T10:25:15.924577+00:00,0.003366231918334961,1,results/raw/tier_e_core4_hgb_mlp_timed_expanded/UNSW-NB15_unsw_nb15_official_full_hist_gradient_boosting_a4_split_shift_6.csv,
399,split_construction,UNSW-NB15,unsw_nb15_official_full,6,logistic_regression,,2026-06-12T10:25:15.924662+00:00,2026-06-12T10:25:16.098121+00:00,0.17345929145812988,257673,,
400,preprocessing,UNSW-NB15,unsw_nb15_official_full,6,logistic_regression,,2026-06-12T10:25:16.098242+00:00,2026-06-12T10:25:21.999501+00:00,5.901258945465088,257673,,
401,model_training,UNSW-NB15,unsw_nb15_official_full,6,logistic_regression,,2026-06-12T10:25:21.999642+00:00,2026-06-12T10:25:41.618292+00:00,19.61864972114563,257673,,
402,clean_profile,UNSW-NB15,unsw_nb15_official_full,6,logistic_regression,,2026-06-12T10:25:41.618393+00:00,2026-06-12T10:25:41.702687+00:00,0.08429312705993652,257673,,
403,threat_evaluation,UNSW-NB15,unsw_nb15_official_full,6,logistic_regression,a0_clean,2026-06-12T10:25:41.717223+00:00,2026-06-12T10:25:41.753495+00:00,0.03627204895019531,82332,,
404,result_writing,UNSW-NB15,unsw_nb15_official_full,6,logistic_regression,a0_clean,2026-06-12T10:25:41.753669+00:00,2026-06-12T10:25:41.757154+00:00,0.003485441207885742,1,results/raw/tier_e_core4_hgb_mlp_timed_expanded/UNSW-NB15_unsw_nb15_official_full_logistic_regression_a0_clean_6.csv,
405,threat_evaluation,UNSW-NB15,unsw_nb15_official_full,6,logistic_regression,a1_constrained_feature,2026-06-12T10:25:41.757206+00:00,2026-06-12T10:25:42.130842+00:00,0.37363648414611816,82332,,
406,result_writing,UNSW-NB15,unsw_nb15_official_full,6,logistic_regression,a1_constrained_feature,2026-06-12T10:25:42.131061+00:00,2026-06-12T10:25:42.134582+00:00,0.003520488739013672,1,results/raw/tier_e_core4_hgb_mlp_timed_expanded/UNSW-NB15_unsw_nb15_official_full_logistic_regression_a1_constrained_feature_6.csv,
407,threat_evaluation,UNSW-NB15,unsw_nb15_official_full,6,logistic_regression,a1_constrained_score_search,2026-06-12T10:25:42.134623+00:00,2026-06-12T10:25:43.334648+00:00,1.2000257968902588,82332,,
408,result_writing,UNSW-NB15,unsw_nb15_official_full,6,logistic_regression,a1_constrained_score_search,2026-06-12T10:25:43.334867+00:00,2026-06-12T10:25:43.338389+00:00,0.0035223960876464844,1,results/raw/tier_e_core4_hgb_mlp_timed_expanded/UNSW-NB15_unsw_nb15_official_full_logistic_regression_a1_constrained_score_search_6.csv,
409,threat_evaluation,UNSW-NB15,unsw_nb15_official_full,6,logistic_regression,a4_split_shift,2026-06-12T10:25:43.338431+00:00,2026-06-12T10:25:43.374051+00:00,0.03561997413635254,82332,,
410,result_writing,UNSW-NB15,unsw_nb15_official_full,6,logistic_regression,a4_split_shift,2026-06-12T10:25:43.374215+00:00,2026-06-12T10:25:43.377710+00:00,0.0034952163696289062,1,results/raw/tier_e_core4_hgb_mlp_timed_expanded/UNSW-NB15_unsw_nb15_official_full_logistic_regression_a4_split_shift_6.csv,
411,split_construction,UNSW-NB15,unsw_nb15_official_full,6,mlp_sklearn,,2026-06-12T10:25:43.377804+00:00,2026-06-12T10:25:43.555613+00:00,0.1778097152709961,257673,,
412,preprocessing,UNSW-NB15,unsw_nb15_official_full,6,mlp_sklearn,,2026-06-12T10:25:43.555734+00:00,2026-06-12T10:25:49.485667+00:00,5.929933547973633,257673,,
413,model_training,UNSW-NB15,unsw_nb15_official_full,6,mlp_sklearn,,2026-06-12T10:25:49.485840+00:00,2026-06-12T10:26:04.100051+00:00,14.614210844039917,257673,,
414,clean_profile,UNSW-NB15,unsw_nb15_official_full,6,mlp_sklearn,,2026-06-12T10:26:04.100138+00:00,2026-06-12T10:26:04.299033+00:00,0.19889450073242188,257673,,
415,threat_evaluation,UNSW-NB15,unsw_nb15_official_full,6,mlp_sklearn,a0_clean,2026-06-12T10:26:04.307986+00:00,2026-06-12T10:26:04.382551+00:00,0.07456493377685547,82332,,
416,result_writing,UNSW-NB15,unsw_nb15_official_full,6,mlp_sklearn,a0_clean,2026-06-12T10:26:04.382727+00:00,2026-06-12T10:26:04.386220+00:00,0.003493070602416992,1,results/raw/tier_e_core4_hgb_mlp_timed_expanded/UNSW-NB15_unsw_nb15_official_full_mlp_sklearn_a0_clean_6.csv,
417,threat_evaluation,UNSW-NB15,unsw_nb15_official_full,6,mlp_sklearn,a1_constrained_feature,2026-06-12T10:26:04.386268+00:00,2026-06-12T10:26:04.795980+00:00,0.409712553024292,82332,,
418,result_writing,UNSW-NB15,unsw_nb15_official_full,6,mlp_sklearn,a1_constrained_feature,2026-06-12T10:26:04.796207+00:00,2026-06-12T10:26:04.799743+00:00,0.003535747528076172,1,results/raw/tier_e_core4_hgb_mlp_timed_expanded/UNSW-NB15_unsw_nb15_official_full_mlp_sklearn_a1_constrained_feature_6.csv,
419,threat_evaluation,UNSW-NB15,unsw_nb15_official_full,6,mlp_sklearn,a1_constrained_score_search,2026-06-12T10:26:04.799786+00:00,2026-06-12T10:26:06.158386+00:00,1.35860013961792,82332,,
420,result_writing,UNSW-NB15,unsw_nb15_official_full,6,mlp_sklearn,a1_constrained_score_search,2026-06-12T10:26:06.158603+00:00,2026-06-12T10:26:06.162158+00:00,0.003554821014404297,1,results/raw/tier_e_core4_hgb_mlp_timed_expanded/UNSW-NB15_unsw_nb15_official_full_mlp_sklearn_a1_constrained_score_search_6.csv,
421,threat_evaluation,UNSW-NB15,unsw_nb15_official_full,6,mlp_sklearn,a4_split_shift,2026-06-12T10:26:06.162199+00:00,2026-06-12T10:26:06.235329+00:00,0.07312941551208496,82332,,
422,result_writing,UNSW-NB15,unsw_nb15_official_full,6,mlp_sklearn,a4_split_shift,2026-06-12T10:26:06.235501+00:00,2026-06-12T10:26:06.238885+00:00,0.0033845901489257812,1,results/raw/tier_e_core4_hgb_mlp_timed_expanded/UNSW-NB15_unsw_nb15_official_full_mlp_sklearn_a4_split_shift_6.csv,
423,split_construction,UNSW-NB15,unsw_nb15_official_full,6,random_forest,,2026-06-12T10:26:06.238969+00:00,2026-06-12T10:26:06.418423+00:00,0.17945337295532227,257673,,
424,preprocessing,UNSW-NB15,unsw_nb15_official_full,6,random_forest,,2026-06-12T10:26:06.418544+00:00,2026-06-12T10:26:12.400588+00:00,5.982043981552124,257673,,
425,model_training,UNSW-NB15,unsw_nb15_official_full,6,random_forest,,2026-06-12T10:26:12.400768+00:00,2026-06-12T10:26:29.040465+00:00,16.6396963596344,257673,,
426,clean_profile,UNSW-NB15,unsw_nb15_official_full,6,random_forest,,2026-06-12T10:26:29.040558+00:00,2026-06-12T10:26:30.648462+00:00,1.6079041957855225,257673,,
427,threat_evaluation,UNSW-NB15,unsw_nb15_official_full,6,random_forest,a0_clean,2026-06-12T10:26:30.657415+00:00,2026-06-12T10:26:31.194353+00:00,0.536937952041626,82332,,
428,result_writing,UNSW-NB15,unsw_nb15_official_full,6,random_forest,a0_clean,2026-06-12T10:26:31.194526+00:00,2026-06-12T10:26:31.198084+00:00,0.003558635711669922,1,results/raw/tier_e_core4_hgb_mlp_timed_expanded/UNSW-NB15_unsw_nb15_official_full_random_forest_a0_clean_6.csv,
429,threat_evaluation,UNSW-NB15,unsw_nb15_official_full,6,random_forest,a1_constrained_feature,2026-06-12T10:26:31.198139+00:00,2026-06-12T10:26:32.076384+00:00,0.8782453536987305,82332,,
430,result_writing,UNSW-NB15,unsw_nb15_official_full,6,random_forest,a1_constrained_feature,2026-06-12T10:26:32.076616+00:00,2026-06-12T10:26:32.080183+00:00,0.003566741943359375,1,results/raw/tier_e_core4_hgb_mlp_timed_expanded/UNSW-NB15_unsw_nb15_official_full_random_forest_a1_constrained_feature_6.csv,
431,threat_evaluation,UNSW-NB15,unsw_nb15_official_full,6,random_forest,a1_constrained_score_search,2026-06-12T10:26:32.080245+00:00,2026-06-12T10:26:35.460073+00:00,3.379828929901123,82332,,
432,result_writing,UNSW-NB15,unsw_nb15_official_full,6,random_forest,a1_constrained_score_search,2026-06-12T10:26:35.460297+00:00,2026-06-12T10:26:35.463829+00:00,0.003531932830810547,1,results/raw/tier_e_core4_hgb_mlp_timed_expanded/UNSW-NB15_unsw_nb15_official_full_random_forest_a1_constrained_score_search_6.csv,
433,threat_evaluation,UNSW-NB15,unsw_nb15_official_full,6,random_forest,a4_split_shift,2026-06-12T10:26:35.463879+00:00,2026-06-12T10:26:35.996016+00:00,0.5321366786956787,82332,,
434,result_writing,UNSW-NB15,unsw_nb15_official_full,6,random_forest,a4_split_shift,2026-06-12T10:26:35.996186+00:00,2026-06-12T10:26:35.999599+00:00,0.0034132003784179688,1,results/raw/tier_e_core4_hgb_mlp_timed_expanded/UNSW-NB15_unsw_nb15_official_full_random_forest_a4_split_shift_6.csv,
435,dataset_load,UNSW-NB15,unsw_nb15_official_full,7,,,2026-06-12T10:26:35.999650+00:00,2026-06-12T10:26:36.241879+00:00,0.24222922325134277,257673,,
436,preprocess_manifest,UNSW-NB15,unsw_nb15_official_full,7,,,2026-06-12T10:26:36.242024+00:00,2026-06-12T10:26:41.443634+00:00,5.2016096115112305,257673,,
437,split_construction,UNSW-NB15,unsw_nb15_official_full,7,extra_trees,,2026-06-12T10:26:41.443809+00:00,2026-06-12T10:26:41.626572+00:00,0.18276286125183105,257673,,
438,preprocessing,UNSW-NB15,unsw_nb15_official_full,7,extra_trees,,2026-06-12T10:26:41.626711+00:00,2026-06-12T10:26:47.632690+00:00,6.005978584289551,257673,,
439,model_training,UNSW-NB15,unsw_nb15_official_full,7,extra_trees,,2026-06-12T10:26:47.632881+00:00,2026-06-12T10:27:08.094280+00:00,20.46139907836914,257673,,
440,clean_profile,UNSW-NB15,unsw_nb15_official_full,7,extra_trees,,2026-06-12T10:27:08.094373+00:00,2026-06-12T10:27:10.489643+00:00,2.3952693939208984,257673,,
441,threat_evaluation,UNSW-NB15,unsw_nb15_official_full,7,extra_trees,a0_clean,2026-06-12T10:27:10.498980+00:00,2026-06-12T10:27:11.298635+00:00,0.7996554374694824,82332,,
442,result_writing,UNSW-NB15,unsw_nb15_official_full,7,extra_trees,a0_clean,2026-06-12T10:27:11.298805+00:00,2026-06-12T10:27:11.302326+00:00,0.003521442413330078,1,results/raw/tier_e_core4_hgb_mlp_timed_expanded/UNSW-NB15_unsw_nb15_official_full_extra_trees_a0_clean_7.csv,
443,threat_evaluation,UNSW-NB15,unsw_nb15_official_full,7,extra_trees,a1_constrained_feature,2026-06-12T10:27:11.302376+00:00,2026-06-12T10:27:12.414744+00:00,1.1123685836791992,82332,,
444,result_writing,UNSW-NB15,unsw_nb15_official_full,7,extra_trees,a1_constrained_feature,2026-06-12T10:27:12.414976+00:00,2026-06-12T10:27:12.418533+00:00,0.003557443618774414,1,results/raw/tier_e_core4_hgb_mlp_timed_expanded/UNSW-NB15_unsw_nb15_official_full_extra_trees_a1_constrained_feature_7.csv,
445,threat_evaluation,UNSW-NB15,unsw_nb15_official_full,7,extra_trees,a1_constrained_score_search,2026-06-12T10:27:12.418583+00:00,2026-06-12T10:27:16.758168+00:00,4.339585304260254,82332,,
446,result_writing,UNSW-NB15,unsw_nb15_official_full,7,extra_trees,a1_constrained_score_search,2026-06-12T10:27:16.758393+00:00,2026-06-12T10:27:16.761915+00:00,0.0035223960876464844,1,results/raw/tier_e_core4_hgb_mlp_timed_expanded/UNSW-NB15_unsw_nb15_official_full_extra_trees_a1_constrained_score_search_7.csv,
447,threat_evaluation,UNSW-NB15,unsw_nb15_official_full,7,extra_trees,a4_split_shift,2026-06-12T10:27:16.761966+00:00,2026-06-12T10:27:17.568054+00:00,0.8060882091522217,82332,,
448,result_writing,UNSW-NB15,unsw_nb15_official_full,7,extra_trees,a4_split_shift,2026-06-12T10:27:17.568229+00:00,2026-06-12T10:27:17.571638+00:00,0.0034093856811523438,1,results/raw/tier_e_core4_hgb_mlp_timed_expanded/UNSW-NB15_unsw_nb15_official_full_extra_trees_a4_split_shift_7.csv,
449,split_construction,UNSW-NB15,unsw_nb15_official_full,7,hist_gradient_boosting,,2026-06-12T10:27:17.571735+00:00,2026-06-12T10:27:17.767095+00:00,0.1953601837158203,257673,,
450,preprocessing,UNSW-NB15,unsw_nb15_official_full,7,hist_gradient_boosting,,2026-06-12T10:27:17.767210+00:00,2026-06-12T10:27:23.778092+00:00,6.010881662368774,257673,,
451,model_training,UNSW-NB15,unsw_nb15_official_full,7,hist_gradient_boosting,,2026-06-12T10:27:23.778258+00:00,2026-06-12T10:27:30.589834+00:00,6.811575889587402,257673,,
452,clean_profile,UNSW-NB15,unsw_nb15_official_full,7,hist_gradient_boosting,,2026-06-12T10:27:30.589932+00:00,2026-06-12T10:27:30.865157+00:00,0.2752242088317871,257673,,
453,threat_evaluation,UNSW-NB15,unsw_nb15_official_full,7,hist_gradient_boosting,a0_clean,2026-06-12T10:27:30.876801+00:00,2026-06-12T10:27:30.978786+00:00,0.10198497772216797,82332,,
454,result_writing,UNSW-NB15,unsw_nb15_official_full,7,hist_gradient_boosting,a0_clean,2026-06-12T10:27:30.978956+00:00,2026-06-12T10:27:30.982447+00:00,0.0034911632537841797,1,results/raw/tier_e_core4_hgb_mlp_timed_expanded/UNSW-NB15_unsw_nb15_official_full_hist_gradient_boosting_a0_clean_7.csv,
455,threat_evaluation,UNSW-NB15,unsw_nb15_official_full,7,hist_gradient_boosting,a1_constrained_feature,2026-06-12T10:27:30.982489+00:00,2026-06-12T10:27:31.458761+00:00,0.4762718677520752,82332,,
456,result_writing,UNSW-NB15,unsw_nb15_official_full,7,hist_gradient_boosting,a1_constrained_feature,2026-06-12T10:27:31.458962+00:00,2026-06-12T10:27:31.462515+00:00,0.0035529136657714844,1,results/raw/tier_e_core4_hgb_mlp_timed_expanded/UNSW-NB15_unsw_nb15_official_full_hist_gradient_boosting_a1_constrained_feature_7.csv,
457,threat_evaluation,UNSW-NB15,unsw_nb15_official_full,7,hist_gradient_boosting,a1_constrained_score_search,2026-06-12T10:27:31.462556+00:00,2026-06-12T10:27:33.214041+00:00,1.7514848709106445,82332,,
458,result_writing,UNSW-NB15,unsw_nb15_official_full,7,hist_gradient_boosting,a1_constrained_score_search,2026-06-12T10:27:33.214277+00:00,2026-06-12T10:27:33.217862+00:00,0.0035851001739501953,1,results/raw/tier_e_core4_hgb_mlp_timed_expanded/UNSW-NB15_unsw_nb15_official_full_hist_gradient_boosting_a1_constrained_score_search_7.csv,
459,threat_evaluation,UNSW-NB15,unsw_nb15_official_full,7,hist_gradient_boosting,a4_split_shift,2026-06-12T10:27:33.217903+00:00,2026-06-12T10:27:33.322108+00:00,0.10420465469360352,82332,,
460,result_writing,UNSW-NB15,unsw_nb15_official_full,7,hist_gradient_boosting,a4_split_shift,2026-06-12T10:27:33.322271+00:00,2026-06-12T10:27:33.325639+00:00,0.003368854522705078,1,results/raw/tier_e_core4_hgb_mlp_timed_expanded/UNSW-NB15_unsw_nb15_official_full_hist_gradient_boosting_a4_split_shift_7.csv,
461,split_construction,UNSW-NB15,unsw_nb15_official_full,7,logistic_regression,,2026-06-12T10:27:33.325726+00:00,2026-06-12T10:27:33.498615+00:00,0.17288923263549805,257673,,
462,preprocessing,UNSW-NB15,unsw_nb15_official_full,7,logistic_regression,,2026-06-12T10:27:33.498733+00:00,2026-06-12T10:27:39.476980+00:00,5.978247165679932,257673,,
463,model_training,UNSW-NB15,unsw_nb15_official_full,7,logistic_regression,,2026-06-12T10:27:39.477117+00:00,2026-06-12T10:27:57.439872+00:00,17.96275520324707,257673,,
464,clean_profile,UNSW-NB15,unsw_nb15_official_full,7,logistic_regression,,2026-06-12T10:27:57.439960+00:00,2026-06-12T10:27:57.523417+00:00,0.08345699310302734,257673,,
465,threat_evaluation,UNSW-NB15,unsw_nb15_official_full,7,logistic_regression,a0_clean,2026-06-12T10:27:57.532483+00:00,2026-06-12T10:27:57.568840+00:00,0.03635692596435547,82332,,
466,result_writing,UNSW-NB15,unsw_nb15_official_full,7,logistic_regression,a0_clean,2026-06-12T10:27:57.569014+00:00,2026-06-12T10:27:57.572497+00:00,0.0034825801849365234,1,results/raw/tier_e_core4_hgb_mlp_timed_expanded/UNSW-NB15_unsw_nb15_official_full_logistic_regression_a0_clean_7.csv,
467,threat_evaluation,UNSW-NB15,unsw_nb15_official_full,7,logistic_regression,a1_constrained_feature,2026-06-12T10:27:57.572548+00:00,2026-06-12T10:27:58.029122+00:00,0.4565742015838623,82332,,
468,result_writing,UNSW-NB15,unsw_nb15_official_full,7,logistic_regression,a1_constrained_feature,2026-06-12T10:27:58.029345+00:00,2026-06-12T10:27:58.032845+00:00,0.0035004615783691406,1,results/raw/tier_e_core4_hgb_mlp_timed_expanded/UNSW-NB15_unsw_nb15_official_full_logistic_regression_a1_constrained_feature_7.csv,
469,threat_evaluation,UNSW-NB15,unsw_nb15_official_full,7,logistic_regression,a1_constrained_score_search,2026-06-12T10:27:58.032889+00:00,2026-06-12T10:27:59.230990+00:00,1.198101282119751,82332,,
470,result_writing,UNSW-NB15,unsw_nb15_official_full,7,logistic_regression,a1_constrained_score_search,2026-06-12T10:27:59.231207+00:00,2026-06-12T10:27:59.234734+00:00,0.003526449203491211,1,results/raw/tier_e_core4_hgb_mlp_timed_expanded/UNSW-NB15_unsw_nb15_official_full_logistic_regression_a1_constrained_score_search_7.csv,
471,threat_evaluation,UNSW-NB15,unsw_nb15_official_full,7,logistic_regression,a4_split_shift,2026-06-12T10:27:59.234778+00:00,2026-06-12T10:27:59.270256+00:00,0.03547859191894531,82332,,
472,result_writing,UNSW-NB15,unsw_nb15_official_full,7,logistic_regression,a4_split_shift,2026-06-12T10:27:59.270421+00:00,2026-06-12T10:27:59.273771+00:00,0.0033502578735351562,1,results/raw/tier_e_core4_hgb_mlp_timed_expanded/UNSW-NB15_unsw_nb15_official_full_logistic_regression_a4_split_shift_7.csv,
473,split_construction,UNSW-NB15,unsw_nb15_official_full,7,mlp_sklearn,,2026-06-12T10:27:59.273854+00:00,2026-06-12T10:27:59.447828+00:00,0.17397356033325195,257673,,
474,preprocessing,UNSW-NB15,unsw_nb15_official_full,7,mlp_sklearn,,2026-06-12T10:27:59.447947+00:00,2026-06-12T10:28:05.396278+00:00,5.948331117630005,257673,,
475,model_training,UNSW-NB15,unsw_nb15_official_full,7,mlp_sklearn,,2026-06-12T10:28:05.396448+00:00,2026-06-12T10:28:20.021034+00:00,14.6245858669281,257673,,
476,clean_profile,UNSW-NB15,unsw_nb15_official_full,7,mlp_sklearn,,2026-06-12T10:28:20.021122+00:00,2026-06-12T10:28:20.221527+00:00,0.20040583610534668,257673,,
477,threat_evaluation,UNSW-NB15,unsw_nb15_official_full,7,mlp_sklearn,a0_clean,2026-06-12T10:28:20.230259+00:00,2026-06-12T10:28:20.305857+00:00,0.07559823989868164,82332,,
478,result_writing,UNSW-NB15,unsw_nb15_official_full,7,mlp_sklearn,a0_clean,2026-06-12T10:28:20.306026+00:00,2026-06-12T10:28:20.309519+00:00,0.0034923553466796875,1,results/raw/tier_e_core4_hgb_mlp_timed_expanded/UNSW-NB15_unsw_nb15_official_full_mlp_sklearn_a0_clean_7.csv,
479,threat_evaluation,UNSW-NB15,unsw_nb15_official_full,7,mlp_sklearn,a1_constrained_feature,2026-06-12T10:28:20.309568+00:00,2026-06-12T10:28:20.723956+00:00,0.41438746452331543,82332,,
480,result_writing,UNSW-NB15,unsw_nb15_official_full,7,mlp_sklearn,a1_constrained_feature,2026-06-12T10:28:20.724183+00:00,2026-06-12T10:28:20.727703+00:00,0.0035200119018554688,1,results/raw/tier_e_core4_hgb_mlp_timed_expanded/UNSW-NB15_unsw_nb15_official_full_mlp_sklearn_a1_constrained_feature_7.csv,
481,threat_evaluation,UNSW-NB15,unsw_nb15_official_full,7,mlp_sklearn,a1_constrained_score_search,2026-06-12T10:28:20.727776+00:00,2026-06-12T10:28:22.087667+00:00,1.3598911762237549,82332,,
482,result_writing,UNSW-NB15,unsw_nb15_official_full,7,mlp_sklearn,a1_constrained_score_search,2026-06-12T10:28:22.087934+00:00,2026-06-12T10:28:22.091411+00:00,0.0034766197204589844,1,results/raw/tier_e_core4_hgb_mlp_timed_expanded/UNSW-NB15_unsw_nb15_official_full_mlp_sklearn_a1_constrained_score_search_7.csv,
483,threat_evaluation,UNSW-NB15,unsw_nb15_official_full,7,mlp_sklearn,a4_split_shift,2026-06-12T10:28:22.091452+00:00,2026-06-12T10:28:22.165283+00:00,0.07383060455322266,82332,,
484,result_writing,UNSW-NB15,unsw_nb15_official_full,7,mlp_sklearn,a4_split_shift,2026-06-12T10:28:22.165449+00:00,2026-06-12T10:28:22.168828+00:00,0.0033791065216064453,1,results/raw/tier_e_core4_hgb_mlp_timed_expanded/UNSW-NB15_unsw_nb15_official_full_mlp_sklearn_a4_split_shift_7.csv,
485,split_construction,UNSW-NB15,unsw_nb15_official_full,7,random_forest,,2026-06-12T10:28:22.168910+00:00,2026-06-12T10:28:22.342627+00:00,0.17371726036071777,257673,,
486,preprocessing,UNSW-NB15,unsw_nb15_official_full,7,random_forest,,2026-06-12T10:28:22.342736+00:00,2026-06-12T10:28:28.286508+00:00,5.9437713623046875,257673,,
487,model_training,UNSW-NB15,unsw_nb15_official_full,7,random_forest,,2026-06-12T10:28:28.286689+00:00,2026-06-12T10:28:45.112148+00:00,16.825459718704224,257673,,
488,clean_profile,UNSW-NB15,unsw_nb15_official_full,7,random_forest,,2026-06-12T10:28:45.112243+00:00,2026-06-12T10:28:46.692629+00:00,1.5803864002227783,257673,,
489,threat_evaluation,UNSW-NB15,unsw_nb15_official_full,7,random_forest,a0_clean,2026-06-12T10:28:46.701189+00:00,2026-06-12T10:28:47.233277+00:00,0.5320885181427002,82332,,
490,result_writing,UNSW-NB15,unsw_nb15_official_full,7,random_forest,a0_clean,2026-06-12T10:28:47.233443+00:00,2026-06-12T10:28:47.236919+00:00,0.003475666046142578,1,results/raw/tier_e_core4_hgb_mlp_timed_expanded/UNSW-NB15_unsw_nb15_official_full_random_forest_a0_clean_7.csv,
491,threat_evaluation,UNSW-NB15,unsw_nb15_official_full,7,random_forest,a1_constrained_feature,2026-06-12T10:28:47.236970+00:00,2026-06-12T10:28:48.111597+00:00,0.8746271133422852,82332,,
492,result_writing,UNSW-NB15,unsw_nb15_official_full,7,random_forest,a1_constrained_feature,2026-06-12T10:28:48.111849+00:00,2026-06-12T10:28:48.115332+00:00,0.0034830570220947266,1,results/raw/tier_e_core4_hgb_mlp_timed_expanded/UNSW-NB15_unsw_nb15_official_full_random_forest_a1_constrained_feature_7.csv,
493,threat_evaluation,UNSW-NB15,unsw_nb15_official_full,7,random_forest,a1_constrained_score_search,2026-06-12T10:28:48.115381+00:00,2026-06-12T10:28:51.487242+00:00,3.3718607425689697,82332,,
494,result_writing,UNSW-NB15,unsw_nb15_official_full,7,random_forest,a1_constrained_score_search,2026-06-12T10:28:51.487462+00:00,2026-06-12T10:28:51.491009+00:00,0.0035462379455566406,1,results/raw/tier_e_core4_hgb_mlp_timed_expanded/UNSW-NB15_unsw_nb15_official_full_random_forest_a1_constrained_score_search_7.csv,
495,threat_evaluation,UNSW-NB15,unsw_nb15_official_full,7,random_forest,a4_split_shift,2026-06-12T10:28:51.491058+00:00,2026-06-12T10:28:52.021159+00:00,0.5301010608673096,82332,,
496,result_writing,UNSW-NB15,unsw_nb15_official_full,7,random_forest,a4_split_shift,2026-06-12T10:28:52.021329+00:00,2026-06-12T10:28:52.024789+00:00,0.003459930419921875,1,results/raw/tier_e_core4_hgb_mlp_timed_expanded/UNSW-NB15_unsw_nb15_official_full_random_forest_a4_split_shift_7.csv,
497,dataset_load,UNSW-NB15,unsw_nb15_official_full,8,,,2026-06-12T10:28:52.024842+00:00,2026-06-12T10:28:52.256478+00:00,0.23163580894470215,257673,,
498,preprocess_manifest,UNSW-NB15,unsw_nb15_official_full,8,,,2026-06-12T10:28:52.256618+00:00,2026-06-12T10:28:57.414185+00:00,5.157567501068115,257673,,
499,split_construction,UNSW-NB15,unsw_nb15_official_full,8,extra_trees,,2026-06-12T10:28:57.414320+00:00,2026-06-12T10:28:57.591029+00:00,0.17670893669128418,257673,,
500,preprocessing,UNSW-NB15,unsw_nb15_official_full,8,extra_trees,,2026-06-12T10:28:57.591155+00:00,2026-06-12T10:29:03.557680+00:00,5.966524839401245,257673,,
501,model_training,UNSW-NB15,unsw_nb15_official_full,8,extra_trees,,2026-06-12T10:29:03.557858+00:00,2026-06-12T10:29:23.630702+00:00,20.072843551635742,257673,,
502,clean_profile,UNSW-NB15,unsw_nb15_official_full,8,extra_trees,,2026-06-12T10:29:23.630793+00:00,2026-06-12T10:29:26.058818+00:00,2.428025722503662,257673,,
503,threat_evaluation,UNSW-NB15,unsw_nb15_official_full,8,extra_trees,a0_clean,2026-06-12T10:29:26.068091+00:00,2026-06-12T10:29:26.874753+00:00,0.80666184425354,82332,,
504,result_writing,UNSW-NB15,unsw_nb15_official_full,8,extra_trees,a0_clean,2026-06-12T10:29:26.874928+00:00,2026-06-12T10:29:26.878395+00:00,0.003467082977294922,1,results/raw/tier_e_core4_hgb_mlp_timed_expanded/UNSW-NB15_unsw_nb15_official_full_extra_trees_a0_clean_8.csv,
505,threat_evaluation,UNSW-NB15,unsw_nb15_official_full,8,extra_trees,a1_constrained_feature,2026-06-12T10:29:26.878447+00:00,2026-06-12T10:29:28.006023+00:00,1.1275756359100342,82332,,
506,result_writing,UNSW-NB15,unsw_nb15_official_full,8,extra_trees,a1_constrained_feature,2026-06-12T10:29:28.006246+00:00,2026-06-12T10:29:28.009772+00:00,0.003526449203491211,1,results/raw/tier_e_core4_hgb_mlp_timed_expanded/UNSW-NB15_unsw_nb15_official_full_extra_trees_a1_constrained_feature_8.csv,
507,threat_evaluation,UNSW-NB15,unsw_nb15_official_full,8,extra_trees,a1_constrained_score_search,2026-06-12T10:29:28.009821+00:00,2026-06-12T10:29:32.367983+00:00,4.358161687850952,82332,,
508,result_writing,UNSW-NB15,unsw_nb15_official_full,8,extra_trees,a1_constrained_score_search,2026-06-12T10:29:32.368216+00:00,2026-06-12T10:29:32.371676+00:00,0.0034601688385009766,1,results/raw/tier_e_core4_hgb_mlp_timed_expanded/UNSW-NB15_unsw_nb15_official_full_extra_trees_a1_constrained_score_search_8.csv,
509,threat_evaluation,UNSW-NB15,unsw_nb15_official_full,8,extra_trees,a4_split_shift,2026-06-12T10:29:32.371748+00:00,2026-06-12T10:29:33.176623+00:00,0.8048751354217529,82332,,
510,result_writing,UNSW-NB15,unsw_nb15_official_full,8,extra_trees,a4_split_shift,2026-06-12T10:29:33.176794+00:00,2026-06-12T10:29:33.180227+00:00,0.0034334659576416016,1,results/raw/tier_e_core4_hgb_mlp_timed_expanded/UNSW-NB15_unsw_nb15_official_full_extra_trees_a4_split_shift_8.csv,
511,split_construction,UNSW-NB15,unsw_nb15_official_full,8,hist_gradient_boosting,,2026-06-12T10:29:33.180313+00:00,2026-06-12T10:29:33.364587+00:00,0.18427395820617676,257673,,
512,preprocessing,UNSW-NB15,unsw_nb15_official_full,8,hist_gradient_boosting,,2026-06-12T10:29:33.364704+00:00,2026-06-12T10:29:39.463994+00:00,6.099290132522583,257673,,
513,model_training,UNSW-NB15,unsw_nb15_official_full,8,hist_gradient_boosting,,2026-06-12T10:29:39.464158+00:00,2026-06-12T10:29:46.227196+00:00,6.763037443161011,257673,,
514,clean_profile,UNSW-NB15,unsw_nb15_official_full,8,hist_gradient_boosting,,2026-06-12T10:29:46.227297+00:00,2026-06-12T10:29:46.497667+00:00,0.2703702449798584,257673,,
515,threat_evaluation,UNSW-NB15,unsw_nb15_official_full,8,hist_gradient_boosting,a0_clean,2026-06-12T10:29:46.508563+00:00,2026-06-12T10:29:46.604862+00:00,0.09629940986633301,82332,,
516,result_writing,UNSW-NB15,unsw_nb15_official_full,8,hist_gradient_boosting,a0_clean,2026-06-12T10:29:46.605029+00:00,2026-06-12T10:29:46.608522+00:00,0.0034933090209960938,1,results/raw/tier_e_core4_hgb_mlp_timed_expanded/UNSW-NB15_unsw_nb15_official_full_hist_gradient_boosting_a0_clean_8.csv,
517,threat_evaluation,UNSW-NB15,unsw_nb15_official_full,8,hist_gradient_boosting,a1_constrained_feature,2026-06-12T10:29:46.608566+00:00,2026-06-12T10:29:47.105575+00:00,0.49700927734375,82332,,
518,result_writing,UNSW-NB15,unsw_nb15_official_full,8,hist_gradient_boosting,a1_constrained_feature,2026-06-12T10:29:47.105775+00:00,2026-06-12T10:29:47.109346+00:00,0.003571033477783203,1,results/raw/tier_e_core4_hgb_mlp_timed_expanded/UNSW-NB15_unsw_nb15_official_full_hist_gradient_boosting_a1_constrained_feature_8.csv,
519,threat_evaluation,UNSW-NB15,unsw_nb15_official_full,8,hist_gradient_boosting,a1_constrained_score_search,2026-06-12T10:29:47.109388+00:00,2026-06-12T10:29:48.855256+00:00,1.7458672523498535,82332,,
520,result_writing,UNSW-NB15,unsw_nb15_official_full,8,hist_gradient_boosting,a1_constrained_score_search,2026-06-12T10:29:48.855483+00:00,2026-06-12T10:29:48.859020+00:00,0.0035371780395507812,1,results/raw/tier_e_core4_hgb_mlp_timed_expanded/UNSW-NB15_unsw_nb15_official_full_hist_gradient_boosting_a1_constrained_score_search_8.csv,
521,threat_evaluation,UNSW-NB15,unsw_nb15_official_full,8,hist_gradient_boosting,a4_split_shift,2026-06-12T10:29:48.859061+00:00,2026-06-12T10:29:48.967211+00:00,0.10815048217773438,82332,,
522,result_writing,UNSW-NB15,unsw_nb15_official_full,8,hist_gradient_boosting,a4_split_shift,2026-06-12T10:29:48.967381+00:00,2026-06-12T10:29:48.970758+00:00,0.0033769607543945312,1,results/raw/tier_e_core4_hgb_mlp_timed_expanded/UNSW-NB15_unsw_nb15_official_full_hist_gradient_boosting_a4_split_shift_8.csv,
523,split_construction,UNSW-NB15,unsw_nb15_official_full,8,logistic_regression,,2026-06-12T10:29:48.970839+00:00,2026-06-12T10:29:49.145324+00:00,0.1744849681854248,257673,,
524,preprocessing,UNSW-NB15,unsw_nb15_official_full,8,logistic_regression,,2026-06-12T10:29:49.145440+00:00,2026-06-12T10:29:55.049479+00:00,5.90403938293457,257673,,
525,model_training,UNSW-NB15,unsw_nb15_official_full,8,logistic_regression,,2026-06-12T10:29:55.049623+00:00,2026-06-12T10:30:14.253681+00:00,19.204057455062866,257673,,
526,clean_profile,UNSW-NB15,unsw_nb15_official_full,8,logistic_regression,,2026-06-12T10:30:14.253771+00:00,2026-06-12T10:30:14.337650+00:00,0.0838785171508789,257673,,
527,threat_evaluation,UNSW-NB15,unsw_nb15_official_full,8,logistic_regression,a0_clean,2026-06-12T10:30:14.353050+00:00,2026-06-12T10:30:14.389268+00:00,0.03621864318847656,82332,,
528,result_writing,UNSW-NB15,unsw_nb15_official_full,8,logistic_regression,a0_clean,2026-06-12T10:30:14.389438+00:00,2026-06-12T10:30:14.392935+00:00,0.003496408462524414,1,results/raw/tier_e_core4_hgb_mlp_timed_expanded/UNSW-NB15_unsw_nb15_official_full_logistic_regression_a0_clean_8.csv,
529,threat_evaluation,UNSW-NB15,unsw_nb15_official_full,8,logistic_regression,a1_constrained_feature,2026-06-12T10:30:14.392983+00:00,2026-06-12T10:30:14.765834+00:00,0.3728508949279785,82332,,
530,result_writing,UNSW-NB15,unsw_nb15_official_full,8,logistic_regression,a1_constrained_feature,2026-06-12T10:30:14.766057+00:00,2026-06-12T10:30:14.769581+00:00,0.0035240650177001953,1,results/raw/tier_e_core4_hgb_mlp_timed_expanded/UNSW-NB15_unsw_nb15_official_full_logistic_regression_a1_constrained_feature_8.csv,
531,threat_evaluation,UNSW-NB15,unsw_nb15_official_full,8,logistic_regression,a1_constrained_score_search,2026-06-12T10:30:14.769620+00:00,2026-06-12T10:30:15.972233+00:00,1.2026128768920898,82332,,
532,result_writing,UNSW-NB15,unsw_nb15_official_full,8,logistic_regression,a1_constrained_score_search,2026-06-12T10:30:15.972456+00:00,2026-06-12T10:30:15.975996+00:00,0.0035402774810791016,1,results/raw/tier_e_core4_hgb_mlp_timed_expanded/UNSW-NB15_unsw_nb15_official_full_logistic_regression_a1_constrained_score_search_8.csv,
533,threat_evaluation,UNSW-NB15,unsw_nb15_official_full,8,logistic_regression,a4_split_shift,2026-06-12T10:30:15.976037+00:00,2026-06-12T10:30:16.011557+00:00,0.035520315170288086,82332,,
534,result_writing,UNSW-NB15,unsw_nb15_official_full,8,logistic_regression,a4_split_shift,2026-06-12T10:30:16.011751+00:00,2026-06-12T10:30:16.015098+00:00,0.0033464431762695312,1,results/raw/tier_e_core4_hgb_mlp_timed_expanded/UNSW-NB15_unsw_nb15_official_full_logistic_regression_a4_split_shift_8.csv,
535,split_construction,UNSW-NB15,unsw_nb15_official_full,8,mlp_sklearn,,2026-06-12T10:30:16.015183+00:00,2026-06-12T10:30:16.193916+00:00,0.17873263359069824,257673,,
536,preprocessing,UNSW-NB15,unsw_nb15_official_full,8,mlp_sklearn,,2026-06-12T10:30:16.194041+00:00,2026-06-12T10:30:22.094581+00:00,5.900540351867676,257673,,
537,model_training,UNSW-NB15,unsw_nb15_official_full,8,mlp_sklearn,,2026-06-12T10:30:22.094745+00:00,2026-06-12T10:30:40.713131+00:00,18.618385791778564,257673,,
538,clean_profile,UNSW-NB15,unsw_nb15_official_full,8,mlp_sklearn,,2026-06-12T10:30:40.713220+00:00,2026-06-12T10:30:40.916700+00:00,0.20348048210144043,257673,,
539,threat_evaluation,UNSW-NB15,unsw_nb15_official_full,8,mlp_sklearn,a0_clean,2026-06-12T10:30:40.925692+00:00,2026-06-12T10:30:40.999340+00:00,0.07364821434020996,82332,,
540,result_writing,UNSW-NB15,unsw_nb15_official_full,8,mlp_sklearn,a0_clean,2026-06-12T10:30:40.999515+00:00,2026-06-12T10:30:41.003018+00:00,0.0035033226013183594,1,results/raw/tier_e_core4_hgb_mlp_timed_expanded/UNSW-NB15_unsw_nb15_official_full_mlp_sklearn_a0_clean_8.csv,
541,threat_evaluation,UNSW-NB15,unsw_nb15_official_full,8,mlp_sklearn,a1_constrained_feature,2026-06-12T10:30:41.003069+00:00,2026-06-12T10:30:41.411462+00:00,0.40839338302612305,82332,,
542,result_writing,UNSW-NB15,unsw_nb15_official_full,8,mlp_sklearn,a1_constrained_feature,2026-06-12T10:30:41.411690+00:00,2026-06-12T10:30:41.415229+00:00,0.0035386085510253906,1,results/raw/tier_e_core4_hgb_mlp_timed_expanded/UNSW-NB15_unsw_nb15_official_full_mlp_sklearn_a1_constrained_feature_8.csv,
543,threat_evaluation,UNSW-NB15,unsw_nb15_official_full,8,mlp_sklearn,a1_constrained_score_search,2026-06-12T10:30:41.415269+00:00,2026-06-12T10:30:42.768034+00:00,1.3527653217315674,82332,,
544,result_writing,UNSW-NB15,unsw_nb15_official_full,8,mlp_sklearn,a1_constrained_score_search,2026-06-12T10:30:42.768262+00:00,2026-06-12T10:30:42.771814+00:00,0.003551959991455078,1,results/raw/tier_e_core4_hgb_mlp_timed_expanded/UNSW-NB15_unsw_nb15_official_full_mlp_sklearn_a1_constrained_score_search_8.csv,
545,threat_evaluation,UNSW-NB15,unsw_nb15_official_full,8,mlp_sklearn,a4_split_shift,2026-06-12T10:30:42.771859+00:00,2026-06-12T10:30:42.844297+00:00,0.07243847846984863,82332,,
546,result_writing,UNSW-NB15,unsw_nb15_official_full,8,mlp_sklearn,a4_split_shift,2026-06-12T10:30:42.844466+00:00,2026-06-12T10:30:42.847909+00:00,0.0034432411193847656,1,results/raw/tier_e_core4_hgb_mlp_timed_expanded/UNSW-NB15_unsw_nb15_official_full_mlp_sklearn_a4_split_shift_8.csv,
547,split_construction,UNSW-NB15,unsw_nb15_official_full,8,random_forest,,2026-06-12T10:30:42.847990+00:00,2026-06-12T10:30:43.026112+00:00,0.17812180519104004,257673,,
548,preprocessing,UNSW-NB15,unsw_nb15_official_full,8,random_forest,,2026-06-12T10:30:43.026228+00:00,2026-06-12T10:30:48.905531+00:00,5.879302740097046,257673,,
549,model_training,UNSW-NB15,unsw_nb15_official_full,8,random_forest,,2026-06-12T10:30:48.905710+00:00,2026-06-12T10:31:05.713755+00:00,16.808045625686646,257673,,
550,clean_profile,UNSW-NB15,unsw_nb15_official_full,8,random_forest,,2026-06-12T10:31:05.713840+00:00,2026-06-12T10:31:07.313110+00:00,1.5992703437805176,257673,,
551,threat_evaluation,UNSW-NB15,unsw_nb15_official_full,8,random_forest,a0_clean,2026-06-12T10:31:07.322124+00:00,2026-06-12T10:31:07.861064+00:00,0.5389404296875,82332,,
552,result_writing,UNSW-NB15,unsw_nb15_official_full,8,random_forest,a0_clean,2026-06-12T10:31:07.861241+00:00,2026-06-12T10:31:07.864706+00:00,0.0034646987915039062,1,results/raw/tier_e_core4_hgb_mlp_timed_expanded/UNSW-NB15_unsw_nb15_official_full_random_forest_a0_clean_8.csv,
553,threat_evaluation,UNSW-NB15,unsw_nb15_official_full,8,random_forest,a1_constrained_feature,2026-06-12T10:31:07.864754+00:00,2026-06-12T10:31:08.742931+00:00,0.8781766891479492,82332,,
554,result_writing,UNSW-NB15,unsw_nb15_official_full,8,random_forest,a1_constrained_feature,2026-06-12T10:31:08.743150+00:00,2026-06-12T10:31:08.746676+00:00,0.0035257339477539062,1,results/raw/tier_e_core4_hgb_mlp_timed_expanded/UNSW-NB15_unsw_nb15_official_full_random_forest_a1_constrained_feature_8.csv,
555,threat_evaluation,UNSW-NB15,unsw_nb15_official_full,8,random_forest,a1_constrained_score_search,2026-06-12T10:31:08.746735+00:00,2026-06-12T10:31:12.123593+00:00,3.3768582344055176,82332,,
556,result_writing,UNSW-NB15,unsw_nb15_official_full,8,random_forest,a1_constrained_score_search,2026-06-12T10:31:12.123863+00:00,2026-06-12T10:31:12.127347+00:00,0.0034837722778320312,1,results/raw/tier_e_core4_hgb_mlp_timed_expanded/UNSW-NB15_unsw_nb15_official_full_random_forest_a1_constrained_score_search_8.csv,
557,threat_evaluation,UNSW-NB15,unsw_nb15_official_full,8,random_forest,a4_split_shift,2026-06-12T10:31:12.127397+00:00,2026-06-12T10:31:12.661724+00:00,0.5343270301818848,82332,,
558,result_writing,UNSW-NB15,unsw_nb15_official_full,8,random_forest,a4_split_shift,2026-06-12T10:31:12.661898+00:00,2026-06-12T10:31:12.665324+00:00,0.0034263134002685547,1,results/raw/tier_e_core4_hgb_mlp_timed_expanded/UNSW-NB15_unsw_nb15_official_full_random_forest_a4_split_shift_8.csv,
559,dataset_load,UNSW-NB15,unsw_nb15_official_full,9,,,2026-06-12T10:31:12.665375+00:00,2026-06-12T10:31:12.907284+00:00,0.24190807342529297,257673,,
560,preprocess_manifest,UNSW-NB15,unsw_nb15_official_full,9,,,2026-06-12T10:31:12.907425+00:00,2026-06-12T10:31:18.161300+00:00,5.253875732421875,257673,,
561,split_construction,UNSW-NB15,unsw_nb15_official_full,9,extra_trees,,2026-06-12T10:31:18.161483+00:00,2026-06-12T10:31:18.344761+00:00,0.18327808380126953,257673,,
562,preprocessing,UNSW-NB15,unsw_nb15_official_full,9,extra_trees,,2026-06-12T10:31:18.344879+00:00,2026-06-12T10:31:24.326802+00:00,5.981923580169678,257673,,
563,model_training,UNSW-NB15,unsw_nb15_official_full,9,extra_trees,,2026-06-12T10:31:24.326982+00:00,2026-06-12T10:31:45.122835+00:00,20.795852661132812,257673,,
564,clean_profile,UNSW-NB15,unsw_nb15_official_full,9,extra_trees,,2026-06-12T10:31:45.122926+00:00,2026-06-12T10:31:47.546260+00:00,2.4233336448669434,257673,,
565,threat_evaluation,UNSW-NB15,unsw_nb15_official_full,9,extra_trees,a0_clean,2026-06-12T10:31:47.555660+00:00,2026-06-12T10:31:48.375570+00:00,0.8199098110198975,82332,,
566,result_writing,UNSW-NB15,unsw_nb15_official_full,9,extra_trees,a0_clean,2026-06-12T10:31:48.375765+00:00,2026-06-12T10:31:48.379201+00:00,0.0034360885620117188,1,results/raw/tier_e_core4_hgb_mlp_timed_expanded/UNSW-NB15_unsw_nb15_official_full_extra_trees_a0_clean_9.csv,
567,threat_evaluation,UNSW-NB15,unsw_nb15_official_full,9,extra_trees,a1_constrained_feature,2026-06-12T10:31:48.379252+00:00,2026-06-12T10:31:49.516918+00:00,1.1376655101776123,82332,,
568,result_writing,UNSW-NB15,unsw_nb15_official_full,9,extra_trees,a1_constrained_feature,2026-06-12T10:31:49.517155+00:00,2026-06-12T10:31:49.520643+00:00,0.0034875869750976562,1,results/raw/tier_e_core4_hgb_mlp_timed_expanded/UNSW-NB15_unsw_nb15_official_full_extra_trees_a1_constrained_feature_9.csv,
569,threat_evaluation,UNSW-NB15,unsw_nb15_official_full,9,extra_trees,a1_constrained_score_search,2026-06-12T10:31:49.520695+00:00,2026-06-12T10:31:53.868416+00:00,4.347720384597778,82332,,
570,result_writing,UNSW-NB15,unsw_nb15_official_full,9,extra_trees,a1_constrained_score_search,2026-06-12T10:31:53.868642+00:00,2026-06-12T10:31:53.872144+00:00,0.0035026073455810547,1,results/raw/tier_e_core4_hgb_mlp_timed_expanded/UNSW-NB15_unsw_nb15_official_full_extra_trees_a1_constrained_score_search_9.csv,
571,threat_evaluation,UNSW-NB15,unsw_nb15_official_full,9,extra_trees,a4_split_shift,2026-06-12T10:31:53.872196+00:00,2026-06-12T10:31:54.688486+00:00,0.8162899017333984,82332,,
572,result_writing,UNSW-NB15,unsw_nb15_official_full,9,extra_trees,a4_split_shift,2026-06-12T10:31:54.688656+00:00,2026-06-12T10:31:54.692038+00:00,0.003381967544555664,1,results/raw/tier_e_core4_hgb_mlp_timed_expanded/UNSW-NB15_unsw_nb15_official_full_extra_trees_a4_split_shift_9.csv,
573,split_construction,UNSW-NB15,unsw_nb15_official_full,9,hist_gradient_boosting,,2026-06-12T10:31:54.692125+00:00,2026-06-12T10:31:54.884392+00:00,0.19226717948913574,257673,,
574,preprocessing,UNSW-NB15,unsw_nb15_official_full,9,hist_gradient_boosting,,2026-06-12T10:31:54.884501+00:00,2026-06-12T10:32:00.892184+00:00,6.007683277130127,257673,,
575,model_training,UNSW-NB15,unsw_nb15_official_full,9,hist_gradient_boosting,,2026-06-12T10:32:00.892350+00:00,2026-06-12T10:32:07.795460+00:00,6.9031102657318115,257673,,
576,clean_profile,UNSW-NB15,unsw_nb15_official_full,9,hist_gradient_boosting,,2026-06-12T10:32:07.795562+00:00,2026-06-12T10:32:08.071289+00:00,0.2757272720336914,257673,,
577,threat_evaluation,UNSW-NB15,unsw_nb15_official_full,9,hist_gradient_boosting,a0_clean,2026-06-12T10:32:08.084280+00:00,2026-06-12T10:32:08.182480+00:00,0.09820008277893066,82332,,
578,result_writing,UNSW-NB15,unsw_nb15_official_full,9,hist_gradient_boosting,a0_clean,2026-06-12T10:32:08.182652+00:00,2026-06-12T10:32:08.222318+00:00,0.039665937423706055,1,results/raw/tier_e_core4_hgb_mlp_timed_expanded/UNSW-NB15_unsw_nb15_official_full_hist_gradient_boosting_a0_clean_9.csv,
579,threat_evaluation,UNSW-NB15,unsw_nb15_official_full,9,hist_gradient_boosting,a1_constrained_feature,2026-06-12T10:32:08.222392+00:00,2026-06-12T10:32:08.705908+00:00,0.48351597785949707,82332,,
580,result_writing,UNSW-NB15,unsw_nb15_official_full,9,hist_gradient_boosting,a1_constrained_feature,2026-06-12T10:32:08.706108+00:00,2026-06-12T10:32:08.709656+00:00,0.003548145294189453,1,results/raw/tier_e_core4_hgb_mlp_timed_expanded/UNSW-NB15_unsw_nb15_official_full_hist_gradient_boosting_a1_constrained_feature_9.csv,
581,threat_evaluation,UNSW-NB15,unsw_nb15_official_full,9,hist_gradient_boosting,a1_constrained_score_search,2026-06-12T10:32:08.709699+00:00,2026-06-12T10:32:10.482795+00:00,1.7730963230133057,82332,,
582,result_writing,UNSW-NB15,unsw_nb15_official_full,9,hist_gradient_boosting,a1_constrained_score_search,2026-06-12T10:32:10.483018+00:00,2026-06-12T10:32:10.486541+00:00,0.003522634506225586,1,results/raw/tier_e_core4_hgb_mlp_timed_expanded/UNSW-NB15_unsw_nb15_official_full_hist_gradient_boosting_a1_constrained_score_search_9.csv,
583,threat_evaluation,UNSW-NB15,unsw_nb15_official_full,9,hist_gradient_boosting,a4_split_shift,2026-06-12T10:32:10.486581+00:00,2026-06-12T10:32:10.601927+00:00,0.11534547805786133,82332,,
584,result_writing,UNSW-NB15,unsw_nb15_official_full,9,hist_gradient_boosting,a4_split_shift,2026-06-12T10:32:10.602093+00:00,2026-06-12T10:32:10.605512+00:00,0.0034189224243164062,1,results/raw/tier_e_core4_hgb_mlp_timed_expanded/UNSW-NB15_unsw_nb15_official_full_hist_gradient_boosting_a4_split_shift_9.csv,
585,split_construction,UNSW-NB15,unsw_nb15_official_full,9,logistic_regression,,2026-06-12T10:32:10.605621+00:00,2026-06-12T10:32:10.783751+00:00,0.1781306266784668,257673,,
586,preprocessing,UNSW-NB15,unsw_nb15_official_full,9,logistic_regression,,2026-06-12T10:32:10.783870+00:00,2026-06-12T10:32:16.703939+00:00,5.920069694519043,257673,,
587,model_training,UNSW-NB15,unsw_nb15_official_full,9,logistic_regression,,2026-06-12T10:32:16.704078+00:00,2026-06-12T10:32:35.857500+00:00,19.153421878814697,257673,,
588,clean_profile,UNSW-NB15,unsw_nb15_official_full,9,logistic_regression,,2026-06-12T10:32:35.857592+00:00,2026-06-12T10:32:35.941299+00:00,0.08370733261108398,257673,,
589,threat_evaluation,UNSW-NB15,unsw_nb15_official_full,9,logistic_regression,a0_clean,2026-06-12T10:32:35.950571+00:00,2026-06-12T10:32:35.986593+00:00,0.03602123260498047,82332,,
590,result_writing,UNSW-NB15,unsw_nb15_official_full,9,logistic_regression,a0_clean,2026-06-12T10:32:35.986753+00:00,2026-06-12T10:32:35.990236+00:00,0.003482341766357422,1,results/raw/tier_e_core4_hgb_mlp_timed_expanded/UNSW-NB15_unsw_nb15_official_full_logistic_regression_a0_clean_9.csv,
591,threat_evaluation,UNSW-NB15,unsw_nb15_official_full,9,logistic_regression,a1_constrained_feature,2026-06-12T10:32:35.990285+00:00,2026-06-12T10:32:36.362480+00:00,0.372194766998291,82332,,
592,result_writing,UNSW-NB15,unsw_nb15_official_full,9,logistic_regression,a1_constrained_feature,2026-06-12T10:32:36.362715+00:00,2026-06-12T10:32:36.366221+00:00,0.003506183624267578,1,results/raw/tier_e_core4_hgb_mlp_timed_expanded/UNSW-NB15_unsw_nb15_official_full_logistic_regression_a1_constrained_feature_9.csv,
593,threat_evaluation,UNSW-NB15,unsw_nb15_official_full,9,logistic_regression,a1_constrained_score_search,2026-06-12T10:32:36.366262+00:00,2026-06-12T10:32:37.562075+00:00,1.195812702178955,82332,,
594,result_writing,UNSW-NB15,unsw_nb15_official_full,9,logistic_regression,a1_constrained_score_search,2026-06-12T10:32:37.562308+00:00,2026-06-12T10:32:37.565820+00:00,0.0035126209259033203,1,results/raw/tier_e_core4_hgb_mlp_timed_expanded/UNSW-NB15_unsw_nb15_official_full_logistic_regression_a1_constrained_score_search_9.csv,
595,threat_evaluation,UNSW-NB15,unsw_nb15_official_full,9,logistic_regression,a4_split_shift,2026-06-12T10:32:37.565861+00:00,2026-06-12T10:32:37.601283+00:00,0.03542208671569824,82332,,
596,result_writing,UNSW-NB15,unsw_nb15_official_full,9,logistic_regression,a4_split_shift,2026-06-12T10:32:37.601446+00:00,2026-06-12T10:32:37.604837+00:00,0.0033905506134033203,1,results/raw/tier_e_core4_hgb_mlp_timed_expanded/UNSW-NB15_unsw_nb15_official_full_logistic_regression_a4_split_shift_9.csv,
597,split_construction,UNSW-NB15,unsw_nb15_official_full,9,mlp_sklearn,,2026-06-12T10:32:37.604923+00:00,2026-06-12T10:32:37.779222+00:00,0.174299955368042,257673,,
598,preprocessing,UNSW-NB15,unsw_nb15_official_full,9,mlp_sklearn,,2026-06-12T10:32:37.779343+00:00,2026-06-12T10:32:43.694069+00:00,5.9147255420684814,257673,,
599,model_training,UNSW-NB15,unsw_nb15_official_full,9,mlp_sklearn,,2026-06-12T10:32:43.694235+00:00,2026-06-12T10:32:57.730846+00:00,14.036611080169678,257673,,
600,clean_profile,UNSW-NB15,unsw_nb15_official_full,9,mlp_sklearn,,2026-06-12T10:32:57.730933+00:00,2026-06-12T10:32:57.929374+00:00,0.1984410285949707,257673,,
601,threat_evaluation,UNSW-NB15,unsw_nb15_official_full,9,mlp_sklearn,a0_clean,2026-06-12T10:32:57.945480+00:00,2026-06-12T10:32:58.022951+00:00,0.07747077941894531,82332,,
602,result_writing,UNSW-NB15,unsw_nb15_official_full,9,mlp_sklearn,a0_clean,2026-06-12T10:32:58.023121+00:00,2026-06-12T10:32:58.026736+00:00,0.0036144256591796875,1,results/raw/tier_e_core4_hgb_mlp_timed_expanded/UNSW-NB15_unsw_nb15_official_full_mlp_sklearn_a0_clean_9.csv,
603,threat_evaluation,UNSW-NB15,unsw_nb15_official_full,9,mlp_sklearn,a1_constrained_feature,2026-06-12T10:32:58.026787+00:00,2026-06-12T10:32:58.438685+00:00,0.4118978977203369,82332,,
604,result_writing,UNSW-NB15,unsw_nb15_official_full,9,mlp_sklearn,a1_constrained_feature,2026-06-12T10:32:58.438910+00:00,2026-06-12T10:32:58.442479+00:00,0.0035681724548339844,1,results/raw/tier_e_core4_hgb_mlp_timed_expanded/UNSW-NB15_unsw_nb15_official_full_mlp_sklearn_a1_constrained_feature_9.csv,
605,threat_evaluation,UNSW-NB15,unsw_nb15_official_full,9,mlp_sklearn,a1_constrained_score_search,2026-06-12T10:32:58.442518+00:00,2026-06-12T10:32:59.893509+00:00,1.4509902000427246,82332,,
606,result_writing,UNSW-NB15,unsw_nb15_official_full,9,mlp_sklearn,a1_constrained_score_search,2026-06-12T10:32:59.893736+00:00,2026-06-12T10:32:59.897243+00:00,0.0035064220428466797,1,results/raw/tier_e_core4_hgb_mlp_timed_expanded/UNSW-NB15_unsw_nb15_official_full_mlp_sklearn_a1_constrained_score_search_9.csv,
607,threat_evaluation,UNSW-NB15,unsw_nb15_official_full,9,mlp_sklearn,a4_split_shift,2026-06-12T10:32:59.897285+00:00,2026-06-12T10:32:59.970937+00:00,0.07365155220031738,82332,,
608,result_writing,UNSW-NB15,unsw_nb15_official_full,9,mlp_sklearn,a4_split_shift,2026-06-12T10:32:59.971107+00:00,2026-06-12T10:32:59.974499+00:00,0.003392457962036133,1,results/raw/tier_e_core4_hgb_mlp_timed_expanded/UNSW-NB15_unsw_nb15_official_full_mlp_sklearn_a4_split_shift_9.csv,
609,split_construction,UNSW-NB15,unsw_nb15_official_full,9,random_forest,,2026-06-12T10:32:59.974583+00:00,2026-06-12T10:33:00.164462+00:00,0.1898796558380127,257673,,
610,preprocessing,UNSW-NB15,unsw_nb15_official_full,9,random_forest,,2026-06-12T10:33:00.164587+00:00,2026-06-12T10:33:06.067379+00:00,5.902791976928711,257673,,
611,model_training,UNSW-NB15,unsw_nb15_official_full,9,random_forest,,2026-06-12T10:33:06.067560+00:00,2026-06-12T10:33:22.490807+00:00,16.42324686050415,257673,,
612,clean_profile,UNSW-NB15,unsw_nb15_official_full,9,random_forest,,2026-06-12T10:33:22.490899+00:00,2026-06-12T10:33:24.098376+00:00,1.6074769496917725,257673,,
613,threat_evaluation,UNSW-NB15,unsw_nb15_official_full,9,random_forest,a0_clean,2026-06-12T10:33:24.107378+00:00,2026-06-12T10:33:24.637918+00:00,0.5305395126342773,82332,,
614,result_writing,UNSW-NB15,unsw_nb15_official_full,9,random_forest,a0_clean,2026-06-12T10:33:24.638082+00:00,2026-06-12T10:33:24.641578+00:00,0.003495931625366211,1,results/raw/tier_e_core4_hgb_mlp_timed_expanded/UNSW-NB15_unsw_nb15_official_full_random_forest_a0_clean_9.csv,
615,threat_evaluation,UNSW-NB15,unsw_nb15_official_full,9,random_forest,a1_constrained_feature,2026-06-12T10:33:24.641628+00:00,2026-06-12T10:33:25.515521+00:00,0.8738925457000732,82332,,
616,result_writing,UNSW-NB15,unsw_nb15_official_full,9,random_forest,a1_constrained_feature,2026-06-12T10:33:25.515788+00:00,2026-06-12T10:33:25.519330+00:00,0.003541707992553711,1,results/raw/tier_e_core4_hgb_mlp_timed_expanded/UNSW-NB15_unsw_nb15_official_full_random_forest_a1_constrained_feature_9.csv,
617,threat_evaluation,UNSW-NB15,unsw_nb15_official_full,9,random_forest,a1_constrained_score_search,2026-06-12T10:33:25.519378+00:00,2026-06-12T10:33:28.900530+00:00,3.381152391433716,82332,,
618,result_writing,UNSW-NB15,unsw_nb15_official_full,9,random_forest,a1_constrained_score_search,2026-06-12T10:33:28.900751+00:00,2026-06-12T10:33:28.904345+00:00,0.0035943984985351562,1,results/raw/tier_e_core4_hgb_mlp_timed_expanded/UNSW-NB15_unsw_nb15_official_full_random_forest_a1_constrained_score_search_9.csv,
619,threat_evaluation,UNSW-NB15,unsw_nb15_official_full,9,random_forest,a4_split_shift,2026-06-12T10:33:28.904396+00:00,2026-06-12T10:33:29.444128+00:00,0.5397324562072754,82332,,
620,result_writing,UNSW-NB15,unsw_nb15_official_full,9,random_forest,a4_split_shift,2026-06-12T10:33:29.444296+00:00,2026-06-12T10:33:29.447685+00:00,0.003388643264770508,1,results/raw/tier_e_core4_hgb_mlp_timed_expanded/UNSW-NB15_unsw_nb15_official_full_random_forest_a4_split_shift_9.csv,
621,dataset_load,TON_IoT,ton_iot_attack_family_holdout_full,0,,,2026-06-12T10:33:29.447777+00:00,2026-06-12T10:33:30.787854+00:00,1.3400766849517822,211043,,
622,preprocess_manifest,TON_IoT,ton_iot_attack_family_holdout_full,0,,,2026-06-12T10:33:30.787992+00:00,2026-06-12T10:33:35.400751+00:00,4.612758636474609,211043,,
623,split_construction,TON_IoT,ton_iot_attack_family_holdout_full,0,extra_trees,,2026-06-12T10:33:35.400958+00:00,2026-06-12T10:33:35.554225+00:00,0.15326762199401855,211043,,
624,preprocessing,TON_IoT,ton_iot_attack_family_holdout_full,0,extra_trees,,2026-06-12T10:33:35.554364+00:00,2026-06-12T10:33:40.331401+00:00,4.777036666870117,211043,,
625,model_training,TON_IoT,ton_iot_attack_family_holdout_full,0,extra_trees,,2026-06-12T10:33:40.331582+00:00,2026-06-12T10:33:44.457009+00:00,4.125426769256592,211043,,
626,clean_profile,TON_IoT,ton_iot_attack_family_holdout_full,0,extra_trees,,2026-06-12T10:33:44.457095+00:00,2026-06-12T10:33:44.777000+00:00,0.31990480422973633,211043,,
627,threat_evaluation,TON_IoT,ton_iot_attack_family_holdout_full,0,extra_trees,a0_clean,2026-06-12T10:33:44.796815+00:00,2026-06-12T10:33:44.907603+00:00,0.11078739166259766,36043,,
628,result_writing,TON_IoT,ton_iot_attack_family_holdout_full,0,extra_trees,a0_clean,2026-06-12T10:33:44.907810+00:00,2026-06-12T10:33:44.911124+00:00,0.0033140182495117188,1,results/raw/tier_e_core4_hgb_mlp_timed_expanded/TON_IoT_ton_iot_attack_family_holdout_full_extra_trees_a0_clean_0.csv,
629,threat_evaluation,TON_IoT,ton_iot_attack_family_holdout_full,0,extra_trees,a1_constrained_feature,2026-06-12T10:33:44.911169+00:00,2026-06-12T10:33:45.098476+00:00,0.18730664253234863,36043,,
630,result_writing,TON_IoT,ton_iot_attack_family_holdout_full,0,extra_trees,a1_constrained_feature,2026-06-12T10:33:45.098670+00:00,2026-06-12T10:33:45.101980+00:00,0.0033104419708251953,1,results/raw/tier_e_core4_hgb_mlp_timed_expanded/TON_IoT_ton_iot_attack_family_holdout_full_extra_trees_a1_constrained_feature_0.csv,
631,threat_evaluation,TON_IoT,ton_iot_attack_family_holdout_full,0,extra_trees,a1_constrained_score_search,2026-06-12T10:33:45.102024+00:00,2026-06-12T10:33:45.933319+00:00,0.8312947750091553,36043,,
632,result_writing,TON_IoT,ton_iot_attack_family_holdout_full,0,extra_trees,a1_constrained_score_search,2026-06-12T10:33:45.933489+00:00,2026-06-12T10:33:45.936793+00:00,0.003304004669189453,1,results/raw/tier_e_core4_hgb_mlp_timed_expanded/TON_IoT_ton_iot_attack_family_holdout_full_extra_trees_a1_constrained_score_search_0.csv,
633,threat_evaluation,TON_IoT,ton_iot_attack_family_holdout_full,0,extra_trees,a4_split_shift,2026-06-12T10:33:45.936834+00:00,2026-06-12T10:33:46.047701+00:00,0.11086654663085938,36043,,
634,result_writing,TON_IoT,ton_iot_attack_family_holdout_full,0,extra_trees,a4_split_shift,2026-06-12T10:33:46.047883+00:00,2026-06-12T10:33:46.051157+00:00,0.003274202346801758,1,results/raw/tier_e_core4_hgb_mlp_timed_expanded/TON_IoT_ton_iot_attack_family_holdout_full_extra_trees_a4_split_shift_0.csv,
635,split_construction,TON_IoT,ton_iot_attack_family_holdout_full,0,hist_gradient_boosting,,2026-06-12T10:33:46.051244+00:00,2026-06-12T10:33:46.203794+00:00,0.15255045890808105,211043,,
636,preprocessing,TON_IoT,ton_iot_attack_family_holdout_full,0,hist_gradient_boosting,,2026-06-12T10:33:46.203915+00:00,2026-06-12T10:33:50.993639+00:00,4.789724349975586,211043,,
637,model_training,TON_IoT,ton_iot_attack_family_holdout_full,0,hist_gradient_boosting,,2026-06-12T10:33:50.993802+00:00,2026-06-12T10:33:53.471916+00:00,2.478114604949951,211043,,
638,clean_profile,TON_IoT,ton_iot_attack_family_holdout_full,0,hist_gradient_boosting,,2026-06-12T10:33:53.472004+00:00,2026-06-12T10:33:53.594561+00:00,0.12255668640136719,211043,,
639,threat_evaluation,TON_IoT,ton_iot_attack_family_holdout_full,0,hist_gradient_boosting,a0_clean,2026-06-12T10:33:53.613289+00:00,2026-06-12T10:33:53.659137+00:00,0.04584836959838867,36043,,
640,result_writing,TON_IoT,ton_iot_attack_family_holdout_full,0,hist_gradient_boosting,a0_clean,2026-06-12T10:33:53.659305+00:00,2026-06-12T10:33:53.662724+00:00,0.0034189224243164062,1,results/raw/tier_e_core4_hgb_mlp_timed_expanded/TON_IoT_ton_iot_attack_family_holdout_full_hist_gradient_boosting_a0_clean_0.csv,
641,threat_evaluation,TON_IoT,ton_iot_attack_family_holdout_full,0,hist_gradient_boosting,a1_constrained_feature,2026-06-12T10:33:53.662767+00:00,2026-06-12T10:33:53.781474+00:00,0.11870694160461426,36043,,
642,result_writing,TON_IoT,ton_iot_attack_family_holdout_full,0,hist_gradient_boosting,a1_constrained_feature,2026-06-12T10:33:53.781639+00:00,2026-06-12T10:33:53.785064+00:00,0.0034253597259521484,1,results/raw/tier_e_core4_hgb_mlp_timed_expanded/TON_IoT_ton_iot_attack_family_holdout_full_hist_gradient_boosting_a1_constrained_feature_0.csv,
643,threat_evaluation,TON_IoT,ton_iot_attack_family_holdout_full,0,hist_gradient_boosting,a1_constrained_score_search,2026-06-12T10:33:53.785107+00:00,2026-06-12T10:33:54.393861+00:00,0.6087539196014404,36043,,
644,result_writing,TON_IoT,ton_iot_attack_family_holdout_full,0,hist_gradient_boosting,a1_constrained_score_search,2026-06-12T10:33:54.394058+00:00,2026-06-12T10:33:54.397379+00:00,0.0033211708068847656,1,results/raw/tier_e_core4_hgb_mlp_timed_expanded/TON_IoT_ton_iot_attack_family_holdout_full_hist_gradient_boosting_a1_constrained_score_search_0.csv,
645,threat_evaluation,TON_IoT,ton_iot_attack_family_holdout_full,0,hist_gradient_boosting,a4_split_shift,2026-06-12T10:33:54.397426+00:00,2026-06-12T10:33:54.456375+00:00,0.05894923210144043,36043,,
646,result_writing,TON_IoT,ton_iot_attack_family_holdout_full,0,hist_gradient_boosting,a4_split_shift,2026-06-12T10:33:54.456541+00:00,2026-06-12T10:33:54.459933+00:00,0.0033922195434570312,1,results/raw/tier_e_core4_hgb_mlp_timed_expanded/TON_IoT_ton_iot_attack_family_holdout_full_hist_gradient_boosting_a4_split_shift_0.csv,
647,split_construction,TON_IoT,ton_iot_attack_family_holdout_full,0,logistic_regression,,2026-06-12T10:33:54.460021+00:00,2026-06-12T10:33:54.612660+00:00,0.15263843536376953,211043,,
648,preprocessing,TON_IoT,ton_iot_attack_family_holdout_full,0,logistic_regression,,2026-06-12T10:33:54.612771+00:00,2026-06-12T10:33:59.393368+00:00,4.780597448348999,211043,,
649,model_training,TON_IoT,ton_iot_attack_family_holdout_full,0,logistic_regression,,2026-06-12T10:33:59.393505+00:00,2026-06-12T10:34:08.404302+00:00,9.010797262191772,211043,,
650,clean_profile,TON_IoT,ton_iot_attack_family_holdout_full,0,logistic_regression,,2026-06-12T10:34:08.404380+00:00,2026-06-12T10:34:08.427995+00:00,0.023615360260009766,211043,,
651,threat_evaluation,TON_IoT,ton_iot_attack_family_holdout_full,0,logistic_regression,a0_clean,2026-06-12T10:34:08.446714+00:00,2026-06-12T10:34:08.460695+00:00,0.013981342315673828,36043,,
652,result_writing,TON_IoT,ton_iot_attack_family_holdout_full,0,logistic_regression,a0_clean,2026-06-12T10:34:08.460864+00:00,2026-06-12T10:34:08.464245+00:00,0.0033805370330810547,1,results/raw/tier_e_core4_hgb_mlp_timed_expanded/TON_IoT_ton_iot_attack_family_holdout_full_logistic_regression_a0_clean_0.csv,
653,threat_evaluation,TON_IoT,ton_iot_attack_family_holdout_full,0,logistic_regression,a1_constrained_feature,2026-06-12T10:34:08.464287+00:00,2026-06-12T10:34:08.549673+00:00,0.08538579940795898,36043,,
654,result_writing,TON_IoT,ton_iot_attack_family_holdout_full,0,logistic_regression,a1_constrained_feature,2026-06-12T10:34:08.549851+00:00,2026-06-12T10:34:08.553156+00:00,0.0033044815063476562,1,results/raw/tier_e_core4_hgb_mlp_timed_expanded/TON_IoT_ton_iot_attack_family_holdout_full_logistic_regression_a1_constrained_feature_0.csv,
655,threat_evaluation,TON_IoT,ton_iot_attack_family_holdout_full,0,logistic_regression,a1_constrained_score_search,2026-06-12T10:34:08.553201+00:00,2026-06-12T10:34:08.910782+00:00,0.35758090019226074,36043,,
656,result_writing,TON_IoT,ton_iot_attack_family_holdout_full,0,logistic_regression,a1_constrained_score_search,2026-06-12T10:34:08.910972+00:00,2026-06-12T10:34:08.914238+00:00,0.003265380859375,1,results/raw/tier_e_core4_hgb_mlp_timed_expanded/TON_IoT_ton_iot_attack_family_holdout_full_logistic_regression_a1_constrained_score_search_0.csv,
657,threat_evaluation,TON_IoT,ton_iot_attack_family_holdout_full,0,logistic_regression,a4_split_shift,2026-06-12T10:34:08.914283+00:00,2026-06-12T10:34:08.927518+00:00,0.013234615325927734,36043,,
658,result_writing,TON_IoT,ton_iot_attack_family_holdout_full,0,logistic_regression,a4_split_shift,2026-06-12T10:34:08.927670+00:00,2026-06-12T10:34:08.930875+00:00,0.0032052993774414062,1,results/raw/tier_e_core4_hgb_mlp_timed_expanded/TON_IoT_ton_iot_attack_family_holdout_full_logistic_regression_a4_split_shift_0.csv,
659,split_construction,TON_IoT,ton_iot_attack_family_holdout_full,0,mlp_sklearn,,2026-06-12T10:34:08.930961+00:00,2026-06-12T10:34:09.084296+00:00,0.1533348560333252,211043,,
660,preprocessing,TON_IoT,ton_iot_attack_family_holdout_full,0,mlp_sklearn,,2026-06-12T10:34:09.084421+00:00,2026-06-12T10:34:13.868552+00:00,4.784131050109863,211043,,
661,model_training,TON_IoT,ton_iot_attack_family_holdout_full,0,mlp_sklearn,,2026-06-12T10:34:13.868717+00:00,2026-06-12T10:34:34.788334+00:00,20.91961669921875,211043,,
662,clean_profile,TON_IoT,ton_iot_attack_family_holdout_full,0,mlp_sklearn,,2026-06-12T10:34:34.788415+00:00,2026-06-12T10:34:34.843611+00:00,0.05519580841064453,211043,,
663,threat_evaluation,TON_IoT,ton_iot_attack_family_holdout_full,0,mlp_sklearn,a0_clean,2026-06-12T10:34:34.861903+00:00,2026-06-12T10:34:34.886503+00:00,0.024599313735961914,36043,,
664,result_writing,TON_IoT,ton_iot_attack_family_holdout_full,0,mlp_sklearn,a0_clean,2026-06-12T10:34:34.886678+00:00,2026-06-12T10:34:34.890145+00:00,0.003467082977294922,1,results/raw/tier_e_core4_hgb_mlp_timed_expanded/TON_IoT_ton_iot_attack_family_holdout_full_mlp_sklearn_a0_clean_0.csv,
665,threat_evaluation,TON_IoT,ton_iot_attack_family_holdout_full,0,mlp_sklearn,a1_constrained_feature,2026-06-12T10:34:34.890191+00:00,2026-06-12T10:34:34.988783+00:00,0.09859204292297363,36043,,
666,result_writing,TON_IoT,ton_iot_attack_family_holdout_full,0,mlp_sklearn,a1_constrained_feature,2026-06-12T10:34:34.988974+00:00,2026-06-12T10:34:34.992377+00:00,0.0034024715423583984,1,results/raw/tier_e_core4_hgb_mlp_timed_expanded/TON_IoT_ton_iot_attack_family_holdout_full_mlp_sklearn_a1_constrained_feature_0.csv,
667,threat_evaluation,TON_IoT,ton_iot_attack_family_holdout_full,0,mlp_sklearn,a1_constrained_score_search,2026-06-12T10:34:34.992423+00:00,2026-06-12T10:34:35.398215+00:00,0.4057919979095459,36043,,
668,result_writing,TON_IoT,ton_iot_attack_family_holdout_full,0,mlp_sklearn,a1_constrained_score_search,2026-06-12T10:34:35.398410+00:00,2026-06-12T10:34:35.401809+00:00,0.003398418426513672,1,results/raw/tier_e_core4_hgb_mlp_timed_expanded/TON_IoT_ton_iot_attack_family_holdout_full_mlp_sklearn_a1_constrained_score_search_0.csv,
669,threat_evaluation,TON_IoT,ton_iot_attack_family_holdout_full,0,mlp_sklearn,a4_split_shift,2026-06-12T10:34:35.401855+00:00,2026-06-12T10:34:35.425899+00:00,0.024044275283813477,36043,,
670,result_writing,TON_IoT,ton_iot_attack_family_holdout_full,0,mlp_sklearn,a4_split_shift,2026-06-12T10:34:35.426064+00:00,2026-06-12T10:34:35.429429+00:00,0.003365755081176758,1,results/raw/tier_e_core4_hgb_mlp_timed_expanded/TON_IoT_ton_iot_attack_family_holdout_full_mlp_sklearn_a4_split_shift_0.csv,
671,split_construction,TON_IoT,ton_iot_attack_family_holdout_full,0,random_forest,,2026-06-12T10:34:35.429521+00:00,2026-06-12T10:34:35.583062+00:00,0.15354156494140625,211043,,
672,preprocessing,TON_IoT,ton_iot_attack_family_holdout_full,0,random_forest,,2026-06-12T10:34:35.583181+00:00,2026-06-12T10:34:40.372724+00:00,4.789543151855469,211043,,
673,model_training,TON_IoT,ton_iot_attack_family_holdout_full,0,random_forest,,2026-06-12T10:34:40.372906+00:00,2026-06-12T10:34:45.484478+00:00,5.111571788787842,211043,,
674,clean_profile,TON_IoT,ton_iot_attack_family_holdout_full,0,random_forest,,2026-06-12T10:34:45.484592+00:00,2026-06-12T10:34:45.702381+00:00,0.2177886962890625,211043,,
675,threat_evaluation,TON_IoT,ton_iot_attack_family_holdout_full,0,random_forest,a0_clean,2026-06-12T10:34:45.720612+00:00,2026-06-12T10:34:45.797008+00:00,0.07639646530151367,36043,,
676,result_writing,TON_IoT,ton_iot_attack_family_holdout_full,0,random_forest,a0_clean,2026-06-12T10:34:45.797171+00:00,2026-06-12T10:34:45.800503+00:00,0.0033321380615234375,1,results/raw/tier_e_core4_hgb_mlp_timed_expanded/TON_IoT_ton_iot_attack_family_holdout_full_random_forest_a0_clean_0.csv,
677,threat_evaluation,TON_IoT,ton_iot_attack_family_holdout_full,0,random_forest,a1_constrained_feature,2026-06-12T10:34:45.800546+00:00,2026-06-12T10:34:45.957100+00:00,0.1565542221069336,36043,,
678,result_writing,TON_IoT,ton_iot_attack_family_holdout_full,0,random_forest,a1_constrained_feature,2026-06-12T10:34:45.957274+00:00,2026-06-12T10:34:45.960573+00:00,0.003298521041870117,1,results/raw/tier_e_core4_hgb_mlp_timed_expanded/TON_IoT_ton_iot_attack_family_holdout_full_random_forest_a1_constrained_feature_0.csv,
679,threat_evaluation,TON_IoT,ton_iot_attack_family_holdout_full,0,random_forest,a1_constrained_score_search,2026-06-12T10:34:45.960617+00:00,2026-06-12T10:34:46.661327+00:00,0.7007107734680176,36043,,
680,result_writing,TON_IoT,ton_iot_attack_family_holdout_full,0,random_forest,a1_constrained_score_search,2026-06-12T10:34:46.661515+00:00,2026-06-12T10:34:46.664879+00:00,0.0033636093139648438,1,results/raw/tier_e_core4_hgb_mlp_timed_expanded/TON_IoT_ton_iot_attack_family_holdout_full_random_forest_a1_constrained_score_search_0.csv,
681,threat_evaluation,TON_IoT,ton_iot_attack_family_holdout_full,0,random_forest,a4_split_shift,2026-06-12T10:34:46.664924+00:00,2026-06-12T10:34:46.740721+00:00,0.07579779624938965,36043,,
682,result_writing,TON_IoT,ton_iot_attack_family_holdout_full,0,random_forest,a4_split_shift,2026-06-12T10:34:46.740885+00:00,2026-06-12T10:34:46.744204+00:00,0.00331878662109375,1,results/raw/tier_e_core4_hgb_mlp_timed_expanded/TON_IoT_ton_iot_attack_family_holdout_full_random_forest_a4_split_shift_0.csv,
683,dataset_load,TON_IoT,ton_iot_attack_family_holdout_full,1,,,2026-06-12T10:34:46.744249+00:00,2026-06-12T10:34:48.065160+00:00,1.3209114074707031,211043,,
684,preprocess_manifest,TON_IoT,ton_iot_attack_family_holdout_full,1,,,2026-06-12T10:34:48.065299+00:00,2026-06-12T10:34:52.644269+00:00,4.578969955444336,211043,,
685,split_construction,TON_IoT,ton_iot_attack_family_holdout_full,1,extra_trees,,2026-06-12T10:34:52.644464+00:00,2026-06-12T10:34:52.797593+00:00,0.15312862396240234,211043,,
686,preprocessing,TON_IoT,ton_iot_attack_family_holdout_full,1,extra_trees,,2026-06-12T10:34:52.797723+00:00,2026-06-12T10:34:57.552680+00:00,4.754956483840942,211043,,
687,model_training,TON_IoT,ton_iot_attack_family_holdout_full,1,extra_trees,,2026-06-12T10:34:57.552860+00:00,2026-06-12T10:35:01.705122+00:00,4.152261734008789,211043,,
688,clean_profile,TON_IoT,ton_iot_attack_family_holdout_full,1,extra_trees,,2026-06-12T10:35:01.705208+00:00,2026-06-12T10:35:02.025870+00:00,0.3206613063812256,211043,,
689,threat_evaluation,TON_IoT,ton_iot_attack_family_holdout_full,1,extra_trees,a0_clean,2026-06-12T10:35:02.044326+00:00,2026-06-12T10:35:02.154959+00:00,0.11063337326049805,36043,,
690,result_writing,TON_IoT,ton_iot_attack_family_holdout_full,1,extra_trees,a0_clean,2026-06-12T10:35:02.155123+00:00,2026-06-12T10:35:02.158435+00:00,0.0033118724822998047,1,results/raw/tier_e_core4_hgb_mlp_timed_expanded/TON_IoT_ton_iot_attack_family_holdout_full_extra_trees_a0_clean_1.csv,
691,threat_evaluation,TON_IoT,ton_iot_attack_family_holdout_full,1,extra_trees,a1_constrained_feature,2026-06-12T10:35:02.158478+00:00,2026-06-12T10:35:02.347247+00:00,0.18876910209655762,36043,,
692,result_writing,TON_IoT,ton_iot_attack_family_holdout_full,1,extra_trees,a1_constrained_feature,2026-06-12T10:35:02.347429+00:00,2026-06-12T10:35:02.350689+00:00,0.0032601356506347656,1,results/raw/tier_e_core4_hgb_mlp_timed_expanded/TON_IoT_ton_iot_attack_family_holdout_full_extra_trees_a1_constrained_feature_1.csv,
693,threat_evaluation,TON_IoT,ton_iot_attack_family_holdout_full,1,extra_trees,a1_constrained_score_search,2026-06-12T10:35:02.350730+00:00,2026-06-12T10:35:03.173819+00:00,0.8230888843536377,36043,,
694,result_writing,TON_IoT,ton_iot_attack_family_holdout_full,1,extra_trees,a1_constrained_score_search,2026-06-12T10:35:03.174006+00:00,2026-06-12T10:35:03.177302+00:00,0.0032956600189208984,1,results/raw/tier_e_core4_hgb_mlp_timed_expanded/TON_IoT_ton_iot_attack_family_holdout_full_extra_trees_a1_constrained_score_search_1.csv,
695,threat_evaluation,TON_IoT,ton_iot_attack_family_holdout_full,1,extra_trees,a4_split_shift,2026-06-12T10:35:03.177343+00:00,2026-06-12T10:35:03.288324+00:00,0.11098146438598633,36043,,
696,result_writing,TON_IoT,ton_iot_attack_family_holdout_full,1,extra_trees,a4_split_shift,2026-06-12T10:35:03.288485+00:00,2026-06-12T10:35:03.291765+00:00,0.003280162811279297,1,results/raw/tier_e_core4_hgb_mlp_timed_expanded/TON_IoT_ton_iot_attack_family_holdout_full_extra_trees_a4_split_shift_1.csv,
697,split_construction,TON_IoT,ton_iot_attack_family_holdout_full,1,hist_gradient_boosting,,2026-06-12T10:35:03.291845+00:00,2026-06-12T10:35:03.444833+00:00,0.15298843383789062,211043,,
698,preprocessing,TON_IoT,ton_iot_attack_family_holdout_full,1,hist_gradient_boosting,,2026-06-12T10:35:03.444940+00:00,2026-06-12T10:35:08.194151+00:00,4.749211549758911,211043,,
699,model_training,TON_IoT,ton_iot_attack_family_holdout_full,1,hist_gradient_boosting,,2026-06-12T10:35:08.194316+00:00,2026-06-12T10:35:10.761679+00:00,2.5673630237579346,211043,,
700,clean_profile,TON_IoT,ton_iot_attack_family_holdout_full,1,hist_gradient_boosting,,2026-06-12T10:35:10.761769+00:00,2026-06-12T10:35:10.880255+00:00,0.11848592758178711,211043,,
701,threat_evaluation,TON_IoT,ton_iot_attack_family_holdout_full,1,hist_gradient_boosting,a0_clean,2026-06-12T10:35:10.898680+00:00,2026-06-12T10:35:10.943474+00:00,0.04479408264160156,36043,,
702,result_writing,TON_IoT,ton_iot_attack_family_holdout_full,1,hist_gradient_boosting,a0_clean,2026-06-12T10:35:10.943641+00:00,2026-06-12T10:35:10.947690+00:00,0.004048824310302734,1,results/raw/tier_e_core4_hgb_mlp_timed_expanded/TON_IoT_ton_iot_attack_family_holdout_full_hist_gradient_boosting_a0_clean_1.csv,
703,threat_evaluation,TON_IoT,ton_iot_attack_family_holdout_full,1,hist_gradient_boosting,a1_constrained_feature,2026-06-12T10:35:10.947777+00:00,2026-06-12T10:35:11.074338+00:00,0.12656164169311523,36043,,
704,result_writing,TON_IoT,ton_iot_attack_family_holdout_full,1,hist_gradient_boosting,a1_constrained_feature,2026-06-12T10:35:11.074508+00:00,2026-06-12T10:35:11.077854+00:00,0.0033464431762695312,1,results/raw/tier_e_core4_hgb_mlp_timed_expanded/TON_IoT_ton_iot_attack_family_holdout_full_hist_gradient_boosting_a1_constrained_feature_1.csv,
705,threat_evaluation,TON_IoT,ton_iot_attack_family_holdout_full,1,hist_gradient_boosting,a1_constrained_score_search,2026-06-12T10:35:11.077899+00:00,2026-06-12T10:35:11.660870+00:00,0.5829708576202393,36043,,
706,result_writing,TON_IoT,ton_iot_attack_family_holdout_full,1,hist_gradient_boosting,a1_constrained_score_search,2026-06-12T10:35:11.661061+00:00,2026-06-12T10:35:11.664394+00:00,0.0033338069915771484,1,results/raw/tier_e_core4_hgb_mlp_timed_expanded/TON_IoT_ton_iot_attack_family_holdout_full_hist_gradient_boosting_a1_constrained_score_search_1.csv,
707,threat_evaluation,TON_IoT,ton_iot_attack_family_holdout_full,1,hist_gradient_boosting,a4_split_shift,2026-06-12T10:35:11.664439+00:00,2026-06-12T10:35:11.722390+00:00,0.05795097351074219,36043,,
708,result_writing,TON_IoT,ton_iot_attack_family_holdout_full,1,hist_gradient_boosting,a4_split_shift,2026-06-12T10:35:11.722559+00:00,2026-06-12T10:35:11.725926+00:00,0.0033676624298095703,1,results/raw/tier_e_core4_hgb_mlp_timed_expanded/TON_IoT_ton_iot_attack_family_holdout_full_hist_gradient_boosting_a4_split_shift_1.csv,
709,split_construction,TON_IoT,ton_iot_attack_family_holdout_full,1,logistic_regression,,2026-06-12T10:35:11.726014+00:00,2026-06-12T10:35:11.879565+00:00,0.1535508632659912,211043,,
710,preprocessing,TON_IoT,ton_iot_attack_family_holdout_full,1,logistic_regression,,2026-06-12T10:35:11.879695+00:00,2026-06-12T10:35:16.635054+00:00,4.755358695983887,211043,,
711,model_training,TON_IoT,ton_iot_attack_family_holdout_full,1,logistic_regression,,2026-06-12T10:35:16.635192+00:00,2026-06-12T10:35:24.316448+00:00,7.681256532669067,211043,,
712,clean_profile,TON_IoT,ton_iot_attack_family_holdout_full,1,logistic_regression,,2026-06-12T10:35:24.316525+00:00,2026-06-12T10:35:24.339818+00:00,0.023293256759643555,211043,,
713,threat_evaluation,TON_IoT,ton_iot_attack_family_holdout_full,1,logistic_regression,a0_clean,2026-06-12T10:35:24.358668+00:00,2026-06-12T10:35:24.372678+00:00,0.014009475708007812,36043,,
714,result_writing,TON_IoT,ton_iot_attack_family_holdout_full,1,logistic_regression,a0_clean,2026-06-12T10:35:24.372848+00:00,2026-06-12T10:35:24.376184+00:00,0.0033364295959472656,1,results/raw/tier_e_core4_hgb_mlp_timed_expanded/TON_IoT_ton_iot_attack_family_holdout_full_logistic_regression_a0_clean_1.csv,
715,threat_evaluation,TON_IoT,ton_iot_attack_family_holdout_full,1,logistic_regression,a1_constrained_feature,2026-06-12T10:35:24.376226+00:00,2026-06-12T10:35:24.461895+00:00,0.08566880226135254,36043,,
716,result_writing,TON_IoT,ton_iot_attack_family_holdout_full,1,logistic_regression,a1_constrained_feature,2026-06-12T10:35:24.462080+00:00,2026-06-12T10:35:24.465325+00:00,0.0032448768615722656,1,results/raw/tier_e_core4_hgb_mlp_timed_expanded/TON_IoT_ton_iot_attack_family_holdout_full_logistic_regression_a1_constrained_feature_1.csv,
717,threat_evaluation,TON_IoT,ton_iot_attack_family_holdout_full,1,logistic_regression,a1_constrained_score_search,2026-06-12T10:35:24.465369+00:00,2026-06-12T10:35:24.824882+00:00,0.3595120906829834,36043,,
718,result_writing,TON_IoT,ton_iot_attack_family_holdout_full,1,logistic_regression,a1_constrained_score_search,2026-06-12T10:35:24.825069+00:00,2026-06-12T10:35:24.828442+00:00,0.003372669219970703,1,results/raw/tier_e_core4_hgb_mlp_timed_expanded/TON_IoT_ton_iot_attack_family_holdout_full_logistic_regression_a1_constrained_score_search_1.csv,
719,threat_evaluation,TON_IoT,ton_iot_attack_family_holdout_full,1,logistic_regression,a4_split_shift,2026-06-12T10:35:24.828485+00:00,2026-06-12T10:35:24.841850+00:00,0.013364791870117188,36043,,
720,result_writing,TON_IoT,ton_iot_attack_family_holdout_full,1,logistic_regression,a4_split_shift,2026-06-12T10:35:24.842007+00:00,2026-06-12T10:35:24.845244+00:00,0.0032372474670410156,1,results/raw/tier_e_core4_hgb_mlp_timed_expanded/TON_IoT_ton_iot_attack_family_holdout_full_logistic_regression_a4_split_shift_1.csv,
721,split_construction,TON_IoT,ton_iot_attack_family_holdout_full,1,mlp_sklearn,,2026-06-12T10:35:24.845322+00:00,2026-06-12T10:35:24.998384+00:00,0.1530628204345703,211043,,
722,preprocessing,TON_IoT,ton_iot_attack_family_holdout_full,1,mlp_sklearn,,2026-06-12T10:35:24.998501+00:00,2026-06-12T10:35:29.770458+00:00,4.771956920623779,211043,,
723,model_training,TON_IoT,ton_iot_attack_family_holdout_full,1,mlp_sklearn,,2026-06-12T10:35:29.770623+00:00,2026-06-12T10:35:52.047818+00:00,22.27719473838806,211043,,
724,clean_profile,TON_IoT,ton_iot_attack_family_holdout_full,1,mlp_sklearn,,2026-06-12T10:35:52.047895+00:00,2026-06-12T10:35:52.103400+00:00,0.05550432205200195,211043,,
725,threat_evaluation,TON_IoT,ton_iot_attack_family_holdout_full,1,mlp_sklearn,a0_clean,2026-06-12T10:35:52.121733+00:00,2026-06-12T10:35:52.146361+00:00,0.0246274471282959,36043,,
726,result_writing,TON_IoT,ton_iot_attack_family_holdout_full,1,mlp_sklearn,a0_clean,2026-06-12T10:35:52.146538+00:00,2026-06-12T10:35:52.150088+00:00,0.0035505294799804688,1,results/raw/tier_e_core4_hgb_mlp_timed_expanded/TON_IoT_ton_iot_attack_family_holdout_full_mlp_sklearn_a0_clean_1.csv,
727,threat_evaluation,TON_IoT,ton_iot_attack_family_holdout_full,1,mlp_sklearn,a1_constrained_feature,2026-06-12T10:35:52.150143+00:00,2026-06-12T10:35:52.248686+00:00,0.09854269027709961,36043,,
728,result_writing,TON_IoT,ton_iot_attack_family_holdout_full,1,mlp_sklearn,a1_constrained_feature,2026-06-12T10:35:52.248874+00:00,2026-06-12T10:35:52.252423+00:00,0.0035490989685058594,1,results/raw/tier_e_core4_hgb_mlp_timed_expanded/TON_IoT_ton_iot_attack_family_holdout_full_mlp_sklearn_a1_constrained_feature_1.csv,
729,threat_evaluation,TON_IoT,ton_iot_attack_family_holdout_full,1,mlp_sklearn,a1_constrained_score_search,2026-06-12T10:35:52.252472+00:00,2026-06-12T10:35:52.660456+00:00,0.40798401832580566,36043,,
730,result_writing,TON_IoT,ton_iot_attack_family_holdout_full,1,mlp_sklearn,a1_constrained_score_search,2026-06-12T10:35:52.660643+00:00,2026-06-12T10:35:52.664016+00:00,0.003372669219970703,1,results/raw/tier_e_core4_hgb_mlp_timed_expanded/TON_IoT_ton_iot_attack_family_holdout_full_mlp_sklearn_a1_constrained_score_search_1.csv,
731,threat_evaluation,TON_IoT,ton_iot_attack_family_holdout_full,1,mlp_sklearn,a4_split_shift,2026-06-12T10:35:52.664064+00:00,2026-06-12T10:35:52.688022+00:00,0.023958206176757812,36043,,
732,result_writing,TON_IoT,ton_iot_attack_family_holdout_full,1,mlp_sklearn,a4_split_shift,2026-06-12T10:35:52.688187+00:00,2026-06-12T10:35:52.691512+00:00,0.003325223922729492,1,results/raw/tier_e_core4_hgb_mlp_timed_expanded/TON_IoT_ton_iot_attack_family_holdout_full_mlp_sklearn_a4_split_shift_1.csv,
733,split_construction,TON_IoT,ton_iot_attack_family_holdout_full,1,random_forest,,2026-06-12T10:35:52.691592+00:00,2026-06-12T10:35:52.844645+00:00,0.15305304527282715,211043,,
734,preprocessing,TON_IoT,ton_iot_attack_family_holdout_full,1,random_forest,,2026-06-12T10:35:52.844755+00:00,2026-06-12T10:35:57.629496+00:00,4.784740924835205,211043,,
735,model_training,TON_IoT,ton_iot_attack_family_holdout_full,1,random_forest,,2026-06-12T10:35:57.629684+00:00,2026-06-12T10:36:02.653598+00:00,5.023913621902466,211043,,
736,clean_profile,TON_IoT,ton_iot_attack_family_holdout_full,1,random_forest,,2026-06-12T10:36:02.653685+00:00,2026-06-12T10:36:02.868571+00:00,0.21488618850708008,211043,,
737,threat_evaluation,TON_IoT,ton_iot_attack_family_holdout_full,1,random_forest,a0_clean,2026-06-12T10:36:02.887002+00:00,2026-06-12T10:36:02.962558+00:00,0.07555651664733887,36043,,
738,result_writing,TON_IoT,ton_iot_attack_family_holdout_full,1,random_forest,a0_clean,2026-06-12T10:36:02.962729+00:00,2026-06-12T10:36:02.966155+00:00,0.0034265518188476562,1,results/raw/tier_e_core4_hgb_mlp_timed_expanded/TON_IoT_ton_iot_attack_family_holdout_full_random_forest_a0_clean_1.csv,
739,threat_evaluation,TON_IoT,ton_iot_attack_family_holdout_full,1,random_forest,a1_constrained_feature,2026-06-12T10:36:02.966198+00:00,2026-06-12T10:36:03.121421+00:00,0.15522313117980957,36043,,
740,result_writing,TON_IoT,ton_iot_attack_family_holdout_full,1,random_forest,a1_constrained_feature,2026-06-12T10:36:03.121592+00:00,2026-06-12T10:36:03.124957+00:00,0.0033652782440185547,1,results/raw/tier_e_core4_hgb_mlp_timed_expanded/TON_IoT_ton_iot_attack_family_holdout_full_random_forest_a1_constrained_feature_1.csv,
741,threat_evaluation,TON_IoT,ton_iot_attack_family_holdout_full,1,random_forest,a1_constrained_score_search,2026-06-12T10:36:03.125001+00:00,2026-06-12T10:36:03.808557+00:00,0.6835556030273438,36043,,
742,result_writing,TON_IoT,ton_iot_attack_family_holdout_full,1,random_forest,a1_constrained_score_search,2026-06-12T10:36:03.808740+00:00,2026-06-12T10:36:03.812018+00:00,0.003278493881225586,1,results/raw/tier_e_core4_hgb_mlp_timed_expanded/TON_IoT_ton_iot_attack_family_holdout_full_random_forest_a1_constrained_score_search_1.csv,
743,threat_evaluation,TON_IoT,ton_iot_attack_family_holdout_full,1,random_forest,a4_split_shift,2026-06-12T10:36:03.812062+00:00,2026-06-12T10:36:03.887548+00:00,0.07548642158508301,36043,,
744,result_writing,TON_IoT,ton_iot_attack_family_holdout_full,1,random_forest,a4_split_shift,2026-06-12T10:36:03.887708+00:00,2026-06-12T10:36:03.891045+00:00,0.003337383270263672,1,results/raw/tier_e_core4_hgb_mlp_timed_expanded/TON_IoT_ton_iot_attack_family_holdout_full_random_forest_a4_split_shift_1.csv,
745,dataset_load,TON_IoT,ton_iot_attack_family_holdout_full,2,,,2026-06-12T10:36:03.891090+00:00,2026-06-12T10:36:05.215384+00:00,1.324294090270996,211043,,
746,preprocess_manifest,TON_IoT,ton_iot_attack_family_holdout_full,2,,,2026-06-12T10:36:05.215529+00:00,2026-06-12T10:36:09.813437+00:00,4.597907304763794,211043,,
747,split_construction,TON_IoT,ton_iot_attack_family_holdout_full,2,extra_trees,,2026-06-12T10:36:09.813638+00:00,2026-06-12T10:36:09.966576+00:00,0.1529381275177002,211043,,
748,preprocessing,TON_IoT,ton_iot_attack_family_holdout_full,2,extra_trees,,2026-06-12T10:36:09.966714+00:00,2026-06-12T10:36:14.761369+00:00,4.794654369354248,211043,,
749,model_training,TON_IoT,ton_iot_attack_family_holdout_full,2,extra_trees,,2026-06-12T10:36:14.761556+00:00,2026-06-12T10:36:18.988224+00:00,4.226668119430542,211043,,
750,clean_profile,TON_IoT,ton_iot_attack_family_holdout_full,2,extra_trees,,2026-06-12T10:36:18.988317+00:00,2026-06-12T10:36:19.307855+00:00,0.3195376396179199,211043,,
751,threat_evaluation,TON_IoT,ton_iot_attack_family_holdout_full,2,extra_trees,a0_clean,2026-06-12T10:36:19.326072+00:00,2026-06-12T10:36:19.437495+00:00,0.11142301559448242,36043,,
752,result_writing,TON_IoT,ton_iot_attack_family_holdout_full,2,extra_trees,a0_clean,2026-06-12T10:36:19.437668+00:00,2026-06-12T10:36:19.441017+00:00,0.0033490657806396484,1,results/raw/tier_e_core4_hgb_mlp_timed_expanded/TON_IoT_ton_iot_attack_family_holdout_full_extra_trees_a0_clean_2.csv,
753,threat_evaluation,TON_IoT,ton_iot_attack_family_holdout_full,2,extra_trees,a1_constrained_feature,2026-06-12T10:36:19.441060+00:00,2026-06-12T10:36:19.630984+00:00,0.18992352485656738,36043,,
754,result_writing,TON_IoT,ton_iot_attack_family_holdout_full,2,extra_trees,a1_constrained_feature,2026-06-12T10:36:19.631169+00:00,2026-06-12T10:36:19.634424+00:00,0.0032553672790527344,1,results/raw/tier_e_core4_hgb_mlp_timed_expanded/TON_IoT_ton_iot_attack_family_holdout_full_extra_trees_a1_constrained_feature_2.csv,
755,threat_evaluation,TON_IoT,ton_iot_attack_family_holdout_full,2,extra_trees,a1_constrained_score_search,2026-06-12T10:36:19.634465+00:00,2026-06-12T10:36:20.465340+00:00,0.8308756351470947,36043,,
756,result_writing,TON_IoT,ton_iot_attack_family_holdout_full,2,extra_trees,a1_constrained_score_search,2026-06-12T10:36:20.465516+00:00,2026-06-12T10:36:20.468778+00:00,0.003262042999267578,1,results/raw/tier_e_core4_hgb_mlp_timed_expanded/TON_IoT_ton_iot_attack_family_holdout_full_extra_trees_a1_constrained_score_search_2.csv,
757,threat_evaluation,TON_IoT,ton_iot_attack_family_holdout_full,2,extra_trees,a4_split_shift,2026-06-12T10:36:20.468821+00:00,2026-06-12T10:36:20.579142+00:00,0.1103205680847168,36043,,
758,result_writing,TON_IoT,ton_iot_attack_family_holdout_full,2,extra_trees,a4_split_shift,2026-06-12T10:36:20.579306+00:00,2026-06-12T10:36:20.582583+00:00,0.0032775402069091797,1,results/raw/tier_e_core4_hgb_mlp_timed_expanded/TON_IoT_ton_iot_attack_family_holdout_full_extra_trees_a4_split_shift_2.csv,
759,split_construction,TON_IoT,ton_iot_attack_family_holdout_full,2,hist_gradient_boosting,,2026-06-12T10:36:20.582664+00:00,2026-06-12T10:36:20.735510+00:00,0.1528456211090088,211043,,
760,preprocessing,TON_IoT,ton_iot_attack_family_holdout_full,2,hist_gradient_boosting,,2026-06-12T10:36:20.735621+00:00,2026-06-12T10:36:25.520254+00:00,4.784632444381714,211043,,
761,model_training,TON_IoT,ton_iot_attack_family_holdout_full,2,hist_gradient_boosting,,2026-06-12T10:36:25.520422+00:00,2026-06-12T10:36:28.011905+00:00,2.491483211517334,211043,,
762,clean_profile,TON_IoT,ton_iot_attack_family_holdout_full,2,hist_gradient_boosting,,2026-06-12T10:36:28.012006+00:00,2026-06-12T10:36:28.143805+00:00,0.13179898262023926,211043,,
763,threat_evaluation,TON_IoT,ton_iot_attack_family_holdout_full,2,hist_gradient_boosting,a0_clean,2026-06-12T10:36:28.162109+00:00,2026-06-12T10:36:28.206030+00:00,0.043921470642089844,36043,,
764,result_writing,TON_IoT,ton_iot_attack_family_holdout_full,2,hist_gradient_boosting,a0_clean,2026-06-12T10:36:28.206193+00:00,2026-06-12T10:36:28.209580+00:00,0.003386974334716797,1,results/raw/tier_e_core4_hgb_mlp_timed_expanded/TON_IoT_ton_iot_attack_family_holdout_full_hist_gradient_boosting_a0_clean_2.csv,
765,threat_evaluation,TON_IoT,ton_iot_attack_family_holdout_full,2,hist_gradient_boosting,a1_constrained_feature,2026-06-12T10:36:28.209625+00:00,2026-06-12T10:36:28.326656+00:00,0.11703085899353027,36043,,
766,result_writing,TON_IoT,ton_iot_attack_family_holdout_full,2,hist_gradient_boosting,a1_constrained_feature,2026-06-12T10:36:28.326827+00:00,2026-06-12T10:36:28.330191+00:00,0.0033648014068603516,1,results/raw/tier_e_core4_hgb_mlp_timed_expanded/TON_IoT_ton_iot_attack_family_holdout_full_hist_gradient_boosting_a1_constrained_feature_2.csv,
767,threat_evaluation,TON_IoT,ton_iot_attack_family_holdout_full,2,hist_gradient_boosting,a1_constrained_score_search,2026-06-12T10:36:28.330235+00:00,2026-06-12T10:36:28.928093+00:00,0.5978579521179199,36043,,
768,result_writing,TON_IoT,ton_iot_attack_family_holdout_full,2,hist_gradient_boosting,a1_constrained_score_search,2026-06-12T10:36:28.928278+00:00,2026-06-12T10:36:28.967757+00:00,0.03947901725769043,1,results/raw/tier_e_core4_hgb_mlp_timed_expanded/TON_IoT_ton_iot_attack_family_holdout_full_hist_gradient_boosting_a1_constrained_score_search_2.csv,
769,threat_evaluation,TON_IoT,ton_iot_attack_family_holdout_full,2,hist_gradient_boosting,a4_split_shift,2026-06-12T10:36:28.967819+00:00,2026-06-12T10:36:29.035262+00:00,0.0674431324005127,36043,,
770,result_writing,TON_IoT,ton_iot_attack_family_holdout_full,2,hist_gradient_boosting,a4_split_shift,2026-06-12T10:36:29.035441+00:00,2026-06-12T10:36:29.039019+00:00,0.0035784244537353516,1,results/raw/tier_e_core4_hgb_mlp_timed_expanded/TON_IoT_ton_iot_attack_family_holdout_full_hist_gradient_boosting_a4_split_shift_2.csv,
771,split_construction,TON_IoT,ton_iot_attack_family_holdout_full,2,logistic_regression,,2026-06-12T10:36:29.039108+00:00,2026-06-12T10:36:29.192513+00:00,0.15340518951416016,211043,,
772,preprocessing,TON_IoT,ton_iot_attack_family_holdout_full,2,logistic_regression,,2026-06-12T10:36:29.192646+00:00,2026-06-12T10:36:33.947320+00:00,4.754674673080444,211043,,
773,model_training,TON_IoT,ton_iot_attack_family_holdout_full,2,logistic_regression,,2026-06-12T10:36:33.947457+00:00,2026-06-12T10:36:41.205181+00:00,7.257724285125732,211043,,
774,clean_profile,TON_IoT,ton_iot_attack_family_holdout_full,2,logistic_regression,,2026-06-12T10:36:41.205255+00:00,2026-06-12T10:36:41.231632+00:00,0.026376962661743164,211043,,
775,threat_evaluation,TON_IoT,ton_iot_attack_family_holdout_full,2,logistic_regression,a0_clean,2026-06-12T10:36:41.250520+00:00,2026-06-12T10:36:41.264559+00:00,0.014038801193237305,36043,,
776,result_writing,TON_IoT,ton_iot_attack_family_holdout_full,2,logistic_regression,a0_clean,2026-06-12T10:36:41.264721+00:00,2026-06-12T10:36:41.268029+00:00,0.0033075809478759766,1,results/raw/tier_e_core4_hgb_mlp_timed_expanded/TON_IoT_ton_iot_attack_family_holdout_full_logistic_regression_a0_clean_2.csv,
777,threat_evaluation,TON_IoT,ton_iot_attack_family_holdout_full,2,logistic_regression,a1_constrained_feature,2026-06-12T10:36:41.268072+00:00,2026-06-12T10:36:41.353395+00:00,0.08532309532165527,36043,,
778,result_writing,TON_IoT,ton_iot_attack_family_holdout_full,2,logistic_regression,a1_constrained_feature,2026-06-12T10:36:41.353571+00:00,2026-06-12T10:36:41.356812+00:00,0.0032410621643066406,1,results/raw/tier_e_core4_hgb_mlp_timed_expanded/TON_IoT_ton_iot_attack_family_holdout_full_logistic_regression_a1_constrained_feature_2.csv,
779,threat_evaluation,TON_IoT,ton_iot_attack_family_holdout_full,2,logistic_regression,a1_constrained_score_search,2026-06-12T10:36:41.356854+00:00,2026-06-12T10:36:41.713573+00:00,0.3567190170288086,36043,,
780,result_writing,TON_IoT,ton_iot_attack_family_holdout_full,2,logistic_regression,a1_constrained_score_search,2026-06-12T10:36:41.713751+00:00,2026-06-12T10:36:41.717004+00:00,0.003253459930419922,1,results/raw/tier_e_core4_hgb_mlp_timed_expanded/TON_IoT_ton_iot_attack_family_holdout_full_logistic_regression_a1_constrained_score_search_2.csv,
781,threat_evaluation,TON_IoT,ton_iot_attack_family_holdout_full,2,logistic_regression,a4_split_shift,2026-06-12T10:36:41.717044+00:00,2026-06-12T10:36:41.730037+00:00,0.012993097305297852,36043,,
782,result_writing,TON_IoT,ton_iot_attack_family_holdout_full,2,logistic_regression,a4_split_shift,2026-06-12T10:36:41.730187+00:00,2026-06-12T10:36:41.733346+00:00,0.0031585693359375,1,results/raw/tier_e_core4_hgb_mlp_timed_expanded/TON_IoT_ton_iot_attack_family_holdout_full_logistic_regression_a4_split_shift_2.csv,
783,split_construction,TON_IoT,ton_iot_attack_family_holdout_full,2,mlp_sklearn,,2026-06-12T10:36:41.733434+00:00,2026-06-12T10:36:41.886536+00:00,0.15310144424438477,211043,,
784,preprocessing,TON_IoT,ton_iot_attack_family_holdout_full,2,mlp_sklearn,,2026-06-12T10:36:41.886660+00:00,2026-06-12T10:36:46.641511+00:00,4.7548508644104,211043,,
785,model_training,TON_IoT,ton_iot_attack_family_holdout_full,2,mlp_sklearn,,2026-06-12T10:36:46.641678+00:00,2026-06-12T10:37:07.739965+00:00,21.098287343978882,211043,,
786,clean_profile,TON_IoT,ton_iot_attack_family_holdout_full,2,mlp_sklearn,,2026-06-12T10:37:07.740042+00:00,2026-06-12T10:37:07.795174+00:00,0.05513191223144531,211043,,
787,threat_evaluation,TON_IoT,ton_iot_attack_family_holdout_full,2,mlp_sklearn,a0_clean,2026-06-12T10:37:07.813643+00:00,2026-06-12T10:37:07.838203+00:00,0.024560213088989258,36043,,
788,result_writing,TON_IoT,ton_iot_attack_family_holdout_full,2,mlp_sklearn,a0_clean,2026-06-12T10:37:07.838373+00:00,2026-06-12T10:37:07.841878+00:00,0.0035049915313720703,1,results/raw/tier_e_core4_hgb_mlp_timed_expanded/TON_IoT_ton_iot_attack_family_holdout_full_mlp_sklearn_a0_clean_2.csv,
789,threat_evaluation,TON_IoT,ton_iot_attack_family_holdout_full,2,mlp_sklearn,a1_constrained_feature,2026-06-12T10:37:07.841926+00:00,2026-06-12T10:37:07.939245+00:00,0.09731864929199219,36043,,
790,result_writing,TON_IoT,ton_iot_attack_family_holdout_full,2,mlp_sklearn,a1_constrained_feature,2026-06-12T10:37:07.939431+00:00,2026-06-12T10:37:07.942837+00:00,0.003406047821044922,1,results/raw/tier_e_core4_hgb_mlp_timed_expanded/TON_IoT_ton_iot_attack_family_holdout_full_mlp_sklearn_a1_constrained_feature_2.csv,
791,threat_evaluation,TON_IoT,ton_iot_attack_family_holdout_full,2,mlp_sklearn,a1_constrained_score_search,2026-06-12T10:37:07.942886+00:00,2026-06-12T10:37:08.347025+00:00,0.40413904190063477,36043,,
792,result_writing,TON_IoT,ton_iot_attack_family_holdout_full,2,mlp_sklearn,a1_constrained_score_search,2026-06-12T10:37:08.347207+00:00,2026-06-12T10:37:08.350564+00:00,0.00335693359375,1,results/raw/tier_e_core4_hgb_mlp_timed_expanded/TON_IoT_ton_iot_attack_family_holdout_full_mlp_sklearn_a1_constrained_score_search_2.csv,
793,threat_evaluation,TON_IoT,ton_iot_attack_family_holdout_full,2,mlp_sklearn,a4_split_shift,2026-06-12T10:37:08.350608+00:00,2026-06-12T10:37:08.374552+00:00,0.02394413948059082,36043,,
794,result_writing,TON_IoT,ton_iot_attack_family_holdout_full,2,mlp_sklearn,a4_split_shift,2026-06-12T10:37:08.374721+00:00,2026-06-12T10:37:08.378081+00:00,0.0033600330352783203,1,results/raw/tier_e_core4_hgb_mlp_timed_expanded/TON_IoT_ton_iot_attack_family_holdout_full_mlp_sklearn_a4_split_shift_2.csv,
795,split_construction,TON_IoT,ton_iot_attack_family_holdout_full,2,random_forest,,2026-06-12T10:37:08.378165+00:00,2026-06-12T10:37:08.531538+00:00,0.15337300300598145,211043,,
796,preprocessing,TON_IoT,ton_iot_attack_family_holdout_full,2,random_forest,,2026-06-12T10:37:08.531656+00:00,2026-06-12T10:37:13.304773+00:00,4.7731170654296875,211043,,
797,model_training,TON_IoT,ton_iot_attack_family_holdout_full,2,random_forest,,2026-06-12T10:37:13.304958+00:00,2026-06-12T10:37:18.123886+00:00,4.818928480148315,211043,,
798,clean_profile,TON_IoT,ton_iot_attack_family_holdout_full,2,random_forest,,2026-06-12T10:37:18.123973+00:00,2026-06-12T10:37:18.339192+00:00,0.21521973609924316,211043,,
799,threat_evaluation,TON_IoT,ton_iot_attack_family_holdout_full,2,random_forest,a0_clean,2026-06-12T10:37:18.357635+00:00,2026-06-12T10:37:18.433645+00:00,0.07600998878479004,36043,,
800,result_writing,TON_IoT,ton_iot_attack_family_holdout_full,2,random_forest,a0_clean,2026-06-12T10:37:18.433810+00:00,2026-06-12T10:37:18.437140+00:00,0.003330230712890625,1,results/raw/tier_e_core4_hgb_mlp_timed_expanded/TON_IoT_ton_iot_attack_family_holdout_full_random_forest_a0_clean_2.csv,
801,threat_evaluation,TON_IoT,ton_iot_attack_family_holdout_full,2,random_forest,a1_constrained_feature,2026-06-12T10:37:18.437181+00:00,2026-06-12T10:37:18.594182+00:00,0.15700054168701172,36043,,
802,result_writing,TON_IoT,ton_iot_attack_family_holdout_full,2,random_forest,a1_constrained_feature,2026-06-12T10:37:18.594353+00:00,2026-06-12T10:37:18.597663+00:00,0.0033097267150878906,1,results/raw/tier_e_core4_hgb_mlp_timed_expanded/TON_IoT_ton_iot_attack_family_holdout_full_random_forest_a1_constrained_feature_2.csv,
803,threat_evaluation,TON_IoT,ton_iot_attack_family_holdout_full,2,random_forest,a1_constrained_score_search,2026-06-12T10:37:18.597707+00:00,2026-06-12T10:37:19.295088+00:00,0.6973810195922852,36043,,
804,result_writing,TON_IoT,ton_iot_attack_family_holdout_full,2,random_forest,a1_constrained_score_search,2026-06-12T10:37:19.295263+00:00,2026-06-12T10:37:19.298561+00:00,0.003298044204711914,1,results/raw/tier_e_core4_hgb_mlp_timed_expanded/TON_IoT_ton_iot_attack_family_holdout_full_random_forest_a1_constrained_score_search_2.csv,
805,threat_evaluation,TON_IoT,ton_iot_attack_family_holdout_full,2,random_forest,a4_split_shift,2026-06-12T10:37:19.298601+00:00,2026-06-12T10:37:19.374364+00:00,0.07576322555541992,36043,,
806,result_writing,TON_IoT,ton_iot_attack_family_holdout_full,2,random_forest,a4_split_shift,2026-06-12T10:37:19.374523+00:00,2026-06-12T10:37:19.377794+00:00,0.0032706260681152344,1,results/raw/tier_e_core4_hgb_mlp_timed_expanded/TON_IoT_ton_iot_attack_family_holdout_full_random_forest_a4_split_shift_2.csv,
807,dataset_load,TON_IoT,ton_iot_attack_family_holdout_full,3,,,2026-06-12T10:37:19.377836+00:00,2026-06-12T10:37:20.709789+00:00,1.3319530487060547,211043,,
808,preprocess_manifest,TON_IoT,ton_iot_attack_family_holdout_full,3,,,2026-06-12T10:37:20.709930+00:00,2026-06-12T10:37:25.306995+00:00,4.59706449508667,211043,,
809,split_construction,TON_IoT,ton_iot_attack_family_holdout_full,3,extra_trees,,2026-06-12T10:37:25.307208+00:00,2026-06-12T10:37:25.460486+00:00,0.15327835083007812,211043,,
810,preprocessing,TON_IoT,ton_iot_attack_family_holdout_full,3,extra_trees,,2026-06-12T10:37:25.460615+00:00,2026-06-12T10:37:30.223835+00:00,4.763219356536865,211043,,
811,model_training,TON_IoT,ton_iot_attack_family_holdout_full,3,extra_trees,,2026-06-12T10:37:30.224016+00:00,2026-06-12T10:37:34.415362+00:00,4.191346168518066,211043,,
812,clean_profile,TON_IoT,ton_iot_attack_family_holdout_full,3,extra_trees,,2026-06-12T10:37:34.415449+00:00,2026-06-12T10:37:34.724974+00:00,0.3095250129699707,211043,,
813,threat_evaluation,TON_IoT,ton_iot_attack_family_holdout_full,3,extra_trees,a0_clean,2026-06-12T10:37:34.743365+00:00,2026-06-12T10:37:34.850223+00:00,0.1068580150604248,36043,,
814,result_writing,TON_IoT,ton_iot_attack_family_holdout_full,3,extra_trees,a0_clean,2026-06-12T10:37:34.850385+00:00,2026-06-12T10:37:34.853750+00:00,0.003365039825439453,1,results/raw/tier_e_core4_hgb_mlp_timed_expanded/TON_IoT_ton_iot_attack_family_holdout_full_extra_trees_a0_clean_3.csv,
815,threat_evaluation,TON_IoT,ton_iot_attack_family_holdout_full,3,extra_trees,a1_constrained_feature,2026-06-12T10:37:34.853794+00:00,2026-06-12T10:37:35.038783+00:00,0.18498897552490234,36043,,
816,result_writing,TON_IoT,ton_iot_attack_family_holdout_full,3,extra_trees,a1_constrained_feature,2026-06-12T10:37:35.038961+00:00,2026-06-12T10:37:35.042224+00:00,0.0032629966735839844,1,results/raw/tier_e_core4_hgb_mlp_timed_expanded/TON_IoT_ton_iot_attack_family_holdout_full_extra_trees_a1_constrained_feature_3.csv,
817,threat_evaluation,TON_IoT,ton_iot_attack_family_holdout_full,3,extra_trees,a1_constrained_score_search,2026-06-12T10:37:35.042265+00:00,2026-06-12T10:37:35.847155+00:00,0.8048892021179199,36043,,
818,result_writing,TON_IoT,ton_iot_attack_family_holdout_full,3,extra_trees,a1_constrained_score_search,2026-06-12T10:37:35.847337+00:00,2026-06-12T10:37:35.850636+00:00,0.0032994747161865234,1,results/raw/tier_e_core4_hgb_mlp_timed_expanded/TON_IoT_ton_iot_attack_family_holdout_full_extra_trees_a1_constrained_score_search_3.csv,
819,threat_evaluation,TON_IoT,ton_iot_attack_family_holdout_full,3,extra_trees,a4_split_shift,2026-06-12T10:37:35.850677+00:00,2026-06-12T10:37:35.957847+00:00,0.10717058181762695,36043,,
820,result_writing,TON_IoT,ton_iot_attack_family_holdout_full,3,extra_trees,a4_split_shift,2026-06-12T10:37:35.958008+00:00,2026-06-12T10:37:35.961283+00:00,0.003275156021118164,1,results/raw/tier_e_core4_hgb_mlp_timed_expanded/TON_IoT_ton_iot_attack_family_holdout_full_extra_trees_a4_split_shift_3.csv,
821,split_construction,TON_IoT,ton_iot_attack_family_holdout_full,3,hist_gradient_boosting,,2026-06-12T10:37:35.961366+00:00,2026-06-12T10:37:36.114051+00:00,0.15268516540527344,211043,,
822,preprocessing,TON_IoT,ton_iot_attack_family_holdout_full,3,hist_gradient_boosting,,2026-06-12T10:37:36.114162+00:00,2026-06-12T10:37:40.879091+00:00,4.764929294586182,211043,,
823,model_training,TON_IoT,ton_iot_attack_family_holdout_full,3,hist_gradient_boosting,,2026-06-12T10:37:40.879258+00:00,2026-06-12T10:37:43.632107+00:00,2.7528483867645264,211043,,
824,clean_profile,TON_IoT,ton_iot_attack_family_holdout_full,3,hist_gradient_boosting,,2026-06-12T10:37:43.632199+00:00,2026-06-12T10:37:43.751456+00:00,0.11925649642944336,211043,,
825,threat_evaluation,TON_IoT,ton_iot_attack_family_holdout_full,3,hist_gradient_boosting,a0_clean,2026-06-12T10:37:43.770133+00:00,2026-06-12T10:37:43.814982+00:00,0.04484891891479492,36043,,
826,result_writing,TON_IoT,ton_iot_attack_family_holdout_full,3,hist_gradient_boosting,a0_clean,2026-06-12T10:37:43.815143+00:00,2026-06-12T10:37:43.818540+00:00,0.003396749496459961,1,results/raw/tier_e_core4_hgb_mlp_timed_expanded/TON_IoT_ton_iot_attack_family_holdout_full_hist_gradient_boosting_a0_clean_3.csv,
827,threat_evaluation,TON_IoT,ton_iot_attack_family_holdout_full,3,hist_gradient_boosting,a1_constrained_feature,2026-06-12T10:37:43.818584+00:00,2026-06-12T10:37:43.943644+00:00,0.1250600814819336,36043,,
828,result_writing,TON_IoT,ton_iot_attack_family_holdout_full,3,hist_gradient_boosting,a1_constrained_feature,2026-06-12T10:37:43.943837+00:00,2026-06-12T10:37:43.947161+00:00,0.003323793411254883,1,results/raw/tier_e_core4_hgb_mlp_timed_expanded/TON_IoT_ton_iot_attack_family_holdout_full_hist_gradient_boosting_a1_constrained_feature_3.csv,
829,threat_evaluation,TON_IoT,ton_iot_attack_family_holdout_full,3,hist_gradient_boosting,a1_constrained_score_search,2026-06-12T10:37:43.947205+00:00,2026-06-12T10:37:44.575322+00:00,0.6281168460845947,36043,,
830,result_writing,TON_IoT,ton_iot_attack_family_holdout_full,3,hist_gradient_boosting,a1_constrained_score_search,2026-06-12T10:37:44.575496+00:00,2026-06-12T10:37:44.578889+00:00,0.003392934799194336,1,results/raw/tier_e_core4_hgb_mlp_timed_expanded/TON_IoT_ton_iot_attack_family_holdout_full_hist_gradient_boosting_a1_constrained_score_search_3.csv,
831,threat_evaluation,TON_IoT,ton_iot_attack_family_holdout_full,3,hist_gradient_boosting,a4_split_shift,2026-06-12T10:37:44.578933+00:00,2026-06-12T10:37:44.633121+00:00,0.05418825149536133,36043,,
832,result_writing,TON_IoT,ton_iot_attack_family_holdout_full,3,hist_gradient_boosting,a4_split_shift,2026-06-12T10:37:44.633281+00:00,2026-06-12T10:37:44.636619+00:00,0.003337860107421875,1,results/raw/tier_e_core4_hgb_mlp_timed_expanded/TON_IoT_ton_iot_attack_family_holdout_full_hist_gradient_boosting_a4_split_shift_3.csv,
833,split_construction,TON_IoT,ton_iot_attack_family_holdout_full,3,logistic_regression,,2026-06-12T10:37:44.636710+00:00,2026-06-12T10:37:44.790040+00:00,0.15333008766174316,211043,,
834,preprocessing,TON_IoT,ton_iot_attack_family_holdout_full,3,logistic_regression,,2026-06-12T10:37:44.790183+00:00,2026-06-12T10:37:49.546859+00:00,4.756676435470581,211043,,
835,model_training,TON_IoT,ton_iot_attack_family_holdout_full,3,logistic_regression,,2026-06-12T10:37:49.546999+00:00,2026-06-12T10:37:56.935363+00:00,7.388363599777222,211043,,
836,clean_profile,TON_IoT,ton_iot_attack_family_holdout_full,3,logistic_regression,,2026-06-12T10:37:56.935437+00:00,2026-06-12T10:37:56.960648+00:00,0.025211334228515625,211043,,
837,threat_evaluation,TON_IoT,ton_iot_attack_family_holdout_full,3,logistic_regression,a0_clean,2026-06-12T10:37:56.979319+00:00,2026-06-12T10:37:56.993347+00:00,0.014027833938598633,36043,,
838,result_writing,TON_IoT,ton_iot_attack_family_holdout_full,3,logistic_regression,a0_clean,2026-06-12T10:37:56.993510+00:00,2026-06-12T10:37:56.996846+00:00,0.0033359527587890625,1,results/raw/tier_e_core4_hgb_mlp_timed_expanded/TON_IoT_ton_iot_attack_family_holdout_full_logistic_regression_a0_clean_3.csv,
839,threat_evaluation,TON_IoT,ton_iot_attack_family_holdout_full,3,logistic_regression,a1_constrained_feature,2026-06-12T10:37:56.996890+00:00,2026-06-12T10:37:57.082047+00:00,0.08515620231628418,36043,,
840,result_writing,TON_IoT,ton_iot_attack_family_holdout_full,3,logistic_regression,a1_constrained_feature,2026-06-12T10:37:57.082214+00:00,2026-06-12T10:37:57.085504+00:00,0.003289937973022461,1,results/raw/tier_e_core4_hgb_mlp_timed_expanded/TON_IoT_ton_iot_attack_family_holdout_full_logistic_regression_a1_constrained_feature_3.csv,
841,threat_evaluation,TON_IoT,ton_iot_attack_family_holdout_full,3,logistic_regression,a1_constrained_score_search,2026-06-12T10:37:57.085546+00:00,2026-06-12T10:37:57.443134+00:00,0.3575887680053711,36043,,
842,result_writing,TON_IoT,ton_iot_attack_family_holdout_full,3,logistic_regression,a1_constrained_score_search,2026-06-12T10:37:57.443317+00:00,2026-06-12T10:37:57.446586+00:00,0.003268718719482422,1,results/raw/tier_e_core4_hgb_mlp_timed_expanded/TON_IoT_ton_iot_attack_family_holdout_full_logistic_regression_a1_constrained_score_search_3.csv,
843,threat_evaluation,TON_IoT,ton_iot_attack_family_holdout_full,3,logistic_regression,a4_split_shift,2026-06-12T10:37:57.446629+00:00,2026-06-12T10:37:57.459539+00:00,0.012910127639770508,36043,,
844,result_writing,TON_IoT,ton_iot_attack_family_holdout_full,3,logistic_regression,a4_split_shift,2026-06-12T10:37:57.459686+00:00,2026-06-12T10:37:57.462855+00:00,0.0031690597534179688,1,results/raw/tier_e_core4_hgb_mlp_timed_expanded/TON_IoT_ton_iot_attack_family_holdout_full_logistic_regression_a4_split_shift_3.csv,
845,split_construction,TON_IoT,ton_iot_attack_family_holdout_full,3,mlp_sklearn,,2026-06-12T10:37:57.462940+00:00,2026-06-12T10:37:57.616176+00:00,0.15323686599731445,211043,,
846,preprocessing,TON_IoT,ton_iot_attack_family_holdout_full,3,mlp_sklearn,,2026-06-12T10:37:57.616286+00:00,2026-06-12T10:38:02.387455+00:00,4.771169185638428,211043,,
847,model_training,TON_IoT,ton_iot_attack_family_holdout_full,3,mlp_sklearn,,2026-06-12T10:38:02.387624+00:00,2026-06-12T10:38:18.207916+00:00,15.820292472839355,211043,,
848,clean_profile,TON_IoT,ton_iot_attack_family_holdout_full,3,mlp_sklearn,,2026-06-12T10:38:18.207996+00:00,2026-06-12T10:38:18.264996+00:00,0.056999921798706055,211043,,
849,threat_evaluation,TON_IoT,ton_iot_attack_family_holdout_full,3,mlp_sklearn,a0_clean,2026-06-12T10:38:18.283194+00:00,2026-06-12T10:38:18.308056+00:00,0.024862051010131836,36043,,
850,result_writing,TON_IoT,ton_iot_attack_family_holdout_full,3,mlp_sklearn,a0_clean,2026-06-12T10:38:18.308230+00:00,2026-06-12T10:38:18.311665+00:00,0.003434896469116211,1,results/raw/tier_e_core4_hgb_mlp_timed_expanded/TON_IoT_ton_iot_attack_family_holdout_full_mlp_sklearn_a0_clean_3.csv,
851,threat_evaluation,TON_IoT,ton_iot_attack_family_holdout_full,3,mlp_sklearn,a1_constrained_feature,2026-06-12T10:38:18.311713+00:00,2026-06-12T10:38:18.408214+00:00,0.09650135040283203,36043,,
852,result_writing,TON_IoT,ton_iot_attack_family_holdout_full,3,mlp_sklearn,a1_constrained_feature,2026-06-12T10:38:18.408401+00:00,2026-06-12T10:38:18.411755+00:00,0.0033538341522216797,1,results/raw/tier_e_core4_hgb_mlp_timed_expanded/TON_IoT_ton_iot_attack_family_holdout_full_mlp_sklearn_a1_constrained_feature_3.csv,
853,threat_evaluation,TON_IoT,ton_iot_attack_family_holdout_full,3,mlp_sklearn,a1_constrained_score_search,2026-06-12T10:38:18.411801+00:00,2026-06-12T10:38:18.825440+00:00,0.4136388301849365,36043,,
854,result_writing,TON_IoT,ton_iot_attack_family_holdout_full,3,mlp_sklearn,a1_constrained_score_search,2026-06-12T10:38:18.825626+00:00,2026-06-12T10:38:18.829042+00:00,0.003416776657104492,1,results/raw/tier_e_core4_hgb_mlp_timed_expanded/TON_IoT_ton_iot_attack_family_holdout_full_mlp_sklearn_a1_constrained_score_search_3.csv,
855,threat_evaluation,TON_IoT,ton_iot_attack_family_holdout_full,3,mlp_sklearn,a4_split_shift,2026-06-12T10:38:18.829086+00:00,2026-06-12T10:38:18.852918+00:00,0.02383279800415039,36043,,
856,result_writing,TON_IoT,ton_iot_attack_family_holdout_full,3,mlp_sklearn,a4_split_shift,2026-06-12T10:38:18.853083+00:00,2026-06-12T10:38:18.856403+00:00,0.0033197402954101562,1,results/raw/tier_e_core4_hgb_mlp_timed_expanded/TON_IoT_ton_iot_attack_family_holdout_full_mlp_sklearn_a4_split_shift_3.csv,
857,split_construction,TON_IoT,ton_iot_attack_family_holdout_full,3,random_forest,,2026-06-12T10:38:18.856491+00:00,2026-06-12T10:38:19.010874+00:00,0.15438270568847656,211043,,
858,preprocessing,TON_IoT,ton_iot_attack_family_holdout_full,3,random_forest,,2026-06-12T10:38:19.010988+00:00,2026-06-12T10:38:23.796031+00:00,4.7850422859191895,211043,,
859,model_training,TON_IoT,ton_iot_attack_family_holdout_full,3,random_forest,,2026-06-12T10:38:23.796211+00:00,2026-06-12T10:38:28.750612+00:00,4.9544007778167725,211043,,
860,clean_profile,TON_IoT,ton_iot_attack_family_holdout_full,3,random_forest,,2026-06-12T10:38:28.750702+00:00,2026-06-12T10:38:28.974265+00:00,0.22356367111206055,211043,,
861,threat_evaluation,TON_IoT,ton_iot_attack_family_holdout_full,3,random_forest,a0_clean,2026-06-12T10:38:28.992657+00:00,2026-06-12T10:38:29.070755+00:00,0.07809782028198242,36043,,
862,result_writing,TON_IoT,ton_iot_attack_family_holdout_full,3,random_forest,a0_clean,2026-06-12T10:38:29.070919+00:00,2026-06-12T10:38:29.074250+00:00,0.003331422805786133,1,results/raw/tier_e_core4_hgb_mlp_timed_expanded/TON_IoT_ton_iot_attack_family_holdout_full_random_forest_a0_clean_3.csv,
863,threat_evaluation,TON_IoT,ton_iot_attack_family_holdout_full,3,random_forest,a1_constrained_feature,2026-06-12T10:38:29.074295+00:00,2026-06-12T10:38:29.233593+00:00,0.15929770469665527,36043,,
864,result_writing,TON_IoT,ton_iot_attack_family_holdout_full,3,random_forest,a1_constrained_feature,2026-06-12T10:38:29.233765+00:00,2026-06-12T10:38:29.237040+00:00,0.0032749176025390625,1,results/raw/tier_e_core4_hgb_mlp_timed_expanded/TON_IoT_ton_iot_attack_family_holdout_full_random_forest_a1_constrained_feature_3.csv,
865,threat_evaluation,TON_IoT,ton_iot_attack_family_holdout_full,3,random_forest,a1_constrained_score_search,2026-06-12T10:38:29.237082+00:00,2026-06-12T10:38:29.943311+00:00,0.7062289714813232,36043,,
866,result_writing,TON_IoT,ton_iot_attack_family_holdout_full,3,random_forest,a1_constrained_score_search,2026-06-12T10:38:29.943487+00:00,2026-06-12T10:38:29.946802+00:00,0.0033147335052490234,1,results/raw/tier_e_core4_hgb_mlp_timed_expanded/TON_IoT_ton_iot_attack_family_holdout_full_random_forest_a1_constrained_score_search_3.csv,
867,threat_evaluation,TON_IoT,ton_iot_attack_family_holdout_full,3,random_forest,a4_split_shift,2026-06-12T10:38:29.946847+00:00,2026-06-12T10:38:30.024915+00:00,0.07806849479675293,36043,,
868,result_writing,TON_IoT,ton_iot_attack_family_holdout_full,3,random_forest,a4_split_shift,2026-06-12T10:38:30.025081+00:00,2026-06-12T10:38:30.028353+00:00,0.0032715797424316406,1,results/raw/tier_e_core4_hgb_mlp_timed_expanded/TON_IoT_ton_iot_attack_family_holdout_full_random_forest_a4_split_shift_3.csv,
869,dataset_load,TON_IoT,ton_iot_attack_family_holdout_full,4,,,2026-06-12T10:38:30.028473+00:00,2026-06-12T10:38:31.360444+00:00,1.331970453262329,211043,,
870,preprocess_manifest,TON_IoT,ton_iot_attack_family_holdout_full,4,,,2026-06-12T10:38:31.360577+00:00,2026-06-12T10:38:35.989263+00:00,4.62868595123291,211043,,
871,split_construction,TON_IoT,ton_iot_attack_family_holdout_full,4,extra_trees,,2026-06-12T10:38:35.989468+00:00,2026-06-12T10:38:36.143601+00:00,0.15413355827331543,211043,,
872,preprocessing,TON_IoT,ton_iot_attack_family_holdout_full,4,extra_trees,,2026-06-12T10:38:36.143736+00:00,2026-06-12T10:38:40.934398+00:00,4.790662050247192,211043,,
873,model_training,TON_IoT,ton_iot_attack_family_holdout_full,4,extra_trees,,2026-06-12T10:38:40.934584+00:00,2026-06-12T10:38:45.165308+00:00,4.23072361946106,211043,,
874,clean_profile,TON_IoT,ton_iot_attack_family_holdout_full,4,extra_trees,,2026-06-12T10:38:45.165398+00:00,2026-06-12T10:38:45.477005+00:00,0.31160712242126465,211043,,
875,threat_evaluation,TON_IoT,ton_iot_attack_family_holdout_full,4,extra_trees,a0_clean,2026-06-12T10:38:45.495625+00:00,2026-06-12T10:38:45.603634+00:00,0.10800909996032715,36043,,
876,result_writing,TON_IoT,ton_iot_attack_family_holdout_full,4,extra_trees,a0_clean,2026-06-12T10:38:45.603843+00:00,2026-06-12T10:38:45.607168+00:00,0.003325223922729492,1,results/raw/tier_e_core4_hgb_mlp_timed_expanded/TON_IoT_ton_iot_attack_family_holdout_full_extra_trees_a0_clean_4.csv,
877,threat_evaluation,TON_IoT,ton_iot_attack_family_holdout_full,4,extra_trees,a1_constrained_feature,2026-06-12T10:38:45.607212+00:00,2026-06-12T10:38:45.792927+00:00,0.1857147216796875,36043,,
878,result_writing,TON_IoT,ton_iot_attack_family_holdout_full,4,extra_trees,a1_constrained_feature,2026-06-12T10:38:45.793105+00:00,2026-06-12T10:38:45.796357+00:00,0.0032520294189453125,1,results/raw/tier_e_core4_hgb_mlp_timed_expanded/TON_IoT_ton_iot_attack_family_holdout_full_extra_trees_a1_constrained_feature_4.csv,
879,threat_evaluation,TON_IoT,ton_iot_attack_family_holdout_full,4,extra_trees,a1_constrained_score_search,2026-06-12T10:38:45.796398+00:00,2026-06-12T10:38:46.605464+00:00,0.8090662956237793,36043,,
880,result_writing,TON_IoT,ton_iot_attack_family_holdout_full,4,extra_trees,a1_constrained_score_search,2026-06-12T10:38:46.605640+00:00,2026-06-12T10:38:46.608926+00:00,0.003286123275756836,1,results/raw/tier_e_core4_hgb_mlp_timed_expanded/TON_IoT_ton_iot_attack_family_holdout_full_extra_trees_a1_constrained_score_search_4.csv,
881,threat_evaluation,TON_IoT,ton_iot_attack_family_holdout_full,4,extra_trees,a4_split_shift,2026-06-12T10:38:46.608969+00:00,2026-06-12T10:38:46.716662+00:00,0.10769271850585938,36043,,
882,result_writing,TON_IoT,ton_iot_attack_family_holdout_full,4,extra_trees,a4_split_shift,2026-06-12T10:38:46.716824+00:00,2026-06-12T10:38:46.720102+00:00,0.0032775402069091797,1,results/raw/tier_e_core4_hgb_mlp_timed_expanded/TON_IoT_ton_iot_attack_family_holdout_full_extra_trees_a4_split_shift_4.csv,
883,split_construction,TON_IoT,ton_iot_attack_family_holdout_full,4,hist_gradient_boosting,,2026-06-12T10:38:46.720189+00:00,2026-06-12T10:38:46.872839+00:00,0.1526503562927246,211043,,
884,preprocessing,TON_IoT,ton_iot_attack_family_holdout_full,4,hist_gradient_boosting,,2026-06-12T10:38:46.872955+00:00,2026-06-12T10:38:51.662266+00:00,4.7893102169036865,211043,,
885,model_training,TON_IoT,ton_iot_attack_family_holdout_full,4,hist_gradient_boosting,,2026-06-12T10:38:51.662435+00:00,2026-06-12T10:38:54.079285+00:00,2.4168498516082764,211043,,
886,clean_profile,TON_IoT,ton_iot_attack_family_holdout_full,4,hist_gradient_boosting,,2026-06-12T10:38:54.079377+00:00,2026-06-12T10:38:54.198272+00:00,0.11889529228210449,211043,,
887,threat_evaluation,TON_IoT,ton_iot_attack_family_holdout_full,4,hist_gradient_boosting,a0_clean,2026-06-12T10:38:54.216794+00:00,2026-06-12T10:38:54.260183+00:00,0.043389081954956055,36043,,
888,result_writing,TON_IoT,ton_iot_attack_family_holdout_full,4,hist_gradient_boosting,a0_clean,2026-06-12T10:38:54.260375+00:00,2026-06-12T10:38:54.263709+00:00,0.0033333301544189453,1,results/raw/tier_e_core4_hgb_mlp_timed_expanded/TON_IoT_ton_iot_attack_family_holdout_full_hist_gradient_boosting_a0_clean_4.csv,
889,threat_evaluation,TON_IoT,ton_iot_attack_family_holdout_full,4,hist_gradient_boosting,a1_constrained_feature,2026-06-12T10:38:54.263778+00:00,2026-06-12T10:38:54.382009+00:00,0.11823129653930664,36043,,
890,result_writing,TON_IoT,ton_iot_attack_family_holdout_full,4,hist_gradient_boosting,a1_constrained_feature,2026-06-12T10:38:54.382191+00:00,2026-06-12T10:38:54.385504+00:00,0.0033125877380371094,1,results/raw/tier_e_core4_hgb_mlp_timed_expanded/TON_IoT_ton_iot_attack_family_holdout_full_hist_gradient_boosting_a1_constrained_feature_4.csv,
891,threat_evaluation,TON_IoT,ton_iot_attack_family_holdout_full,4,hist_gradient_boosting,a1_constrained_score_search,2026-06-12T10:38:54.385547+00:00,2026-06-12T10:38:54.980748+00:00,0.595200777053833,36043,,
892,result_writing,TON_IoT,ton_iot_attack_family_holdout_full,4,hist_gradient_boosting,a1_constrained_score_search,2026-06-12T10:38:54.980938+00:00,2026-06-12T10:38:54.984296+00:00,0.0033571720123291016,1,results/raw/tier_e_core4_hgb_mlp_timed_expanded/TON_IoT_ton_iot_attack_family_holdout_full_hist_gradient_boosting_a1_constrained_score_search_4.csv,
893,threat_evaluation,TON_IoT,ton_iot_attack_family_holdout_full,4,hist_gradient_boosting,a4_split_shift,2026-06-12T10:38:54.984339+00:00,2026-06-12T10:38:55.045380+00:00,0.061040401458740234,36043,,
894,result_writing,TON_IoT,ton_iot_attack_family_holdout_full,4,hist_gradient_boosting,a4_split_shift,2026-06-12T10:38:55.045540+00:00,2026-06-12T10:38:55.048858+00:00,0.0033178329467773438,1,results/raw/tier_e_core4_hgb_mlp_timed_expanded/TON_IoT_ton_iot_attack_family_holdout_full_hist_gradient_boosting_a4_split_shift_4.csv,
895,split_construction,TON_IoT,ton_iot_attack_family_holdout_full,4,logistic_regression,,2026-06-12T10:38:55.048948+00:00,2026-06-12T10:38:55.202623+00:00,0.15367531776428223,211043,,
896,preprocessing,TON_IoT,ton_iot_attack_family_holdout_full,4,logistic_regression,,2026-06-12T10:38:55.202763+00:00,2026-06-12T10:38:59.972851+00:00,4.770088195800781,211043,,
897,model_training,TON_IoT,ton_iot_attack_family_holdout_full,4,logistic_regression,,2026-06-12T10:38:59.972989+00:00,2026-06-12T10:39:07.414258+00:00,7.441269397735596,211043,,
898,clean_profile,TON_IoT,ton_iot_attack_family_holdout_full,4,logistic_regression,,2026-06-12T10:39:07.414333+00:00,2026-06-12T10:39:07.438150+00:00,0.023816823959350586,211043,,
899,threat_evaluation,TON_IoT,ton_iot_attack_family_holdout_full,4,logistic_regression,a0_clean,2026-06-12T10:39:07.456748+00:00,2026-06-12T10:39:07.470646+00:00,0.013898372650146484,36043,,
900,result_writing,TON_IoT,ton_iot_attack_family_holdout_full,4,logistic_regression,a0_clean,2026-06-12T10:39:07.470810+00:00,2026-06-12T10:39:07.474123+00:00,0.003312826156616211,1,results/raw/tier_e_core4_hgb_mlp_timed_expanded/TON_IoT_ton_iot_attack_family_holdout_full_logistic_regression_a0_clean_4.csv,
901,threat_evaluation,TON_IoT,ton_iot_attack_family_holdout_full,4,logistic_regression,a1_constrained_feature,2026-06-12T10:39:07.474165+00:00,2026-06-12T10:39:07.560104+00:00,0.0859384536743164,36043,,
902,result_writing,TON_IoT,ton_iot_attack_family_holdout_full,4,logistic_regression,a1_constrained_feature,2026-06-12T10:39:07.560275+00:00,2026-06-12T10:39:07.563520+00:00,0.003245115280151367,1,results/raw/tier_e_core4_hgb_mlp_timed_expanded/TON_IoT_ton_iot_attack_family_holdout_full_logistic_regression_a1_constrained_feature_4.csv,
903,threat_evaluation,TON_IoT,ton_iot_attack_family_holdout_full,4,logistic_regression,a1_constrained_score_search,2026-06-12T10:39:07.563563+00:00,2026-06-12T10:39:07.921459+00:00,0.3578965663909912,36043,,
904,result_writing,TON_IoT,ton_iot_attack_family_holdout_full,4,logistic_regression,a1_constrained_score_search,2026-06-12T10:39:07.921645+00:00,2026-06-12T10:39:07.924938+00:00,0.003293752670288086,1,results/raw/tier_e_core4_hgb_mlp_timed_expanded/TON_IoT_ton_iot_attack_family_holdout_full_logistic_regression_a1_constrained_score_search_4.csv,
905,threat_evaluation,TON_IoT,ton_iot_attack_family_holdout_full,4,logistic_regression,a4_split_shift,2026-06-12T10:39:07.924983+00:00,2026-06-12T10:39:07.938452+00:00,0.013469457626342773,36043,,
906,result_writing,TON_IoT,ton_iot_attack_family_holdout_full,4,logistic_regression,a4_split_shift,2026-06-12T10:39:07.938603+00:00,2026-06-12T10:39:07.941943+00:00,0.0033402442932128906,1,results/raw/tier_e_core4_hgb_mlp_timed_expanded/TON_IoT_ton_iot_attack_family_holdout_full_logistic_regression_a4_split_shift_4.csv,
907,split_construction,TON_IoT,ton_iot_attack_family_holdout_full,4,mlp_sklearn,,2026-06-12T10:39:07.942030+00:00,2026-06-12T10:39:08.095379+00:00,0.1533496379852295,211043,,
908,preprocessing,TON_IoT,ton_iot_attack_family_holdout_full,4,mlp_sklearn,,2026-06-12T10:39:08.095493+00:00,2026-06-12T10:39:12.881210+00:00,4.785717010498047,211043,,
909,model_training,TON_IoT,ton_iot_attack_family_holdout_full,4,mlp_sklearn,,2026-06-12T10:39:12.881378+00:00,2026-06-12T10:39:28.216118+00:00,15.334739446640015,211043,,
910,clean_profile,TON_IoT,ton_iot_attack_family_holdout_full,4,mlp_sklearn,,2026-06-12T10:39:28.216197+00:00,2026-06-12T10:39:28.271997+00:00,0.05579996109008789,211043,,
911,threat_evaluation,TON_IoT,ton_iot_attack_family_holdout_full,4,mlp_sklearn,a0_clean,2026-06-12T10:39:28.290057+00:00,2026-06-12T10:39:28.314673+00:00,0.024616003036499023,36043,,
912,result_writing,TON_IoT,ton_iot_attack_family_holdout_full,4,mlp_sklearn,a0_clean,2026-06-12T10:39:28.314852+00:00,2026-06-12T10:39:28.318399+00:00,0.003547191619873047,1,results/raw/tier_e_core4_hgb_mlp_timed_expanded/TON_IoT_ton_iot_attack_family_holdout_full_mlp_sklearn_a0_clean_4.csv,
913,threat_evaluation,TON_IoT,ton_iot_attack_family_holdout_full,4,mlp_sklearn,a1_constrained_feature,2026-06-12T10:39:28.318452+00:00,2026-06-12T10:39:28.416142+00:00,0.09769010543823242,36043,,
914,result_writing,TON_IoT,ton_iot_attack_family_holdout_full,4,mlp_sklearn,a1_constrained_feature,2026-06-12T10:39:28.416332+00:00,2026-06-12T10:39:28.419702+00:00,0.0033698081970214844,1,results/raw/tier_e_core4_hgb_mlp_timed_expanded/TON_IoT_ton_iot_attack_family_holdout_full_mlp_sklearn_a1_constrained_feature_4.csv,
915,threat_evaluation,TON_IoT,ton_iot_attack_family_holdout_full,4,mlp_sklearn,a1_constrained_score_search,2026-06-12T10:39:28.419778+00:00,2026-06-12T10:39:28.826967+00:00,0.40718865394592285,36043,,
916,result_writing,TON_IoT,ton_iot_attack_family_holdout_full,4,mlp_sklearn,a1_constrained_score_search,2026-06-12T10:39:28.827155+00:00,2026-06-12T10:39:28.830544+00:00,0.0033884048461914062,1,results/raw/tier_e_core4_hgb_mlp_timed_expanded/TON_IoT_ton_iot_attack_family_holdout_full_mlp_sklearn_a1_constrained_score_search_4.csv,
917,threat_evaluation,TON_IoT,ton_iot_attack_family_holdout_full,4,mlp_sklearn,a4_split_shift,2026-06-12T10:39:28.830590+00:00,2026-06-12T10:39:28.854475+00:00,0.02388477325439453,36043,,
918,result_writing,TON_IoT,ton_iot_attack_family_holdout_full,4,mlp_sklearn,a4_split_shift,2026-06-12T10:39:28.854645+00:00,2026-06-12T10:39:28.857958+00:00,0.0033125877380371094,1,results/raw/tier_e_core4_hgb_mlp_timed_expanded/TON_IoT_ton_iot_attack_family_holdout_full_mlp_sklearn_a4_split_shift_4.csv,
919,split_construction,TON_IoT,ton_iot_attack_family_holdout_full,4,random_forest,,2026-06-12T10:39:28.858047+00:00,2026-06-12T10:39:29.011981+00:00,0.15393400192260742,211043,,
920,preprocessing,TON_IoT,ton_iot_attack_family_holdout_full,4,random_forest,,2026-06-12T10:39:29.012108+00:00,2026-06-12T10:39:33.776828+00:00,4.764719486236572,211043,,
921,model_training,TON_IoT,ton_iot_attack_family_holdout_full,4,random_forest,,2026-06-12T10:39:33.777008+00:00,2026-06-12T10:39:39.068480+00:00,5.291472911834717,211043,,
922,clean_profile,TON_IoT,ton_iot_attack_family_holdout_full,4,random_forest,,2026-06-12T10:39:39.068569+00:00,2026-06-12T10:39:39.283329+00:00,0.21476054191589355,211043,,
923,threat_evaluation,TON_IoT,ton_iot_attack_family_holdout_full,4,random_forest,a0_clean,2026-06-12T10:39:39.301481+00:00,2026-06-12T10:39:39.376455+00:00,0.07497406005859375,36043,,
924,result_writing,TON_IoT,ton_iot_attack_family_holdout_full,4,random_forest,a0_clean,2026-06-12T10:39:39.376625+00:00,2026-06-12T10:39:39.379934+00:00,0.0033082962036132812,1,results/raw/tier_e_core4_hgb_mlp_timed_expanded/TON_IoT_ton_iot_attack_family_holdout_full_random_forest_a0_clean_4.csv,
925,threat_evaluation,TON_IoT,ton_iot_attack_family_holdout_full,4,random_forest,a1_constrained_feature,2026-06-12T10:39:39.379975+00:00,2026-06-12T10:39:39.535971+00:00,0.15599632263183594,36043,,
926,result_writing,TON_IoT,ton_iot_attack_family_holdout_full,4,random_forest,a1_constrained_feature,2026-06-12T10:39:39.536147+00:00,2026-06-12T10:39:39.539361+00:00,0.0032143592834472656,1,results/raw/tier_e_core4_hgb_mlp_timed_expanded/TON_IoT_ton_iot_attack_family_holdout_full_random_forest_a1_constrained_feature_4.csv,
927,threat_evaluation,TON_IoT,ton_iot_attack_family_holdout_full,4,random_forest,a1_constrained_score_search,2026-06-12T10:39:39.539406+00:00,2026-06-12T10:39:40.233243+00:00,0.6938374042510986,36043,,
928,result_writing,TON_IoT,ton_iot_attack_family_holdout_full,4,random_forest,a1_constrained_score_search,2026-06-12T10:39:40.233413+00:00,2026-06-12T10:39:40.236635+00:00,0.003222227096557617,1,results/raw/tier_e_core4_hgb_mlp_timed_expanded/TON_IoT_ton_iot_attack_family_holdout_full_random_forest_a1_constrained_score_search_4.csv,
929,threat_evaluation,TON_IoT,ton_iot_attack_family_holdout_full,4,random_forest,a4_split_shift,2026-06-12T10:39:40.236681+00:00,2026-06-12T10:39:40.311605+00:00,0.07492423057556152,36043,,
930,result_writing,TON_IoT,ton_iot_attack_family_holdout_full,4,random_forest,a4_split_shift,2026-06-12T10:39:40.311792+00:00,2026-06-12T10:39:40.315007+00:00,0.003215312957763672,1,results/raw/tier_e_core4_hgb_mlp_timed_expanded/TON_IoT_ton_iot_attack_family_holdout_full_random_forest_a4_split_shift_4.csv,
931,dataset_load,TON_IoT,ton_iot_attack_family_holdout_full,5,,,2026-06-12T10:39:40.315050+00:00,2026-06-12T10:39:41.641344+00:00,1.326293706893921,211043,,
932,preprocess_manifest,TON_IoT,ton_iot_attack_family_holdout_full,5,,,2026-06-12T10:39:41.641478+00:00,2026-06-12T10:39:46.227097+00:00,4.58561897277832,211043,,
933,split_construction,TON_IoT,ton_iot_attack_family_holdout_full,5,extra_trees,,2026-06-12T10:39:46.227293+00:00,2026-06-12T10:39:46.380803+00:00,0.15351033210754395,211043,,
934,preprocessing,TON_IoT,ton_iot_attack_family_holdout_full,5,extra_trees,,2026-06-12T10:39:46.380929+00:00,2026-06-12T10:39:51.155030+00:00,4.7741007804870605,211043,,
935,model_training,TON_IoT,ton_iot_attack_family_holdout_full,5,extra_trees,,2026-06-12T10:39:51.155207+00:00,2026-06-12T10:39:55.341040+00:00,4.185832977294922,211043,,
936,clean_profile,TON_IoT,ton_iot_attack_family_holdout_full,5,extra_trees,,2026-06-12T10:39:55.341128+00:00,2026-06-12T10:39:55.654203+00:00,0.31307506561279297,211043,,
937,threat_evaluation,TON_IoT,ton_iot_attack_family_holdout_full,5,extra_trees,a0_clean,2026-06-12T10:39:55.672586+00:00,2026-06-12T10:39:55.780259+00:00,0.10767292976379395,36043,,
938,result_writing,TON_IoT,ton_iot_attack_family_holdout_full,5,extra_trees,a0_clean,2026-06-12T10:39:55.780427+00:00,2026-06-12T10:39:55.783760+00:00,0.0033321380615234375,1,results/raw/tier_e_core4_hgb_mlp_timed_expanded/TON_IoT_ton_iot_attack_family_holdout_full_extra_trees_a0_clean_5.csv,
939,threat_evaluation,TON_IoT,ton_iot_attack_family_holdout_full,5,extra_trees,a1_constrained_feature,2026-06-12T10:39:55.783802+00:00,2026-06-12T10:39:55.968476+00:00,0.18467426300048828,36043,,
940,result_writing,TON_IoT,ton_iot_attack_family_holdout_full,5,extra_trees,a1_constrained_feature,2026-06-12T10:39:55.968661+00:00,2026-06-12T10:39:55.971917+00:00,0.003256559371948242,1,results/raw/tier_e_core4_hgb_mlp_timed_expanded/TON_IoT_ton_iot_attack_family_holdout_full_extra_trees_a1_constrained_feature_5.csv,
941,threat_evaluation,TON_IoT,ton_iot_attack_family_holdout_full,5,extra_trees,a1_constrained_score_search,2026-06-12T10:39:55.971961+00:00,2026-06-12T10:39:56.772061+00:00,0.8001003265380859,36043,,
942,result_writing,TON_IoT,ton_iot_attack_family_holdout_full,5,extra_trees,a1_constrained_score_search,2026-06-12T10:39:56.772237+00:00,2026-06-12T10:39:56.775480+00:00,0.0032422542572021484,1,results/raw/tier_e_core4_hgb_mlp_timed_expanded/TON_IoT_ton_iot_attack_family_holdout_full_extra_trees_a1_constrained_score_search_5.csv,
943,threat_evaluation,TON_IoT,ton_iot_attack_family_holdout_full,5,extra_trees,a4_split_shift,2026-06-12T10:39:56.775520+00:00,2026-06-12T10:39:56.883544+00:00,0.10802340507507324,36043,,
944,result_writing,TON_IoT,ton_iot_attack_family_holdout_full,5,extra_trees,a4_split_shift,2026-06-12T10:39:56.883707+00:00,2026-06-12T10:39:56.887007+00:00,0.003299236297607422,1,results/raw/tier_e_core4_hgb_mlp_timed_expanded/TON_IoT_ton_iot_attack_family_holdout_full_extra_trees_a4_split_shift_5.csv,
945,split_construction,TON_IoT,ton_iot_attack_family_holdout_full,5,hist_gradient_boosting,,2026-06-12T10:39:56.887092+00:00,2026-06-12T10:39:57.040394+00:00,0.15330147743225098,211043,,
946,preprocessing,TON_IoT,ton_iot_attack_family_holdout_full,5,hist_gradient_boosting,,2026-06-12T10:39:57.040508+00:00,2026-06-12T10:40:01.805755+00:00,4.765247106552124,211043,,
947,model_training,TON_IoT,ton_iot_attack_family_holdout_full,5,hist_gradient_boosting,,2026-06-12T10:40:01.805921+00:00,2026-06-12T10:40:04.325111+00:00,2.519190549850464,211043,,
948,clean_profile,TON_IoT,ton_iot_attack_family_holdout_full,5,hist_gradient_boosting,,2026-06-12T10:40:04.325202+00:00,2026-06-12T10:40:04.441437+00:00,0.11623477935791016,211043,,
949,threat_evaluation,TON_IoT,ton_iot_attack_family_holdout_full,5,hist_gradient_boosting,a0_clean,2026-06-12T10:40:04.459712+00:00,2026-06-12T10:40:04.503180+00:00,0.04346871376037598,36043,,
950,result_writing,TON_IoT,ton_iot_attack_family_holdout_full,5,hist_gradient_boosting,a0_clean,2026-06-12T10:40:04.503343+00:00,2026-06-12T10:40:04.506720+00:00,0.003377199172973633,1,results/raw/tier_e_core4_hgb_mlp_timed_expanded/TON_IoT_ton_iot_attack_family_holdout_full_hist_gradient_boosting_a0_clean_5.csv,
951,threat_evaluation,TON_IoT,ton_iot_attack_family_holdout_full,5,hist_gradient_boosting,a1_constrained_feature,2026-06-12T10:40:04.506765+00:00,2026-06-12T10:40:04.623458+00:00,0.11669349670410156,36043,,
952,result_writing,TON_IoT,ton_iot_attack_family_holdout_full,5,hist_gradient_boosting,a1_constrained_feature,2026-06-12T10:40:04.623631+00:00,2026-06-12T10:40:04.626950+00:00,0.0033185482025146484,1,results/raw/tier_e_core4_hgb_mlp_timed_expanded/TON_IoT_ton_iot_attack_family_holdout_full_hist_gradient_boosting_a1_constrained_feature_5.csv,
953,threat_evaluation,TON_IoT,ton_iot_attack_family_holdout_full,5,hist_gradient_boosting,a1_constrained_score_search,2026-06-12T10:40:04.626993+00:00,2026-06-12T10:40:05.239793+00:00,0.6128003597259521,36043,,
954,result_writing,TON_IoT,ton_iot_attack_family_holdout_full,5,hist_gradient_boosting,a1_constrained_score_search,2026-06-12T10:40:05.239962+00:00,2026-06-12T10:40:05.243281+00:00,0.00331878662109375,1,results/raw/tier_e_core4_hgb_mlp_timed_expanded/TON_IoT_ton_iot_attack_family_holdout_full_hist_gradient_boosting_a1_constrained_score_search_5.csv,
955,threat_evaluation,TON_IoT,ton_iot_attack_family_holdout_full,5,hist_gradient_boosting,a4_split_shift,2026-06-12T10:40:05.243325+00:00,2026-06-12T10:40:05.298532+00:00,0.0552060604095459,36043,,
956,result_writing,TON_IoT,ton_iot_attack_family_holdout_full,5,hist_gradient_boosting,a4_split_shift,2026-06-12T10:40:05.298692+00:00,2026-06-12T10:40:05.302021+00:00,0.0033288002014160156,1,results/raw/tier_e_core4_hgb_mlp_timed_expanded/TON_IoT_ton_iot_attack_family_holdout_full_hist_gradient_boosting_a4_split_shift_5.csv,
957,split_construction,TON_IoT,ton_iot_attack_family_holdout_full,5,logistic_regression,,2026-06-12T10:40:05.302108+00:00,2026-06-12T10:40:05.455824+00:00,0.1537163257598877,211043,,
958,preprocessing,TON_IoT,ton_iot_attack_family_holdout_full,5,logistic_regression,,2026-06-12T10:40:05.455966+00:00,2026-06-12T10:40:10.185815+00:00,4.729849100112915,211043,,
959,model_training,TON_IoT,ton_iot_attack_family_holdout_full,5,logistic_regression,,2026-06-12T10:40:10.185956+00:00,2026-06-12T10:40:19.094590+00:00,8.908633947372437,211043,,
960,clean_profile,TON_IoT,ton_iot_attack_family_holdout_full,5,logistic_regression,,2026-06-12T10:40:19.094670+00:00,2026-06-12T10:40:19.121592+00:00,0.026922225952148438,211043,,
961,threat_evaluation,TON_IoT,ton_iot_attack_family_holdout_full,5,logistic_regression,a0_clean,2026-06-12T10:40:19.140189+00:00,2026-06-12T10:40:19.153918+00:00,0.013728141784667969,36043,,
962,result_writing,TON_IoT,ton_iot_attack_family_holdout_full,5,logistic_regression,a0_clean,2026-06-12T10:40:19.154088+00:00,2026-06-12T10:40:19.157443+00:00,0.003354787826538086,1,results/raw/tier_e_core4_hgb_mlp_timed_expanded/TON_IoT_ton_iot_attack_family_holdout_full_logistic_regression_a0_clean_5.csv,
963,threat_evaluation,TON_IoT,ton_iot_attack_family_holdout_full,5,logistic_regression,a1_constrained_feature,2026-06-12T10:40:19.157498+00:00,2026-06-12T10:40:19.243152+00:00,0.08565425872802734,36043,,
964,result_writing,TON_IoT,ton_iot_attack_family_holdout_full,5,logistic_regression,a1_constrained_feature,2026-06-12T10:40:19.243322+00:00,2026-06-12T10:40:19.246621+00:00,0.0032982826232910156,1,results/raw/tier_e_core4_hgb_mlp_timed_expanded/TON_IoT_ton_iot_attack_family_holdout_full_logistic_regression_a1_constrained_feature_5.csv,
965,threat_evaluation,TON_IoT,ton_iot_attack_family_holdout_full,5,logistic_regression,a1_constrained_score_search,2026-06-12T10:40:19.246666+00:00,2026-06-12T10:40:19.605550+00:00,0.3588838577270508,36043,,
966,result_writing,TON_IoT,ton_iot_attack_family_holdout_full,5,logistic_regression,a1_constrained_score_search,2026-06-12T10:40:19.605736+00:00,2026-06-12T10:40:19.609036+00:00,0.0033004283905029297,1,results/raw/tier_e_core4_hgb_mlp_timed_expanded/TON_IoT_ton_iot_attack_family_holdout_full_logistic_regression_a1_constrained_score_search_5.csv,
967,threat_evaluation,TON_IoT,ton_iot_attack_family_holdout_full,5,logistic_regression,a4_split_shift,2026-06-12T10:40:19.609078+00:00,2026-06-12T10:40:19.622161+00:00,0.013083219528198242,36043,,
968,result_writing,TON_IoT,ton_iot_attack_family_holdout_full,5,logistic_regression,a4_split_shift,2026-06-12T10:40:19.622318+00:00,2026-06-12T10:40:19.625668+00:00,0.0033502578735351562,1,results/raw/tier_e_core4_hgb_mlp_timed_expanded/TON_IoT_ton_iot_attack_family_holdout_full_logistic_regression_a4_split_shift_5.csv,
969,split_construction,TON_IoT,ton_iot_attack_family_holdout_full,5,mlp_sklearn,,2026-06-12T10:40:19.625756+00:00,2026-06-12T10:40:19.779180+00:00,0.15342450141906738,211043,,
970,preprocessing,TON_IoT,ton_iot_attack_family_holdout_full,5,mlp_sklearn,,2026-06-12T10:40:19.779307+00:00,2026-06-12T10:40:24.529050+00:00,4.7497429847717285,211043,,
971,model_training,TON_IoT,ton_iot_attack_family_holdout_full,5,mlp_sklearn,,2026-06-12T10:40:24.529225+00:00,2026-06-12T10:40:42.326463+00:00,17.797237873077393,211043,,
972,clean_profile,TON_IoT,ton_iot_attack_family_holdout_full,5,mlp_sklearn,,2026-06-12T10:40:42.326542+00:00,2026-06-12T10:40:42.382314+00:00,0.055771827697753906,211043,,
973,threat_evaluation,TON_IoT,ton_iot_attack_family_holdout_full,5,mlp_sklearn,a0_clean,2026-06-12T10:40:42.400529+00:00,2026-06-12T10:40:42.426096+00:00,0.02556753158569336,36043,,
974,result_writing,TON_IoT,ton_iot_attack_family_holdout_full,5,mlp_sklearn,a0_clean,2026-06-12T10:40:42.426269+00:00,2026-06-12T10:40:42.429718+00:00,0.003448963165283203,1,results/raw/tier_e_core4_hgb_mlp_timed_expanded/TON_IoT_ton_iot_attack_family_holdout_full_mlp_sklearn_a0_clean_5.csv,
975,threat_evaluation,TON_IoT,ton_iot_attack_family_holdout_full,5,mlp_sklearn,a1_constrained_feature,2026-06-12T10:40:42.429766+00:00,2026-06-12T10:40:42.526963+00:00,0.0971975326538086,36043,,
976,result_writing,TON_IoT,ton_iot_attack_family_holdout_full,5,mlp_sklearn,a1_constrained_feature,2026-06-12T10:40:42.527155+00:00,2026-06-12T10:40:42.530522+00:00,0.0033664703369140625,1,results/raw/tier_e_core4_hgb_mlp_timed_expanded/TON_IoT_ton_iot_attack_family_holdout_full_mlp_sklearn_a1_constrained_feature_5.csv,
977,threat_evaluation,TON_IoT,ton_iot_attack_family_holdout_full,5,mlp_sklearn,a1_constrained_score_search,2026-06-12T10:40:42.530566+00:00,2026-06-12T10:40:42.938345+00:00,0.4077789783477783,36043,,
978,result_writing,TON_IoT,ton_iot_attack_family_holdout_full,5,mlp_sklearn,a1_constrained_score_search,2026-06-12T10:40:42.938532+00:00,2026-06-12T10:40:42.941863+00:00,0.003330707550048828,1,results/raw/tier_e_core4_hgb_mlp_timed_expanded/TON_IoT_ton_iot_attack_family_holdout_full_mlp_sklearn_a1_constrained_score_search_5.csv,
979,threat_evaluation,TON_IoT,ton_iot_attack_family_holdout_full,5,mlp_sklearn,a4_split_shift,2026-06-12T10:40:42.941906+00:00,2026-06-12T10:40:42.965698+00:00,0.023792743682861328,36043,,
980,result_writing,TON_IoT,ton_iot_attack_family_holdout_full,5,mlp_sklearn,a4_split_shift,2026-06-12T10:40:42.965859+00:00,2026-06-12T10:40:42.969189+00:00,0.003330230712890625,1,results/raw/tier_e_core4_hgb_mlp_timed_expanded/TON_IoT_ton_iot_attack_family_holdout_full_mlp_sklearn_a4_split_shift_5.csv,
981,split_construction,TON_IoT,ton_iot_attack_family_holdout_full,5,random_forest,,2026-06-12T10:40:42.969280+00:00,2026-06-12T10:40:43.123563+00:00,0.1542820930480957,211043,,
982,preprocessing,TON_IoT,ton_iot_attack_family_holdout_full,5,random_forest,,2026-06-12T10:40:43.123690+00:00,2026-06-12T10:40:47.871452+00:00,4.747761487960815,211043,,
983,model_training,TON_IoT,ton_iot_attack_family_holdout_full,5,random_forest,,2026-06-12T10:40:47.871632+00:00,2026-06-12T10:40:52.765728+00:00,4.894096374511719,211043,,
984,clean_profile,TON_IoT,ton_iot_attack_family_holdout_full,5,random_forest,,2026-06-12T10:40:52.765818+00:00,2026-06-12T10:40:52.980515+00:00,0.21469640731811523,211043,,
985,threat_evaluation,TON_IoT,ton_iot_attack_family_holdout_full,5,random_forest,a0_clean,2026-06-12T10:40:52.998921+00:00,2026-06-12T10:40:53.074370+00:00,0.07544946670532227,36043,,
986,result_writing,TON_IoT,ton_iot_attack_family_holdout_full,5,random_forest,a0_clean,2026-06-12T10:40:53.074531+00:00,2026-06-12T10:40:53.077893+00:00,0.0033621788024902344,1,results/raw/tier_e_core4_hgb_mlp_timed_expanded/TON_IoT_ton_iot_attack_family_holdout_full_random_forest_a0_clean_5.csv,
987,threat_evaluation,TON_IoT,ton_iot_attack_family_holdout_full,5,random_forest,a1_constrained_feature,2026-06-12T10:40:53.077936+00:00,2026-06-12T10:40:53.232946+00:00,0.15500998497009277,36043,,
988,result_writing,TON_IoT,ton_iot_attack_family_holdout_full,5,random_forest,a1_constrained_feature,2026-06-12T10:40:53.233121+00:00,2026-06-12T10:40:53.236409+00:00,0.0032885074615478516,1,results/raw/tier_e_core4_hgb_mlp_timed_expanded/TON_IoT_ton_iot_attack_family_holdout_full_random_forest_a1_constrained_feature_5.csv,
989,threat_evaluation,TON_IoT,ton_iot_attack_family_holdout_full,5,random_forest,a1_constrained_score_search,2026-06-12T10:40:53.236449+00:00,2026-06-12T10:40:53.922640+00:00,0.6861908435821533,36043,,
990,result_writing,TON_IoT,ton_iot_attack_family_holdout_full,5,random_forest,a1_constrained_score_search,2026-06-12T10:40:53.922807+00:00,2026-06-12T10:40:53.926049+00:00,0.00324249267578125,1,results/raw/tier_e_core4_hgb_mlp_timed_expanded/TON_IoT_ton_iot_attack_family_holdout_full_random_forest_a1_constrained_score_search_5.csv,
991,threat_evaluation,TON_IoT,ton_iot_attack_family_holdout_full,5,random_forest,a4_split_shift,2026-06-12T10:40:53.926090+00:00,2026-06-12T10:40:54.001522+00:00,0.07543182373046875,36043,,
992,result_writing,TON_IoT,ton_iot_attack_family_holdout_full,5,random_forest,a4_split_shift,2026-06-12T10:40:54.001692+00:00,2026-06-12T10:40:54.005004+00:00,0.0033121109008789062,1,results/raw/tier_e_core4_hgb_mlp_timed_expanded/TON_IoT_ton_iot_attack_family_holdout_full_random_forest_a4_split_shift_5.csv,
993,dataset_load,TON_IoT,ton_iot_attack_family_holdout_full,6,,,2026-06-12T10:40:54.005046+00:00,2026-06-12T10:40:55.329379+00:00,1.3243329524993896,211043,,
994,preprocess_manifest,TON_IoT,ton_iot_attack_family_holdout_full,6,,,2026-06-12T10:40:55.329522+00:00,2026-06-12T10:40:59.901164+00:00,4.571641206741333,211043,,
995,split_construction,TON_IoT,ton_iot_attack_family_holdout_full,6,extra_trees,,2026-06-12T10:40:59.901369+00:00,2026-06-12T10:41:00.055831+00:00,0.15446233749389648,211043,,
996,preprocessing,TON_IoT,ton_iot_attack_family_holdout_full,6,extra_trees,,2026-06-12T10:41:00.055973+00:00,2026-06-12T10:41:04.816629+00:00,4.7606565952301025,211043,,
997,model_training,TON_IoT,ton_iot_attack_family_holdout_full,6,extra_trees,,2026-06-12T10:41:04.816807+00:00,2026-06-12T10:41:09.033688+00:00,4.216880559921265,211043,,
998,clean_profile,TON_IoT,ton_iot_attack_family_holdout_full,6,extra_trees,,2026-06-12T10:41:09.033777+00:00,2026-06-12T10:41:09.344003+00:00,0.3102259635925293,211043,,
999,threat_evaluation,TON_IoT,ton_iot_attack_family_holdout_full,6,extra_trees,a0_clean,2026-06-12T10:41:09.362389+00:00,2026-06-12T10:41:09.469367+00:00,0.10697793960571289,36043,,
1000,result_writing,TON_IoT,ton_iot_attack_family_holdout_full,6,extra_trees,a0_clean,2026-06-12T10:41:09.469532+00:00,2026-06-12T10:41:09.472867+00:00,0.003335714340209961,1,results/raw/tier_e_core4_hgb_mlp_timed_expanded/TON_IoT_ton_iot_attack_family_holdout_full_extra_trees_a0_clean_6.csv,
1001,threat_evaluation,TON_IoT,ton_iot_attack_family_holdout_full,6,extra_trees,a1_constrained_feature,2026-06-12T10:41:09.472909+00:00,2026-06-12T10:41:09.657805+00:00,0.18489575386047363,36043,,
1002,result_writing,TON_IoT,ton_iot_attack_family_holdout_full,6,extra_trees,a1_constrained_feature,2026-06-12T10:41:09.657982+00:00,2026-06-12T10:41:09.661258+00:00,0.003275632858276367,1,results/raw/tier_e_core4_hgb_mlp_timed_expanded/TON_IoT_ton_iot_attack_family_holdout_full_extra_trees_a1_constrained_feature_6.csv,
1003,threat_evaluation,TON_IoT,ton_iot_attack_family_holdout_full,6,extra_trees,a1_constrained_score_search,2026-06-12T10:41:09.661297+00:00,2026-06-12T10:41:10.471591+00:00,0.8102941513061523,36043,,
1004,result_writing,TON_IoT,ton_iot_attack_family_holdout_full,6,extra_trees,a1_constrained_score_search,2026-06-12T10:41:10.471799+00:00,2026-06-12T10:41:10.475033+00:00,0.003234386444091797,1,results/raw/tier_e_core4_hgb_mlp_timed_expanded/TON_IoT_ton_iot_attack_family_holdout_full_extra_trees_a1_constrained_score_search_6.csv,
1005,threat_evaluation,TON_IoT,ton_iot_attack_family_holdout_full,6,extra_trees,a4_split_shift,2026-06-12T10:41:10.475078+00:00,2026-06-12T10:41:10.582448+00:00,0.10737037658691406,36043,,
1006,result_writing,TON_IoT,ton_iot_attack_family_holdout_full,6,extra_trees,a4_split_shift,2026-06-12T10:41:10.582612+00:00,2026-06-12T10:41:10.585956+00:00,0.0033440589904785156,1,results/raw/tier_e_core4_hgb_mlp_timed_expanded/TON_IoT_ton_iot_attack_family_holdout_full_extra_trees_a4_split_shift_6.csv,
1007,split_construction,TON_IoT,ton_iot_attack_family_holdout_full,6,hist_gradient_boosting,,2026-06-12T10:41:10.586044+00:00,2026-06-12T10:41:10.739535+00:00,0.15349149703979492,211043,,
1008,preprocessing,TON_IoT,ton_iot_attack_family_holdout_full,6,hist_gradient_boosting,,2026-06-12T10:41:10.739681+00:00,2026-06-12T10:41:15.519170+00:00,4.779489040374756,211043,,
1009,model_training,TON_IoT,ton_iot_attack_family_holdout_full,6,hist_gradient_boosting,,2026-06-12T10:41:15.519345+00:00,2026-06-12T10:41:17.981299+00:00,2.46195387840271,211043,,
1010,clean_profile,TON_IoT,ton_iot_attack_family_holdout_full,6,hist_gradient_boosting,,2026-06-12T10:41:17.981387+00:00,2026-06-12T10:41:18.099070+00:00,0.11768221855163574,211043,,
1011,threat_evaluation,TON_IoT,ton_iot_attack_family_holdout_full,6,hist_gradient_boosting,a0_clean,2026-06-12T10:41:18.117330+00:00,2026-06-12T10:41:18.161471+00:00,0.04414081573486328,36043,,
1012,result_writing,TON_IoT,ton_iot_attack_family_holdout_full,6,hist_gradient_boosting,a0_clean,2026-06-12T10:41:18.161635+00:00,2026-06-12T10:41:18.201243+00:00,0.03960776329040527,1,results/raw/tier_e_core4_hgb_mlp_timed_expanded/TON_IoT_ton_iot_attack_family_holdout_full_hist_gradient_boosting_a0_clean_6.csv,
1013,threat_evaluation,TON_IoT,ton_iot_attack_family_holdout_full,6,hist_gradient_boosting,a1_constrained_feature,2026-06-12T10:41:18.201326+00:00,2026-06-12T10:41:18.325579+00:00,0.1242532730102539,36043,,
1014,result_writing,TON_IoT,ton_iot_attack_family_holdout_full,6,hist_gradient_boosting,a1_constrained_feature,2026-06-12T10:41:18.325765+00:00,2026-06-12T10:41:18.329163+00:00,0.0033981800079345703,1,results/raw/tier_e_core4_hgb_mlp_timed_expanded/TON_IoT_ton_iot_attack_family_holdout_full_hist_gradient_boosting_a1_constrained_feature_6.csv,
1015,threat_evaluation,TON_IoT,ton_iot_attack_family_holdout_full,6,hist_gradient_boosting,a1_constrained_score_search,2026-06-12T10:41:18.329206+00:00,2026-06-12T10:41:18.940762+00:00,0.6115562915802002,36043,,
1016,result_writing,TON_IoT,ton_iot_attack_family_holdout_full,6,hist_gradient_boosting,a1_constrained_score_search,2026-06-12T10:41:18.940953+00:00,2026-06-12T10:41:18.944310+00:00,0.00335693359375,1,results/raw/tier_e_core4_hgb_mlp_timed_expanded/TON_IoT_ton_iot_attack_family_holdout_full_hist_gradient_boosting_a1_constrained_score_search_6.csv,
1017,threat_evaluation,TON_IoT,ton_iot_attack_family_holdout_full,6,hist_gradient_boosting,a4_split_shift,2026-06-12T10:41:18.944355+00:00,2026-06-12T10:41:19.000409+00:00,0.05605435371398926,36043,,
1018,result_writing,TON_IoT,ton_iot_attack_family_holdout_full,6,hist_gradient_boosting,a4_split_shift,2026-06-12T10:41:19.000575+00:00,2026-06-12T10:41:19.004040+00:00,0.0034646987915039062,1,results/raw/tier_e_core4_hgb_mlp_timed_expanded/TON_IoT_ton_iot_attack_family_holdout_full_hist_gradient_boosting_a4_split_shift_6.csv,
1019,split_construction,TON_IoT,ton_iot_attack_family_holdout_full,6,logistic_regression,,2026-06-12T10:41:19.004137+00:00,2026-06-12T10:41:19.158008+00:00,0.1538712978363037,211043,,
1020,preprocessing,TON_IoT,ton_iot_attack_family_holdout_full,6,logistic_regression,,2026-06-12T10:41:19.158134+00:00,2026-06-12T10:41:23.946558+00:00,4.788424015045166,211043,,
1021,model_training,TON_IoT,ton_iot_attack_family_holdout_full,6,logistic_regression,,2026-06-12T10:41:23.946695+00:00,2026-06-12T10:41:31.946920+00:00,8.000225305557251,211043,,
1022,clean_profile,TON_IoT,ton_iot_attack_family_holdout_full,6,logistic_regression,,2026-06-12T10:41:31.946995+00:00,2026-06-12T10:41:31.977878+00:00,0.030882835388183594,211043,,
1023,threat_evaluation,TON_IoT,ton_iot_attack_family_holdout_full,6,logistic_regression,a0_clean,2026-06-12T10:41:31.996690+00:00,2026-06-12T10:41:32.010491+00:00,0.013800621032714844,36043,,
1024,result_writing,TON_IoT,ton_iot_attack_family_holdout_full,6,logistic_regression,a0_clean,2026-06-12T10:41:32.010659+00:00,2026-06-12T10:41:32.014063+00:00,0.0034046173095703125,1,results/raw/tier_e_core4_hgb_mlp_timed_expanded/TON_IoT_ton_iot_attack_family_holdout_full_logistic_regression_a0_clean_6.csv,
1025,threat_evaluation,TON_IoT,ton_iot_attack_family_holdout_full,6,logistic_regression,a1_constrained_feature,2026-06-12T10:41:32.014106+00:00,2026-06-12T10:41:32.099598+00:00,0.08549237251281738,36043,,
1026,result_writing,TON_IoT,ton_iot_attack_family_holdout_full,6,logistic_regression,a1_constrained_feature,2026-06-12T10:41:32.099801+00:00,2026-06-12T10:41:32.103053+00:00,0.003252267837524414,1,results/raw/tier_e_core4_hgb_mlp_timed_expanded/TON_IoT_ton_iot_attack_family_holdout_full_logistic_regression_a1_constrained_feature_6.csv,
1027,threat_evaluation,TON_IoT,ton_iot_attack_family_holdout_full,6,logistic_regression,a1_constrained_score_search,2026-06-12T10:41:32.103095+00:00,2026-06-12T10:41:32.460602+00:00,0.35750746726989746,36043,,
1028,result_writing,TON_IoT,ton_iot_attack_family_holdout_full,6,logistic_regression,a1_constrained_score_search,2026-06-12T10:41:32.460786+00:00,2026-06-12T10:41:32.464020+00:00,0.0032334327697753906,1,results/raw/tier_e_core4_hgb_mlp_timed_expanded/TON_IoT_ton_iot_attack_family_holdout_full_logistic_regression_a1_constrained_score_search_6.csv,
1029,threat_evaluation,TON_IoT,ton_iot_attack_family_holdout_full,6,logistic_regression,a4_split_shift,2026-06-12T10:41:32.464062+00:00,2026-06-12T10:41:32.476934+00:00,0.01287221908569336,36043,,
1030,result_writing,TON_IoT,ton_iot_attack_family_holdout_full,6,logistic_regression,a4_split_shift,2026-06-12T10:41:32.477087+00:00,2026-06-12T10:41:32.480211+00:00,0.003123044967651367,1,results/raw/tier_e_core4_hgb_mlp_timed_expanded/TON_IoT_ton_iot_attack_family_holdout_full_logistic_regression_a4_split_shift_6.csv,
1031,split_construction,TON_IoT,ton_iot_attack_family_holdout_full,6,mlp_sklearn,,2026-06-12T10:41:32.480304+00:00,2026-06-12T10:41:32.635851+00:00,0.1555471420288086,211043,,
1032,preprocessing,TON_IoT,ton_iot_attack_family_holdout_full,6,mlp_sklearn,,2026-06-12T10:41:32.635974+00:00,2026-06-12T10:41:37.402778+00:00,4.766803503036499,211043,,
1033,model_training,TON_IoT,ton_iot_attack_family_holdout_full,6,mlp_sklearn,,2026-06-12T10:41:37.402941+00:00,2026-06-12T10:41:55.452208+00:00,18.049266576766968,211043,,
1034,clean_profile,TON_IoT,ton_iot_attack_family_holdout_full,6,mlp_sklearn,,2026-06-12T10:41:55.452285+00:00,2026-06-12T10:41:55.507493+00:00,0.05520772933959961,211043,,
1035,threat_evaluation,TON_IoT,ton_iot_attack_family_holdout_full,6,mlp_sklearn,a0_clean,2026-06-12T10:41:55.526077+00:00,2026-06-12T10:41:55.550622+00:00,0.024544954299926758,36043,,
1036,result_writing,TON_IoT,ton_iot_attack_family_holdout_full,6,mlp_sklearn,a0_clean,2026-06-12T10:41:55.550792+00:00,2026-06-12T10:41:55.554274+00:00,0.0034818649291992188,1,results/raw/tier_e_core4_hgb_mlp_timed_expanded/TON_IoT_ton_iot_attack_family_holdout_full_mlp_sklearn_a0_clean_6.csv,
1037,threat_evaluation,TON_IoT,ton_iot_attack_family_holdout_full,6,mlp_sklearn,a1_constrained_feature,2026-06-12T10:41:55.554325+00:00,2026-06-12T10:41:55.650874+00:00,0.09654927253723145,36043,,
1038,result_writing,TON_IoT,ton_iot_attack_family_holdout_full,6,mlp_sklearn,a1_constrained_feature,2026-06-12T10:41:55.651052+00:00,2026-06-12T10:41:55.654436+00:00,0.003384113311767578,1,results/raw/tier_e_core4_hgb_mlp_timed_expanded/TON_IoT_ton_iot_attack_family_holdout_full_mlp_sklearn_a1_constrained_feature_6.csv,
1039,threat_evaluation,TON_IoT,ton_iot_attack_family_holdout_full,6,mlp_sklearn,a1_constrained_score_search,2026-06-12T10:41:55.654485+00:00,2026-06-12T10:41:56.060616+00:00,0.4061315059661865,36043,,
1040,result_writing,TON_IoT,ton_iot_attack_family_holdout_full,6,mlp_sklearn,a1_constrained_score_search,2026-06-12T10:41:56.060810+00:00,2026-06-12T10:41:56.064268+00:00,0.0034584999084472656,1,results/raw/tier_e_core4_hgb_mlp_timed_expanded/TON_IoT_ton_iot_attack_family_holdout_full_mlp_sklearn_a1_constrained_score_search_6.csv,
1041,threat_evaluation,TON_IoT,ton_iot_attack_family_holdout_full,6,mlp_sklearn,a4_split_shift,2026-06-12T10:41:56.064315+00:00,2026-06-12T10:41:56.088272+00:00,0.023957252502441406,36043,,
1042,result_writing,TON_IoT,ton_iot_attack_family_holdout_full,6,mlp_sklearn,a4_split_shift,2026-06-12T10:41:56.088437+00:00,2026-06-12T10:41:56.091770+00:00,0.003332853317260742,1,results/raw/tier_e_core4_hgb_mlp_timed_expanded/TON_IoT_ton_iot_attack_family_holdout_full_mlp_sklearn_a4_split_shift_6.csv,
1043,split_construction,TON_IoT,ton_iot_attack_family_holdout_full,6,random_forest,,2026-06-12T10:41:56.091857+00:00,2026-06-12T10:41:56.245361+00:00,0.15350341796875,211043,,
1044,preprocessing,TON_IoT,ton_iot_attack_family_holdout_full,6,random_forest,,2026-06-12T10:41:56.245474+00:00,2026-06-12T10:42:01.021809+00:00,4.776334762573242,211043,,
1045,model_training,TON_IoT,ton_iot_attack_family_holdout_full,6,random_forest,,2026-06-12T10:42:01.021991+00:00,2026-06-12T10:42:05.843386+00:00,4.821394681930542,211043,,
1046,clean_profile,TON_IoT,ton_iot_attack_family_holdout_full,6,random_forest,,2026-06-12T10:42:05.843470+00:00,2026-06-12T10:42:06.051688+00:00,0.20821809768676758,211043,,
1047,threat_evaluation,TON_IoT,ton_iot_attack_family_holdout_full,6,random_forest,a0_clean,2026-06-12T10:42:06.070189+00:00,2026-06-12T10:42:06.143254+00:00,0.07306480407714844,36043,,
1048,result_writing,TON_IoT,ton_iot_attack_family_holdout_full,6,random_forest,a0_clean,2026-06-12T10:42:06.143424+00:00,2026-06-12T10:42:06.146752+00:00,0.0033273696899414062,1,results/raw/tier_e_core4_hgb_mlp_timed_expanded/TON_IoT_ton_iot_attack_family_holdout_full_random_forest_a0_clean_6.csv,
1049,threat_evaluation,TON_IoT,ton_iot_attack_family_holdout_full,6,random_forest,a1_constrained_feature,2026-06-12T10:42:06.146792+00:00,2026-06-12T10:42:06.301090+00:00,0.1542978286743164,36043,,
1050,result_writing,TON_IoT,ton_iot_attack_family_holdout_full,6,random_forest,a1_constrained_feature,2026-06-12T10:42:06.301263+00:00,2026-06-12T10:42:06.304474+00:00,0.003211498260498047,1,results/raw/tier_e_core4_hgb_mlp_timed_expanded/TON_IoT_ton_iot_attack_family_holdout_full_random_forest_a1_constrained_feature_6.csv,
1051,threat_evaluation,TON_IoT,ton_iot_attack_family_holdout_full,6,random_forest,a1_constrained_score_search,2026-06-12T10:42:06.304520+00:00,2026-06-12T10:42:06.991059+00:00,0.6865386962890625,36043,,
1052,result_writing,TON_IoT,ton_iot_attack_family_holdout_full,6,random_forest,a1_constrained_score_search,2026-06-12T10:42:06.991235+00:00,2026-06-12T10:42:06.994491+00:00,0.003255605697631836,1,results/raw/tier_e_core4_hgb_mlp_timed_expanded/TON_IoT_ton_iot_attack_family_holdout_full_random_forest_a1_constrained_score_search_6.csv,
1053,threat_evaluation,TON_IoT,ton_iot_attack_family_holdout_full,6,random_forest,a4_split_shift,2026-06-12T10:42:06.994534+00:00,2026-06-12T10:42:07.067504+00:00,0.07296991348266602,36043,,
1054,result_writing,TON_IoT,ton_iot_attack_family_holdout_full,6,random_forest,a4_split_shift,2026-06-12T10:42:07.067664+00:00,2026-06-12T10:42:07.070866+00:00,0.0032014846801757812,1,results/raw/tier_e_core4_hgb_mlp_timed_expanded/TON_IoT_ton_iot_attack_family_holdout_full_random_forest_a4_split_shift_6.csv,
1055,dataset_load,TON_IoT,ton_iot_attack_family_holdout_full,7,,,2026-06-12T10:42:07.070906+00:00,2026-06-12T10:42:08.394300+00:00,1.3233935832977295,211043,,
1056,preprocess_manifest,TON_IoT,ton_iot_attack_family_holdout_full,7,,,2026-06-12T10:42:08.394434+00:00,2026-06-12T10:42:12.995973+00:00,4.601539611816406,211043,,
1057,split_construction,TON_IoT,ton_iot_attack_family_holdout_full,7,extra_trees,,2026-06-12T10:42:12.996176+00:00,2026-06-12T10:42:13.150341+00:00,0.15416526794433594,211043,,
1058,preprocessing,TON_IoT,ton_iot_attack_family_holdout_full,7,extra_trees,,2026-06-12T10:42:13.150459+00:00,2026-06-12T10:42:17.926867+00:00,4.776407718658447,211043,,
1059,model_training,TON_IoT,ton_iot_attack_family_holdout_full,7,extra_trees,,2026-06-12T10:42:17.927048+00:00,2026-06-12T10:42:22.240913+00:00,4.3138649463653564,211043,,
1060,clean_profile,TON_IoT,ton_iot_attack_family_holdout_full,7,extra_trees,,2026-06-12T10:42:22.240999+00:00,2026-06-12T10:42:22.550901+00:00,0.3099029064178467,211043,,
1061,threat_evaluation,TON_IoT,ton_iot_attack_family_holdout_full,7,extra_trees,a0_clean,2026-06-12T10:42:22.569303+00:00,2026-06-12T10:42:22.676893+00:00,0.1075894832611084,36043,,
1062,result_writing,TON_IoT,ton_iot_attack_family_holdout_full,7,extra_trees,a0_clean,2026-06-12T10:42:22.677058+00:00,2026-06-12T10:42:22.680378+00:00,0.003319978713989258,1,results/raw/tier_e_core4_hgb_mlp_timed_expanded/TON_IoT_ton_iot_attack_family_holdout_full_extra_trees_a0_clean_7.csv,
1063,threat_evaluation,TON_IoT,ton_iot_attack_family_holdout_full,7,extra_trees,a1_constrained_feature,2026-06-12T10:42:22.680420+00:00,2026-06-12T10:42:22.865460+00:00,0.18503952026367188,36043,,
1064,result_writing,TON_IoT,ton_iot_attack_family_holdout_full,7,extra_trees,a1_constrained_feature,2026-06-12T10:42:22.865636+00:00,2026-06-12T10:42:22.868956+00:00,0.0033195018768310547,1,results/raw/tier_e_core4_hgb_mlp_timed_expanded/TON_IoT_ton_iot_attack_family_holdout_full_extra_trees_a1_constrained_feature_7.csv,
1065,threat_evaluation,TON_IoT,ton_iot_attack_family_holdout_full,7,extra_trees,a1_constrained_score_search,2026-06-12T10:42:22.868999+00:00,2026-06-12T10:42:23.674181+00:00,0.8051815032958984,36043,,
1066,result_writing,TON_IoT,ton_iot_attack_family_holdout_full,7,extra_trees,a1_constrained_score_search,2026-06-12T10:42:23.674362+00:00,2026-06-12T10:42:23.677633+00:00,0.003270864486694336,1,results/raw/tier_e_core4_hgb_mlp_timed_expanded/TON_IoT_ton_iot_attack_family_holdout_full_extra_trees_a1_constrained_score_search_7.csv,
1067,threat_evaluation,TON_IoT,ton_iot_attack_family_holdout_full,7,extra_trees,a4_split_shift,2026-06-12T10:42:23.677676+00:00,2026-06-12T10:42:23.785280+00:00,0.1076047420501709,36043,,
1068,result_writing,TON_IoT,ton_iot_attack_family_holdout_full,7,extra_trees,a4_split_shift,2026-06-12T10:42:23.785443+00:00,2026-06-12T10:42:23.788733+00:00,0.0032901763916015625,1,results/raw/tier_e_core4_hgb_mlp_timed_expanded/TON_IoT_ton_iot_attack_family_holdout_full_extra_trees_a4_split_shift_7.csv,
1069,split_construction,TON_IoT,ton_iot_attack_family_holdout_full,7,hist_gradient_boosting,,2026-06-12T10:42:23.788820+00:00,2026-06-12T10:42:23.942482+00:00,0.15366291999816895,211043,,
1070,preprocessing,TON_IoT,ton_iot_attack_family_holdout_full,7,hist_gradient_boosting,,2026-06-12T10:42:23.942598+00:00,2026-06-12T10:42:28.697218+00:00,4.754619598388672,211043,,
1071,model_training,TON_IoT,ton_iot_attack_family_holdout_full,7,hist_gradient_boosting,,2026-06-12T10:42:28.697384+00:00,2026-06-12T10:42:31.250882+00:00,2.5534985065460205,211043,,
1072,clean_profile,TON_IoT,ton_iot_attack_family_holdout_full,7,hist_gradient_boosting,,2026-06-12T10:42:31.250976+00:00,2026-06-12T10:42:31.383264+00:00,0.13228821754455566,211043,,
1073,threat_evaluation,TON_IoT,ton_iot_attack_family_holdout_full,7,hist_gradient_boosting,a0_clean,2026-06-12T10:42:31.401616+00:00,2026-06-12T10:42:31.445381+00:00,0.04376506805419922,36043,,
1074,result_writing,TON_IoT,ton_iot_attack_family_holdout_full,7,hist_gradient_boosting,a0_clean,2026-06-12T10:42:31.445550+00:00,2026-06-12T10:42:31.448942+00:00,0.0033919811248779297,1,results/raw/tier_e_core4_hgb_mlp_timed_expanded/TON_IoT_ton_iot_attack_family_holdout_full_hist_gradient_boosting_a0_clean_7.csv,
1075,threat_evaluation,TON_IoT,ton_iot_attack_family_holdout_full,7,hist_gradient_boosting,a1_constrained_feature,2026-06-12T10:42:31.448987+00:00,2026-06-12T10:42:31.565481+00:00,0.11649322509765625,36043,,
1076,result_writing,TON_IoT,ton_iot_attack_family_holdout_full,7,hist_gradient_boosting,a1_constrained_feature,2026-06-12T10:42:31.565646+00:00,2026-06-12T10:42:31.568977+00:00,0.003330230712890625,1,results/raw/tier_e_core4_hgb_mlp_timed_expanded/TON_IoT_ton_iot_attack_family_holdout_full_hist_gradient_boosting_a1_constrained_feature_7.csv,
1077,threat_evaluation,TON_IoT,ton_iot_attack_family_holdout_full,7,hist_gradient_boosting,a1_constrained_score_search,2026-06-12T10:42:31.569021+00:00,2026-06-12T10:42:32.173693+00:00,0.6046721935272217,36043,,
1078,result_writing,TON_IoT,ton_iot_attack_family_holdout_full,7,hist_gradient_boosting,a1_constrained_score_search,2026-06-12T10:42:32.173880+00:00,2026-06-12T10:42:32.177232+00:00,0.003351449966430664,1,results/raw/tier_e_core4_hgb_mlp_timed_expanded/TON_IoT_ton_iot_attack_family_holdout_full_hist_gradient_boosting_a1_constrained_score_search_7.csv,
1079,threat_evaluation,TON_IoT,ton_iot_attack_family_holdout_full,7,hist_gradient_boosting,a4_split_shift,2026-06-12T10:42:32.177279+00:00,2026-06-12T10:42:32.234921+00:00,0.05764126777648926,36043,,
1080,result_writing,TON_IoT,ton_iot_attack_family_holdout_full,7,hist_gradient_boosting,a4_split_shift,2026-06-12T10:42:32.235085+00:00,2026-06-12T10:42:32.238451+00:00,0.003365755081176758,1,results/raw/tier_e_core4_hgb_mlp_timed_expanded/TON_IoT_ton_iot_attack_family_holdout_full_hist_gradient_boosting_a4_split_shift_7.csv,
1081,split_construction,TON_IoT,ton_iot_attack_family_holdout_full,7,logistic_regression,,2026-06-12T10:42:32.238540+00:00,2026-06-12T10:42:32.392382+00:00,0.15384268760681152,211043,,
1082,preprocessing,TON_IoT,ton_iot_attack_family_holdout_full,7,logistic_regression,,2026-06-12T10:42:32.392507+00:00,2026-06-12T10:42:37.171132+00:00,4.778625011444092,211043,,
1083,model_training,TON_IoT,ton_iot_attack_family_holdout_full,7,logistic_regression,,2026-06-12T10:42:37.171275+00:00,2026-06-12T10:42:46.453883+00:00,9.282608032226562,211043,,
1084,clean_profile,TON_IoT,ton_iot_attack_family_holdout_full,7,logistic_regression,,2026-06-12T10:42:46.453960+00:00,2026-06-12T10:42:46.478215+00:00,0.024254798889160156,211043,,
1085,threat_evaluation,TON_IoT,ton_iot_attack_family_holdout_full,7,logistic_regression,a0_clean,2026-06-12T10:42:46.496957+00:00,2026-06-12T10:42:46.510872+00:00,0.013915777206420898,36043,,
1086,result_writing,TON_IoT,ton_iot_attack_family_holdout_full,7,logistic_regression,a0_clean,2026-06-12T10:42:46.511040+00:00,2026-06-12T10:42:46.514367+00:00,0.003326892852783203,1,results/raw/tier_e_core4_hgb_mlp_timed_expanded/TON_IoT_ton_iot_attack_family_holdout_full_logistic_regression_a0_clean_7.csv,
1087,threat_evaluation,TON_IoT,ton_iot_attack_family_holdout_full,7,logistic_regression,a1_constrained_feature,2026-06-12T10:42:46.514411+00:00,2026-06-12T10:42:46.600209+00:00,0.08579802513122559,36043,,
1088,result_writing,TON_IoT,ton_iot_attack_family_holdout_full,7,logistic_regression,a1_constrained_feature,2026-06-12T10:42:46.600395+00:00,2026-06-12T10:42:46.603651+00:00,0.003256082534790039,1,results/raw/tier_e_core4_hgb_mlp_timed_expanded/TON_IoT_ton_iot_attack_family_holdout_full_logistic_regression_a1_constrained_feature_7.csv,
1089,threat_evaluation,TON_IoT,ton_iot_attack_family_holdout_full,7,logistic_regression,a1_constrained_score_search,2026-06-12T10:42:46.603695+00:00,2026-06-12T10:42:46.961976+00:00,0.35828113555908203,36043,,
1090,result_writing,TON_IoT,ton_iot_attack_family_holdout_full,7,logistic_regression,a1_constrained_score_search,2026-06-12T10:42:46.962158+00:00,2026-06-12T10:42:46.965446+00:00,0.003287792205810547,1,results/raw/tier_e_core4_hgb_mlp_timed_expanded/TON_IoT_ton_iot_attack_family_holdout_full_logistic_regression_a1_constrained_score_search_7.csv,
1091,threat_evaluation,TON_IoT,ton_iot_attack_family_holdout_full,7,logistic_regression,a4_split_shift,2026-06-12T10:42:46.965491+00:00,2026-06-12T10:42:46.978610+00:00,0.013119697570800781,36043,,
1092,result_writing,TON_IoT,ton_iot_attack_family_holdout_full,7,logistic_regression,a4_split_shift,2026-06-12T10:42:46.978767+00:00,2026-06-12T10:42:46.981954+00:00,0.003186941146850586,1,results/raw/tier_e_core4_hgb_mlp_timed_expanded/TON_IoT_ton_iot_attack_family_holdout_full_logistic_regression_a4_split_shift_7.csv,
1093,split_construction,TON_IoT,ton_iot_attack_family_holdout_full,7,mlp_sklearn,,2026-06-12T10:42:46.982034+00:00,2026-06-12T10:42:47.135801+00:00,0.15376663208007812,211043,,
1094,preprocessing,TON_IoT,ton_iot_attack_family_holdout_full,7,mlp_sklearn,,2026-06-12T10:42:47.135923+00:00,2026-06-12T10:42:51.911323+00:00,4.775400161743164,211043,,
1095,model_training,TON_IoT,ton_iot_attack_family_holdout_full,7,mlp_sklearn,,2026-06-12T10:42:51.911489+00:00,2026-06-12T10:43:05.819502+00:00,13.908013582229614,211043,,
1096,clean_profile,TON_IoT,ton_iot_attack_family_holdout_full,7,mlp_sklearn,,2026-06-12T10:43:05.819583+00:00,2026-06-12T10:43:05.876847+00:00,0.05726361274719238,211043,,
1097,threat_evaluation,TON_IoT,ton_iot_attack_family_holdout_full,7,mlp_sklearn,a0_clean,2026-06-12T10:43:05.895325+00:00,2026-06-12T10:43:05.920230+00:00,0.024904727935791016,36043,,
1098,result_writing,TON_IoT,ton_iot_attack_family_holdout_full,7,mlp_sklearn,a0_clean,2026-06-12T10:43:05.920403+00:00,2026-06-12T10:43:05.923875+00:00,0.0034711360931396484,1,results/raw/tier_e_core4_hgb_mlp_timed_expanded/TON_IoT_ton_iot_attack_family_holdout_full_mlp_sklearn_a0_clean_7.csv,
1099,threat_evaluation,TON_IoT,ton_iot_attack_family_holdout_full,7,mlp_sklearn,a1_constrained_feature,2026-06-12T10:43:05.923926+00:00,2026-06-12T10:43:06.020407+00:00,0.0964810848236084,36043,,
1100,result_writing,TON_IoT,ton_iot_attack_family_holdout_full,7,mlp_sklearn,a1_constrained_feature,2026-06-12T10:43:06.020580+00:00,2026-06-12T10:43:06.023946+00:00,0.003366231918334961,1,results/raw/tier_e_core4_hgb_mlp_timed_expanded/TON_IoT_ton_iot_attack_family_holdout_full_mlp_sklearn_a1_constrained_feature_7.csv,
1101,threat_evaluation,TON_IoT,ton_iot_attack_family_holdout_full,7,mlp_sklearn,a1_constrained_score_search,2026-06-12T10:43:06.023991+00:00,2026-06-12T10:43:06.432107+00:00,0.40811586380004883,36043,,
1102,result_writing,TON_IoT,ton_iot_attack_family_holdout_full,7,mlp_sklearn,a1_constrained_score_search,2026-06-12T10:43:06.432298+00:00,2026-06-12T10:43:06.435596+00:00,0.003298044204711914,1,results/raw/tier_e_core4_hgb_mlp_timed_expanded/TON_IoT_ton_iot_attack_family_holdout_full_mlp_sklearn_a1_constrained_score_search_7.csv,
1103,threat_evaluation,TON_IoT,ton_iot_attack_family_holdout_full,7,mlp_sklearn,a4_split_shift,2026-06-12T10:43:06.435642+00:00,2026-06-12T10:43:06.459601+00:00,0.02395939826965332,36043,,
1104,result_writing,TON_IoT,ton_iot_attack_family_holdout_full,7,mlp_sklearn,a4_split_shift,2026-06-12T10:43:06.459791+00:00,2026-06-12T10:43:06.463136+00:00,0.003345012664794922,1,results/raw/tier_e_core4_hgb_mlp_timed_expanded/TON_IoT_ton_iot_attack_family_holdout_full_mlp_sklearn_a4_split_shift_7.csv,
1105,split_construction,TON_IoT,ton_iot_attack_family_holdout_full,7,random_forest,,2026-06-12T10:43:06.463230+00:00,2026-06-12T10:43:06.618054+00:00,0.15482378005981445,211043,,
1106,preprocessing,TON_IoT,ton_iot_attack_family_holdout_full,7,random_forest,,2026-06-12T10:43:06.618175+00:00,2026-06-12T10:43:11.388393+00:00,4.770218372344971,211043,,
1107,model_training,TON_IoT,ton_iot_attack_family_holdout_full,7,random_forest,,2026-06-12T10:43:11.388571+00:00,2026-06-12T10:43:16.274305+00:00,4.885734558105469,211043,,
1108,clean_profile,TON_IoT,ton_iot_attack_family_holdout_full,7,random_forest,,2026-06-12T10:43:16.274391+00:00,2026-06-12T10:43:16.488968+00:00,0.21457695960998535,211043,,
1109,threat_evaluation,TON_IoT,ton_iot_attack_family_holdout_full,7,random_forest,a0_clean,2026-06-12T10:43:16.507272+00:00,2026-06-12T10:43:16.582623+00:00,0.07535147666931152,36043,,
1110,result_writing,TON_IoT,ton_iot_attack_family_holdout_full,7,random_forest,a0_clean,2026-06-12T10:43:16.582794+00:00,2026-06-12T10:43:16.586112+00:00,0.0033180713653564453,1,results/raw/tier_e_core4_hgb_mlp_timed_expanded/TON_IoT_ton_iot_attack_family_holdout_full_random_forest_a0_clean_7.csv,
1111,threat_evaluation,TON_IoT,ton_iot_attack_family_holdout_full,7,random_forest,a1_constrained_feature,2026-06-12T10:43:16.586154+00:00,2026-06-12T10:43:16.741469+00:00,0.15531539916992188,36043,,
1112,result_writing,TON_IoT,ton_iot_attack_family_holdout_full,7,random_forest,a1_constrained_feature,2026-06-12T10:43:16.741648+00:00,2026-06-12T10:43:16.744926+00:00,0.003277301788330078,1,results/raw/tier_e_core4_hgb_mlp_timed_expanded/TON_IoT_ton_iot_attack_family_holdout_full_random_forest_a1_constrained_feature_7.csv,
1113,threat_evaluation,TON_IoT,ton_iot_attack_family_holdout_full,7,random_forest,a1_constrained_score_search,2026-06-12T10:43:16.744969+00:00,2026-06-12T10:43:17.431493+00:00,0.6865236759185791,36043,,
1114,result_writing,TON_IoT,ton_iot_attack_family_holdout_full,7,random_forest,a1_constrained_score_search,2026-06-12T10:43:17.431681+00:00,2026-06-12T10:43:17.434980+00:00,0.003299236297607422,1,results/raw/tier_e_core4_hgb_mlp_timed_expanded/TON_IoT_ton_iot_attack_family_holdout_full_random_forest_a1_constrained_score_search_7.csv,
1115,threat_evaluation,TON_IoT,ton_iot_attack_family_holdout_full,7,random_forest,a4_split_shift,2026-06-12T10:43:17.435022+00:00,2026-06-12T10:43:17.510159+00:00,0.07513642311096191,36043,,
1116,result_writing,TON_IoT,ton_iot_attack_family_holdout_full,7,random_forest,a4_split_shift,2026-06-12T10:43:17.510324+00:00,2026-06-12T10:43:17.513611+00:00,0.0032863616943359375,1,results/raw/tier_e_core4_hgb_mlp_timed_expanded/TON_IoT_ton_iot_attack_family_holdout_full_random_forest_a4_split_shift_7.csv,
1117,dataset_load,TON_IoT,ton_iot_attack_family_holdout_full,8,,,2026-06-12T10:43:17.513653+00:00,2026-06-12T10:43:18.835523+00:00,1.3218698501586914,211043,,
1118,preprocess_manifest,TON_IoT,ton_iot_attack_family_holdout_full,8,,,2026-06-12T10:43:18.835657+00:00,2026-06-12T10:43:23.438600+00:00,4.602942228317261,211043,,
1119,split_construction,TON_IoT,ton_iot_attack_family_holdout_full,8,extra_trees,,2026-06-12T10:43:23.438803+00:00,2026-06-12T10:43:23.592900+00:00,0.1540966033935547,211043,,
1120,preprocessing,TON_IoT,ton_iot_attack_family_holdout_full,8,extra_trees,,2026-06-12T10:43:23.593038+00:00,2026-06-12T10:43:28.372360+00:00,4.779322147369385,211043,,
1121,model_training,TON_IoT,ton_iot_attack_family_holdout_full,8,extra_trees,,2026-06-12T10:43:28.372542+00:00,2026-06-12T10:43:32.612983+00:00,4.240440845489502,211043,,
1122,clean_profile,TON_IoT,ton_iot_attack_family_holdout_full,8,extra_trees,,2026-06-12T10:43:32.613071+00:00,2026-06-12T10:43:32.931464+00:00,0.3183929920196533,211043,,
1123,threat_evaluation,TON_IoT,ton_iot_attack_family_holdout_full,8,extra_trees,a0_clean,2026-06-12T10:43:32.949881+00:00,2026-06-12T10:43:33.060022+00:00,0.11014127731323242,36043,,
1124,result_writing,TON_IoT,ton_iot_attack_family_holdout_full,8,extra_trees,a0_clean,2026-06-12T10:43:33.060188+00:00,2026-06-12T10:43:33.063525+00:00,0.003336668014526367,1,results/raw/tier_e_core4_hgb_mlp_timed_expanded/TON_IoT_ton_iot_attack_family_holdout_full_extra_trees_a0_clean_8.csv,
1125,threat_evaluation,TON_IoT,ton_iot_attack_family_holdout_full,8,extra_trees,a1_constrained_feature,2026-06-12T10:43:33.063566+00:00,2026-06-12T10:43:33.250589+00:00,0.18702340126037598,36043,,
1126,result_writing,TON_IoT,ton_iot_attack_family_holdout_full,8,extra_trees,a1_constrained_feature,2026-06-12T10:43:33.250763+00:00,2026-06-12T10:43:33.254100+00:00,0.003336191177368164,1,results/raw/tier_e_core4_hgb_mlp_timed_expanded/TON_IoT_ton_iot_attack_family_holdout_full_extra_trees_a1_constrained_feature_8.csv,
1127,threat_evaluation,TON_IoT,ton_iot_attack_family_holdout_full,8,extra_trees,a1_constrained_score_search,2026-06-12T10:43:33.254144+00:00,2026-06-12T10:43:34.076985+00:00,0.8228414058685303,36043,,
1128,result_writing,TON_IoT,ton_iot_attack_family_holdout_full,8,extra_trees,a1_constrained_score_search,2026-06-12T10:43:34.077154+00:00,2026-06-12T10:43:34.080451+00:00,0.0032968521118164062,1,results/raw/tier_e_core4_hgb_mlp_timed_expanded/TON_IoT_ton_iot_attack_family_holdout_full_extra_trees_a1_constrained_score_search_8.csv,
1129,threat_evaluation,TON_IoT,ton_iot_attack_family_holdout_full,8,extra_trees,a4_split_shift,2026-06-12T10:43:34.080492+00:00,2026-06-12T10:43:34.190088+00:00,0.10959553718566895,36043,,
1130,result_writing,TON_IoT,ton_iot_attack_family_holdout_full,8,extra_trees,a4_split_shift,2026-06-12T10:43:34.190250+00:00,2026-06-12T10:43:34.193550+00:00,0.0032999515533447266,1,results/raw/tier_e_core4_hgb_mlp_timed_expanded/TON_IoT_ton_iot_attack_family_holdout_full_extra_trees_a4_split_shift_8.csv,
1131,split_construction,TON_IoT,ton_iot_attack_family_holdout_full,8,hist_gradient_boosting,,2026-06-12T10:43:34.193638+00:00,2026-06-12T10:43:34.348118+00:00,0.1544804573059082,211043,,
1132,preprocessing,TON_IoT,ton_iot_attack_family_holdout_full,8,hist_gradient_boosting,,2026-06-12T10:43:34.348241+00:00,2026-06-12T10:43:39.123626+00:00,4.775385141372681,211043,,
1133,model_training,TON_IoT,ton_iot_attack_family_holdout_full,8,hist_gradient_boosting,,2026-06-12T10:43:39.123827+00:00,2026-06-12T10:43:41.597961+00:00,2.4741337299346924,211043,,
1134,clean_profile,TON_IoT,ton_iot_attack_family_holdout_full,8,hist_gradient_boosting,,2026-06-12T10:43:41.598054+00:00,2026-06-12T10:43:41.719223+00:00,0.1211690902709961,211043,,
1135,threat_evaluation,TON_IoT,ton_iot_attack_family_holdout_full,8,hist_gradient_boosting,a0_clean,2026-06-12T10:43:41.737573+00:00,2026-06-12T10:43:41.782377+00:00,0.04480314254760742,36043,,
1136,result_writing,TON_IoT,ton_iot_attack_family_holdout_full,8,hist_gradient_boosting,a0_clean,2026-06-12T10:43:41.782541+00:00,2026-06-12T10:43:41.785918+00:00,0.0033769607543945312,1,results/raw/tier_e_core4_hgb_mlp_timed_expanded/TON_IoT_ton_iot_attack_family_holdout_full_hist_gradient_boosting_a0_clean_8.csv,
1137,threat_evaluation,TON_IoT,ton_iot_attack_family_holdout_full,8,hist_gradient_boosting,a1_constrained_feature,2026-06-12T10:43:41.785961+00:00,2026-06-12T10:43:41.904180+00:00,0.11821889877319336,36043,,
1138,result_writing,TON_IoT,ton_iot_attack_family_holdout_full,8,hist_gradient_boosting,a1_constrained_feature,2026-06-12T10:43:41.904348+00:00,2026-06-12T10:43:41.907587+00:00,0.003239154815673828,1,results/raw/tier_e_core4_hgb_mlp_timed_expanded/TON_IoT_ton_iot_attack_family_holdout_full_hist_gradient_boosting_a1_constrained_feature_8.csv,
1139,threat_evaluation,TON_IoT,ton_iot_attack_family_holdout_full,8,hist_gradient_boosting,a1_constrained_score_search,2026-06-12T10:43:41.907627+00:00,2026-06-12T10:43:42.492365+00:00,0.5847375392913818,36043,,
1140,result_writing,TON_IoT,ton_iot_attack_family_holdout_full,8,hist_gradient_boosting,a1_constrained_score_search,2026-06-12T10:43:42.492555+00:00,2026-06-12T10:43:42.495939+00:00,0.003384113311767578,1,results/raw/tier_e_core4_hgb_mlp_timed_expanded/TON_IoT_ton_iot_attack_family_holdout_full_hist_gradient_boosting_a1_constrained_score_search_8.csv,
1141,threat_evaluation,TON_IoT,ton_iot_attack_family_holdout_full,8,hist_gradient_boosting,a4_split_shift,2026-06-12T10:43:42.495985+00:00,2026-06-12T10:43:42.557077+00:00,0.06109261512756348,36043,,
1142,result_writing,TON_IoT,ton_iot_attack_family_holdout_full,8,hist_gradient_boosting,a4_split_shift,2026-06-12T10:43:42.557240+00:00,2026-06-12T10:43:42.560593+00:00,0.0033521652221679688,1,results/raw/tier_e_core4_hgb_mlp_timed_expanded/TON_IoT_ton_iot_attack_family_holdout_full_hist_gradient_boosting_a4_split_shift_8.csv,
1143,split_construction,TON_IoT,ton_iot_attack_family_holdout_full,8,logistic_regression,,2026-06-12T10:43:42.560682+00:00,2026-06-12T10:43:42.714459+00:00,0.1537768840789795,211043,,
1144,preprocessing,TON_IoT,ton_iot_attack_family_holdout_full,8,logistic_regression,,2026-06-12T10:43:42.714583+00:00,2026-06-12T10:43:47.485941+00:00,4.771357536315918,211043,,
1145,model_training,TON_IoT,ton_iot_attack_family_holdout_full,8,logistic_regression,,2026-06-12T10:43:47.486081+00:00,2026-06-12T10:43:55.029073+00:00,7.542991638183594,211043,,
1146,clean_profile,TON_IoT,ton_iot_attack_family_holdout_full,8,logistic_regression,,2026-06-12T10:43:55.029148+00:00,2026-06-12T10:43:55.052481+00:00,0.023332834243774414,211043,,
1147,threat_evaluation,TON_IoT,ton_iot_attack_family_holdout_full,8,logistic_regression,a0_clean,2026-06-12T10:43:55.070976+00:00,2026-06-12T10:43:55.084905+00:00,0.013929128646850586,36043,,
1148,result_writing,TON_IoT,ton_iot_attack_family_holdout_full,8,logistic_regression,a0_clean,2026-06-12T10:43:55.085073+00:00,2026-06-12T10:43:55.088383+00:00,0.0033102035522460938,1,results/raw/tier_e_core4_hgb_mlp_timed_expanded/TON_IoT_ton_iot_attack_family_holdout_full_logistic_regression_a0_clean_8.csv,
1149,threat_evaluation,TON_IoT,ton_iot_attack_family_holdout_full,8,logistic_regression,a1_constrained_feature,2026-06-12T10:43:55.088425+00:00,2026-06-12T10:43:55.173885+00:00,0.08545970916748047,36043,,
1150,result_writing,TON_IoT,ton_iot_attack_family_holdout_full,8,logistic_regression,a1_constrained_feature,2026-06-12T10:43:55.174058+00:00,2026-06-12T10:43:55.177310+00:00,0.003251791000366211,1,results/raw/tier_e_core4_hgb_mlp_timed_expanded/TON_IoT_ton_iot_attack_family_holdout_full_logistic_regression_a1_constrained_feature_8.csv,
1151,threat_evaluation,TON_IoT,ton_iot_attack_family_holdout_full,8,logistic_regression,a1_constrained_score_search,2026-06-12T10:43:55.177352+00:00,2026-06-12T10:43:55.534722+00:00,0.35736966133117676,36043,,
1152,result_writing,TON_IoT,ton_iot_attack_family_holdout_full,8,logistic_regression,a1_constrained_score_search,2026-06-12T10:43:55.534903+00:00,2026-06-12T10:43:55.538158+00:00,0.0032553672790527344,1,results/raw/tier_e_core4_hgb_mlp_timed_expanded/TON_IoT_ton_iot_attack_family_holdout_full_logistic_regression_a1_constrained_score_search_8.csv,
1153,threat_evaluation,TON_IoT,ton_iot_attack_family_holdout_full,8,logistic_regression,a4_split_shift,2026-06-12T10:43:55.538203+00:00,2026-06-12T10:43:55.551233+00:00,0.013029336929321289,36043,,
1154,result_writing,TON_IoT,ton_iot_attack_family_holdout_full,8,logistic_regression,a4_split_shift,2026-06-12T10:43:55.551381+00:00,2026-06-12T10:43:55.554545+00:00,0.003164529800415039,1,results/raw/tier_e_core4_hgb_mlp_timed_expanded/TON_IoT_ton_iot_attack_family_holdout_full_logistic_regression_a4_split_shift_8.csv,
1155,split_construction,TON_IoT,ton_iot_attack_family_holdout_full,8,mlp_sklearn,,2026-06-12T10:43:55.554633+00:00,2026-06-12T10:43:55.708588+00:00,0.15395522117614746,211043,,
1156,preprocessing,TON_IoT,ton_iot_attack_family_holdout_full,8,mlp_sklearn,,2026-06-12T10:43:55.708715+00:00,2026-06-12T10:44:00.497407+00:00,4.788691520690918,211043,,
1157,model_training,TON_IoT,ton_iot_attack_family_holdout_full,8,mlp_sklearn,,2026-06-12T10:44:00.497574+00:00,2026-06-12T10:44:14.824763+00:00,14.327188730239868,211043,,
1158,clean_profile,TON_IoT,ton_iot_attack_family_holdout_full,8,mlp_sklearn,,2026-06-12T10:44:14.824843+00:00,2026-06-12T10:44:14.881697+00:00,0.056853294372558594,211043,,
1159,threat_evaluation,TON_IoT,ton_iot_attack_family_holdout_full,8,mlp_sklearn,a0_clean,2026-06-12T10:44:14.900105+00:00,2026-06-12T10:44:14.924788+00:00,0.02468252182006836,36043,,
1160,result_writing,TON_IoT,ton_iot_attack_family_holdout_full,8,mlp_sklearn,a0_clean,2026-06-12T10:44:14.924952+00:00,2026-06-12T10:44:14.928355+00:00,0.0034034252166748047,1,results/raw/tier_e_core4_hgb_mlp_timed_expanded/TON_IoT_ton_iot_attack_family_holdout_full_mlp_sklearn_a0_clean_8.csv,
1161,threat_evaluation,TON_IoT,ton_iot_attack_family_holdout_full,8,mlp_sklearn,a1_constrained_feature,2026-06-12T10:44:14.928400+00:00,2026-06-12T10:44:15.024691+00:00,0.09629178047180176,36043,,
1162,result_writing,TON_IoT,ton_iot_attack_family_holdout_full,8,mlp_sklearn,a1_constrained_feature,2026-06-12T10:44:15.024866+00:00,2026-06-12T10:44:15.028224+00:00,0.0033583641052246094,1,results/raw/tier_e_core4_hgb_mlp_timed_expanded/TON_IoT_ton_iot_attack_family_holdout_full_mlp_sklearn_a1_constrained_feature_8.csv,
1163,threat_evaluation,TON_IoT,ton_iot_attack_family_holdout_full,8,mlp_sklearn,a1_constrained_score_search,2026-06-12T10:44:15.028268+00:00,2026-06-12T10:44:15.433578+00:00,0.40530967712402344,36043,,
1164,result_writing,TON_IoT,ton_iot_attack_family_holdout_full,8,mlp_sklearn,a1_constrained_score_search,2026-06-12T10:44:15.433769+00:00,2026-06-12T10:44:15.437144+00:00,0.003375530242919922,1,results/raw/tier_e_core4_hgb_mlp_timed_expanded/TON_IoT_ton_iot_attack_family_holdout_full_mlp_sklearn_a1_constrained_score_search_8.csv,
1165,threat_evaluation,TON_IoT,ton_iot_attack_family_holdout_full,8,mlp_sklearn,a4_split_shift,2026-06-12T10:44:15.437189+00:00,2026-06-12T10:44:15.460991+00:00,0.023801565170288086,36043,,
1166,result_writing,TON_IoT,ton_iot_attack_family_holdout_full,8,mlp_sklearn,a4_split_shift,2026-06-12T10:44:15.461154+00:00,2026-06-12T10:44:15.464472+00:00,0.003318309783935547,1,results/raw/tier_e_core4_hgb_mlp_timed_expanded/TON_IoT_ton_iot_attack_family_holdout_full_mlp_sklearn_a4_split_shift_8.csv,
1167,split_construction,TON_IoT,ton_iot_attack_family_holdout_full,8,random_forest,,2026-06-12T10:44:15.464557+00:00,2026-06-12T10:44:15.617956+00:00,0.15339899063110352,211043,,
1168,preprocessing,TON_IoT,ton_iot_attack_family_holdout_full,8,random_forest,,2026-06-12T10:44:15.618078+00:00,2026-06-12T10:44:20.397746+00:00,4.779667377471924,211043,,
1169,model_training,TON_IoT,ton_iot_attack_family_holdout_full,8,random_forest,,2026-06-12T10:44:20.397928+00:00,2026-06-12T10:44:25.517333+00:00,5.119405031204224,211043,,
1170,clean_profile,TON_IoT,ton_iot_attack_family_holdout_full,8,random_forest,,2026-06-12T10:44:25.517418+00:00,2026-06-12T10:44:25.728408+00:00,0.21099019050598145,211043,,
1171,threat_evaluation,TON_IoT,ton_iot_attack_family_holdout_full,8,random_forest,a0_clean,2026-06-12T10:44:25.746517+00:00,2026-06-12T10:44:25.820354+00:00,0.0738370418548584,36043,,
1172,result_writing,TON_IoT,ton_iot_attack_family_holdout_full,8,random_forest,a0_clean,2026-06-12T10:44:25.820526+00:00,2026-06-12T10:44:25.823843+00:00,0.0033168792724609375,1,results/raw/tier_e_core4_hgb_mlp_timed_expanded/TON_IoT_ton_iot_attack_family_holdout_full_random_forest_a0_clean_8.csv,
1173,threat_evaluation,TON_IoT,ton_iot_attack_family_holdout_full,8,random_forest,a1_constrained_feature,2026-06-12T10:44:25.823886+00:00,2026-06-12T10:44:25.977113+00:00,0.1532275676727295,36043,,
1174,result_writing,TON_IoT,ton_iot_attack_family_holdout_full,8,random_forest,a1_constrained_feature,2026-06-12T10:44:25.977285+00:00,2026-06-12T10:44:25.980564+00:00,0.0032792091369628906,1,results/raw/tier_e_core4_hgb_mlp_timed_expanded/TON_IoT_ton_iot_attack_family_holdout_full_random_forest_a1_constrained_feature_8.csv,
1175,threat_evaluation,TON_IoT,ton_iot_attack_family_holdout_full,8,random_forest,a1_constrained_score_search,2026-06-12T10:44:25.980606+00:00,2026-06-12T10:44:26.658265+00:00,0.6776587963104248,36043,,
1176,result_writing,TON_IoT,ton_iot_attack_family_holdout_full,8,random_forest,a1_constrained_score_search,2026-06-12T10:44:26.658442+00:00,2026-06-12T10:44:26.661715+00:00,0.0032737255096435547,1,results/raw/tier_e_core4_hgb_mlp_timed_expanded/TON_IoT_ton_iot_attack_family_holdout_full_random_forest_a1_constrained_score_search_8.csv,
1177,threat_evaluation,TON_IoT,ton_iot_attack_family_holdout_full,8,random_forest,a4_split_shift,2026-06-12T10:44:26.661760+00:00,2026-06-12T10:44:26.735908+00:00,0.07414793968200684,36043,,
1178,result_writing,TON_IoT,ton_iot_attack_family_holdout_full,8,random_forest,a4_split_shift,2026-06-12T10:44:26.736075+00:00,2026-06-12T10:44:26.739326+00:00,0.003251791000366211,1,results/raw/tier_e_core4_hgb_mlp_timed_expanded/TON_IoT_ton_iot_attack_family_holdout_full_random_forest_a4_split_shift_8.csv,
1179,dataset_load,TON_IoT,ton_iot_attack_family_holdout_full,9,,,2026-06-12T10:44:26.739367+00:00,2026-06-12T10:44:28.066023+00:00,1.3266558647155762,211043,,
1180,preprocess_manifest,TON_IoT,ton_iot_attack_family_holdout_full,9,,,2026-06-12T10:44:28.066163+00:00,2026-06-12T10:44:32.655126+00:00,4.5889623165130615,211043,,
1181,split_construction,TON_IoT,ton_iot_attack_family_holdout_full,9,extra_trees,,2026-06-12T10:44:32.655323+00:00,2026-06-12T10:44:32.809409+00:00,0.15408539772033691,211043,,
1182,preprocessing,TON_IoT,ton_iot_attack_family_holdout_full,9,extra_trees,,2026-06-12T10:44:32.809540+00:00,2026-06-12T10:44:37.568726+00:00,4.759185791015625,211043,,
1183,model_training,TON_IoT,ton_iot_attack_family_holdout_full,9,extra_trees,,2026-06-12T10:44:37.568907+00:00,2026-06-12T10:44:41.694076+00:00,4.125168800354004,211043,,
1184,clean_profile,TON_IoT,ton_iot_attack_family_holdout_full,9,extra_trees,,2026-06-12T10:44:41.694163+00:00,2026-06-12T10:44:42.011660+00:00,0.31749677658081055,211043,,
1185,threat_evaluation,TON_IoT,ton_iot_attack_family_holdout_full,9,extra_trees,a0_clean,2026-06-12T10:44:42.029871+00:00,2026-06-12T10:44:42.139438+00:00,0.10956645011901855,36043,,
1186,result_writing,TON_IoT,ton_iot_attack_family_holdout_full,9,extra_trees,a0_clean,2026-06-12T10:44:42.139604+00:00,2026-06-12T10:44:42.142960+00:00,0.0033562183380126953,1,results/raw/tier_e_core4_hgb_mlp_timed_expanded/TON_IoT_ton_iot_attack_family_holdout_full_extra_trees_a0_clean_9.csv,
1187,threat_evaluation,TON_IoT,ton_iot_attack_family_holdout_full,9,extra_trees,a1_constrained_feature,2026-06-12T10:44:42.143003+00:00,2026-06-12T10:44:42.330199+00:00,0.1871960163116455,36043,,
1188,result_writing,TON_IoT,ton_iot_attack_family_holdout_full,9,extra_trees,a1_constrained_feature,2026-06-12T10:44:42.330373+00:00,2026-06-12T10:44:42.333641+00:00,0.003268003463745117,1,results/raw/tier_e_core4_hgb_mlp_timed_expanded/TON_IoT_ton_iot_attack_family_holdout_full_extra_trees_a1_constrained_feature_9.csv,
1189,threat_evaluation,TON_IoT,ton_iot_attack_family_holdout_full,9,extra_trees,a1_constrained_score_search,2026-06-12T10:44:42.333682+00:00,2026-06-12T10:44:43.147217+00:00,0.8135354518890381,36043,,
1190,result_writing,TON_IoT,ton_iot_attack_family_holdout_full,9,extra_trees,a1_constrained_score_search,2026-06-12T10:44:43.147383+00:00,2026-06-12T10:44:43.150680+00:00,0.0032973289489746094,1,results/raw/tier_e_core4_hgb_mlp_timed_expanded/TON_IoT_ton_iot_attack_family_holdout_full_extra_trees_a1_constrained_score_search_9.csv,
1191,threat_evaluation,TON_IoT,ton_iot_attack_family_holdout_full,9,extra_trees,a4_split_shift,2026-06-12T10:44:43.150721+00:00,2026-06-12T10:44:43.259568+00:00,0.10884761810302734,36043,,
1192,result_writing,TON_IoT,ton_iot_attack_family_holdout_full,9,extra_trees,a4_split_shift,2026-06-12T10:44:43.259775+00:00,2026-06-12T10:44:43.263042+00:00,0.0032672882080078125,1,results/raw/tier_e_core4_hgb_mlp_timed_expanded/TON_IoT_ton_iot_attack_family_holdout_full_extra_trees_a4_split_shift_9.csv,
1193,split_construction,TON_IoT,ton_iot_attack_family_holdout_full,9,hist_gradient_boosting,,2026-06-12T10:44:43.263123+00:00,2026-06-12T10:44:43.416490+00:00,0.1533668041229248,211043,,
1194,preprocessing,TON_IoT,ton_iot_attack_family_holdout_full,9,hist_gradient_boosting,,2026-06-12T10:44:43.416601+00:00,2026-06-12T10:44:48.180334+00:00,4.763733386993408,211043,,
1195,model_training,TON_IoT,ton_iot_attack_family_holdout_full,9,hist_gradient_boosting,,2026-06-12T10:44:48.180509+00:00,2026-06-12T10:44:50.621248+00:00,2.4407389163970947,211043,,
1196,clean_profile,TON_IoT,ton_iot_attack_family_holdout_full,9,hist_gradient_boosting,,2026-06-12T10:44:50.621339+00:00,2026-06-12T10:44:50.738391+00:00,0.11705160140991211,211043,,
1197,threat_evaluation,TON_IoT,ton_iot_attack_family_holdout_full,9,hist_gradient_boosting,a0_clean,2026-06-12T10:44:50.757079+00:00,2026-06-12T10:44:50.800123+00:00,0.04304361343383789,36043,,
1198,result_writing,TON_IoT,ton_iot_attack_family_holdout_full,9,hist_gradient_boosting,a0_clean,2026-06-12T10:44:50.800284+00:00,2026-06-12T10:44:50.803623+00:00,0.0033392906188964844,1,results/raw/tier_e_core4_hgb_mlp_timed_expanded/TON_IoT_ton_iot_attack_family_holdout_full_hist_gradient_boosting_a0_clean_9.csv,
1199,threat_evaluation,TON_IoT,ton_iot_attack_family_holdout_full,9,hist_gradient_boosting,a1_constrained_feature,2026-06-12T10:44:50.803666+00:00,2026-06-12T10:44:50.920177+00:00,0.11651182174682617,36043,,
1200,result_writing,TON_IoT,ton_iot_attack_family_holdout_full,9,hist_gradient_boosting,a1_constrained_feature,2026-06-12T10:44:50.920378+00:00,2026-06-12T10:44:50.923663+00:00,0.0032851696014404297,1,results/raw/tier_e_core4_hgb_mlp_timed_expanded/TON_IoT_ton_iot_attack_family_holdout_full_hist_gradient_boosting_a1_constrained_feature_9.csv,
1201,threat_evaluation,TON_IoT,ton_iot_attack_family_holdout_full,9,hist_gradient_boosting,a1_constrained_score_search,2026-06-12T10:44:50.923706+00:00,2026-06-12T10:44:51.486103+00:00,0.5623974800109863,36043,,
1202,result_writing,TON_IoT,ton_iot_attack_family_holdout_full,9,hist_gradient_boosting,a1_constrained_score_search,2026-06-12T10:44:51.486290+00:00,2026-06-12T10:44:51.489625+00:00,0.0033349990844726562,1,results/raw/tier_e_core4_hgb_mlp_timed_expanded/TON_IoT_ton_iot_attack_family_holdout_full_hist_gradient_boosting_a1_constrained_score_search_9.csv,
1203,threat_evaluation,TON_IoT,ton_iot_attack_family_holdout_full,9,hist_gradient_boosting,a4_split_shift,2026-06-12T10:44:51.489671+00:00,2026-06-12T10:44:51.546525+00:00,0.056854248046875,36043,,
1204,result_writing,TON_IoT,ton_iot_attack_family_holdout_full,9,hist_gradient_boosting,a4_split_shift,2026-06-12T10:44:51.546688+00:00,2026-06-12T10:44:51.550028+00:00,0.003340005874633789,1,results/raw/tier_e_core4_hgb_mlp_timed_expanded/TON_IoT_ton_iot_attack_family_holdout_full_hist_gradient_boosting_a4_split_shift_9.csv,
1205,split_construction,TON_IoT,ton_iot_attack_family_holdout_full,9,logistic_regression,,2026-06-12T10:44:51.550117+00:00,2026-06-12T10:44:51.704309+00:00,0.15419244766235352,211043,,
1206,preprocessing,TON_IoT,ton_iot_attack_family_holdout_full,9,logistic_regression,,2026-06-12T10:44:51.704435+00:00,2026-06-12T10:44:56.475655+00:00,4.7712202072143555,211043,,
1207,model_training,TON_IoT,ton_iot_attack_family_holdout_full,9,logistic_regression,,2026-06-12T10:44:56.475826+00:00,2026-06-12T10:45:05.240831+00:00,8.765004873275757,211043,,
1208,clean_profile,TON_IoT,ton_iot_attack_family_holdout_full,9,logistic_regression,,2026-06-12T10:45:05.240906+00:00,2026-06-12T10:45:05.276117+00:00,0.03521132469177246,211043,,
1209,threat_evaluation,TON_IoT,ton_iot_attack_family_holdout_full,9,logistic_regression,a0_clean,2026-06-12T10:45:05.295085+00:00,2026-06-12T10:45:05.309397+00:00,0.01431131362915039,36043,,
1210,result_writing,TON_IoT,ton_iot_attack_family_holdout_full,9,logistic_regression,a0_clean,2026-06-12T10:45:05.309555+00:00,2026-06-12T10:45:05.312811+00:00,0.0032567977905273438,1,results/raw/tier_e_core4_hgb_mlp_timed_expanded/TON_IoT_ton_iot_attack_family_holdout_full_logistic_regression_a0_clean_9.csv,
1211,threat_evaluation,TON_IoT,ton_iot_attack_family_holdout_full,9,logistic_regression,a1_constrained_feature,2026-06-12T10:45:05.312851+00:00,2026-06-12T10:45:05.401888+00:00,0.08903694152832031,36043,,
1212,result_writing,TON_IoT,ton_iot_attack_family_holdout_full,9,logistic_regression,a1_constrained_feature,2026-06-12T10:45:05.402071+00:00,2026-06-12T10:45:05.405442+00:00,0.0033707618713378906,1,results/raw/tier_e_core4_hgb_mlp_timed_expanded/TON_IoT_ton_iot_attack_family_holdout_full_logistic_regression_a1_constrained_feature_9.csv,
1213,threat_evaluation,TON_IoT,ton_iot_attack_family_holdout_full,9,logistic_regression,a1_constrained_score_search,2026-06-12T10:45:05.405486+00:00,2026-06-12T10:45:05.778449+00:00,0.37296271324157715,36043,,
1214,result_writing,TON_IoT,ton_iot_attack_family_holdout_full,9,logistic_regression,a1_constrained_score_search,2026-06-12T10:45:05.778630+00:00,2026-06-12T10:45:05.781922+00:00,0.003291606903076172,1,results/raw/tier_e_core4_hgb_mlp_timed_expanded/TON_IoT_ton_iot_attack_family_holdout_full_logistic_regression_a1_constrained_score_search_9.csv,
1215,threat_evaluation,TON_IoT,ton_iot_attack_family_holdout_full,9,logistic_regression,a4_split_shift,2026-06-12T10:45:05.781969+00:00,2026-06-12T10:45:05.795230+00:00,0.013261556625366211,36043,,
1216,result_writing,TON_IoT,ton_iot_attack_family_holdout_full,9,logistic_regression,a4_split_shift,2026-06-12T10:45:05.795380+00:00,2026-06-12T10:45:05.798523+00:00,0.0031430721282958984,1,results/raw/tier_e_core4_hgb_mlp_timed_expanded/TON_IoT_ton_iot_attack_family_holdout_full_logistic_regression_a4_split_shift_9.csv,
1217,split_construction,TON_IoT,ton_iot_attack_family_holdout_full,9,mlp_sklearn,,2026-06-12T10:45:05.798613+00:00,2026-06-12T10:45:05.954432+00:00,0.15581965446472168,211043,,
1218,preprocessing,TON_IoT,ton_iot_attack_family_holdout_full,9,mlp_sklearn,,2026-06-12T10:45:05.954550+00:00,2026-06-12T10:45:10.742298+00:00,4.787747621536255,211043,,
1219,model_training,TON_IoT,ton_iot_attack_family_holdout_full,9,mlp_sklearn,,2026-06-12T10:45:10.742455+00:00,2026-06-12T10:45:29.790909+00:00,19.04845356941223,211043,,
1220,clean_profile,TON_IoT,ton_iot_attack_family_holdout_full,9,mlp_sklearn,,2026-06-12T10:45:29.790989+00:00,2026-06-12T10:45:29.847084+00:00,0.05609488487243652,211043,,
1221,threat_evaluation,TON_IoT,ton_iot_attack_family_holdout_full,9,mlp_sklearn,a0_clean,2026-06-12T10:45:29.865689+00:00,2026-06-12T10:45:29.890307+00:00,0.02461862564086914,36043,,
1222,result_writing,TON_IoT,ton_iot_attack_family_holdout_full,9,mlp_sklearn,a0_clean,2026-06-12T10:45:29.890479+00:00,2026-06-12T10:45:29.893921+00:00,0.003441333770751953,1,results/raw/tier_e_core4_hgb_mlp_timed_expanded/TON_IoT_ton_iot_attack_family_holdout_full_mlp_sklearn_a0_clean_9.csv,
1223,threat_evaluation,TON_IoT,ton_iot_attack_family_holdout_full,9,mlp_sklearn,a1_constrained_feature,2026-06-12T10:45:29.893967+00:00,2026-06-12T10:45:29.992512+00:00,0.09854483604431152,36043,,
1224,result_writing,TON_IoT,ton_iot_attack_family_holdout_full,9,mlp_sklearn,a1_constrained_feature,2026-06-12T10:45:29.992691+00:00,2026-06-12T10:45:29.996111+00:00,0.003420114517211914,1,results/raw/tier_e_core4_hgb_mlp_timed_expanded/TON_IoT_ton_iot_attack_family_holdout_full_mlp_sklearn_a1_constrained_feature_9.csv,
1225,threat_evaluation,TON_IoT,ton_iot_attack_family_holdout_full,9,mlp_sklearn,a1_constrained_score_search,2026-06-12T10:45:29.996157+00:00,2026-06-12T10:45:30.403410+00:00,0.40725278854370117,36043,,
1226,result_writing,TON_IoT,ton_iot_attack_family_holdout_full,9,mlp_sklearn,a1_constrained_score_search,2026-06-12T10:45:30.403599+00:00,2026-06-12T10:45:30.406989+00:00,0.003390073776245117,1,results/raw/tier_e_core4_hgb_mlp_timed_expanded/TON_IoT_ton_iot_attack_family_holdout_full_mlp_sklearn_a1_constrained_score_search_9.csv,
1227,threat_evaluation,TON_IoT,ton_iot_attack_family_holdout_full,9,mlp_sklearn,a4_split_shift,2026-06-12T10:45:30.407034+00:00,2026-06-12T10:45:30.430916+00:00,0.02388143539428711,36043,,
1228,result_writing,TON_IoT,ton_iot_attack_family_holdout_full,9,mlp_sklearn,a4_split_shift,2026-06-12T10:45:30.431076+00:00,2026-06-12T10:45:30.434438+00:00,0.003362894058227539,1,results/raw/tier_e_core4_hgb_mlp_timed_expanded/TON_IoT_ton_iot_attack_family_holdout_full_mlp_sklearn_a4_split_shift_9.csv,
1229,split_construction,TON_IoT,ton_iot_attack_family_holdout_full,9,random_forest,,2026-06-12T10:45:30.434532+00:00,2026-06-12T10:45:30.590725+00:00,0.15619301795959473,211043,,
1230,preprocessing,TON_IoT,ton_iot_attack_family_holdout_full,9,random_forest,,2026-06-12T10:45:30.590842+00:00,2026-06-12T10:45:35.373321+00:00,4.782479286193848,211043,,
1231,model_training,TON_IoT,ton_iot_attack_family_holdout_full,9,random_forest,,2026-06-12T10:45:35.373500+00:00,2026-06-12T10:45:40.418415+00:00,5.044915199279785,211043,,
1232,clean_profile,TON_IoT,ton_iot_attack_family_holdout_full,9,random_forest,,2026-06-12T10:45:40.418504+00:00,2026-06-12T10:45:40.631011+00:00,0.21250653266906738,211043,,
1233,threat_evaluation,TON_IoT,ton_iot_attack_family_holdout_full,9,random_forest,a0_clean,2026-06-12T10:45:40.649456+00:00,2026-06-12T10:45:40.724004+00:00,0.07454752922058105,36043,,
1234,result_writing,TON_IoT,ton_iot_attack_family_holdout_full,9,random_forest,a0_clean,2026-06-12T10:45:40.724165+00:00,2026-06-12T10:45:40.727477+00:00,0.0033113956451416016,1,results/raw/tier_e_core4_hgb_mlp_timed_expanded/TON_IoT_ton_iot_attack_family_holdout_full_random_forest_a0_clean_9.csv,
1235,threat_evaluation,TON_IoT,ton_iot_attack_family_holdout_full,9,random_forest,a1_constrained_feature,2026-06-12T10:45:40.727520+00:00,2026-06-12T10:45:40.882109+00:00,0.15458965301513672,36043,,
1236,result_writing,TON_IoT,ton_iot_attack_family_holdout_full,9,random_forest,a1_constrained_feature,2026-06-12T10:45:40.882282+00:00,2026-06-12T10:45:40.885523+00:00,0.003241300582885742,1,results/raw/tier_e_core4_hgb_mlp_timed_expanded/TON_IoT_ton_iot_attack_family_holdout_full_random_forest_a1_constrained_feature_9.csv,
1237,threat_evaluation,TON_IoT,ton_iot_attack_family_holdout_full,9,random_forest,a1_constrained_score_search,2026-06-12T10:45:40.885562+00:00,2026-06-12T10:45:41.568016+00:00,0.6824533939361572,36043,,
1238,result_writing,TON_IoT,ton_iot_attack_family_holdout_full,9,random_forest,a1_constrained_score_search,2026-06-12T10:45:41.568200+00:00,2026-06-12T10:45:41.571548+00:00,0.003348112106323242,1,results/raw/tier_e_core4_hgb_mlp_timed_expanded/TON_IoT_ton_iot_attack_family_holdout_full_random_forest_a1_constrained_score_search_9.csv,
1239,threat_evaluation,TON_IoT,ton_iot_attack_family_holdout_full,9,random_forest,a4_split_shift,2026-06-12T10:45:41.571590+00:00,2026-06-12T10:45:41.645945+00:00,0.07435464859008789,36043,,
1240,result_writing,TON_IoT,ton_iot_attack_family_holdout_full,9,random_forest,a4_split_shift,2026-06-12T10:45:41.646116+00:00,2026-06-12T10:45:41.649414+00:00,0.003298044204711914,1,results/raw/tier_e_core4_hgb_mlp_timed_expanded/TON_IoT_ton_iot_attack_family_holdout_full_random_forest_a4_split_shift_9.csv,
