event_id,stage,dataset,split_id,seed,model_id,threat_id,start_iso,end_iso,elapsed_s,rows,output_path,detail
1,dataset_load,UNSW-NB15,unsw_nb15_official_full,0,nan,nan,2026-06-12T10:10:28.966585+00:00,2026-06-12T10:10:29.256660+00:00,0.2900755405426025,257673,nan,nan
2,preprocess_manifest,UNSW-NB15,unsw_nb15_official_full,0,nan,nan,2026-06-12T10:10:29.256819+00:00,2026-06-12T10:10:34.522385+00:00,5.265566110610962,257673,nan,nan
3,split_construction,UNSW-NB15,unsw_nb15_official_full,0,extra_trees,nan,2026-06-12T10:10:34.522538+00:00,2026-06-12T10:10:34.753402+00:00,0.2308645248413086,257673,nan,nan
4,preprocessing,UNSW-NB15,unsw_nb15_official_full,0,extra_trees,nan,2026-06-12T10:10:34.753530+00:00,2026-06-12T10:10:40.752574+00:00,5.999044179916382,257673,nan,nan
5,model_training,UNSW-NB15,unsw_nb15_official_full,0,extra_trees,nan,2026-06-12T10:10:40.752778+00:00,2026-06-12T10:11:00.196141+00:00,19.443363904953003,257673,nan,nan
6,clean_profile,UNSW-NB15,unsw_nb15_official_full,0,extra_trees,nan,2026-06-12T10:11:00.196232+00:00,2026-06-12T10:11:02.589540+00:00,2.393307685852051,257673,nan,nan
7,threat_evaluation,UNSW-NB15,unsw_nb15_official_full,0,extra_trees,a0_clean,2026-06-12T10:11:02.597928+00:00,2026-06-12T10:11:03.394121+00:00,0.7961926460266113,82332,nan,nan
8,result_writing,UNSW-NB15,unsw_nb15_official_full,0,extra_trees,a0_clean,2026-06-12T10:11:03.394312+00:00,2026-06-12T10:11:03.399314+00:00,0.0050024986267089,1,results/raw/tier_e_core4_hgb_mlp_timed_expanded/UNSW-NB15_unsw_nb15_official_full_extra_trees_a0_clean_0.csv,nan
9,threat_evaluation,UNSW-NB15,unsw_nb15_official_full,0,extra_trees,a1_constrained_feature,2026-06-12T10:11:03.399372+00:00,2026-06-12T10:11:04.504099+00:00,1.1047265529632568,82332,nan,nan
10,result_writing,UNSW-NB15,unsw_nb15_official_full,0,extra_trees,a1_constrained_feature,2026-06-12T10:11:04.504384+00:00,2026-06-12T10:11:04.508099+00:00,0.0037152767181396,1,results/raw/tier_e_core4_hgb_mlp_timed_expanded/UNSW-NB15_unsw_nb15_official_full_extra_trees_a1_constrained_feature_0.csv,nan
11,threat_evaluation,UNSW-NB15,unsw_nb15_official_full,0,extra_trees,a1_constrained_score_search,2026-06-12T10:11:04.508161+00:00,2026-06-12T10:11:08.770390+00:00,4.262229204177856,82332,nan,nan
12,result_writing,UNSW-NB15,unsw_nb15_official_full,0,extra_trees,a1_constrained_score_search,2026-06-12T10:11:08.770632+00:00,2026-06-12T10:11:08.774130+00:00,0.0034985542297363,1,results/raw/tier_e_core4_hgb_mlp_timed_expanded/UNSW-NB15_unsw_nb15_official_full_extra_trees_a1_constrained_score_search_0.csv,nan
13,threat_evaluation,UNSW-NB15,unsw_nb15_official_full,0,extra_trees,a4_split_shift,2026-06-12T10:11:08.774178+00:00,2026-06-12T10:11:09.574879+00:00,0.8007006645202637,82332,nan,nan
14,result_writing,UNSW-NB15,unsw_nb15_official_full,0,extra_trees,a4_split_shift,2026-06-12T10:11:09.575068+00:00,2026-06-12T10:11:09.578518+00:00,0.0034501552581787,1,results/raw/tier_e_core4_hgb_mlp_timed_expanded/UNSW-NB15_unsw_nb15_official_full_extra_trees_a4_split_shift_0.csv,nan
15,split_construction,UNSW-NB15,unsw_nb15_official_full,0,hist_gradient_boosting,nan,2026-06-12T10:11:09.578611+00:00,2026-06-12T10:11:09.806732+00:00,0.2281208038330078,257673,nan,nan
16,preprocessing,UNSW-NB15,unsw_nb15_official_full,0,hist_gradient_boosting,nan,2026-06-12T10:11:09.806843+00:00,2026-06-12T10:11:15.862932+00:00,6.056088447570801,257673,nan,nan
17,model_training,UNSW-NB15,unsw_nb15_official_full,0,hist_gradient_boosting,nan,2026-06-12T10:11:15.863107+00:00,2026-06-12T10:11:22.623998+00:00,6.760891437530518,257673,nan,nan
18,clean_profile,UNSW-NB15,unsw_nb15_official_full,0,hist_gradient_boosting,nan,2026-06-12T10:11:22.624090+00:00,2026-06-12T10:11:22.892496+00:00,0.2684051990509033,257673,nan,nan
19,threat_evaluation,UNSW-NB15,unsw_nb15_official_full,0,hist_gradient_boosting,a0_clean,2026-06-12T10:11:22.902444+00:00,2026-06-12T10:11:22.998524+00:00,0.0960798263549804,82332,nan,nan
20,result_writing,UNSW-NB15,unsw_nb15_official_full,0,hist_gradient_boosting,a0_clean,2026-06-12T10:11:22.998708+00:00,2026-06-12T10:11:23.002187+00:00,0.0034794807434082,1,results/raw/tier_e_core4_hgb_mlp_timed_expanded/UNSW-NB15_unsw_nb15_official_full_hist_gradient_boosting_a0_clean_0.csv,nan
21,threat_evaluation,UNSW-NB15,unsw_nb15_official_full,0,hist_gradient_boosting,a1_constrained_feature,2026-06-12T10:11:23.002231+00:00,2026-06-12T10:11:23.473211+00:00,0.4709804058074951,82332,nan,nan
22,result_writing,UNSW-NB15,unsw_nb15_official_full,0,hist_gradient_boosting,a1_constrained_feature,2026-06-12T10:11:23.473396+00:00,2026-06-12T10:11:23.476839+00:00,0.0034422874450683,1,results/raw/tier_e_core4_hgb_mlp_timed_expanded/UNSW-NB15_unsw_nb15_official_full_hist_gradient_boosting_a1_constrained_feature_0.csv,nan
23,threat_evaluation,UNSW-NB15,unsw_nb15_official_full,0,hist_gradient_boosting,a1_constrained_score_search,2026-06-12T10:11:23.476882+00:00,2026-06-12T10:11:25.097578+00:00,1.6206960678100586,82332,nan,nan
24,result_writing,UNSW-NB15,unsw_nb15_official_full,0,hist_gradient_boosting,a1_constrained_score_search,2026-06-12T10:11:25.097813+00:00,2026-06-12T10:11:25.101384+00:00,0.0035715103149414,1,results/raw/tier_e_core4_hgb_mlp_timed_expanded/UNSW-NB15_unsw_nb15_official_full_hist_gradient_boosting_a1_constrained_score_search_0.csv,nan
25,threat_evaluation,UNSW-NB15,unsw_nb15_official_full,0,hist_gradient_boosting,a4_split_shift,2026-06-12T10:11:25.101424+00:00,2026-06-12T10:11:25.209055+00:00,0.1076307296752929,82332,nan,nan
26,result_writing,UNSW-NB15,unsw_nb15_official_full,0,hist_gradient_boosting,a4_split_shift,2026-06-12T10:11:25.209234+00:00,2026-06-12T10:11:25.212627+00:00,0.0033926963806152,1,results/raw/tier_e_core4_hgb_mlp_timed_expanded/UNSW-NB15_unsw_nb15_official_full_hist_gradient_boosting_a4_split_shift_0.csv,nan
27,split_construction,UNSW-NB15,unsw_nb15_official_full,0,logistic_regression,nan,2026-06-12T10:11:25.212712+00:00,2026-06-12T10:11:25.390775+00:00,0.1780633926391601,257673,nan,nan
28,preprocessing,UNSW-NB15,unsw_nb15_official_full,0,logistic_regression,nan,2026-06-12T10:11:25.390899+00:00,2026-06-12T10:11:31.283928+00:00,5.893028974533081,257673,nan,nan
29,model_training,UNSW-NB15,unsw_nb15_official_full,0,logistic_regression,nan,2026-06-12T10:11:31.284069+00:00,2026-06-12T10:11:50.408478+00:00,19.124409198760983,257673,nan,nan
30,clean_profile,UNSW-NB15,unsw_nb15_official_full,0,logistic_regression,nan,2026-06-12T10:11:50.408572+00:00,2026-06-12T10:11:50.492709+00:00,0.084136962890625,257673,nan,nan
31,threat_evaluation,UNSW-NB15,unsw_nb15_official_full,0,logistic_regression,a0_clean,2026-06-12T10:11:50.501395+00:00,2026-06-12T10:11:50.537278+00:00,0.0358824729919433,82332,nan,nan
32,result_writing,UNSW-NB15,unsw_nb15_official_full,0,logistic_regression,a0_clean,2026-06-12T10:11:50.537458+00:00,2026-06-12T10:11:50.540988+00:00,0.0035297870635986,1,results/raw/tier_e_core4_hgb_mlp_timed_expanded/UNSW-NB15_unsw_nb15_official_full_logistic_regression_a0_clean_0.csv,nan
33,threat_evaluation,UNSW-NB15,unsw_nb15_official_full,0,logistic_regression,a1_constrained_feature,2026-06-12T10:11:50.541039+00:00,2026-06-12T10:11:50.911835+00:00,0.3707962036132812,82332,nan,nan
34,result_writing,UNSW-NB15,unsw_nb15_official_full,0,logistic_regression,a1_constrained_feature,2026-06-12T10:11:50.912076+00:00,2026-06-12T10:11:50.915545+00:00,0.0034687519073486,1,results/raw/tier_e_core4_hgb_mlp_timed_expanded/UNSW-NB15_unsw_nb15_official_full_logistic_regression_a1_constrained_feature_0.csv,nan
35,threat_evaluation,UNSW-NB15,unsw_nb15_official_full,0,logistic_regression,a1_constrained_score_search,2026-06-12T10:11:50.915584+00:00,2026-06-12T10:11:52.013388+00:00,1.0978033542633057,82332,nan,nan
36,result_writing,UNSW-NB15,unsw_nb15_official_full,0,logistic_regression,a1_constrained_score_search,2026-06-12T10:11:52.013616+00:00,2026-06-12T10:11:52.017133+00:00,0.0035173892974853,1,results/raw/tier_e_core4_hgb_mlp_timed_expanded/UNSW-NB15_unsw_nb15_official_full_logistic_regression_a1_constrained_score_search_0.csv,nan
37,threat_evaluation,UNSW-NB15,unsw_nb15_official_full,0,logistic_regression,a4_split_shift,2026-06-12T10:11:52.017177+00:00,2026-06-12T10:11:52.052751+00:00,0.035574197769165,82332,nan,nan
38,result_writing,UNSW-NB15,unsw_nb15_official_full,0,logistic_regression,a4_split_shift,2026-06-12T10:11:52.052935+00:00,2026-06-12T10:11:52.056330+00:00,0.0033953189849853,1,results/raw/tier_e_core4_hgb_mlp_timed_expanded/UNSW-NB15_unsw_nb15_official_full_logistic_regression_a4_split_shift_0.csv,nan
39,split_construction,UNSW-NB15,unsw_nb15_official_full,0,mlp_sklearn,nan,2026-06-12T10:11:52.056411+00:00,2026-06-12T10:11:52.233063+00:00,0.1766519546508789,257673,nan,nan
40,preprocessing,UNSW-NB15,unsw_nb15_official_full,0,mlp_sklearn,nan,2026-06-12T10:11:52.233168+00:00,2026-06-12T10:11:58.136158+00:00,5.902990102767944,257673,nan,nan
41,model_training,UNSW-NB15,unsw_nb15_official_full,0,mlp_sklearn,nan,2026-06-12T10:11:58.136334+00:00,2026-06-12T10:12:11.684537+00:00,13.548202991485596,257673,nan,nan
42,clean_profile,UNSW-NB15,unsw_nb15_official_full,0,mlp_sklearn,nan,2026-06-12T10:12:11.684627+00:00,2026-06-12T10:12:11.882447+00:00,0.1978201866149902,257673,nan,nan
43,threat_evaluation,UNSW-NB15,unsw_nb15_official_full,0,mlp_sklearn,a0_clean,2026-06-12T10:12:11.890685+00:00,2026-06-12T10:12:11.965219+00:00,0.0745341777801513,82332,nan,nan
44,result_writing,UNSW-NB15,unsw_nb15_official_full,0,mlp_sklearn,a0_clean,2026-06-12T10:12:11.965403+00:00,2026-06-12T10:12:11.991868+00:00,0.0264649391174316,1,results/raw/tier_e_core4_hgb_mlp_timed_expanded/UNSW-NB15_unsw_nb15_official_full_mlp_sklearn_a0_clean_0.csv,nan
45,threat_evaluation,UNSW-NB15,unsw_nb15_official_full,0,mlp_sklearn,a1_constrained_feature,2026-06-12T10:12:11.991922+00:00,2026-06-12T10:12:12.399241+00:00,0.4073188304901123,82332,nan,nan
46,result_writing,UNSW-NB15,unsw_nb15_official_full,0,mlp_sklearn,a1_constrained_feature,2026-06-12T10:12:12.399480+00:00,2026-06-12T10:12:12.403024+00:00,0.0035433769226074,1,results/raw/tier_e_core4_hgb_mlp_timed_expanded/UNSW-NB15_unsw_nb15_official_full_mlp_sklearn_a1_constrained_feature_0.csv,nan
47,threat_evaluation,UNSW-NB15,unsw_nb15_official_full,0,mlp_sklearn,a1_constrained_score_search,2026-06-12T10:12:12.403065+00:00,2026-06-12T10:12:13.657647+00:00,1.2545819282531738,82332,nan,nan
48,result_writing,UNSW-NB15,unsw_nb15_official_full,0,mlp_sklearn,a1_constrained_score_search,2026-06-12T10:12:13.657891+00:00,2026-06-12T10:12:13.661668+00:00,0.0037767887115478,1,results/raw/tier_e_core4_hgb_mlp_timed_expanded/UNSW-NB15_unsw_nb15_official_full_mlp_sklearn_a1_constrained_score_search_0.csv,nan
49,threat_evaluation,UNSW-NB15,unsw_nb15_official_full,0,mlp_sklearn,a4_split_shift,2026-06-12T10:12:13.661711+00:00,2026-06-12T10:12:13.735320+00:00,0.0736083984375,82332,nan,nan
50,result_writing,UNSW-NB15,unsw_nb15_official_full,0,mlp_sklearn,a4_split_shift,2026-06-12T10:12:13.735490+00:00,2026-06-12T10:12:13.738887+00:00,0.0033967494964599,1,results/raw/tier_e_core4_hgb_mlp_timed_expanded/UNSW-NB15_unsw_nb15_official_full_mlp_sklearn_a4_split_shift_0.csv,nan
51,split_construction,UNSW-NB15,unsw_nb15_official_full,0,random_forest,nan,2026-06-12T10:12:13.738972+00:00,2026-06-12T10:12:13.916298+00:00,0.1773254871368408,257673,nan,nan
52,preprocessing,UNSW-NB15,unsw_nb15_official_full,0,random_forest,nan,2026-06-12T10:12:13.916420+00:00,2026-06-12T10:12:19.838660+00:00,5.922240257263184,257673,nan,nan
53,model_training,UNSW-NB15,unsw_nb15_official_full,0,random_forest,nan,2026-06-12T10:12:19.838854+00:00,2026-06-12T10:12:36.587541+00:00,16.74868655204773,257673,nan,nan
54,clean_profile,UNSW-NB15,unsw_nb15_official_full,0,random_forest,nan,2026-06-12T10:12:36.587638+00:00,2026-06-12T10:12:38.210032+00:00,1.6223938465118408,257673,nan,nan
55,threat_evaluation,UNSW-NB15,unsw_nb15_official_full,0,random_forest,a0_clean,2026-06-12T10:12:38.219266+00:00,2026-06-12T10:12:38.761930+00:00,0.5426638126373291,82332,nan,nan
56,result_writing,UNSW-NB15,unsw_nb15_official_full,0,random_forest,a0_clean,2026-06-12T10:12:38.762104+00:00,2026-06-12T10:12:38.765585+00:00,0.0034811496734619,1,results/raw/tier_e_core4_hgb_mlp_timed_expanded/UNSW-NB15_unsw_nb15_official_full_random_forest_a0_clean_0.csv,nan
57,threat_evaluation,UNSW-NB15,unsw_nb15_official_full,0,random_forest,a1_constrained_feature,2026-06-12T10:12:38.765635+00:00,2026-06-12T10:12:39.650718+00:00,0.8850827217102051,82332,nan,nan
58,result_writing,UNSW-NB15,unsw_nb15_official_full,0,random_forest,a1_constrained_feature,2026-06-12T10:12:39.650946+00:00,2026-06-12T10:12:39.654529+00:00,0.00358247756958,1,results/raw/tier_e_core4_hgb_mlp_timed_expanded/UNSW-NB15_unsw_nb15_official_full_random_forest_a1_constrained_feature_0.csv,nan
59,threat_evaluation,UNSW-NB15,unsw_nb15_official_full,0,random_forest,a1_constrained_score_search,2026-06-12T10:12:39.654584+00:00,2026-06-12T10:12:43.078207+00:00,3.4236230850219727,82332,nan,nan
60,result_writing,UNSW-NB15,unsw_nb15_official_full,0,random_forest,a1_constrained_score_search,2026-06-12T10:12:43.078434+00:00,2026-06-12T10:12:43.082028+00:00,0.0035939216613769,1,results/raw/tier_e_core4_hgb_mlp_timed_expanded/UNSW-NB15_unsw_nb15_official_full_random_forest_a1_constrained_score_search_0.csv,nan
61,threat_evaluation,UNSW-NB15,unsw_nb15_official_full,0,random_forest,a4_split_shift,2026-06-12T10:12:43.082084+00:00,2026-06-12T10:12:43.624546+00:00,0.5424625873565674,82332,nan,nan
62,result_writing,UNSW-NB15,unsw_nb15_official_full,0,random_forest,a4_split_shift,2026-06-12T10:12:43.624716+00:00,2026-06-12T10:12:43.628153+00:00,0.0034365653991699,1,results/raw/tier_e_core4_hgb_mlp_timed_expanded/UNSW-NB15_unsw_nb15_official_full_random_forest_a4_split_shift_0.csv,nan
63,dataset_load,UNSW-NB15,unsw_nb15_official_full,1,nan,nan,2026-06-12T10:12:43.628204+00:00,2026-06-12T10:12:43.882643+00:00,0.2544393539428711,257673,nan,nan
64,preprocess_manifest,UNSW-NB15,unsw_nb15_official_full,1,nan,nan,2026-06-12T10:12:43.882786+00:00,2026-06-12T10:12:49.146737+00:00,5.263951301574707,257673,nan,nan
65,split_construction,UNSW-NB15,unsw_nb15_official_full,1,extra_trees,nan,2026-06-12T10:12:49.146899+00:00,2026-06-12T10:12:49.331638+00:00,0.1847391128540039,257673,nan,nan
66,preprocessing,UNSW-NB15,unsw_nb15_official_full,1,extra_trees,nan,2026-06-12T10:12:49.331807+00:00,2026-06-12T10:12:55.386226+00:00,6.0544188022613525,257673,nan,nan
67,model_training,UNSW-NB15,unsw_nb15_official_full,1,extra_trees,nan,2026-06-12T10:12:55.386408+00:00,2026-06-12T10:13:15.244223+00:00,19.85781455039978,257673,nan,nan
68,clean_profile,UNSW-NB15,unsw_nb15_official_full,1,extra_trees,nan,2026-06-12T10:13:15.244316+00:00,2026-06-12T10:13:17.616280+00:00,2.371964454650879,257673,nan,nan
69,threat_evaluation,UNSW-NB15,unsw_nb15_official_full,1,extra_trees,a0_clean,2026-06-12T10:13:17.628532+00:00,2026-06-12T10:13:18.446248+00:00,0.8177151679992676,82332,nan,nan
70,result_writing,UNSW-NB15,unsw_nb15_official_full,1,extra_trees,a0_clean,2026-06-12T10:13:18.446419+00:00,2026-06-12T10:13:18.449923+00:00,0.0035042762756347,1,results/raw/tier_e_core4_hgb_mlp_timed_expanded/UNSW-NB15_unsw_nb15_official_full_extra_trees_a0_clean_1.csv,nan
71,threat_evaluation,UNSW-NB15,unsw_nb15_official_full,1,extra_trees,a1_constrained_feature,2026-06-12T10:13:18.449977+00:00,2026-06-12T10:13:19.586601+00:00,1.136624813079834,82332,nan,nan
72,result_writing,UNSW-NB15,unsw_nb15_official_full,1,extra_trees,a1_constrained_feature,2026-06-12T10:13:19.586833+00:00,2026-06-12T10:13:19.590335+00:00,0.0035018920898437,1,results/raw/tier_e_core4_hgb_mlp_timed_expanded/UNSW-NB15_unsw_nb15_official_full_extra_trees_a1_constrained_feature_1.csv,nan
73,threat_evaluation,UNSW-NB15,unsw_nb15_official_full,1,extra_trees,a1_constrained_score_search,2026-06-12T10:13:19.590385+00:00,2026-06-12T10:13:23.882212+00:00,4.291826963424683,82332,nan,nan
74,result_writing,UNSW-NB15,unsw_nb15_official_full,1,extra_trees,a1_constrained_score_search,2026-06-12T10:13:23.882442+00:00,2026-06-12T10:13:23.885993+00:00,0.0035510063171386,1,results/raw/tier_e_core4_hgb_mlp_timed_expanded/UNSW-NB15_unsw_nb15_official_full_extra_trees_a1_constrained_score_search_1.csv,nan
75,threat_evaluation,UNSW-NB15,unsw_nb15_official_full,1,extra_trees,a4_split_shift,2026-06-12T10:13:23.886048+00:00,2026-06-12T10:13:24.700662+00:00,0.8146138191223145,82332,nan,nan
76,result_writing,UNSW-NB15,unsw_nb15_official_full,1,extra_trees,a4_split_shift,2026-06-12T10:13:24.700837+00:00,2026-06-12T10:13:24.704245+00:00,0.0034077167510986,1,results/raw/tier_e_core4_hgb_mlp_timed_expanded/UNSW-NB15_unsw_nb15_official_full_extra_trees_a4_split_shift_1.csv,nan
77,split_construction,UNSW-NB15,unsw_nb15_official_full,1,hist_gradient_boosting,nan,2026-06-12T10:13:24.704338+00:00,2026-06-12T10:13:24.888278+00:00,0.1839401721954345,257673,nan,nan
78,preprocessing,UNSW-NB15,unsw_nb15_official_full,1,hist_gradient_boosting,nan,2026-06-12T10:13:24.888420+00:00,2026-06-12T10:13:31.003015+00:00,6.114595651626587,257673,nan,nan
79,model_training,UNSW-NB15,unsw_nb15_official_full,1,hist_gradient_boosting,nan,2026-06-12T10:13:31.003188+00:00,2026-06-12T10:13:37.895151+00:00,6.891962289810181,257673,nan,nan
80,clean_profile,UNSW-NB15,unsw_nb15_official_full,1,hist_gradient_boosting,nan,2026-06-12T10:13:37.895250+00:00,2026-06-12T10:13:38.210688+00:00,0.3154385089874267,257673,nan,nan
81,threat_evaluation,UNSW-NB15,unsw_nb15_official_full,1,hist_gradient_boosting,a0_clean,2026-06-12T10:13:38.230083+00:00,2026-06-12T10:13:38.337287+00:00,0.1072049140930175,82332,nan,nan
82,result_writing,UNSW-NB15,unsw_nb15_official_full,1,hist_gradient_boosting,a0_clean,2026-06-12T10:13:38.337453+00:00,2026-06-12T10:13:38.340949+00:00,0.0034956932067871,1,results/raw/tier_e_core4_hgb_mlp_timed_expanded/UNSW-NB15_unsw_nb15_official_full_hist_gradient_boosting_a0_clean_1.csv,nan
83,threat_evaluation,UNSW-NB15,unsw_nb15_official_full,1,hist_gradient_boosting,a1_constrained_feature,2026-06-12T10:13:38.340996+00:00,2026-06-12T10:13:38.805653+00:00,0.4646575450897217,82332,nan,nan
84,result_writing,UNSW-NB15,unsw_nb15_official_full,1,hist_gradient_boosting,a1_constrained_feature,2026-06-12T10:13:38.805859+00:00,2026-06-12T10:13:38.809416+00:00,0.0035569667816162,1,results/raw/tier_e_core4_hgb_mlp_timed_expanded/UNSW-NB15_unsw_nb15_official_full_hist_gradient_boosting_a1_constrained_feature_1.csv,nan
85,threat_evaluation,UNSW-NB15,unsw_nb15_official_full,1,hist_gradient_boosting,a1_constrained_score_search,2026-06-12T10:13:38.809458+00:00,2026-06-12T10:13:40.556635+00:00,1.7471766471862793,82332,nan,nan
86,result_writing,UNSW-NB15,unsw_nb15_official_full,1,hist_gradient_boosting,a1_constrained_score_search,2026-06-12T10:13:40.556856+00:00,2026-06-12T10:13:40.560391+00:00,0.0035350322723388,1,results/raw/tier_e_core4_hgb_mlp_timed_expanded/UNSW-NB15_unsw_nb15_official_full_hist_gradient_boosting_a1_constrained_score_search_1.csv,nan
87,threat_evaluation,UNSW-NB15,unsw_nb15_official_full,1,hist_gradient_boosting,a4_split_shift,2026-06-12T10:13:40.560434+00:00,2026-06-12T10:13:40.681890+00:00,0.1214561462402343,82332,nan,nan
88,result_writing,UNSW-NB15,unsw_nb15_official_full,1,hist_gradient_boosting,a4_split_shift,2026-06-12T10:13:40.682052+00:00,2026-06-12T10:13:40.685441+00:00,0.0033886432647705,1,results/raw/tier_e_core4_hgb_mlp_timed_expanded/UNSW-NB15_unsw_nb15_official_full_hist_gradient_boosting_a4_split_shift_1.csv,nan
89,split_construction,UNSW-NB15,unsw_nb15_official_full,1,logistic_regression,nan,2026-06-12T10:13:40.685526+00:00,2026-06-12T10:13:40.863492+00:00,0.1779663562774658,257673,nan,nan
90,preprocessing,UNSW-NB15,unsw_nb15_official_full,1,logistic_regression,nan,2026-06-12T10:13:40.863616+00:00,2026-06-12T10:13:46.721647+00:00,5.858031272888184,257673,nan,nan
91,model_training,UNSW-NB15,unsw_nb15_official_full,1,logistic_regression,nan,2026-06-12T10:13:46.721783+00:00,2026-06-12T10:14:05.253114+00:00,18.531331777572632,257673,nan,nan
92,clean_profile,UNSW-NB15,unsw_nb15_official_full,1,logistic_regression,nan,2026-06-12T10:14:05.253203+00:00,2026-06-12T10:14:05.338870+00:00,0.0856668949127197,257673,nan,nan
93,threat_evaluation,UNSW-NB15,unsw_nb15_official_full,1,logistic_regression,a0_clean,2026-06-12T10:14:05.348074+00:00,2026-06-12T10:14:05.387142+00:00,0.0390675067901611,82332,nan,nan
94,result_writing,UNSW-NB15,unsw_nb15_official_full,1,logistic_regression,a0_clean,2026-06-12T10:14:05.387314+00:00,2026-06-12T10:14:05.390745+00:00,0.0034310817718505,1,results/raw/tier_e_core4_hgb_mlp_timed_expanded/UNSW-NB15_unsw_nb15_official_full_logistic_regression_a0_clean_1.csv,nan
95,threat_evaluation,UNSW-NB15,unsw_nb15_official_full,1,logistic_regression,a1_constrained_feature,2026-06-12T10:14:05.390793+00:00,2026-06-12T10:14:05.765064+00:00,0.3742706775665283,82332,nan,nan
96,result_writing,UNSW-NB15,unsw_nb15_official_full,1,logistic_regression,a1_constrained_feature,2026-06-12T10:14:05.765290+00:00,2026-06-12T10:14:05.768804+00:00,0.0035138130187988,1,results/raw/tier_e_core4_hgb_mlp_timed_expanded/UNSW-NB15_unsw_nb15_official_full_logistic_regression_a1_constrained_feature_1.csv,nan
97,threat_evaluation,UNSW-NB15,unsw_nb15_official_full,1,logistic_regression,a1_constrained_score_search,2026-06-12T10:14:05.768843+00:00,2026-06-12T10:14:06.939193+00:00,1.1703498363494873,82332,nan,nan
98,result_writing,UNSW-NB15,unsw_nb15_official_full,1,logistic_regression,a1_constrained_score_search,2026-06-12T10:14:06.939411+00:00,2026-06-12T10:14:06.942875+00:00,0.0034639835357666,1,results/raw/tier_e_core4_hgb_mlp_timed_expanded/UNSW-NB15_unsw_nb15_official_full_logistic_regression_a1_constrained_score_search_1.csv,nan
99,threat_evaluation,UNSW-NB15,unsw_nb15_official_full,1,logistic_regression,a4_split_shift,2026-06-12T10:14:06.942918+00:00,2026-06-12T10:14:06.978621+00:00,0.0357031822204589,82332,nan,nan
100,result_writing,UNSW-NB15,unsw_nb15_official_full,1,logistic_regression,a4_split_shift,2026-06-12T10:14:06.978783+00:00,2026-06-12T10:14:06.982147+00:00,0.003364086151123,1,results/raw/tier_e_core4_hgb_mlp_timed_expanded/UNSW-NB15_unsw_nb15_official_full_logistic_regression_a4_split_shift_1.csv,nan
101,split_construction,UNSW-NB15,unsw_nb15_official_full,1,mlp_sklearn,nan,2026-06-12T10:14:06.982234+00:00,2026-06-12T10:14:07.161406+00:00,0.1791718006134033,257673,nan,nan
102,preprocessing,UNSW-NB15,unsw_nb15_official_full,1,mlp_sklearn,nan,2026-06-12T10:14:07.161526+00:00,2026-06-12T10:14:13.036221+00:00,5.874695062637329,257673,nan,nan
103,model_training,UNSW-NB15,unsw_nb15_official_full,1,mlp_sklearn,nan,2026-06-12T10:14:13.036393+00:00,2026-06-12T10:14:31.864692+00:00,18.828299283981323,257673,nan,nan
104,clean_profile,UNSW-NB15,unsw_nb15_official_full,1,mlp_sklearn,nan,2026-06-12T10:14:31.864779+00:00,2026-06-12T10:14:32.063074+00:00,0.1982948780059814,257673,nan,nan
105,threat_evaluation,UNSW-NB15,unsw_nb15_official_full,1,mlp_sklearn,a0_clean,2026-06-12T10:14:32.073574+00:00,2026-06-12T10:14:32.152564+00:00,0.0789895057678222,82332,nan,nan
106,result_writing,UNSW-NB15,unsw_nb15_official_full,1,mlp_sklearn,a0_clean,2026-06-12T10:14:32.152742+00:00,2026-06-12T10:14:32.156288+00:00,0.0035459995269775,1,results/raw/tier_e_core4_hgb_mlp_timed_expanded/UNSW-NB15_unsw_nb15_official_full_mlp_sklearn_a0_clean_1.csv,nan
107,threat_evaluation,UNSW-NB15,unsw_nb15_official_full,1,mlp_sklearn,a1_constrained_feature,2026-06-12T10:14:32.156341+00:00,2026-06-12T10:14:32.649822+00:00,0.4934806823730469,82332,nan,nan
108,result_writing,UNSW-NB15,unsw_nb15_official_full,1,mlp_sklearn,a1_constrained_feature,2026-06-12T10:14:32.650045+00:00,2026-06-12T10:14:32.653563+00:00,0.0035183429718017,1,results/raw/tier_e_core4_hgb_mlp_timed_expanded/UNSW-NB15_unsw_nb15_official_full_mlp_sklearn_a1_constrained_feature_1.csv,nan
109,threat_evaluation,UNSW-NB15,unsw_nb15_official_full,1,mlp_sklearn,a1_constrained_score_search,2026-06-12T10:14:32.653603+00:00,2026-06-12T10:14:33.967898+00:00,1.3142952919006348,82332,nan,nan
110,result_writing,UNSW-NB15,unsw_nb15_official_full,1,mlp_sklearn,a1_constrained_score_search,2026-06-12T10:14:33.968117+00:00,2026-06-12T10:14:33.971557+00:00,0.0034401416778564,1,results/raw/tier_e_core4_hgb_mlp_timed_expanded/UNSW-NB15_unsw_nb15_official_full_mlp_sklearn_a1_constrained_score_search_1.csv,nan
111,threat_evaluation,UNSW-NB15,unsw_nb15_official_full,1,mlp_sklearn,a4_split_shift,2026-06-12T10:14:33.971596+00:00,2026-06-12T10:14:34.044935+00:00,0.0733389854431152,82332,nan,nan
112,result_writing,UNSW-NB15,unsw_nb15_official_full,1,mlp_sklearn,a4_split_shift,2026-06-12T10:14:34.045103+00:00,2026-06-12T10:14:34.084974+00:00,0.0398707389831543,1,results/raw/tier_e_core4_hgb_mlp_timed_expanded/UNSW-NB15_unsw_nb15_official_full_mlp_sklearn_a4_split_shift_1.csv,nan
113,split_construction,UNSW-NB15,unsw_nb15_official_full,1,random_forest,nan,2026-06-12T10:14:34.085067+00:00,2026-06-12T10:14:34.261925+00:00,0.1768574714660644,257673,nan,nan
114,preprocessing,UNSW-NB15,unsw_nb15_official_full,1,random_forest,nan,2026-06-12T10:14:34.262047+00:00,2026-06-12T10:14:40.114615+00:00,5.852567672729492,257673,nan,nan
115,model_training,UNSW-NB15,unsw_nb15_official_full,1,random_forest,nan,2026-06-12T10:14:40.114791+00:00,2026-06-12T10:14:57.055688+00:00,16.94089698791504,257673,nan,nan
116,clean_profile,UNSW-NB15,unsw_nb15_official_full,1,random_forest,nan,2026-06-12T10:14:57.055817+00:00,2026-06-12T10:14:58.713447+00:00,1.6576297283172607,257673,nan,nan
117,threat_evaluation,UNSW-NB15,unsw_nb15_official_full,1,random_forest,a0_clean,2026-06-12T10:14:58.723233+00:00,2026-06-12T10:14:59.276040+00:00,0.5528068542480469,82332,nan,nan
118,result_writing,UNSW-NB15,unsw_nb15_official_full,1,random_forest,a0_clean,2026-06-12T10:14:59.276208+00:00,2026-06-12T10:14:59.279666+00:00,0.003458023071289,1,results/raw/tier_e_core4_hgb_mlp_timed_expanded/UNSW-NB15_unsw_nb15_official_full_random_forest_a0_clean_1.csv,nan
119,threat_evaluation,UNSW-NB15,unsw_nb15_official_full,1,random_forest,a1_constrained_feature,2026-06-12T10:14:59.279717+00:00,2026-06-12T10:15:00.185676+00:00,0.905959129333496,82332,nan,nan
120,result_writing,UNSW-NB15,unsw_nb15_official_full,1,random_forest,a1_constrained_feature,2026-06-12T10:15:00.185905+00:00,2026-06-12T10:15:00.189463+00:00,0.0035576820373535,1,results/raw/tier_e_core4_hgb_mlp_timed_expanded/UNSW-NB15_unsw_nb15_official_full_random_forest_a1_constrained_feature_1.csv,nan
121,threat_evaluation,UNSW-NB15,unsw_nb15_official_full,1,random_forest,a1_constrained_score_search,2026-06-12T10:15:00.189513+00:00,2026-06-12T10:15:03.576315+00:00,3.386802196502685,82332,nan,nan
122,result_writing,UNSW-NB15,unsw_nb15_official_full,1,random_forest,a1_constrained_score_search,2026-06-12T10:15:03.576556+00:00,2026-06-12T10:15:03.580097+00:00,0.0035405158996582,1,results/raw/tier_e_core4_hgb_mlp_timed_expanded/UNSW-NB15_unsw_nb15_official_full_random_forest_a1_constrained_score_search_1.csv,nan
123,threat_evaluation,UNSW-NB15,unsw_nb15_official_full,1,random_forest,a4_split_shift,2026-06-12T10:15:03.580148+00:00,2026-06-12T10:15:04.133233+00:00,0.5530855655670166,82332,nan,nan
124,result_writing,UNSW-NB15,unsw_nb15_official_full,1,random_forest,a4_split_shift,2026-06-12T10:15:04.133404+00:00,2026-06-12T10:15:04.136829+00:00,0.0034246444702148,1,results/raw/tier_e_core4_hgb_mlp_timed_expanded/UNSW-NB15_unsw_nb15_official_full_random_forest_a4_split_shift_1.csv,nan
125,dataset_load,UNSW-NB15,unsw_nb15_official_full,2,nan,nan,2026-06-12T10:15:04.136883+00:00,2026-06-12T10:15:04.407274+00:00,0.2703917026519775,257673,nan,nan
126,preprocess_manifest,UNSW-NB15,unsw_nb15_official_full,2,nan,nan,2026-06-12T10:15:04.407418+00:00,2026-06-12T10:15:09.533788+00:00,5.1263697147369385,257673,nan,nan
127,split_construction,UNSW-NB15,unsw_nb15_official_full,2,extra_trees,nan,2026-06-12T10:15:09.533924+00:00,2026-06-12T10:15:09.708806+00:00,0.174882173538208,257673,nan,nan
128,preprocessing,UNSW-NB15,unsw_nb15_official_full,2,extra_trees,nan,2026-06-12T10:15:09.708933+00:00,2026-06-12T10:15:15.613463+00:00,5.904529571533203,257673,nan,nan
129,model_training,UNSW-NB15,unsw_nb15_official_full,2,extra_trees,nan,2026-06-12T10:15:15.613642+00:00,2026-06-12T10:15:35.510033+00:00,19.89639139175415,257673,nan,nan
130,clean_profile,UNSW-NB15,unsw_nb15_official_full,2,extra_trees,nan,2026-06-12T10:15:35.510143+00:00,2026-06-12T10:15:37.916713+00:00,2.4065699577331543,257673,nan,nan
131,threat_evaluation,UNSW-NB15,unsw_nb15_official_full,2,extra_trees,a0_clean,2026-06-12T10:15:37.926834+00:00,2026-06-12T10:15:38.730089+00:00,0.8032546043395996,82332,nan,nan
132,result_writing,UNSW-NB15,unsw_nb15_official_full,2,extra_trees,a0_clean,2026-06-12T10:15:38.730261+00:00,2026-06-12T10:15:38.733745+00:00,0.003483772277832,1,results/raw/tier_e_core4_hgb_mlp_timed_expanded/UNSW-NB15_unsw_nb15_official_full_extra_trees_a0_clean_2.csv,nan
133,threat_evaluation,UNSW-NB15,unsw_nb15_official_full,2,extra_trees,a1_constrained_feature,2026-06-12T10:15:38.733799+00:00,2026-06-12T10:15:39.857062+00:00,1.123262882232666,82332,nan,nan
134,result_writing,UNSW-NB15,unsw_nb15_official_full,2,extra_trees,a1_constrained_feature,2026-06-12T10:15:39.857286+00:00,2026-06-12T10:15:39.860841+00:00,0.0035555362701416,1,results/raw/tier_e_core4_hgb_mlp_timed_expanded/UNSW-NB15_unsw_nb15_official_full_extra_trees_a1_constrained_feature_2.csv,nan
135,threat_evaluation,UNSW-NB15,unsw_nb15_official_full,2,extra_trees,a1_constrained_score_search,2026-06-12T10:15:39.860888+00:00,2026-06-12T10:15:44.178420+00:00,4.317532062530518,82332,nan,nan
136,result_writing,UNSW-NB15,unsw_nb15_official_full,2,extra_trees,a1_constrained_score_search,2026-06-12T10:15:44.178644+00:00,2026-06-12T10:15:44.182131+00:00,0.0034863948822021,1,results/raw/tier_e_core4_hgb_mlp_timed_expanded/UNSW-NB15_unsw_nb15_official_full_extra_trees_a1_constrained_score_search_2.csv,nan
137,threat_evaluation,UNSW-NB15,unsw_nb15_official_full,2,extra_trees,a4_split_shift,2026-06-12T10:15:44.182182+00:00,2026-06-12T10:15:44.985200+00:00,0.8030180931091309,82332,nan,nan
138,result_writing,UNSW-NB15,unsw_nb15_official_full,2,extra_trees,a4_split_shift,2026-06-12T10:15:44.985373+00:00,2026-06-12T10:15:44.988801+00:00,0.003427505493164,1,results/raw/tier_e_core4_hgb_mlp_timed_expanded/UNSW-NB15_unsw_nb15_official_full_extra_trees_a4_split_shift_2.csv,nan
139,split_construction,UNSW-NB15,unsw_nb15_official_full,2,hist_gradient_boosting,nan,2026-06-12T10:15:44.988896+00:00,2026-06-12T10:15:45.178154+00:00,0.1892585754394531,257673,nan,nan
140,preprocessing,UNSW-NB15,unsw_nb15_official_full,2,hist_gradient_boosting,nan,2026-06-12T10:15:45.178273+00:00,2026-06-12T10:15:51.266972+00:00,6.088698387145996,257673,nan,nan
141,model_training,UNSW-NB15,unsw_nb15_official_full,2,hist_gradient_boosting,nan,2026-06-12T10:15:51.267142+00:00,2026-06-12T10:15:58.038960+00:00,6.771818161010742,257673,nan,nan
142,clean_profile,UNSW-NB15,unsw_nb15_official_full,2,hist_gradient_boosting,nan,2026-06-12T10:15:58.039057+00:00,2026-06-12T10:15:58.345505+00:00,0.3064477443695068,257673,nan,nan
143,threat_evaluation,UNSW-NB15,unsw_nb15_official_full,2,hist_gradient_boosting,a0_clean,2026-06-12T10:15:58.363203+00:00,2026-06-12T10:15:58.491224+00:00,0.128021240234375,82332,nan,nan
144,result_writing,UNSW-NB15,unsw_nb15_official_full,2,hist_gradient_boosting,a0_clean,2026-06-12T10:15:58.491388+00:00,2026-06-12T10:15:58.494869+00:00,0.0034806728363037,1,results/raw/tier_e_core4_hgb_mlp_timed_expanded/UNSW-NB15_unsw_nb15_official_full_hist_gradient_boosting_a0_clean_2.csv,nan
145,threat_evaluation,UNSW-NB15,unsw_nb15_official_full,2,hist_gradient_boosting,a1_constrained_feature,2026-06-12T10:15:58.494912+00:00,2026-06-12T10:15:58.992756+00:00,0.4978442192077636,82332,nan,nan
146,result_writing,UNSW-NB15,unsw_nb15_official_full,2,hist_gradient_boosting,a1_constrained_feature,2026-06-12T10:15:58.992964+00:00,2026-06-12T10:15:58.996528+00:00,0.0035641193389892,1,results/raw/tier_e_core4_hgb_mlp_timed_expanded/UNSW-NB15_unsw_nb15_official_full_hist_gradient_boosting_a1_constrained_feature_2.csv,nan
147,threat_evaluation,UNSW-NB15,unsw_nb15_official_full,2,hist_gradient_boosting,a1_constrained_score_search,2026-06-12T10:15:58.996570+00:00,2026-06-12T10:16:00.683684+00:00,1.6871142387390137,82332,nan,nan
148,result_writing,UNSW-NB15,unsw_nb15_official_full,2,hist_gradient_boosting,a1_constrained_score_search,2026-06-12T10:16:00.683939+00:00,2026-06-12T10:16:00.687391+00:00,0.0034525394439697,1,results/raw/tier_e_core4_hgb_mlp_timed_expanded/UNSW-NB15_unsw_nb15_official_full_hist_gradient_boosting_a1_constrained_score_search_2.csv,nan
149,threat_evaluation,UNSW-NB15,unsw_nb15_official_full,2,hist_gradient_boosting,a4_split_shift,2026-06-12T10:16:00.687432+00:00,2026-06-12T10:16:00.791871+00:00,0.1044387817382812,82332,nan,nan
150,result_writing,UNSW-NB15,unsw_nb15_official_full,2,hist_gradient_boosting,a4_split_shift,2026-06-12T10:16:00.792040+00:00,2026-06-12T10:16:00.795382+00:00,0.0033416748046875,1,results/raw/tier_e_core4_hgb_mlp_timed_expanded/UNSW-NB15_unsw_nb15_official_full_hist_gradient_boosting_a4_split_shift_2.csv,nan
151,split_construction,UNSW-NB15,unsw_nb15_official_full,2,logistic_regression,nan,2026-06-12T10:16:00.795470+00:00,2026-06-12T10:16:00.974862+00:00,0.1793920993804931,257673,nan,nan
152,preprocessing,UNSW-NB15,unsw_nb15_official_full,2,logistic_regression,nan,2026-06-12T10:16:00.974980+00:00,2026-06-12T10:16:06.936405+00:00,5.961425065994263,257673,nan,nan
153,model_training,UNSW-NB15,unsw_nb15_official_full,2,logistic_regression,nan,2026-06-12T10:16:06.936546+00:00,2026-06-12T10:16:26.213844+00:00,19.27729821205139,257673,nan,nan
154,clean_profile,UNSW-NB15,unsw_nb15_official_full,2,logistic_regression,nan,2026-06-12T10:16:26.213935+00:00,2026-06-12T10:16:26.298171+00:00,0.0842354297637939,257673,nan,nan
155,threat_evaluation,UNSW-NB15,unsw_nb15_official_full,2,logistic_regression,a0_clean,2026-06-12T10:16:26.307463+00:00,2026-06-12T10:16:26.343494+00:00,0.0360310077667236,82332,nan,nan
156,result_writing,UNSW-NB15,unsw_nb15_official_full,2,logistic_regression,a0_clean,2026-06-12T10:16:26.343663+00:00,2026-06-12T10:16:26.347267+00:00,0.0036036968231201,1,results/raw/tier_e_core4_hgb_mlp_timed_expanded/UNSW-NB15_unsw_nb15_official_full_logistic_regression_a0_clean_2.csv,nan
157,threat_evaluation,UNSW-NB15,unsw_nb15_official_full,2,logistic_regression,a1_constrained_feature,2026-06-12T10:16:26.347319+00:00,2026-06-12T10:16:26.720541+00:00,0.3732223510742187,82332,nan,nan
158,result_writing,UNSW-NB15,unsw_nb15_official_full,2,logistic_regression,a1_constrained_feature,2026-06-12T10:16:26.720769+00:00,2026-06-12T10:16:26.724251+00:00,0.0034818649291992,1,results/raw/tier_e_core4_hgb_mlp_timed_expanded/UNSW-NB15_unsw_nb15_official_full_logistic_regression_a1_constrained_feature_2.csv,nan
159,threat_evaluation,UNSW-NB15,unsw_nb15_official_full,2,logistic_regression,a1_constrained_score_search,2026-06-12T10:16:26.724293+00:00,2026-06-12T10:16:27.883091+00:00,1.1587979793548584,82332,nan,nan
160,result_writing,UNSW-NB15,unsw_nb15_official_full,2,logistic_regression,a1_constrained_score_search,2026-06-12T10:16:27.883302+00:00,2026-06-12T10:16:27.922970+00:00,0.0396673679351806,1,results/raw/tier_e_core4_hgb_mlp_timed_expanded/UNSW-NB15_unsw_nb15_official_full_logistic_regression_a1_constrained_score_search_2.csv,nan
161,threat_evaluation,UNSW-NB15,unsw_nb15_official_full,2,logistic_regression,a4_split_shift,2026-06-12T10:16:27.923023+00:00,2026-06-12T10:16:27.958932+00:00,0.0359086990356445,82332,nan,nan
162,result_writing,UNSW-NB15,unsw_nb15_official_full,2,logistic_regression,a4_split_shift,2026-06-12T10:16:27.959092+00:00,2026-06-12T10:16:27.962447+00:00,0.0033545494079589,1,results/raw/tier_e_core4_hgb_mlp_timed_expanded/UNSW-NB15_unsw_nb15_official_full_logistic_regression_a4_split_shift_2.csv,nan
163,split_construction,UNSW-NB15,unsw_nb15_official_full,2,mlp_sklearn,nan,2026-06-12T10:16:27.962539+00:00,2026-06-12T10:16:28.142293+00:00,0.1797547340393066,257673,nan,nan
164,preprocessing,UNSW-NB15,unsw_nb15_official_full,2,mlp_sklearn,nan,2026-06-12T10:16:28.142415+00:00,2026-06-12T10:16:34.026409+00:00,5.883994817733765,257673,nan,nan
165,model_training,UNSW-NB15,unsw_nb15_official_full,2,mlp_sklearn,nan,2026-06-12T10:16:34.026577+00:00,2026-06-12T10:16:44.481752+00:00,10.455175399780272,257673,nan,nan
166,clean_profile,UNSW-NB15,unsw_nb15_official_full,2,mlp_sklearn,nan,2026-06-12T10:16:44.481841+00:00,2026-06-12T10:16:44.680119+00:00,0.1982784271240234,257673,nan,nan
167,threat_evaluation,UNSW-NB15,unsw_nb15_official_full,2,mlp_sklearn,a0_clean,2026-06-12T10:16:44.689063+00:00,2026-06-12T10:16:44.764553+00:00,0.0754897594451904,82332,nan,nan
168,result_writing,UNSW-NB15,unsw_nb15_official_full,2,mlp_sklearn,a0_clean,2026-06-12T10:16:44.764724+00:00,2026-06-12T10:16:44.768242+00:00,0.0035181045532226,1,results/raw/tier_e_core4_hgb_mlp_timed_expanded/UNSW-NB15_unsw_nb15_official_full_mlp_sklearn_a0_clean_2.csv,nan
169,threat_evaluation,UNSW-NB15,unsw_nb15_official_full,2,mlp_sklearn,a1_constrained_feature,2026-06-12T10:16:44.768293+00:00,2026-06-12T10:16:45.174067+00:00,0.4057736396789551,82332,nan,nan
170,result_writing,UNSW-NB15,unsw_nb15_official_full,2,mlp_sklearn,a1_constrained_feature,2026-06-12T10:16:45.174286+00:00,2026-06-12T10:16:45.177749+00:00,0.003462791442871,1,results/raw/tier_e_core4_hgb_mlp_timed_expanded/UNSW-NB15_unsw_nb15_official_full_mlp_sklearn_a1_constrained_feature_2.csv,nan
171,threat_evaluation,UNSW-NB15,unsw_nb15_official_full,2,mlp_sklearn,a1_constrained_score_search,2026-06-12T10:16:45.177788+00:00,2026-06-12T10:16:46.495509+00:00,1.3177218437194824,82332,nan,nan
172,result_writing,UNSW-NB15,unsw_nb15_official_full,2,mlp_sklearn,a1_constrained_score_search,2026-06-12T10:16:46.495767+00:00,2026-06-12T10:16:46.499319+00:00,0.0035514831542968,1,results/raw/tier_e_core4_hgb_mlp_timed_expanded/UNSW-NB15_unsw_nb15_official_full_mlp_sklearn_a1_constrained_score_search_2.csv,nan
173,threat_evaluation,UNSW-NB15,unsw_nb15_official_full,2,mlp_sklearn,a4_split_shift,2026-06-12T10:16:46.499362+00:00,2026-06-12T10:16:46.571908+00:00,0.0725467205047607,82332,nan,nan
174,result_writing,UNSW-NB15,unsw_nb15_official_full,2,mlp_sklearn,a4_split_shift,2026-06-12T10:16:46.572076+00:00,2026-06-12T10:16:46.575407+00:00,0.0033307075500488,1,results/raw/tier_e_core4_hgb_mlp_timed_expanded/UNSW-NB15_unsw_nb15_official_full_mlp_sklearn_a4_split_shift_2.csv,nan
175,split_construction,UNSW-NB15,unsw_nb15_official_full,2,random_forest,nan,2026-06-12T10:16:46.575493+00:00,2026-06-12T10:16:46.752745+00:00,0.1772520542144775,257673,nan,nan
176,preprocessing,UNSW-NB15,unsw_nb15_official_full,2,random_forest,nan,2026-06-12T10:16:46.752883+00:00,2026-06-12T10:16:52.636538+00:00,5.883654832839966,257673,nan,nan
177,model_training,UNSW-NB15,unsw_nb15_official_full,2,random_forest,nan,2026-06-12T10:16:52.636720+00:00,2026-06-12T10:17:10.091068+00:00,17.454347372055054,257673,nan,nan
178,clean_profile,UNSW-NB15,unsw_nb15_official_full,2,random_forest,nan,2026-06-12T10:17:10.091156+00:00,2026-06-12T10:17:11.700984+00:00,1.6098275184631348,257673,nan,nan
179,threat_evaluation,UNSW-NB15,unsw_nb15_official_full,2,random_forest,a0_clean,2026-06-12T10:17:11.710326+00:00,2026-06-12T10:17:12.250921+00:00,0.5405943393707275,82332,nan,nan
180,result_writing,UNSW-NB15,unsw_nb15_official_full,2,random_forest,a0_clean,2026-06-12T10:17:12.251093+00:00,2026-06-12T10:17:12.254572+00:00,0.0034787654876708,1,results/raw/tier_e_core4_hgb_mlp_timed_expanded/UNSW-NB15_unsw_nb15_official_full_random_forest_a0_clean_2.csv,nan
181,threat_evaluation,UNSW-NB15,unsw_nb15_official_full,2,random_forest,a1_constrained_feature,2026-06-12T10:17:12.254627+00:00,2026-06-12T10:17:13.136831+00:00,0.8822047710418701,82332,nan,nan
182,result_writing,UNSW-NB15,unsw_nb15_official_full,2,random_forest,a1_constrained_feature,2026-06-12T10:17:13.137055+00:00,2026-06-12T10:17:13.140585+00:00,0.0035297870635986,1,results/raw/tier_e_core4_hgb_mlp_timed_expanded/UNSW-NB15_unsw_nb15_official_full_random_forest_a1_constrained_feature_2.csv,nan
183,threat_evaluation,UNSW-NB15,unsw_nb15_official_full,2,random_forest,a1_constrained_score_search,2026-06-12T10:17:13.140641+00:00,2026-06-12T10:17:16.524686+00:00,3.384045124053955,82332,nan,nan
184,result_writing,UNSW-NB15,unsw_nb15_official_full,2,random_forest,a1_constrained_score_search,2026-06-12T10:17:16.524914+00:00,2026-06-12T10:17:16.564658+00:00,0.0397439002990722,1,results/raw/tier_e_core4_hgb_mlp_timed_expanded/UNSW-NB15_unsw_nb15_official_full_random_forest_a1_constrained_score_search_2.csv,nan
185,threat_evaluation,UNSW-NB15,unsw_nb15_official_full,2,random_forest,a4_split_shift,2026-06-12T10:17:16.564735+00:00,2026-06-12T10:17:17.113426+00:00,0.5486910343170166,82332,nan,nan
186,result_writing,UNSW-NB15,unsw_nb15_official_full,2,random_forest,a4_split_shift,2026-06-12T10:17:17.113597+00:00,2026-06-12T10:17:17.117065+00:00,0.0034680366516113,1,results/raw/tier_e_core4_hgb_mlp_timed_expanded/UNSW-NB15_unsw_nb15_official_full_random_forest_a4_split_shift_2.csv,nan
187,dataset_load,UNSW-NB15,unsw_nb15_official_full,3,nan,nan,2026-06-12T10:17:17.117117+00:00,2026-06-12T10:17:17.361074+00:00,0.2439568042755127,257673,nan,nan
188,preprocess_manifest,UNSW-NB15,unsw_nb15_official_full,3,nan,nan,2026-06-12T10:17:17.361218+00:00,2026-06-12T10:17:22.591855+00:00,5.230637073516846,257673,nan,nan
189,split_construction,UNSW-NB15,unsw_nb15_official_full,3,extra_trees,nan,2026-06-12T10:17:22.591997+00:00,2026-06-12T10:17:22.768857+00:00,0.1768600940704345,257673,nan,nan
190,preprocessing,UNSW-NB15,unsw_nb15_official_full,3,extra_trees,nan,2026-06-12T10:17:22.768981+00:00,2026-06-12T10:17:28.782458+00:00,6.013476848602295,257673,nan,nan
191,model_training,UNSW-NB15,unsw_nb15_official_full,3,extra_trees,nan,2026-06-12T10:17:28.782643+00:00,2026-06-12T10:17:49.116055+00:00,20.333412647247314,257673,nan,nan
192,clean_profile,UNSW-NB15,unsw_nb15_official_full,3,extra_trees,nan,2026-06-12T10:17:49.116152+00:00,2026-06-12T10:17:51.587273+00:00,2.471120595932007,257673,nan,nan
193,threat_evaluation,UNSW-NB15,unsw_nb15_official_full,3,extra_trees,a0_clean,2026-06-12T10:17:51.598271+00:00,2026-06-12T10:17:52.416959+00:00,0.818688154220581,82332,nan,nan
194,result_writing,UNSW-NB15,unsw_nb15_official_full,3,extra_trees,a0_clean,2026-06-12T10:17:52.417129+00:00,2026-06-12T10:17:52.420626+00:00,0.0034973621368408,1,results/raw/tier_e_core4_hgb_mlp_timed_expanded/UNSW-NB15_unsw_nb15_official_full_extra_trees_a0_clean_3.csv,nan
195,threat_evaluation,UNSW-NB15,unsw_nb15_official_full,3,extra_trees,a1_constrained_feature,2026-06-12T10:17:52.420677+00:00,2026-06-12T10:17:53.642886+00:00,1.2222087383270264,82332,nan,nan
196,result_writing,UNSW-NB15,unsw_nb15_official_full,3,extra_trees,a1_constrained_feature,2026-06-12T10:17:53.643113+00:00,2026-06-12T10:17:53.646638+00:00,0.0035257339477539,1,results/raw/tier_e_core4_hgb_mlp_timed_expanded/UNSW-NB15_unsw_nb15_official_full_extra_trees_a1_constrained_feature_3.csv,nan
197,threat_evaluation,UNSW-NB15,unsw_nb15_official_full,3,extra_trees,a1_constrained_score_search,2026-06-12T10:17:53.646690+00:00,2026-06-12T10:17:58.072272+00:00,4.42558217048645,82332,nan,nan
198,result_writing,UNSW-NB15,unsw_nb15_official_full,3,extra_trees,a1_constrained_score_search,2026-06-12T10:17:58.072502+00:00,2026-06-12T10:17:58.076051+00:00,0.0035488605499267,1,results/raw/tier_e_core4_hgb_mlp_timed_expanded/UNSW-NB15_unsw_nb15_official_full_extra_trees_a1_constrained_score_search_3.csv,nan
199,threat_evaluation,UNSW-NB15,unsw_nb15_official_full,3,extra_trees,a4_split_shift,2026-06-12T10:17:58.076101+00:00,2026-06-12T10:17:58.891507+00:00,0.8154058456420898,82332,nan,nan
200,result_writing,UNSW-NB15,unsw_nb15_official_full,3,extra_trees,a4_split_shift,2026-06-12T10:17:58.891684+00:00,2026-06-12T10:17:58.895096+00:00,0.0034120082855224,1,results/raw/tier_e_core4_hgb_mlp_timed_expanded/UNSW-NB15_unsw_nb15_official_full_extra_trees_a4_split_shift_3.csv,nan
201,split_construction,UNSW-NB15,unsw_nb15_official_full,3,hist_gradient_boosting,nan,2026-06-12T10:17:58.895189+00:00,2026-06-12T10:17:59.082602+00:00,0.1874129772186279,257673,nan,nan
202,preprocessing,UNSW-NB15,unsw_nb15_official_full,3,hist_gradient_boosting,nan,2026-06-12T10:17:59.082744+00:00,2026-06-12T10:18:05.133624+00:00,6.050880193710327,257673,nan,nan
203,model_training,UNSW-NB15,unsw_nb15_official_full,3,hist_gradient_boosting,nan,2026-06-12T10:18:05.133798+00:00,2026-06-12T10:18:12.018058+00:00,6.884260177612305,257673,nan,nan
204,clean_profile,UNSW-NB15,unsw_nb15_official_full,3,hist_gradient_boosting,nan,2026-06-12T10:18:12.018157+00:00,2026-06-12T10:18:12.318662+00:00,0.3005053997039795,257673,nan,nan
205,threat_evaluation,UNSW-NB15,unsw_nb15_official_full,3,hist_gradient_boosting,a0_clean,2026-06-12T10:18:12.328897+00:00,2026-06-12T10:18:12.458704+00:00,0.1298069953918457,82332,nan,nan
206,result_writing,UNSW-NB15,unsw_nb15_official_full,3,hist_gradient_boosting,a0_clean,2026-06-12T10:18:12.458872+00:00,2026-06-12T10:18:12.462338+00:00,0.0034661293029785,1,results/raw/tier_e_core4_hgb_mlp_timed_expanded/UNSW-NB15_unsw_nb15_official_full_hist_gradient_boosting_a0_clean_3.csv,nan
207,threat_evaluation,UNSW-NB15,unsw_nb15_official_full,3,hist_gradient_boosting,a1_constrained_feature,2026-06-12T10:18:12.462385+00:00,2026-06-12T10:18:12.955648+00:00,0.493262767791748,82332,nan,nan
208,result_writing,UNSW-NB15,unsw_nb15_official_full,3,hist_gradient_boosting,a1_constrained_feature,2026-06-12T10:18:12.955892+00:00,2026-06-12T10:18:12.959407+00:00,0.0035150051116943,1,results/raw/tier_e_core4_hgb_mlp_timed_expanded/UNSW-NB15_unsw_nb15_official_full_hist_gradient_boosting_a1_constrained_feature_3.csv,nan
209,threat_evaluation,UNSW-NB15,unsw_nb15_official_full,3,hist_gradient_boosting,a1_constrained_score_search,2026-06-12T10:18:12.959449+00:00,2026-06-12T10:18:14.683449+00:00,1.7239997386932373,82332,nan,nan
210,result_writing,UNSW-NB15,unsw_nb15_official_full,3,hist_gradient_boosting,a1_constrained_score_search,2026-06-12T10:18:14.683647+00:00,2026-06-12T10:18:14.687145+00:00,0.0034983158111572,1,results/raw/tier_e_core4_hgb_mlp_timed_expanded/UNSW-NB15_unsw_nb15_official_full_hist_gradient_boosting_a1_constrained_score_search_3.csv,nan
211,threat_evaluation,UNSW-NB15,unsw_nb15_official_full,3,hist_gradient_boosting,a4_split_shift,2026-06-12T10:18:14.687185+00:00,2026-06-12T10:18:14.791590+00:00,0.1044049263000488,82332,nan,nan
212,result_writing,UNSW-NB15,unsw_nb15_official_full,3,hist_gradient_boosting,a4_split_shift,2026-06-12T10:18:14.791786+00:00,2026-06-12T10:18:14.795120+00:00,0.0033345222473144,1,results/raw/tier_e_core4_hgb_mlp_timed_expanded/UNSW-NB15_unsw_nb15_official_full_hist_gradient_boosting_a4_split_shift_3.csv,nan
213,split_construction,UNSW-NB15,unsw_nb15_official_full,3,logistic_regression,nan,2026-06-12T10:18:14.795206+00:00,2026-06-12T10:18:14.967989+00:00,0.1727831363677978,257673,nan,nan
214,preprocessing,UNSW-NB15,unsw_nb15_official_full,3,logistic_regression,nan,2026-06-12T10:18:14.968103+00:00,2026-06-12T10:18:20.849122+00:00,5.881018877029419,257673,nan,nan
215,model_training,UNSW-NB15,unsw_nb15_official_full,3,logistic_regression,nan,2026-06-12T10:18:20.849261+00:00,2026-06-12T10:18:40.653609+00:00,19.80434775352478,257673,nan,nan
216,clean_profile,UNSW-NB15,unsw_nb15_official_full,3,logistic_regression,nan,2026-06-12T10:18:40.653696+00:00,2026-06-12T10:18:40.737286+00:00,0.0835905075073242,257673,nan,nan
217,threat_evaluation,UNSW-NB15,unsw_nb15_official_full,3,logistic_regression,a0_clean,2026-06-12T10:18:40.746253+00:00,2026-06-12T10:18:40.782374+00:00,0.0361216068267822,82332,nan,nan
218,result_writing,UNSW-NB15,unsw_nb15_official_full,3,logistic_regression,a0_clean,2026-06-12T10:18:40.782540+00:00,2026-06-12T10:18:40.785984+00:00,0.0034434795379638,1,results/raw/tier_e_core4_hgb_mlp_timed_expanded/UNSW-NB15_unsw_nb15_official_full_logistic_regression_a0_clean_3.csv,nan
219,threat_evaluation,UNSW-NB15,unsw_nb15_official_full,3,logistic_regression,a1_constrained_feature,2026-06-12T10:18:40.786033+00:00,2026-06-12T10:18:41.158195+00:00,0.372161865234375,82332,nan,nan
220,result_writing,UNSW-NB15,unsw_nb15_official_full,3,logistic_regression,a1_constrained_feature,2026-06-12T10:18:41.158413+00:00,2026-06-12T10:18:41.161914+00:00,0.0035009384155273,1,results/raw/tier_e_core4_hgb_mlp_timed_expanded/UNSW-NB15_unsw_nb15_official_full_logistic_regression_a1_constrained_feature_3.csv,nan
221,threat_evaluation,UNSW-NB15,unsw_nb15_official_full,3,logistic_regression,a1_constrained_score_search,2026-06-12T10:18:41.161956+00:00,2026-06-12T10:18:42.313241+00:00,1.151285171508789,82332,nan,nan
222,result_writing,UNSW-NB15,unsw_nb15_official_full,3,logistic_regression,a1_constrained_score_search,2026-06-12T10:18:42.313458+00:00,2026-06-12T10:18:42.316972+00:00,0.0035130977630615,1,results/raw/tier_e_core4_hgb_mlp_timed_expanded/UNSW-NB15_unsw_nb15_official_full_logistic_regression_a1_constrained_score_search_3.csv,nan
223,threat_evaluation,UNSW-NB15,unsw_nb15_official_full,3,logistic_regression,a4_split_shift,2026-06-12T10:18:42.317015+00:00,2026-06-12T10:18:42.352577+00:00,0.035562515258789,82332,nan,nan
224,result_writing,UNSW-NB15,unsw_nb15_official_full,3,logistic_regression,a4_split_shift,2026-06-12T10:18:42.352884+00:00,2026-06-12T10:18:42.356202+00:00,0.0033180713653564,1,results/raw/tier_e_core4_hgb_mlp_timed_expanded/UNSW-NB15_unsw_nb15_official_full_logistic_regression_a4_split_shift_3.csv,nan
225,split_construction,UNSW-NB15,unsw_nb15_official_full,3,mlp_sklearn,nan,2026-06-12T10:18:42.356288+00:00,2026-06-12T10:18:42.528799+00:00,0.1725103855133056,257673,nan,nan
226,preprocessing,UNSW-NB15,unsw_nb15_official_full,3,mlp_sklearn,nan,2026-06-12T10:18:42.528920+00:00,2026-06-12T10:18:48.414373+00:00,5.88545298576355,257673,nan,nan
227,model_training,UNSW-NB15,unsw_nb15_official_full,3,mlp_sklearn,nan,2026-06-12T10:18:48.414538+00:00,2026-06-12T10:19:13.080356+00:00,24.665817737579346,257673,nan,nan
228,clean_profile,UNSW-NB15,unsw_nb15_official_full,3,mlp_sklearn,nan,2026-06-12T10:19:13.080442+00:00,2026-06-12T10:19:13.278911+00:00,0.1984694004058838,257673,nan,nan
229,threat_evaluation,UNSW-NB15,unsw_nb15_official_full,3,mlp_sklearn,a0_clean,2026-06-12T10:19:13.287487+00:00,2026-06-12T10:19:13.361605+00:00,0.07411789894104,82332,nan,nan
230,result_writing,UNSW-NB15,unsw_nb15_official_full,3,mlp_sklearn,a0_clean,2026-06-12T10:19:13.361788+00:00,2026-06-12T10:19:13.365303+00:00,0.0035154819488525,1,results/raw/tier_e_core4_hgb_mlp_timed_expanded/UNSW-NB15_unsw_nb15_official_full_mlp_sklearn_a0_clean_3.csv,nan
231,threat_evaluation,UNSW-NB15,unsw_nb15_official_full,3,mlp_sklearn,a1_constrained_feature,2026-06-12T10:19:13.365355+00:00,2026-06-12T10:19:13.772759+00:00,0.4074039459228515,82332,nan,nan
232,result_writing,UNSW-NB15,unsw_nb15_official_full,3,mlp_sklearn,a1_constrained_feature,2026-06-12T10:19:13.772967+00:00,2026-06-12T10:19:13.776513+00:00,0.0035455226898193,1,results/raw/tier_e_core4_hgb_mlp_timed_expanded/UNSW-NB15_unsw_nb15_official_full_mlp_sklearn_a1_constrained_feature_3.csv,nan
233,threat_evaluation,UNSW-NB15,unsw_nb15_official_full,3,mlp_sklearn,a1_constrained_score_search,2026-06-12T10:19:13.776554+00:00,2026-06-12T10:19:15.085229+00:00,1.3086750507354736,82332,nan,nan
234,result_writing,UNSW-NB15,unsw_nb15_official_full,3,mlp_sklearn,a1_constrained_score_search,2026-06-12T10:19:15.085458+00:00,2026-06-12T10:19:15.088967+00:00,0.0035092830657958,1,results/raw/tier_e_core4_hgb_mlp_timed_expanded/UNSW-NB15_unsw_nb15_official_full_mlp_sklearn_a1_constrained_score_search_3.csv,nan
235,threat_evaluation,UNSW-NB15,unsw_nb15_official_full,3,mlp_sklearn,a4_split_shift,2026-06-12T10:19:15.089007+00:00,2026-06-12T10:19:15.162010+00:00,0.0730030536651611,82332,nan,nan
236,result_writing,UNSW-NB15,unsw_nb15_official_full,3,mlp_sklearn,a4_split_shift,2026-06-12T10:19:15.162179+00:00,2026-06-12T10:19:15.165559+00:00,0.0033795833587646,1,results/raw/tier_e_core4_hgb_mlp_timed_expanded/UNSW-NB15_unsw_nb15_official_full_mlp_sklearn_a4_split_shift_3.csv,nan
237,split_construction,UNSW-NB15,unsw_nb15_official_full,3,random_forest,nan,2026-06-12T10:19:15.165640+00:00,2026-06-12T10:19:15.339329+00:00,0.1736898422241211,257673,nan,nan
238,preprocessing,UNSW-NB15,unsw_nb15_official_full,3,random_forest,nan,2026-06-12T10:19:15.339452+00:00,2026-06-12T10:19:21.224144+00:00,5.884692907333374,257673,nan,nan
239,model_training,UNSW-NB15,unsw_nb15_official_full,3,random_forest,nan,2026-06-12T10:19:21.224326+00:00,2026-06-12T10:19:37.825310+00:00,16.60098433494568,257673,nan,nan
240,clean_profile,UNSW-NB15,unsw_nb15_official_full,3,random_forest,nan,2026-06-12T10:19:37.825402+00:00,2026-06-12T10:19:39.426603+00:00,1.601200819015503,257673,nan,nan
241,threat_evaluation,UNSW-NB15,unsw_nb15_official_full,3,random_forest,a0_clean,2026-06-12T10:19:39.435049+00:00,2026-06-12T10:19:39.970900+00:00,0.535851001739502,82332,nan,nan
242,result_writing,UNSW-NB15,unsw_nb15_official_full,3,random_forest,a0_clean,2026-06-12T10:19:39.971075+00:00,2026-06-12T10:19:39.974569+00:00,0.0034947395324707,1,results/raw/tier_e_core4_hgb_mlp_timed_expanded/UNSW-NB15_unsw_nb15_official_full_random_forest_a0_clean_3.csv,nan
243,threat_evaluation,UNSW-NB15,unsw_nb15_official_full,3,random_forest,a1_constrained_feature,2026-06-12T10:19:39.974622+00:00,2026-06-12T10:19:40.939704+00:00,0.9650819301605223,82332,nan,nan
244,result_writing,UNSW-NB15,unsw_nb15_official_full,3,random_forest,a1_constrained_feature,2026-06-12T10:19:40.939960+00:00,2026-06-12T10:19:40.943456+00:00,0.0034959316253662,1,results/raw/tier_e_core4_hgb_mlp_timed_expanded/UNSW-NB15_unsw_nb15_official_full_random_forest_a1_constrained_feature_3.csv,nan
245,threat_evaluation,UNSW-NB15,unsw_nb15_official_full,3,random_forest,a1_constrained_score_search,2026-06-12T10:19:40.943508+00:00,2026-06-12T10:19:44.296339+00:00,3.3528311252593994,82332,nan,nan
246,result_writing,UNSW-NB15,unsw_nb15_official_full,3,random_forest,a1_constrained_score_search,2026-06-12T10:19:44.296559+00:00,2026-06-12T10:19:44.300151+00:00,0.0035922527313232,1,results/raw/tier_e_core4_hgb_mlp_timed_expanded/UNSW-NB15_unsw_nb15_official_full_random_forest_a1_constrained_score_search_3.csv,nan
247,threat_evaluation,UNSW-NB15,unsw_nb15_official_full,3,random_forest,a4_split_shift,2026-06-12T10:19:44.300205+00:00,2026-06-12T10:19:44.841155+00:00,0.5409500598907471,82332,nan,nan
248,result_writing,UNSW-NB15,unsw_nb15_official_full,3,random_forest,a4_split_shift,2026-06-12T10:19:44.841325+00:00,2026-06-12T10:19:44.844844+00:00,0.003519058227539,1,results/raw/tier_e_core4_hgb_mlp_timed_expanded/UNSW-NB15_unsw_nb15_official_full_random_forest_a4_split_shift_3.csv,nan
249,dataset_load,UNSW-NB15,unsw_nb15_official_full,4,nan,nan,2026-06-12T10:19:44.844897+00:00,2026-06-12T10:19:45.078182+00:00,0.233285903930664,257673,nan,nan
250,preprocess_manifest,UNSW-NB15,unsw_nb15_official_full,4,nan,nan,2026-06-12T10:19:45.078328+00:00,2026-06-12T10:19:50.281956+00:00,5.203628540039063,257673,nan,nan
251,split_construction,UNSW-NB15,unsw_nb15_official_full,4,extra_trees,nan,2026-06-12T10:19:50.282119+00:00,2026-06-12T10:19:50.458640+00:00,0.1765205860137939,257673,nan,nan
252,preprocessing,UNSW-NB15,unsw_nb15_official_full,4,extra_trees,nan,2026-06-12T10:19:50.458759+00:00,2026-06-12T10:19:56.497147+00:00,6.038387298583984,257673,nan,nan
253,model_training,UNSW-NB15,unsw_nb15_official_full,4,extra_trees,nan,2026-06-12T10:19:56.497326+00:00,2026-06-12T10:20:16.302800+00:00,19.80547380447388,257673,nan,nan
254,clean_profile,UNSW-NB15,unsw_nb15_official_full,4,extra_trees,nan,2026-06-12T10:20:16.302889+00:00,2026-06-12T10:20:18.671430+00:00,2.3685414791107178,257673,nan,nan
255,threat_evaluation,UNSW-NB15,unsw_nb15_official_full,4,extra_trees,a0_clean,2026-06-12T10:20:18.680654+00:00,2026-06-12T10:20:19.465646+00:00,0.7849912643432617,82332,nan,nan
256,result_writing,UNSW-NB15,unsw_nb15_official_full,4,extra_trees,a0_clean,2026-06-12T10:20:19.465824+00:00,2026-06-12T10:20:19.469271+00:00,0.0034470558166503,1,results/raw/tier_e_core4_hgb_mlp_timed_expanded/UNSW-NB15_unsw_nb15_official_full_extra_trees_a0_clean_4.csv,nan
257,threat_evaluation,UNSW-NB15,unsw_nb15_official_full,4,extra_trees,a1_constrained_feature,2026-06-12T10:20:19.469327+00:00,2026-06-12T10:20:20.571677+00:00,1.1023504734039309,82332,nan,nan
258,result_writing,UNSW-NB15,unsw_nb15_official_full,4,extra_trees,a1_constrained_feature,2026-06-12T10:20:20.571940+00:00,2026-06-12T10:20:20.575403+00:00,0.0034625530242919,1,results/raw/tier_e_core4_hgb_mlp_timed_expanded/UNSW-NB15_unsw_nb15_official_full_extra_trees_a1_constrained_feature_4.csv,nan
259,threat_evaluation,UNSW-NB15,unsw_nb15_official_full,4,extra_trees,a1_constrained_score_search,2026-06-12T10:20:20.575454+00:00,2026-06-12T10:20:24.857188+00:00,4.281733274459839,82332,nan,nan
260,result_writing,UNSW-NB15,unsw_nb15_official_full,4,extra_trees,a1_constrained_score_search,2026-06-12T10:20:24.857419+00:00,2026-06-12T10:20:24.860931+00:00,0.0035121440887451,1,results/raw/tier_e_core4_hgb_mlp_timed_expanded/UNSW-NB15_unsw_nb15_official_full_extra_trees_a1_constrained_score_search_4.csv,nan
261,threat_evaluation,UNSW-NB15,unsw_nb15_official_full,4,extra_trees,a4_split_shift,2026-06-12T10:20:24.860982+00:00,2026-06-12T10:20:25.649799+00:00,0.7888169288635254,82332,nan,nan
262,result_writing,UNSW-NB15,unsw_nb15_official_full,4,extra_trees,a4_split_shift,2026-06-12T10:20:25.649970+00:00,2026-06-12T10:20:25.653453+00:00,0.0034823417663574,1,results/raw/tier_e_core4_hgb_mlp_timed_expanded/UNSW-NB15_unsw_nb15_official_full_extra_trees_a4_split_shift_4.csv,nan
263,split_construction,UNSW-NB15,unsw_nb15_official_full,4,hist_gradient_boosting,nan,2026-06-12T10:20:25.653546+00:00,2026-06-12T10:20:25.839875+00:00,0.1863288879394531,257673,nan,nan
264,preprocessing,UNSW-NB15,unsw_nb15_official_full,4,hist_gradient_boosting,nan,2026-06-12T10:20:25.839998+00:00,2026-06-12T10:20:31.902833+00:00,6.06283450126648,257673,nan,nan
265,model_training,UNSW-NB15,unsw_nb15_official_full,4,hist_gradient_boosting,nan,2026-06-12T10:20:31.903002+00:00,2026-06-12T10:20:38.693353+00:00,6.790351867675781,257673,nan,nan
266,clean_profile,UNSW-NB15,unsw_nb15_official_full,4,hist_gradient_boosting,nan,2026-06-12T10:20:38.693452+00:00,2026-06-12T10:20:38.966141+00:00,0.2726888656616211,257673,nan,nan
267,threat_evaluation,UNSW-NB15,unsw_nb15_official_full,4,hist_gradient_boosting,a0_clean,2026-06-12T10:20:38.979434+00:00,2026-06-12T10:20:39.075398+00:00,0.095963716506958,82332,nan,nan
268,result_writing,UNSW-NB15,unsw_nb15_official_full,4,hist_gradient_boosting,a0_clean,2026-06-12T10:20:39.075568+00:00,2026-06-12T10:20:39.079000+00:00,0.003432273864746,1,results/raw/tier_e_core4_hgb_mlp_timed_expanded/UNSW-NB15_unsw_nb15_official_full_hist_gradient_boosting_a0_clean_4.csv,nan
269,threat_evaluation,UNSW-NB15,unsw_nb15_official_full,4,hist_gradient_boosting,a1_constrained_feature,2026-06-12T10:20:39.079045+00:00,2026-06-12T10:20:39.563986+00:00,0.4849410057067871,82332,nan,nan
270,result_writing,UNSW-NB15,unsw_nb15_official_full,4,hist_gradient_boosting,a1_constrained_feature,2026-06-12T10:20:39.564209+00:00,2026-06-12T10:20:39.567707+00:00,0.0034980773925781,1,results/raw/tier_e_core4_hgb_mlp_timed_expanded/UNSW-NB15_unsw_nb15_official_full_hist_gradient_boosting_a1_constrained_feature_4.csv,nan
271,threat_evaluation,UNSW-NB15,unsw_nb15_official_full,4,hist_gradient_boosting,a1_constrained_score_search,2026-06-12T10:20:39.567787+00:00,2026-06-12T10:20:41.314646+00:00,1.746859073638916,82332,nan,nan
272,result_writing,UNSW-NB15,unsw_nb15_official_full,4,hist_gradient_boosting,a1_constrained_score_search,2026-06-12T10:20:41.314874+00:00,2026-06-12T10:20:41.318449+00:00,0.003575325012207,1,results/raw/tier_e_core4_hgb_mlp_timed_expanded/UNSW-NB15_unsw_nb15_official_full_hist_gradient_boosting_a1_constrained_score_search_4.csv,nan
273,threat_evaluation,UNSW-NB15,unsw_nb15_official_full,4,hist_gradient_boosting,a4_split_shift,2026-06-12T10:20:41.318491+00:00,2026-06-12T10:20:41.446451+00:00,0.1279599666595459,82332,nan,nan
274,result_writing,UNSW-NB15,unsw_nb15_official_full,4,hist_gradient_boosting,a4_split_shift,2026-06-12T10:20:41.446615+00:00,2026-06-12T10:20:41.450012+00:00,0.0033979415893554,1,results/raw/tier_e_core4_hgb_mlp_timed_expanded/UNSW-NB15_unsw_nb15_official_full_hist_gradient_boosting_a4_split_shift_4.csv,nan
275,split_construction,UNSW-NB15,unsw_nb15_official_full,4,logistic_regression,nan,2026-06-12T10:20:41.450100+00:00,2026-06-12T10:20:41.626316+00:00,0.1762154102325439,257673,nan,nan
276,preprocessing,UNSW-NB15,unsw_nb15_official_full,4,logistic_regression,nan,2026-06-12T10:20:41.626440+00:00,2026-06-12T10:20:47.550802+00:00,5.924361705780029,257673,nan,nan
277,model_training,UNSW-NB15,unsw_nb15_official_full,4,logistic_regression,nan,2026-06-12T10:20:47.550942+00:00,2026-06-12T10:21:06.538807+00:00,18.98786497116089,257673,nan,nan
278,clean_profile,UNSW-NB15,unsw_nb15_official_full,4,logistic_regression,nan,2026-06-12T10:21:06.538895+00:00,2026-06-12T10:21:06.622875+00:00,0.0839793682098388,257673,nan,nan
279,threat_evaluation,UNSW-NB15,unsw_nb15_official_full,4,logistic_regression,a0_clean,2026-06-12T10:21:06.632290+00:00,2026-06-12T10:21:06.668414+00:00,0.036123514175415,82332,nan,nan
280,result_writing,UNSW-NB15,unsw_nb15_official_full,4,logistic_regression,a0_clean,2026-06-12T10:21:06.668588+00:00,2026-06-12T10:21:06.672034+00:00,0.003446340560913,1,results/raw/tier_e_core4_hgb_mlp_timed_expanded/UNSW-NB15_unsw_nb15_official_full_logistic_regression_a0_clean_4.csv,nan
281,threat_evaluation,UNSW-NB15,unsw_nb15_official_full,4,logistic_regression,a1_constrained_feature,2026-06-12T10:21:06.672082+00:00,2026-06-12T10:21:07.045856+00:00,0.3737738132476806,82332,nan,nan
282,result_writing,UNSW-NB15,unsw_nb15_official_full,4,logistic_regression,a1_constrained_feature,2026-06-12T10:21:07.046070+00:00,2026-06-12T10:21:07.049551+00:00,0.0034811496734619,1,results/raw/tier_e_core4_hgb_mlp_timed_expanded/UNSW-NB15_unsw_nb15_official_full_logistic_regression_a1_constrained_feature_4.csv,nan
283,threat_evaluation,UNSW-NB15,unsw_nb15_official_full,4,logistic_regression,a1_constrained_score_search,2026-06-12T10:21:07.049591+00:00,2026-06-12T10:21:08.193965+00:00,1.144373893737793,82332,nan,nan
284,result_writing,UNSW-NB15,unsw_nb15_official_full,4,logistic_regression,a1_constrained_score_search,2026-06-12T10:21:08.194189+00:00,2026-06-12T10:21:08.197747+00:00,0.0035583972930908,1,results/raw/tier_e_core4_hgb_mlp_timed_expanded/UNSW-NB15_unsw_nb15_official_full_logistic_regression_a1_constrained_score_search_4.csv,nan
285,threat_evaluation,UNSW-NB15,unsw_nb15_official_full,4,logistic_regression,a4_split_shift,2026-06-12T10:21:08.197787+00:00,2026-06-12T10:21:08.233440+00:00,0.0356533527374267,82332,nan,nan
286,result_writing,UNSW-NB15,unsw_nb15_official_full,4,logistic_regression,a4_split_shift,2026-06-12T10:21:08.233603+00:00,2026-06-12T10:21:08.236989+00:00,0.0033864974975585,1,results/raw/tier_e_core4_hgb_mlp_timed_expanded/UNSW-NB15_unsw_nb15_official_full_logistic_regression_a4_split_shift_4.csv,nan
287,split_construction,UNSW-NB15,unsw_nb15_official_full,4,mlp_sklearn,nan,2026-06-12T10:21:08.237073+00:00,2026-06-12T10:21:08.414279+00:00,0.1772065162658691,257673,nan,nan
288,preprocessing,UNSW-NB15,unsw_nb15_official_full,4,mlp_sklearn,nan,2026-06-12T10:21:08.414389+00:00,2026-06-12T10:21:14.413985+00:00,5.99959659576416,257673,nan,nan
289,model_training,UNSW-NB15,unsw_nb15_official_full,4,mlp_sklearn,nan,2026-06-12T10:21:14.414155+00:00,2026-06-12T10:21:29.495574+00:00,15.081419229507446,257673,nan,nan
290,clean_profile,UNSW-NB15,unsw_nb15_official_full,4,mlp_sklearn,nan,2026-06-12T10:21:29.495661+00:00,2026-06-12T10:21:29.692652+00:00,0.196990966796875,257673,nan,nan
291,threat_evaluation,UNSW-NB15,unsw_nb15_official_full,4,mlp_sklearn,a0_clean,2026-06-12T10:21:29.701518+00:00,2026-06-12T10:21:29.775479+00:00,0.0739612579345703,82332,nan,nan
292,result_writing,UNSW-NB15,unsw_nb15_official_full,4,mlp_sklearn,a0_clean,2026-06-12T10:21:29.775656+00:00,2026-06-12T10:21:29.779118+00:00,0.0034625530242919,1,results/raw/tier_e_core4_hgb_mlp_timed_expanded/UNSW-NB15_unsw_nb15_official_full_mlp_sklearn_a0_clean_4.csv,nan
293,threat_evaluation,UNSW-NB15,unsw_nb15_official_full,4,mlp_sklearn,a1_constrained_feature,2026-06-12T10:21:29.779169+00:00,2026-06-12T10:21:30.187069+00:00,0.407900333404541,82332,nan,nan
294,result_writing,UNSW-NB15,unsw_nb15_official_full,4,mlp_sklearn,a1_constrained_feature,2026-06-12T10:21:30.187292+00:00,2026-06-12T10:21:30.190797+00:00,0.0035047531127929,1,results/raw/tier_e_core4_hgb_mlp_timed_expanded/UNSW-NB15_unsw_nb15_official_full_mlp_sklearn_a1_constrained_feature_4.csv,nan
295,threat_evaluation,UNSW-NB15,unsw_nb15_official_full,4,mlp_sklearn,a1_constrained_score_search,2026-06-12T10:21:30.190838+00:00,2026-06-12T10:21:31.493059+00:00,1.3022215366363523,82332,nan,nan
296,result_writing,UNSW-NB15,unsw_nb15_official_full,4,mlp_sklearn,a1_constrained_score_search,2026-06-12T10:21:31.493283+00:00,2026-06-12T10:21:31.496841+00:00,0.0035579204559326,1,results/raw/tier_e_core4_hgb_mlp_timed_expanded/UNSW-NB15_unsw_nb15_official_full_mlp_sklearn_a1_constrained_score_search_4.csv,nan
297,threat_evaluation,UNSW-NB15,unsw_nb15_official_full,4,mlp_sklearn,a4_split_shift,2026-06-12T10:21:31.496879+00:00,2026-06-12T10:21:31.569942+00:00,0.0730628967285156,82332,nan,nan
298,result_writing,UNSW-NB15,unsw_nb15_official_full,4,mlp_sklearn,a4_split_shift,2026-06-12T10:21:31.570108+00:00,2026-06-12T10:21:31.573598+00:00,0.0034904479980468,1,results/raw/tier_e_core4_hgb_mlp_timed_expanded/UNSW-NB15_unsw_nb15_official_full_mlp_sklearn_a4_split_shift_4.csv,nan
299,split_construction,UNSW-NB15,unsw_nb15_official_full,4,random_forest,nan,2026-06-12T10:21:31.573687+00:00,2026-06-12T10:21:31.751158+00:00,0.1774709224700927,257673,nan,nan
300,preprocessing,UNSW-NB15,unsw_nb15_official_full,4,random_forest,nan,2026-06-12T10:21:31.751278+00:00,2026-06-12T10:21:37.669090+00:00,5.917811393737793,257673,nan,nan
301,model_training,UNSW-NB15,unsw_nb15_official_full,4,random_forest,nan,2026-06-12T10:21:37.669272+00:00,2026-06-12T10:21:54.345861+00:00,16.676589250564575,257673,nan,nan
302,clean_profile,UNSW-NB15,unsw_nb15_official_full,4,random_forest,nan,2026-06-12T10:21:54.345953+00:00,2026-06-12T10:21:55.931227+00:00,1.5852746963500977,257673,nan,nan
303,threat_evaluation,UNSW-NB15,unsw_nb15_official_full,4,random_forest,a0_clean,2026-06-12T10:21:55.940181+00:00,2026-06-12T10:21:56.472522+00:00,0.5323405265808105,82332,nan,nan
304,result_writing,UNSW-NB15,unsw_nb15_official_full,4,random_forest,a0_clean,2026-06-12T10:21:56.472693+00:00,2026-06-12T10:21:56.476180+00:00,0.0034868717193603,1,results/raw/tier_e_core4_hgb_mlp_timed_expanded/UNSW-NB15_unsw_nb15_official_full_random_forest_a0_clean_4.csv,nan
305,threat_evaluation,UNSW-NB15,unsw_nb15_official_full,4,random_forest,a1_constrained_feature,2026-06-12T10:21:56.476230+00:00,2026-06-12T10:21:57.353488+00:00,0.8772578239440918,82332,nan,nan
306,result_writing,UNSW-NB15,unsw_nb15_official_full,4,random_forest,a1_constrained_feature,2026-06-12T10:21:57.353716+00:00,2026-06-12T10:21:57.357218+00:00,0.0035023689270019,1,results/raw/tier_e_core4_hgb_mlp_timed_expanded/UNSW-NB15_unsw_nb15_official_full_random_forest_a1_constrained_feature_4.csv,nan
307,threat_evaluation,UNSW-NB15,unsw_nb15_official_full,4,random_forest,a1_constrained_score_search,2026-06-12T10:21:57.357270+00:00,2026-06-12T10:22:00.673496+00:00,3.316226005554199,82332,nan,nan
308,result_writing,UNSW-NB15,unsw_nb15_official_full,4,random_forest,a1_constrained_score_search,2026-06-12T10:22:00.673719+00:00,2026-06-12T10:22:00.677393+00:00,0.0036737918853759,1,results/raw/tier_e_core4_hgb_mlp_timed_expanded/UNSW-NB15_unsw_nb15_official_full_random_forest_a1_constrained_score_search_4.csv,nan
309,threat_evaluation,UNSW-NB15,unsw_nb15_official_full,4,random_forest,a4_split_shift,2026-06-12T10:22:00.677442+00:00,2026-06-12T10:22:01.208704+00:00,0.5312621593475342,82332,nan,nan
310,result_writing,UNSW-NB15,unsw_nb15_official_full,4,random_forest,a4_split_shift,2026-06-12T10:22:01.208876+00:00,2026-06-12T10:22:01.212359+00:00,0.0034830570220947,1,results/raw/tier_e_core4_hgb_mlp_timed_expanded/UNSW-NB15_unsw_nb15_official_full_random_forest_a4_split_shift_4.csv,nan
311,dataset_load,UNSW-NB15,unsw_nb15_official_full,5,nan,nan,2026-06-12T10:22:01.212412+00:00,2026-06-12T10:22:01.474306+00:00,0.2618944644927978,257673,nan,nan
312,preprocess_manifest,UNSW-NB15,unsw_nb15_official_full,5,nan,nan,2026-06-12T10:22:01.474446+00:00,2026-06-12T10:22:06.683789+00:00,5.209343433380127,257673,nan,nan
313,split_construction,UNSW-NB15,unsw_nb15_official_full,5,extra_trees,nan,2026-06-12T10:22:06.683932+00:00,2026-06-12T10:22:06.857765+00:00,0.1738333702087402,257673,nan,nan
314,preprocessing,UNSW-NB15,unsw_nb15_official_full,5,extra_trees,nan,2026-06-12T10:22:06.857890+00:00,2026-06-12T10:22:12.846704+00:00,5.98881459236145,257673,nan,nan
315,model_training,UNSW-NB15,unsw_nb15_official_full,5,extra_trees,nan,2026-06-12T10:22:12.846888+00:00,2026-06-12T10:22:32.603814+00:00,19.75692653656006,257673,nan,nan
316,clean_profile,UNSW-NB15,unsw_nb15_official_full,5,extra_trees,nan,2026-06-12T10:22:32.603908+00:00,2026-06-12T10:22:34.937558+00:00,2.333650588989258,257673,nan,nan
317,threat_evaluation,UNSW-NB15,unsw_nb15_official_full,5,extra_trees,a0_clean,2026-06-12T10:22:34.952037+00:00,2026-06-12T10:22:35.747118+00:00,0.7950811386108398,82332,nan,nan
318,result_writing,UNSW-NB15,unsw_nb15_official_full,5,extra_trees,a0_clean,2026-06-12T10:22:35.747300+00:00,2026-06-12T10:22:35.750772+00:00,0.0034716129302978,1,results/raw/tier_e_core4_hgb_mlp_timed_expanded/UNSW-NB15_unsw_nb15_official_full_extra_trees_a0_clean_5.csv,nan
319,threat_evaluation,UNSW-NB15,unsw_nb15_official_full,5,extra_trees,a1_constrained_feature,2026-06-12T10:22:35.750825+00:00,2026-06-12T10:22:36.857640+00:00,1.1068153381347656,82332,nan,nan
320,result_writing,UNSW-NB15,unsw_nb15_official_full,5,extra_trees,a1_constrained_feature,2026-06-12T10:22:36.857865+00:00,2026-06-12T10:22:36.861420+00:00,0.0035550594329833,1,results/raw/tier_e_core4_hgb_mlp_timed_expanded/UNSW-NB15_unsw_nb15_official_full_extra_trees_a1_constrained_feature_5.csv,nan
321,threat_evaluation,UNSW-NB15,unsw_nb15_official_full,5,extra_trees,a1_constrained_score_search,2026-06-12T10:22:36.861472+00:00,2026-06-12T10:22:41.233513+00:00,4.372040271759033,82332,nan,nan
322,result_writing,UNSW-NB15,unsw_nb15_official_full,5,extra_trees,a1_constrained_score_search,2026-06-12T10:22:41.233755+00:00,2026-06-12T10:22:41.237316+00:00,0.0035610198974609,1,results/raw/tier_e_core4_hgb_mlp_timed_expanded/UNSW-NB15_unsw_nb15_official_full_extra_trees_a1_constrained_score_search_5.csv,nan
323,threat_evaluation,UNSW-NB15,unsw_nb15_official_full,5,extra_trees,a4_split_shift,2026-06-12T10:22:41.237364+00:00,2026-06-12T10:22:42.019678+00:00,0.7823143005371094,82332,nan,nan
324,result_writing,UNSW-NB15,unsw_nb15_official_full,5,extra_trees,a4_split_shift,2026-06-12T10:22:42.019905+00:00,2026-06-12T10:22:42.023253+00:00,0.0033473968505859,1,results/raw/tier_e_core4_hgb_mlp_timed_expanded/UNSW-NB15_unsw_nb15_official_full_extra_trees_a4_split_shift_5.csv,nan
325,split_construction,UNSW-NB15,unsw_nb15_official_full,5,hist_gradient_boosting,nan,2026-06-12T10:22:42.023340+00:00,2026-06-12T10:22:42.210364+00:00,0.1870243549346923,257673,nan,nan
326,preprocessing,UNSW-NB15,unsw_nb15_official_full,5,hist_gradient_boosting,nan,2026-06-12T10:22:42.210478+00:00,2026-06-12T10:22:48.206579+00:00,5.9961018562316895,257673,nan,nan
327,model_training,UNSW-NB15,unsw_nb15_official_full,5,hist_gradient_boosting,nan,2026-06-12T10:22:48.206751+00:00,2026-06-12T10:22:54.945567+00:00,6.738816499710083,257673,nan,nan
328,clean_profile,UNSW-NB15,unsw_nb15_official_full,5,hist_gradient_boosting,nan,2026-06-12T10:22:54.945662+00:00,2026-06-12T10:22:55.222346+00:00,0.2766835689544678,257673,nan,nan
329,threat_evaluation,UNSW-NB15,unsw_nb15_official_full,5,hist_gradient_boosting,a0_clean,2026-06-12T10:22:55.235258+00:00,2026-06-12T10:22:55.333966+00:00,0.0987074375152587,82332,nan,nan
330,result_writing,UNSW-NB15,unsw_nb15_official_full,5,hist_gradient_boosting,a0_clean,2026-06-12T10:22:55.334143+00:00,2026-06-12T10:22:55.337622+00:00,0.0034792423248291,1,results/raw/tier_e_core4_hgb_mlp_timed_expanded/UNSW-NB15_unsw_nb15_official_full_hist_gradient_boosting_a0_clean_5.csv,nan
331,threat_evaluation,UNSW-NB15,unsw_nb15_official_full,5,hist_gradient_boosting,a1_constrained_feature,2026-06-12T10:22:55.337670+00:00,2026-06-12T10:22:55.913640+00:00,0.5759706497192383,82332,nan,nan
332,result_writing,UNSW-NB15,unsw_nb15_official_full,5,hist_gradient_boosting,a1_constrained_feature,2026-06-12T10:22:55.913853+00:00,2026-06-12T10:22:55.917405+00:00,0.0035517215728759,1,results/raw/tier_e_core4_hgb_mlp_timed_expanded/UNSW-NB15_unsw_nb15_official_full_hist_gradient_boosting_a1_constrained_feature_5.csv,nan
333,threat_evaluation,UNSW-NB15,unsw_nb15_official_full,5,hist_gradient_boosting,a1_constrained_score_search,2026-06-12T10:22:55.917447+00:00,2026-06-12T10:22:57.678350+00:00,1.7609035968780518,82332,nan,nan
334,result_writing,UNSW-NB15,unsw_nb15_official_full,5,hist_gradient_boosting,a1_constrained_score_search,2026-06-12T10:22:57.678554+00:00,2026-06-12T10:22:57.682215+00:00,0.0036611557006835,1,results/raw/tier_e_core4_hgb_mlp_timed_expanded/UNSW-NB15_unsw_nb15_official_full_hist_gradient_boosting_a1_constrained_score_search_5.csv,nan
335,threat_evaluation,UNSW-NB15,unsw_nb15_official_full,5,hist_gradient_boosting,a4_split_shift,2026-06-12T10:22:57.682257+00:00,2026-06-12T10:22:57.789942+00:00,0.107684850692749,82332,nan,nan
336,result_writing,UNSW-NB15,unsw_nb15_official_full,5,hist_gradient_boosting,a4_split_shift,2026-06-12T10:22:57.790108+00:00,2026-06-12T10:22:57.793475+00:00,0.0033669471740722,1,results/raw/tier_e_core4_hgb_mlp_timed_expanded/UNSW-NB15_unsw_nb15_official_full_hist_gradient_boosting_a4_split_shift_5.csv,nan
337,split_construction,UNSW-NB15,unsw_nb15_official_full,5,logistic_regression,nan,2026-06-12T10:22:57.793562+00:00,2026-06-12T10:22:57.973178+00:00,0.1796157360076904,257673,nan,nan
338,preprocessing,UNSW-NB15,unsw_nb15_official_full,5,logistic_regression,nan,2026-06-12T10:22:57.973302+00:00,2026-06-12T10:23:03.900132+00:00,5.926830291748047,257673,nan,nan
339,model_training,UNSW-NB15,unsw_nb15_official_full,5,logistic_regression,nan,2026-06-12T10:23:03.900272+00:00,2026-06-12T10:23:22.881722+00:00,18.98145055770874,257673,nan,nan
340,clean_profile,UNSW-NB15,unsw_nb15_official_full,5,logistic_regression,nan,2026-06-12T10:23:22.881812+00:00,2026-06-12T10:23:22.965821+00:00,0.0840094089508056,257673,nan,nan
341,threat_evaluation,UNSW-NB15,unsw_nb15_official_full,5,logistic_regression,a0_clean,2026-06-12T10:23:22.975282+00:00,2026-06-12T10:23:23.011417+00:00,0.036135196685791,82332,nan,nan
342,result_writing,UNSW-NB15,unsw_nb15_official_full,5,logistic_regression,a0_clean,2026-06-12T10:23:23.011588+00:00,2026-06-12T10:23:23.015058+00:00,0.0034694671630859,1,results/raw/tier_e_core4_hgb_mlp_timed_expanded/UNSW-NB15_unsw_nb15_official_full_logistic_regression_a0_clean_5.csv,nan
343,threat_evaluation,UNSW-NB15,unsw_nb15_official_full,5,logistic_regression,a1_constrained_feature,2026-06-12T10:23:23.015109+00:00,2026-06-12T10:23:23.388202+00:00,0.3730936050415039,82332,nan,nan
344,result_writing,UNSW-NB15,unsw_nb15_official_full,5,logistic_regression,a1_constrained_feature,2026-06-12T10:23:23.388405+00:00,2026-06-12T10:23:23.391916+00:00,0.0035102367401123,1,results/raw/tier_e_core4_hgb_mlp_timed_expanded/UNSW-NB15_unsw_nb15_official_full_logistic_regression_a1_constrained_feature_5.csv,nan
345,threat_evaluation,UNSW-NB15,unsw_nb15_official_full,5,logistic_regression,a1_constrained_score_search,2026-06-12T10:23:23.391957+00:00,2026-06-12T10:23:24.592360+00:00,1.2004034519195557,82332,nan,nan
346,result_writing,UNSW-NB15,unsw_nb15_official_full,5,logistic_regression,a1_constrained_score_search,2026-06-12T10:23:24.592588+00:00,2026-06-12T10:23:24.596083+00:00,0.003495454788208,1,results/raw/tier_e_core4_hgb_mlp_timed_expanded/UNSW-NB15_unsw_nb15_official_full_logistic_regression_a1_constrained_score_search_5.csv,nan
347,threat_evaluation,UNSW-NB15,unsw_nb15_official_full,5,logistic_regression,a4_split_shift,2026-06-12T10:23:24.596124+00:00,2026-06-12T10:23:24.631955+00:00,0.0358309745788574,82332,nan,nan
348,result_writing,UNSW-NB15,unsw_nb15_official_full,5,logistic_regression,a4_split_shift,2026-06-12T10:23:24.632126+00:00,2026-06-12T10:23:24.635437+00:00,0.0033113956451416,1,results/raw/tier_e_core4_hgb_mlp_timed_expanded/UNSW-NB15_unsw_nb15_official_full_logistic_regression_a4_split_shift_5.csv,nan
349,split_construction,UNSW-NB15,unsw_nb15_official_full,5,mlp_sklearn,nan,2026-06-12T10:23:24.635520+00:00,2026-06-12T10:23:24.813586+00:00,0.1780664920806884,257673,nan,nan
350,preprocessing,UNSW-NB15,unsw_nb15_official_full,5,mlp_sklearn,nan,2026-06-12T10:23:24.813703+00:00,2026-06-12T10:23:30.702011+00:00,5.888307571411133,257673,nan,nan
351,model_training,UNSW-NB15,unsw_nb15_official_full,5,mlp_sklearn,nan,2026-06-12T10:23:30.702175+00:00,2026-06-12T10:23:47.066230+00:00,16.364054679870605,257673,nan,nan
352,clean_profile,UNSW-NB15,unsw_nb15_official_full,5,mlp_sklearn,nan,2026-06-12T10:23:47.066315+00:00,2026-06-12T10:23:47.270570+00:00,0.2042543888092041,257673,nan,nan
353,threat_evaluation,UNSW-NB15,unsw_nb15_official_full,5,mlp_sklearn,a0_clean,2026-06-12T10:23:47.279680+00:00,2026-06-12T10:23:47.354067+00:00,0.0743873119354248,82332,nan,nan
354,result_writing,UNSW-NB15,unsw_nb15_official_full,5,mlp_sklearn,a0_clean,2026-06-12T10:23:47.354243+00:00,2026-06-12T10:23:47.357749+00:00,0.0035061836242675,1,results/raw/tier_e_core4_hgb_mlp_timed_expanded/UNSW-NB15_unsw_nb15_official_full_mlp_sklearn_a0_clean_5.csv,nan
355,threat_evaluation,UNSW-NB15,unsw_nb15_official_full,5,mlp_sklearn,a1_constrained_feature,2026-06-12T10:23:47.357800+00:00,2026-06-12T10:23:47.768735+00:00,0.4109351634979248,82332,nan,nan
356,result_writing,UNSW-NB15,unsw_nb15_official_full,5,mlp_sklearn,a1_constrained_feature,2026-06-12T10:23:47.768968+00:00,2026-06-12T10:23:47.772506+00:00,0.0035371780395507,1,results/raw/tier_e_core4_hgb_mlp_timed_expanded/UNSW-NB15_unsw_nb15_official_full_mlp_sklearn_a1_constrained_feature_5.csv,nan
357,threat_evaluation,UNSW-NB15,unsw_nb15_official_full,5,mlp_sklearn,a1_constrained_score_search,2026-06-12T10:23:47.772546+00:00,2026-06-12T10:23:49.131919+00:00,1.3593733310699463,82332,nan,nan
358,result_writing,UNSW-NB15,unsw_nb15_official_full,5,mlp_sklearn,a1_constrained_score_search,2026-06-12T10:23:49.132144+00:00,2026-06-12T10:23:49.135640+00:00,0.0034956932067871,1,results/raw/tier_e_core4_hgb_mlp_timed_expanded/UNSW-NB15_unsw_nb15_official_full_mlp_sklearn_a1_constrained_score_search_5.csv,nan
359,threat_evaluation,UNSW-NB15,unsw_nb15_official_full,5,mlp_sklearn,a4_split_shift,2026-06-12T10:23:49.135679+00:00,2026-06-12T10:23:49.209616+00:00,0.0739364624023437,82332,nan,nan
360,result_writing,UNSW-NB15,unsw_nb15_official_full,5,mlp_sklearn,a4_split_shift,2026-06-12T10:23:49.209800+00:00,2026-06-12T10:23:49.213194+00:00,0.0033934116363525,1,results/raw/tier_e_core4_hgb_mlp_timed_expanded/UNSW-NB15_unsw_nb15_official_full_mlp_sklearn_a4_split_shift_5.csv,nan
361,split_construction,UNSW-NB15,unsw_nb15_official_full,5,random_forest,nan,2026-06-12T10:23:49.213280+00:00,2026-06-12T10:23:49.391510+00:00,0.1782302856445312,257673,nan,nan
362,preprocessing,UNSW-NB15,unsw_nb15_official_full,5,random_forest,nan,2026-06-12T10:23:49.391623+00:00,2026-06-12T10:23:55.284512+00:00,5.892888784408569,257673,nan,nan
363,model_training,UNSW-NB15,unsw_nb15_official_full,5,random_forest,nan,2026-06-12T10:23:55.284693+00:00,2026-06-12T10:24:12.323515+00:00,17.038821697235107,257673,nan,nan
364,clean_profile,UNSW-NB15,unsw_nb15_official_full,5,random_forest,nan,2026-06-12T10:24:12.323604+00:00,2026-06-12T10:24:13.912823+00:00,1.589219570159912,257673,nan,nan
365,threat_evaluation,UNSW-NB15,unsw_nb15_official_full,5,random_forest,a0_clean,2026-06-12T10:24:13.921912+00:00,2026-06-12T10:24:14.452825+00:00,0.5309128761291504,82332,nan,nan
366,result_writing,UNSW-NB15,unsw_nb15_official_full,5,random_forest,a0_clean,2026-06-12T10:24:14.452993+00:00,2026-06-12T10:24:14.456470+00:00,0.003476858139038,1,results/raw/tier_e_core4_hgb_mlp_timed_expanded/UNSW-NB15_unsw_nb15_official_full_random_forest_a0_clean_5.csv,nan
367,threat_evaluation,UNSW-NB15,unsw_nb15_official_full,5,random_forest,a1_constrained_feature,2026-06-12T10:24:14.456522+00:00,2026-06-12T10:24:15.324386+00:00,0.8678648471832275,82332,nan,nan
368,result_writing,UNSW-NB15,unsw_nb15_official_full,5,random_forest,a1_constrained_feature,2026-06-12T10:24:15.324616+00:00,2026-06-12T10:24:15.328154+00:00,0.0035376548767089,1,results/raw/tier_e_core4_hgb_mlp_timed_expanded/UNSW-NB15_unsw_nb15_official_full_random_forest_a1_constrained_feature_5.csv,nan
369,threat_evaluation,UNSW-NB15,unsw_nb15_official_full,5,random_forest,a1_constrained_score_search,2026-06-12T10:24:15.328206+00:00,2026-06-12T10:24:18.722342+00:00,3.3941361904144287,82332,nan,nan
370,result_writing,UNSW-NB15,unsw_nb15_official_full,5,random_forest,a1_constrained_score_search,2026-06-12T10:24:18.722568+00:00,2026-06-12T10:24:18.726134+00:00,0.0035655498504638,1,results/raw/tier_e_core4_hgb_mlp_timed_expanded/UNSW-NB15_unsw_nb15_official_full_random_forest_a1_constrained_score_search_5.csv,nan
371,threat_evaluation,UNSW-NB15,unsw_nb15_official_full,5,random_forest,a4_split_shift,2026-06-12T10:24:18.726182+00:00,2026-06-12T10:24:19.255508+00:00,0.5293252468109131,82332,nan,nan
372,result_writing,UNSW-NB15,unsw_nb15_official_full,5,random_forest,a4_split_shift,2026-06-12T10:24:19.255675+00:00,2026-06-12T10:24:19.259138+00:00,0.0034630298614501,1,results/raw/tier_e_core4_hgb_mlp_timed_expanded/UNSW-NB15_unsw_nb15_official_full_random_forest_a4_split_shift_5.csv,nan
373,dataset_load,UNSW-NB15,unsw_nb15_official_full,6,nan,nan,2026-06-12T10:24:19.259191+00:00,2026-06-12T10:24:19.502857+00:00,0.2436659336090088,257673,nan,nan
374,preprocess_manifest,UNSW-NB15,unsw_nb15_official_full,6,nan,nan,2026-06-12T10:24:19.502991+00:00,2026-06-12T10:24:24.602008+00:00,5.099016189575195,257673,nan,nan
375,split_construction,UNSW-NB15,unsw_nb15_official_full,6,extra_trees,nan,2026-06-12T10:24:24.602196+00:00,2026-06-12T10:24:24.779920+00:00,0.1777231693267822,257673,nan,nan
376,preprocessing,UNSW-NB15,unsw_nb15_official_full,6,extra_trees,nan,2026-06-12T10:24:24.780030+00:00,2026-06-12T10:24:30.743895+00:00,5.963864803314209,257673,nan,nan
377,model_training,UNSW-NB15,unsw_nb15_official_full,6,extra_trees,nan,2026-06-12T10:24:30.744075+00:00,2026-06-12T10:24:50.713122+00:00,19.96904706954956,257673,nan,nan
378,clean_profile,UNSW-NB15,unsw_nb15_official_full,6,extra_trees,nan,2026-06-12T10:24:50.713211+00:00,2026-06-12T10:24:53.090812+00:00,2.377601623535156,257673,nan,nan
379,threat_evaluation,UNSW-NB15,unsw_nb15_official_full,6,extra_trees,a0_clean,2026-06-12T10:24:53.100009+00:00,2026-06-12T10:24:53.893736+00:00,0.793726921081543,82332,nan,nan
380,result_writing,UNSW-NB15,unsw_nb15_official_full,6,extra_trees,a0_clean,2026-06-12T10:24:53.893905+00:00,2026-06-12T10:24:53.897390+00:00,0.0034849643707275,1,results/raw/tier_e_core4_hgb_mlp_timed_expanded/UNSW-NB15_unsw_nb15_official_full_extra_trees_a0_clean_6.csv,nan
381,threat_evaluation,UNSW-NB15,unsw_nb15_official_full,6,extra_trees,a1_constrained_feature,2026-06-12T10:24:53.897440+00:00,2026-06-12T10:24:55.009123+00:00,1.1116828918457031,82332,nan,nan
382,result_writing,UNSW-NB15,unsw_nb15_official_full,6,extra_trees,a1_constrained_feature,2026-06-12T10:24:55.009351+00:00,2026-06-12T10:24:55.012841+00:00,0.0034899711608886,1,results/raw/tier_e_core4_hgb_mlp_timed_expanded/UNSW-NB15_unsw_nb15_official_full_extra_trees_a1_constrained_feature_6.csv,nan
383,threat_evaluation,UNSW-NB15,unsw_nb15_official_full,6,extra_trees,a1_constrained_score_search,2026-06-12T10:24:55.012891+00:00,2026-06-12T10:24:59.358317+00:00,4.345425605773926,82332,nan,nan
384,result_writing,UNSW-NB15,unsw_nb15_official_full,6,extra_trees,a1_constrained_score_search,2026-06-12T10:24:59.358548+00:00,2026-06-12T10:24:59.362078+00:00,0.0035297870635986,1,results/raw/tier_e_core4_hgb_mlp_timed_expanded/UNSW-NB15_unsw_nb15_official_full_extra_trees_a1_constrained_score_search_6.csv,nan
385,threat_evaluation,UNSW-NB15,unsw_nb15_official_full,6,extra_trees,a4_split_shift,2026-06-12T10:24:59.362130+00:00,2026-06-12T10:25:00.155436+00:00,0.7933063507080078,82332,nan,nan
386,result_writing,UNSW-NB15,unsw_nb15_official_full,6,extra_trees,a4_split_shift,2026-06-12T10:25:00.155607+00:00,2026-06-12T10:25:00.159104+00:00,0.0034968852996826,1,results/raw/tier_e_core4_hgb_mlp_timed_expanded/UNSW-NB15_unsw_nb15_official_full_extra_trees_a4_split_shift_6.csv,nan
387,split_construction,UNSW-NB15,unsw_nb15_official_full,6,hist_gradient_boosting,nan,2026-06-12T10:25:00.159201+00:00,2026-06-12T10:25:00.346059+00:00,0.1868581771850586,257673,nan,nan
388,preprocessing,UNSW-NB15,unsw_nb15_official_full,6,hist_gradient_boosting,nan,2026-06-12T10:25:00.346182+00:00,2026-06-12T10:25:06.362047+00:00,6.015865087509155,257673,nan,nan
389,model_training,UNSW-NB15,unsw_nb15_official_full,6,hist_gradient_boosting,nan,2026-06-12T10:25:06.362214+00:00,2026-06-12T10:25:13.192545+00:00,6.830330848693848,257673,nan,nan
390,clean_profile,UNSW-NB15,unsw_nb15_official_full,6,hist_gradient_boosting,nan,2026-06-12T10:25:13.192641+00:00,2026-06-12T10:25:13.470297+00:00,0.2776553630828857,257673,nan,nan
391,threat_evaluation,UNSW-NB15,unsw_nb15_official_full,6,hist_gradient_boosting,a0_clean,2026-06-12T10:25:13.479643+00:00,2026-06-12T10:25:13.578514+00:00,0.0988707542419433,82332,nan,nan
392,result_writing,UNSW-NB15,unsw_nb15_official_full,6,hist_gradient_boosting,a0_clean,2026-06-12T10:25:13.578677+00:00,2026-06-12T10:25:13.582151+00:00,0.0034739971160888,1,results/raw/tier_e_core4_hgb_mlp_timed_expanded/UNSW-NB15_unsw_nb15_official_full_hist_gradient_boosting_a0_clean_6.csv,nan
393,threat_evaluation,UNSW-NB15,unsw_nb15_official_full,6,hist_gradient_boosting,a1_constrained_feature,2026-06-12T10:25:13.582194+00:00,2026-06-12T10:25:14.071944+00:00,0.4897499084472656,82332,nan,nan
394,result_writing,UNSW-NB15,unsw_nb15_official_full,6,hist_gradient_boosting,a1_constrained_feature,2026-06-12T10:25:14.072148+00:00,2026-06-12T10:25:14.075659+00:00,0.0035109519958496,1,results/raw/tier_e_core4_hgb_mlp_timed_expanded/UNSW-NB15_unsw_nb15_official_full_hist_gradient_boosting_a1_constrained_feature_6.csv,nan
395,threat_evaluation,UNSW-NB15,unsw_nb15_official_full,6,hist_gradient_boosting,a1_constrained_score_search,2026-06-12T10:25:14.075700+00:00,2026-06-12T10:25:15.802986+00:00,1.7272868156433103,82332,nan,nan
396,result_writing,UNSW-NB15,unsw_nb15_official_full,6,hist_gradient_boosting,a1_constrained_score_search,2026-06-12T10:25:15.803218+00:00,2026-06-12T10:25:15.806795+00:00,0.003577709197998,1,results/raw/tier_e_core4_hgb_mlp_timed_expanded/UNSW-NB15_unsw_nb15_official_full_hist_gradient_boosting_a1_constrained_score_search_6.csv,nan
397,threat_evaluation,UNSW-NB15,unsw_nb15_official_full,6,hist_gradient_boosting,a4_split_shift,2026-06-12T10:25:15.806838+00:00,2026-06-12T10:25:15.921046+00:00,0.1142082214355468,82332,nan,nan
398,result_writing,UNSW-NB15,unsw_nb15_official_full,6,hist_gradient_boosting,a4_split_shift,2026-06-12T10:25:15.921211+00:00,2026-06-12T10:25:15.924577+00:00,0.0033662319183349,1,results/raw/tier_e_core4_hgb_mlp_timed_expanded/UNSW-NB15_unsw_nb15_official_full_hist_gradient_boosting_a4_split_shift_6.csv,nan
399,split_construction,UNSW-NB15,unsw_nb15_official_full,6,logistic_regression,nan,2026-06-12T10:25:15.924662+00:00,2026-06-12T10:25:16.098121+00:00,0.1734592914581298,257673,nan,nan
400,preprocessing,UNSW-NB15,unsw_nb15_official_full,6,logistic_regression,nan,2026-06-12T10:25:16.098242+00:00,2026-06-12T10:25:21.999501+00:00,5.901258945465088,257673,nan,nan
401,model_training,UNSW-NB15,unsw_nb15_official_full,6,logistic_regression,nan,2026-06-12T10:25:21.999642+00:00,2026-06-12T10:25:41.618292+00:00,19.61864972114563,257673,nan,nan
402,clean_profile,UNSW-NB15,unsw_nb15_official_full,6,logistic_regression,nan,2026-06-12T10:25:41.618393+00:00,2026-06-12T10:25:41.702687+00:00,0.0842931270599365,257673,nan,nan
403,threat_evaluation,UNSW-NB15,unsw_nb15_official_full,6,logistic_regression,a0_clean,2026-06-12T10:25:41.717223+00:00,2026-06-12T10:25:41.753495+00:00,0.0362720489501953,82332,nan,nan
404,result_writing,UNSW-NB15,unsw_nb15_official_full,6,logistic_regression,a0_clean,2026-06-12T10:25:41.753669+00:00,2026-06-12T10:25:41.757154+00:00,0.0034854412078857,1,results/raw/tier_e_core4_hgb_mlp_timed_expanded/UNSW-NB15_unsw_nb15_official_full_logistic_regression_a0_clean_6.csv,nan
405,threat_evaluation,UNSW-NB15,unsw_nb15_official_full,6,logistic_regression,a1_constrained_feature,2026-06-12T10:25:41.757206+00:00,2026-06-12T10:25:42.130842+00:00,0.3736364841461181,82332,nan,nan
406,result_writing,UNSW-NB15,unsw_nb15_official_full,6,logistic_regression,a1_constrained_feature,2026-06-12T10:25:42.131061+00:00,2026-06-12T10:25:42.134582+00:00,0.0035204887390136,1,results/raw/tier_e_core4_hgb_mlp_timed_expanded/UNSW-NB15_unsw_nb15_official_full_logistic_regression_a1_constrained_feature_6.csv,nan
407,threat_evaluation,UNSW-NB15,unsw_nb15_official_full,6,logistic_regression,a1_constrained_score_search,2026-06-12T10:25:42.134623+00:00,2026-06-12T10:25:43.334648+00:00,1.2000257968902588,82332,nan,nan
408,result_writing,UNSW-NB15,unsw_nb15_official_full,6,logistic_regression,a1_constrained_score_search,2026-06-12T10:25:43.334867+00:00,2026-06-12T10:25:43.338389+00:00,0.0035223960876464,1,results/raw/tier_e_core4_hgb_mlp_timed_expanded/UNSW-NB15_unsw_nb15_official_full_logistic_regression_a1_constrained_score_search_6.csv,nan
409,threat_evaluation,UNSW-NB15,unsw_nb15_official_full,6,logistic_regression,a4_split_shift,2026-06-12T10:25:43.338431+00:00,2026-06-12T10:25:43.374051+00:00,0.0356199741363525,82332,nan,nan
410,result_writing,UNSW-NB15,unsw_nb15_official_full,6,logistic_regression,a4_split_shift,2026-06-12T10:25:43.374215+00:00,2026-06-12T10:25:43.377710+00:00,0.0034952163696289,1,results/raw/tier_e_core4_hgb_mlp_timed_expanded/UNSW-NB15_unsw_nb15_official_full_logistic_regression_a4_split_shift_6.csv,nan
411,split_construction,UNSW-NB15,unsw_nb15_official_full,6,mlp_sklearn,nan,2026-06-12T10:25:43.377804+00:00,2026-06-12T10:25:43.555613+00:00,0.1778097152709961,257673,nan,nan
412,preprocessing,UNSW-NB15,unsw_nb15_official_full,6,mlp_sklearn,nan,2026-06-12T10:25:43.555734+00:00,2026-06-12T10:25:49.485667+00:00,5.929933547973633,257673,nan,nan
413,model_training,UNSW-NB15,unsw_nb15_official_full,6,mlp_sklearn,nan,2026-06-12T10:25:49.485840+00:00,2026-06-12T10:26:04.100051+00:00,14.614210844039915,257673,nan,nan
414,clean_profile,UNSW-NB15,unsw_nb15_official_full,6,mlp_sklearn,nan,2026-06-12T10:26:04.100138+00:00,2026-06-12T10:26:04.299033+00:00,0.1988945007324218,257673,nan,nan
415,threat_evaluation,UNSW-NB15,unsw_nb15_official_full,6,mlp_sklearn,a0_clean,2026-06-12T10:26:04.307986+00:00,2026-06-12T10:26:04.382551+00:00,0.0745649337768554,82332,nan,nan
416,result_writing,UNSW-NB15,unsw_nb15_official_full,6,mlp_sklearn,a0_clean,2026-06-12T10:26:04.382727+00:00,2026-06-12T10:26:04.386220+00:00,0.0034930706024169,1,results/raw/tier_e_core4_hgb_mlp_timed_expanded/UNSW-NB15_unsw_nb15_official_full_mlp_sklearn_a0_clean_6.csv,nan
417,threat_evaluation,UNSW-NB15,unsw_nb15_official_full,6,mlp_sklearn,a1_constrained_feature,2026-06-12T10:26:04.386268+00:00,2026-06-12T10:26:04.795980+00:00,0.409712553024292,82332,nan,nan
418,result_writing,UNSW-NB15,unsw_nb15_official_full,6,mlp_sklearn,a1_constrained_feature,2026-06-12T10:26:04.796207+00:00,2026-06-12T10:26:04.799743+00:00,0.0035357475280761,1,results/raw/tier_e_core4_hgb_mlp_timed_expanded/UNSW-NB15_unsw_nb15_official_full_mlp_sklearn_a1_constrained_feature_6.csv,nan
419,threat_evaluation,UNSW-NB15,unsw_nb15_official_full,6,mlp_sklearn,a1_constrained_score_search,2026-06-12T10:26:04.799786+00:00,2026-06-12T10:26:06.158386+00:00,1.35860013961792,82332,nan,nan
420,result_writing,UNSW-NB15,unsw_nb15_official_full,6,mlp_sklearn,a1_constrained_score_search,2026-06-12T10:26:06.158603+00:00,2026-06-12T10:26:06.162158+00:00,0.0035548210144042,1,results/raw/tier_e_core4_hgb_mlp_timed_expanded/UNSW-NB15_unsw_nb15_official_full_mlp_sklearn_a1_constrained_score_search_6.csv,nan
421,threat_evaluation,UNSW-NB15,unsw_nb15_official_full,6,mlp_sklearn,a4_split_shift,2026-06-12T10:26:06.162199+00:00,2026-06-12T10:26:06.235329+00:00,0.0731294155120849,82332,nan,nan
422,result_writing,UNSW-NB15,unsw_nb15_official_full,6,mlp_sklearn,a4_split_shift,2026-06-12T10:26:06.235501+00:00,2026-06-12T10:26:06.238885+00:00,0.0033845901489257,1,results/raw/tier_e_core4_hgb_mlp_timed_expanded/UNSW-NB15_unsw_nb15_official_full_mlp_sklearn_a4_split_shift_6.csv,nan
423,split_construction,UNSW-NB15,unsw_nb15_official_full,6,random_forest,nan,2026-06-12T10:26:06.238969+00:00,2026-06-12T10:26:06.418423+00:00,0.1794533729553222,257673,nan,nan
424,preprocessing,UNSW-NB15,unsw_nb15_official_full,6,random_forest,nan,2026-06-12T10:26:06.418544+00:00,2026-06-12T10:26:12.400588+00:00,5.982043981552124,257673,nan,nan
425,model_training,UNSW-NB15,unsw_nb15_official_full,6,random_forest,nan,2026-06-12T10:26:12.400768+00:00,2026-06-12T10:26:29.040465+00:00,16.6396963596344,257673,nan,nan
426,clean_profile,UNSW-NB15,unsw_nb15_official_full,6,random_forest,nan,2026-06-12T10:26:29.040558+00:00,2026-06-12T10:26:30.648462+00:00,1.6079041957855225,257673,nan,nan
427,threat_evaluation,UNSW-NB15,unsw_nb15_official_full,6,random_forest,a0_clean,2026-06-12T10:26:30.657415+00:00,2026-06-12T10:26:31.194353+00:00,0.536937952041626,82332,nan,nan
428,result_writing,UNSW-NB15,unsw_nb15_official_full,6,random_forest,a0_clean,2026-06-12T10:26:31.194526+00:00,2026-06-12T10:26:31.198084+00:00,0.0035586357116699,1,results/raw/tier_e_core4_hgb_mlp_timed_expanded/UNSW-NB15_unsw_nb15_official_full_random_forest_a0_clean_6.csv,nan
429,threat_evaluation,UNSW-NB15,unsw_nb15_official_full,6,random_forest,a1_constrained_feature,2026-06-12T10:26:31.198139+00:00,2026-06-12T10:26:32.076384+00:00,0.8782453536987305,82332,nan,nan
430,result_writing,UNSW-NB15,unsw_nb15_official_full,6,random_forest,a1_constrained_feature,2026-06-12T10:26:32.076616+00:00,2026-06-12T10:26:32.080183+00:00,0.0035667419433593,1,results/raw/tier_e_core4_hgb_mlp_timed_expanded/UNSW-NB15_unsw_nb15_official_full_random_forest_a1_constrained_feature_6.csv,nan
431,threat_evaluation,UNSW-NB15,unsw_nb15_official_full,6,random_forest,a1_constrained_score_search,2026-06-12T10:26:32.080245+00:00,2026-06-12T10:26:35.460073+00:00,3.379828929901123,82332,nan,nan
432,result_writing,UNSW-NB15,unsw_nb15_official_full,6,random_forest,a1_constrained_score_search,2026-06-12T10:26:35.460297+00:00,2026-06-12T10:26:35.463829+00:00,0.0035319328308105,1,results/raw/tier_e_core4_hgb_mlp_timed_expanded/UNSW-NB15_unsw_nb15_official_full_random_forest_a1_constrained_score_search_6.csv,nan
433,threat_evaluation,UNSW-NB15,unsw_nb15_official_full,6,random_forest,a4_split_shift,2026-06-12T10:26:35.463879+00:00,2026-06-12T10:26:35.996016+00:00,0.5321366786956787,82332,nan,nan
434,result_writing,UNSW-NB15,unsw_nb15_official_full,6,random_forest,a4_split_shift,2026-06-12T10:26:35.996186+00:00,2026-06-12T10:26:35.999599+00:00,0.0034132003784179,1,results/raw/tier_e_core4_hgb_mlp_timed_expanded/UNSW-NB15_unsw_nb15_official_full_random_forest_a4_split_shift_6.csv,nan
435,dataset_load,UNSW-NB15,unsw_nb15_official_full,7,nan,nan,2026-06-12T10:26:35.999650+00:00,2026-06-12T10:26:36.241879+00:00,0.2422292232513427,257673,nan,nan
436,preprocess_manifest,UNSW-NB15,unsw_nb15_official_full,7,nan,nan,2026-06-12T10:26:36.242024+00:00,2026-06-12T10:26:41.443634+00:00,5.201609611511231,257673,nan,nan
437,split_construction,UNSW-NB15,unsw_nb15_official_full,7,extra_trees,nan,2026-06-12T10:26:41.443809+00:00,2026-06-12T10:26:41.626572+00:00,0.182762861251831,257673,nan,nan
438,preprocessing,UNSW-NB15,unsw_nb15_official_full,7,extra_trees,nan,2026-06-12T10:26:41.626711+00:00,2026-06-12T10:26:47.632690+00:00,6.005978584289551,257673,nan,nan
439,model_training,UNSW-NB15,unsw_nb15_official_full,7,extra_trees,nan,2026-06-12T10:26:47.632881+00:00,2026-06-12T10:27:08.094280+00:00,20.46139907836914,257673,nan,nan
440,clean_profile,UNSW-NB15,unsw_nb15_official_full,7,extra_trees,nan,2026-06-12T10:27:08.094373+00:00,2026-06-12T10:27:10.489643+00:00,2.3952693939208984,257673,nan,nan
441,threat_evaluation,UNSW-NB15,unsw_nb15_official_full,7,extra_trees,a0_clean,2026-06-12T10:27:10.498980+00:00,2026-06-12T10:27:11.298635+00:00,0.7996554374694824,82332,nan,nan
442,result_writing,UNSW-NB15,unsw_nb15_official_full,7,extra_trees,a0_clean,2026-06-12T10:27:11.298805+00:00,2026-06-12T10:27:11.302326+00:00,0.00352144241333,1,results/raw/tier_e_core4_hgb_mlp_timed_expanded/UNSW-NB15_unsw_nb15_official_full_extra_trees_a0_clean_7.csv,nan
443,threat_evaluation,UNSW-NB15,unsw_nb15_official_full,7,extra_trees,a1_constrained_feature,2026-06-12T10:27:11.302376+00:00,2026-06-12T10:27:12.414744+00:00,1.1123685836791992,82332,nan,nan
444,result_writing,UNSW-NB15,unsw_nb15_official_full,7,extra_trees,a1_constrained_feature,2026-06-12T10:27:12.414976+00:00,2026-06-12T10:27:12.418533+00:00,0.0035574436187744,1,results/raw/tier_e_core4_hgb_mlp_timed_expanded/UNSW-NB15_unsw_nb15_official_full_extra_trees_a1_constrained_feature_7.csv,nan
445,threat_evaluation,UNSW-NB15,unsw_nb15_official_full,7,extra_trees,a1_constrained_score_search,2026-06-12T10:27:12.418583+00:00,2026-06-12T10:27:16.758168+00:00,4.339585304260254,82332,nan,nan
446,result_writing,UNSW-NB15,unsw_nb15_official_full,7,extra_trees,a1_constrained_score_search,2026-06-12T10:27:16.758393+00:00,2026-06-12T10:27:16.761915+00:00,0.0035223960876464,1,results/raw/tier_e_core4_hgb_mlp_timed_expanded/UNSW-NB15_unsw_nb15_official_full_extra_trees_a1_constrained_score_search_7.csv,nan
447,threat_evaluation,UNSW-NB15,unsw_nb15_official_full,7,extra_trees,a4_split_shift,2026-06-12T10:27:16.761966+00:00,2026-06-12T10:27:17.568054+00:00,0.8060882091522217,82332,nan,nan
448,result_writing,UNSW-NB15,unsw_nb15_official_full,7,extra_trees,a4_split_shift,2026-06-12T10:27:17.568229+00:00,2026-06-12T10:27:17.571638+00:00,0.0034093856811523,1,results/raw/tier_e_core4_hgb_mlp_timed_expanded/UNSW-NB15_unsw_nb15_official_full_extra_trees_a4_split_shift_7.csv,nan
449,split_construction,UNSW-NB15,unsw_nb15_official_full,7,hist_gradient_boosting,nan,2026-06-12T10:27:17.571735+00:00,2026-06-12T10:27:17.767095+00:00,0.1953601837158203,257673,nan,nan
450,preprocessing,UNSW-NB15,unsw_nb15_official_full,7,hist_gradient_boosting,nan,2026-06-12T10:27:17.767210+00:00,2026-06-12T10:27:23.778092+00:00,6.010881662368774,257673,nan,nan
451,model_training,UNSW-NB15,unsw_nb15_official_full,7,hist_gradient_boosting,nan,2026-06-12T10:27:23.778258+00:00,2026-06-12T10:27:30.589834+00:00,6.811575889587402,257673,nan,nan
452,clean_profile,UNSW-NB15,unsw_nb15_official_full,7,hist_gradient_boosting,nan,2026-06-12T10:27:30.589932+00:00,2026-06-12T10:27:30.865157+00:00,0.2752242088317871,257673,nan,nan
453,threat_evaluation,UNSW-NB15,unsw_nb15_official_full,7,hist_gradient_boosting,a0_clean,2026-06-12T10:27:30.876801+00:00,2026-06-12T10:27:30.978786+00:00,0.1019849777221679,82332,nan,nan
454,result_writing,UNSW-NB15,unsw_nb15_official_full,7,hist_gradient_boosting,a0_clean,2026-06-12T10:27:30.978956+00:00,2026-06-12T10:27:30.982447+00:00,0.0034911632537841,1,results/raw/tier_e_core4_hgb_mlp_timed_expanded/UNSW-NB15_unsw_nb15_official_full_hist_gradient_boosting_a0_clean_7.csv,nan
455,threat_evaluation,UNSW-NB15,unsw_nb15_official_full,7,hist_gradient_boosting,a1_constrained_feature,2026-06-12T10:27:30.982489+00:00,2026-06-12T10:27:31.458761+00:00,0.4762718677520752,82332,nan,nan
456,result_writing,UNSW-NB15,unsw_nb15_official_full,7,hist_gradient_boosting,a1_constrained_feature,2026-06-12T10:27:31.458962+00:00,2026-06-12T10:27:31.462515+00:00,0.0035529136657714,1,results/raw/tier_e_core4_hgb_mlp_timed_expanded/UNSW-NB15_unsw_nb15_official_full_hist_gradient_boosting_a1_constrained_feature_7.csv,nan
457,threat_evaluation,UNSW-NB15,unsw_nb15_official_full,7,hist_gradient_boosting,a1_constrained_score_search,2026-06-12T10:27:31.462556+00:00,2026-06-12T10:27:33.214041+00:00,1.7514848709106443,82332,nan,nan
458,result_writing,UNSW-NB15,unsw_nb15_official_full,7,hist_gradient_boosting,a1_constrained_score_search,2026-06-12T10:27:33.214277+00:00,2026-06-12T10:27:33.217862+00:00,0.0035851001739501,1,results/raw/tier_e_core4_hgb_mlp_timed_expanded/UNSW-NB15_unsw_nb15_official_full_hist_gradient_boosting_a1_constrained_score_search_7.csv,nan
459,threat_evaluation,UNSW-NB15,unsw_nb15_official_full,7,hist_gradient_boosting,a4_split_shift,2026-06-12T10:27:33.217903+00:00,2026-06-12T10:27:33.322108+00:00,0.1042046546936035,82332,nan,nan
460,result_writing,UNSW-NB15,unsw_nb15_official_full,7,hist_gradient_boosting,a4_split_shift,2026-06-12T10:27:33.322271+00:00,2026-06-12T10:27:33.325639+00:00,0.003368854522705,1,results/raw/tier_e_core4_hgb_mlp_timed_expanded/UNSW-NB15_unsw_nb15_official_full_hist_gradient_boosting_a4_split_shift_7.csv,nan
461,split_construction,UNSW-NB15,unsw_nb15_official_full,7,logistic_regression,nan,2026-06-12T10:27:33.325726+00:00,2026-06-12T10:27:33.498615+00:00,0.172889232635498,257673,nan,nan
462,preprocessing,UNSW-NB15,unsw_nb15_official_full,7,logistic_regression,nan,2026-06-12T10:27:33.498733+00:00,2026-06-12T10:27:39.476980+00:00,5.978247165679932,257673,nan,nan
463,model_training,UNSW-NB15,unsw_nb15_official_full,7,logistic_regression,nan,2026-06-12T10:27:39.477117+00:00,2026-06-12T10:27:57.439872+00:00,17.96275520324707,257673,nan,nan
464,clean_profile,UNSW-NB15,unsw_nb15_official_full,7,logistic_regression,nan,2026-06-12T10:27:57.439960+00:00,2026-06-12T10:27:57.523417+00:00,0.0834569931030273,257673,nan,nan
465,threat_evaluation,UNSW-NB15,unsw_nb15_official_full,7,logistic_regression,a0_clean,2026-06-12T10:27:57.532483+00:00,2026-06-12T10:27:57.568840+00:00,0.0363569259643554,82332,nan,nan
466,result_writing,UNSW-NB15,unsw_nb15_official_full,7,logistic_regression,a0_clean,2026-06-12T10:27:57.569014+00:00,2026-06-12T10:27:57.572497+00:00,0.0034825801849365,1,results/raw/tier_e_core4_hgb_mlp_timed_expanded/UNSW-NB15_unsw_nb15_official_full_logistic_regression_a0_clean_7.csv,nan
467,threat_evaluation,UNSW-NB15,unsw_nb15_official_full,7,logistic_regression,a1_constrained_feature,2026-06-12T10:27:57.572548+00:00,2026-06-12T10:27:58.029122+00:00,0.4565742015838623,82332,nan,nan
468,result_writing,UNSW-NB15,unsw_nb15_official_full,7,logistic_regression,a1_constrained_feature,2026-06-12T10:27:58.029345+00:00,2026-06-12T10:27:58.032845+00:00,0.0035004615783691,1,results/raw/tier_e_core4_hgb_mlp_timed_expanded/UNSW-NB15_unsw_nb15_official_full_logistic_regression_a1_constrained_feature_7.csv,nan
469,threat_evaluation,UNSW-NB15,unsw_nb15_official_full,7,logistic_regression,a1_constrained_score_search,2026-06-12T10:27:58.032889+00:00,2026-06-12T10:27:59.230990+00:00,1.198101282119751,82332,nan,nan
470,result_writing,UNSW-NB15,unsw_nb15_official_full,7,logistic_regression,a1_constrained_score_search,2026-06-12T10:27:59.231207+00:00,2026-06-12T10:27:59.234734+00:00,0.0035264492034912,1,results/raw/tier_e_core4_hgb_mlp_timed_expanded/UNSW-NB15_unsw_nb15_official_full_logistic_regression_a1_constrained_score_search_7.csv,nan
471,threat_evaluation,UNSW-NB15,unsw_nb15_official_full,7,logistic_regression,a4_split_shift,2026-06-12T10:27:59.234778+00:00,2026-06-12T10:27:59.270256+00:00,0.0354785919189453,82332,nan,nan
472,result_writing,UNSW-NB15,unsw_nb15_official_full,7,logistic_regression,a4_split_shift,2026-06-12T10:27:59.270421+00:00,2026-06-12T10:27:59.273771+00:00,0.0033502578735351,1,results/raw/tier_e_core4_hgb_mlp_timed_expanded/UNSW-NB15_unsw_nb15_official_full_logistic_regression_a4_split_shift_7.csv,nan
473,split_construction,UNSW-NB15,unsw_nb15_official_full,7,mlp_sklearn,nan,2026-06-12T10:27:59.273854+00:00,2026-06-12T10:27:59.447828+00:00,0.1739735603332519,257673,nan,nan
474,preprocessing,UNSW-NB15,unsw_nb15_official_full,7,mlp_sklearn,nan,2026-06-12T10:27:59.447947+00:00,2026-06-12T10:28:05.396278+00:00,5.948331117630005,257673,nan,nan
475,model_training,UNSW-NB15,unsw_nb15_official_full,7,mlp_sklearn,nan,2026-06-12T10:28:05.396448+00:00,2026-06-12T10:28:20.021034+00:00,14.6245858669281,257673,nan,nan
476,clean_profile,UNSW-NB15,unsw_nb15_official_full,7,mlp_sklearn,nan,2026-06-12T10:28:20.021122+00:00,2026-06-12T10:28:20.221527+00:00,0.2004058361053466,257673,nan,nan
477,threat_evaluation,UNSW-NB15,unsw_nb15_official_full,7,mlp_sklearn,a0_clean,2026-06-12T10:28:20.230259+00:00,2026-06-12T10:28:20.305857+00:00,0.0755982398986816,82332,nan,nan
478,result_writing,UNSW-NB15,unsw_nb15_official_full,7,mlp_sklearn,a0_clean,2026-06-12T10:28:20.306026+00:00,2026-06-12T10:28:20.309519+00:00,0.0034923553466796,1,results/raw/tier_e_core4_hgb_mlp_timed_expanded/UNSW-NB15_unsw_nb15_official_full_mlp_sklearn_a0_clean_7.csv,nan
479,threat_evaluation,UNSW-NB15,unsw_nb15_official_full,7,mlp_sklearn,a1_constrained_feature,2026-06-12T10:28:20.309568+00:00,2026-06-12T10:28:20.723956+00:00,0.4143874645233154,82332,nan,nan
480,result_writing,UNSW-NB15,unsw_nb15_official_full,7,mlp_sklearn,a1_constrained_feature,2026-06-12T10:28:20.724183+00:00,2026-06-12T10:28:20.727703+00:00,0.0035200119018554,1,results/raw/tier_e_core4_hgb_mlp_timed_expanded/UNSW-NB15_unsw_nb15_official_full_mlp_sklearn_a1_constrained_feature_7.csv,nan
481,threat_evaluation,UNSW-NB15,unsw_nb15_official_full,7,mlp_sklearn,a1_constrained_score_search,2026-06-12T10:28:20.727776+00:00,2026-06-12T10:28:22.087667+00:00,1.3598911762237549,82332,nan,nan
482,result_writing,UNSW-NB15,unsw_nb15_official_full,7,mlp_sklearn,a1_constrained_score_search,2026-06-12T10:28:22.087934+00:00,2026-06-12T10:28:22.091411+00:00,0.0034766197204589,1,results/raw/tier_e_core4_hgb_mlp_timed_expanded/UNSW-NB15_unsw_nb15_official_full_mlp_sklearn_a1_constrained_score_search_7.csv,nan
483,threat_evaluation,UNSW-NB15,unsw_nb15_official_full,7,mlp_sklearn,a4_split_shift,2026-06-12T10:28:22.091452+00:00,2026-06-12T10:28:22.165283+00:00,0.0738306045532226,82332,nan,nan
484,result_writing,UNSW-NB15,unsw_nb15_official_full,7,mlp_sklearn,a4_split_shift,2026-06-12T10:28:22.165449+00:00,2026-06-12T10:28:22.168828+00:00,0.0033791065216064,1,results/raw/tier_e_core4_hgb_mlp_timed_expanded/UNSW-NB15_unsw_nb15_official_full_mlp_sklearn_a4_split_shift_7.csv,nan
485,split_construction,UNSW-NB15,unsw_nb15_official_full,7,random_forest,nan,2026-06-12T10:28:22.168910+00:00,2026-06-12T10:28:22.342627+00:00,0.1737172603607177,257673,nan,nan
486,preprocessing,UNSW-NB15,unsw_nb15_official_full,7,random_forest,nan,2026-06-12T10:28:22.342736+00:00,2026-06-12T10:28:28.286508+00:00,5.943771362304688,257673,nan,nan
487,model_training,UNSW-NB15,unsw_nb15_official_full,7,random_forest,nan,2026-06-12T10:28:28.286689+00:00,2026-06-12T10:28:45.112148+00:00,16.825459718704224,257673,nan,nan
488,clean_profile,UNSW-NB15,unsw_nb15_official_full,7,random_forest,nan,2026-06-12T10:28:45.112243+00:00,2026-06-12T10:28:46.692629+00:00,1.5803864002227783,257673,nan,nan
489,threat_evaluation,UNSW-NB15,unsw_nb15_official_full,7,random_forest,a0_clean,2026-06-12T10:28:46.701189+00:00,2026-06-12T10:28:47.233277+00:00,0.5320885181427002,82332,nan,nan
490,result_writing,UNSW-NB15,unsw_nb15_official_full,7,random_forest,a0_clean,2026-06-12T10:28:47.233443+00:00,2026-06-12T10:28:47.236919+00:00,0.0034756660461425,1,results/raw/tier_e_core4_hgb_mlp_timed_expanded/UNSW-NB15_unsw_nb15_official_full_random_forest_a0_clean_7.csv,nan
491,threat_evaluation,UNSW-NB15,unsw_nb15_official_full,7,random_forest,a1_constrained_feature,2026-06-12T10:28:47.236970+00:00,2026-06-12T10:28:48.111597+00:00,0.8746271133422852,82332,nan,nan
492,result_writing,UNSW-NB15,unsw_nb15_official_full,7,random_forest,a1_constrained_feature,2026-06-12T10:28:48.111849+00:00,2026-06-12T10:28:48.115332+00:00,0.0034830570220947,1,results/raw/tier_e_core4_hgb_mlp_timed_expanded/UNSW-NB15_unsw_nb15_official_full_random_forest_a1_constrained_feature_7.csv,nan
493,threat_evaluation,UNSW-NB15,unsw_nb15_official_full,7,random_forest,a1_constrained_score_search,2026-06-12T10:28:48.115381+00:00,2026-06-12T10:28:51.487242+00:00,3.3718607425689697,82332,nan,nan
494,result_writing,UNSW-NB15,unsw_nb15_official_full,7,random_forest,a1_constrained_score_search,2026-06-12T10:28:51.487462+00:00,2026-06-12T10:28:51.491009+00:00,0.0035462379455566,1,results/raw/tier_e_core4_hgb_mlp_timed_expanded/UNSW-NB15_unsw_nb15_official_full_random_forest_a1_constrained_score_search_7.csv,nan
495,threat_evaluation,UNSW-NB15,unsw_nb15_official_full,7,random_forest,a4_split_shift,2026-06-12T10:28:51.491058+00:00,2026-06-12T10:28:52.021159+00:00,0.5301010608673096,82332,nan,nan
496,result_writing,UNSW-NB15,unsw_nb15_official_full,7,random_forest,a4_split_shift,2026-06-12T10:28:52.021329+00:00,2026-06-12T10:28:52.024789+00:00,0.0034599304199218,1,results/raw/tier_e_core4_hgb_mlp_timed_expanded/UNSW-NB15_unsw_nb15_official_full_random_forest_a4_split_shift_7.csv,nan
497,dataset_load,UNSW-NB15,unsw_nb15_official_full,8,nan,nan,2026-06-12T10:28:52.024842+00:00,2026-06-12T10:28:52.256478+00:00,0.2316358089447021,257673,nan,nan
498,preprocess_manifest,UNSW-NB15,unsw_nb15_official_full,8,nan,nan,2026-06-12T10:28:52.256618+00:00,2026-06-12T10:28:57.414185+00:00,5.157567501068115,257673,nan,nan
499,split_construction,UNSW-NB15,unsw_nb15_official_full,8,extra_trees,nan,2026-06-12T10:28:57.414320+00:00,2026-06-12T10:28:57.591029+00:00,0.1767089366912841,257673,nan,nan
500,preprocessing,UNSW-NB15,unsw_nb15_official_full,8,extra_trees,nan,2026-06-12T10:28:57.591155+00:00,2026-06-12T10:29:03.557680+00:00,5.966524839401245,257673,nan,nan
501,model_training,UNSW-NB15,unsw_nb15_official_full,8,extra_trees,nan,2026-06-12T10:29:03.557858+00:00,2026-06-12T10:29:23.630702+00:00,20.072843551635746,257673,nan,nan
502,clean_profile,UNSW-NB15,unsw_nb15_official_full,8,extra_trees,nan,2026-06-12T10:29:23.630793+00:00,2026-06-12T10:29:26.058818+00:00,2.428025722503662,257673,nan,nan
503,threat_evaluation,UNSW-NB15,unsw_nb15_official_full,8,extra_trees,a0_clean,2026-06-12T10:29:26.068091+00:00,2026-06-12T10:29:26.874753+00:00,0.80666184425354,82332,nan,nan
504,result_writing,UNSW-NB15,unsw_nb15_official_full,8,extra_trees,a0_clean,2026-06-12T10:29:26.874928+00:00,2026-06-12T10:29:26.878395+00:00,0.0034670829772949,1,results/raw/tier_e_core4_hgb_mlp_timed_expanded/UNSW-NB15_unsw_nb15_official_full_extra_trees_a0_clean_8.csv,nan
505,threat_evaluation,UNSW-NB15,unsw_nb15_official_full,8,extra_trees,a1_constrained_feature,2026-06-12T10:29:26.878447+00:00,2026-06-12T10:29:28.006023+00:00,1.1275756359100342,82332,nan,nan
506,result_writing,UNSW-NB15,unsw_nb15_official_full,8,extra_trees,a1_constrained_feature,2026-06-12T10:29:28.006246+00:00,2026-06-12T10:29:28.009772+00:00,0.0035264492034912,1,results/raw/tier_e_core4_hgb_mlp_timed_expanded/UNSW-NB15_unsw_nb15_official_full_extra_trees_a1_constrained_feature_8.csv,nan
507,threat_evaluation,UNSW-NB15,unsw_nb15_official_full,8,extra_trees,a1_constrained_score_search,2026-06-12T10:29:28.009821+00:00,2026-06-12T10:29:32.367983+00:00,4.358161687850952,82332,nan,nan
508,result_writing,UNSW-NB15,unsw_nb15_official_full,8,extra_trees,a1_constrained_score_search,2026-06-12T10:29:32.368216+00:00,2026-06-12T10:29:32.371676+00:00,0.0034601688385009,1,results/raw/tier_e_core4_hgb_mlp_timed_expanded/UNSW-NB15_unsw_nb15_official_full_extra_trees_a1_constrained_score_search_8.csv,nan
509,threat_evaluation,UNSW-NB15,unsw_nb15_official_full,8,extra_trees,a4_split_shift,2026-06-12T10:29:32.371748+00:00,2026-06-12T10:29:33.176623+00:00,0.8048751354217529,82332,nan,nan
510,result_writing,UNSW-NB15,unsw_nb15_official_full,8,extra_trees,a4_split_shift,2026-06-12T10:29:33.176794+00:00,2026-06-12T10:29:33.180227+00:00,0.0034334659576416,1,results/raw/tier_e_core4_hgb_mlp_timed_expanded/UNSW-NB15_unsw_nb15_official_full_extra_trees_a4_split_shift_8.csv,nan
511,split_construction,UNSW-NB15,unsw_nb15_official_full,8,hist_gradient_boosting,nan,2026-06-12T10:29:33.180313+00:00,2026-06-12T10:29:33.364587+00:00,0.1842739582061767,257673,nan,nan
512,preprocessing,UNSW-NB15,unsw_nb15_official_full,8,hist_gradient_boosting,nan,2026-06-12T10:29:33.364704+00:00,2026-06-12T10:29:39.463994+00:00,6.099290132522583,257673,nan,nan
513,model_training,UNSW-NB15,unsw_nb15_official_full,8,hist_gradient_boosting,nan,2026-06-12T10:29:39.464158+00:00,2026-06-12T10:29:46.227196+00:00,6.763037443161011,257673,nan,nan
514,clean_profile,UNSW-NB15,unsw_nb15_official_full,8,hist_gradient_boosting,nan,2026-06-12T10:29:46.227297+00:00,2026-06-12T10:29:46.497667+00:00,0.2703702449798584,257673,nan,nan
515,threat_evaluation,UNSW-NB15,unsw_nb15_official_full,8,hist_gradient_boosting,a0_clean,2026-06-12T10:29:46.508563+00:00,2026-06-12T10:29:46.604862+00:00,0.096299409866333,82332,nan,nan
516,result_writing,UNSW-NB15,unsw_nb15_official_full,8,hist_gradient_boosting,a0_clean,2026-06-12T10:29:46.605029+00:00,2026-06-12T10:29:46.608522+00:00,0.003493309020996,1,results/raw/tier_e_core4_hgb_mlp_timed_expanded/UNSW-NB15_unsw_nb15_official_full_hist_gradient_boosting_a0_clean_8.csv,nan
517,threat_evaluation,UNSW-NB15,unsw_nb15_official_full,8,hist_gradient_boosting,a1_constrained_feature,2026-06-12T10:29:46.608566+00:00,2026-06-12T10:29:47.105575+00:00,0.49700927734375,82332,nan,nan
518,result_writing,UNSW-NB15,unsw_nb15_official_full,8,hist_gradient_boosting,a1_constrained_feature,2026-06-12T10:29:47.105775+00:00,2026-06-12T10:29:47.109346+00:00,0.0035710334777832,1,results/raw/tier_e_core4_hgb_mlp_timed_expanded/UNSW-NB15_unsw_nb15_official_full_hist_gradient_boosting_a1_constrained_feature_8.csv,nan
519,threat_evaluation,UNSW-NB15,unsw_nb15_official_full,8,hist_gradient_boosting,a1_constrained_score_search,2026-06-12T10:29:47.109388+00:00,2026-06-12T10:29:48.855256+00:00,1.7458672523498535,82332,nan,nan
520,result_writing,UNSW-NB15,unsw_nb15_official_full,8,hist_gradient_boosting,a1_constrained_score_search,2026-06-12T10:29:48.855483+00:00,2026-06-12T10:29:48.859020+00:00,0.0035371780395507,1,results/raw/tier_e_core4_hgb_mlp_timed_expanded/UNSW-NB15_unsw_nb15_official_full_hist_gradient_boosting_a1_constrained_score_search_8.csv,nan
521,threat_evaluation,UNSW-NB15,unsw_nb15_official_full,8,hist_gradient_boosting,a4_split_shift,2026-06-12T10:29:48.859061+00:00,2026-06-12T10:29:48.967211+00:00,0.1081504821777343,82332,nan,nan
522,result_writing,UNSW-NB15,unsw_nb15_official_full,8,hist_gradient_boosting,a4_split_shift,2026-06-12T10:29:48.967381+00:00,2026-06-12T10:29:48.970758+00:00,0.0033769607543945,1,results/raw/tier_e_core4_hgb_mlp_timed_expanded/UNSW-NB15_unsw_nb15_official_full_hist_gradient_boosting_a4_split_shift_8.csv,nan
523,split_construction,UNSW-NB15,unsw_nb15_official_full,8,logistic_regression,nan,2026-06-12T10:29:48.970839+00:00,2026-06-12T10:29:49.145324+00:00,0.1744849681854248,257673,nan,nan
524,preprocessing,UNSW-NB15,unsw_nb15_official_full,8,logistic_regression,nan,2026-06-12T10:29:49.145440+00:00,2026-06-12T10:29:55.049479+00:00,5.90403938293457,257673,nan,nan
525,model_training,UNSW-NB15,unsw_nb15_official_full,8,logistic_regression,nan,2026-06-12T10:29:55.049623+00:00,2026-06-12T10:30:14.253681+00:00,19.204057455062863,257673,nan,nan
526,clean_profile,UNSW-NB15,unsw_nb15_official_full,8,logistic_regression,nan,2026-06-12T10:30:14.253771+00:00,2026-06-12T10:30:14.337650+00:00,0.0838785171508789,257673,nan,nan
527,threat_evaluation,UNSW-NB15,unsw_nb15_official_full,8,logistic_regression,a0_clean,2026-06-12T10:30:14.353050+00:00,2026-06-12T10:30:14.389268+00:00,0.0362186431884765,82332,nan,nan
528,result_writing,UNSW-NB15,unsw_nb15_official_full,8,logistic_regression,a0_clean,2026-06-12T10:30:14.389438+00:00,2026-06-12T10:30:14.392935+00:00,0.0034964084625244,1,results/raw/tier_e_core4_hgb_mlp_timed_expanded/UNSW-NB15_unsw_nb15_official_full_logistic_regression_a0_clean_8.csv,nan
529,threat_evaluation,UNSW-NB15,unsw_nb15_official_full,8,logistic_regression,a1_constrained_feature,2026-06-12T10:30:14.392983+00:00,2026-06-12T10:30:14.765834+00:00,0.3728508949279785,82332,nan,nan
530,result_writing,UNSW-NB15,unsw_nb15_official_full,8,logistic_regression,a1_constrained_feature,2026-06-12T10:30:14.766057+00:00,2026-06-12T10:30:14.769581+00:00,0.0035240650177001,1,results/raw/tier_e_core4_hgb_mlp_timed_expanded/UNSW-NB15_unsw_nb15_official_full_logistic_regression_a1_constrained_feature_8.csv,nan
531,threat_evaluation,UNSW-NB15,unsw_nb15_official_full,8,logistic_regression,a1_constrained_score_search,2026-06-12T10:30:14.769620+00:00,2026-06-12T10:30:15.972233+00:00,1.2026128768920898,82332,nan,nan
532,result_writing,UNSW-NB15,unsw_nb15_official_full,8,logistic_regression,a1_constrained_score_search,2026-06-12T10:30:15.972456+00:00,2026-06-12T10:30:15.975996+00:00,0.0035402774810791,1,results/raw/tier_e_core4_hgb_mlp_timed_expanded/UNSW-NB15_unsw_nb15_official_full_logistic_regression_a1_constrained_score_search_8.csv,nan
533,threat_evaluation,UNSW-NB15,unsw_nb15_official_full,8,logistic_regression,a4_split_shift,2026-06-12T10:30:15.976037+00:00,2026-06-12T10:30:16.011557+00:00,0.035520315170288,82332,nan,nan
534,result_writing,UNSW-NB15,unsw_nb15_official_full,8,logistic_regression,a4_split_shift,2026-06-12T10:30:16.011751+00:00,2026-06-12T10:30:16.015098+00:00,0.0033464431762695,1,results/raw/tier_e_core4_hgb_mlp_timed_expanded/UNSW-NB15_unsw_nb15_official_full_logistic_regression_a4_split_shift_8.csv,nan
535,split_construction,UNSW-NB15,unsw_nb15_official_full,8,mlp_sklearn,nan,2026-06-12T10:30:16.015183+00:00,2026-06-12T10:30:16.193916+00:00,0.1787326335906982,257673,nan,nan
536,preprocessing,UNSW-NB15,unsw_nb15_official_full,8,mlp_sklearn,nan,2026-06-12T10:30:16.194041+00:00,2026-06-12T10:30:22.094581+00:00,5.900540351867676,257673,nan,nan
537,model_training,UNSW-NB15,unsw_nb15_official_full,8,mlp_sklearn,nan,2026-06-12T10:30:22.094745+00:00,2026-06-12T10:30:40.713131+00:00,18.618385791778564,257673,nan,nan
538,clean_profile,UNSW-NB15,unsw_nb15_official_full,8,mlp_sklearn,nan,2026-06-12T10:30:40.713220+00:00,2026-06-12T10:30:40.916700+00:00,0.2034804821014404,257673,nan,nan
539,threat_evaluation,UNSW-NB15,unsw_nb15_official_full,8,mlp_sklearn,a0_clean,2026-06-12T10:30:40.925692+00:00,2026-06-12T10:30:40.999340+00:00,0.0736482143402099,82332,nan,nan
540,result_writing,UNSW-NB15,unsw_nb15_official_full,8,mlp_sklearn,a0_clean,2026-06-12T10:30:40.999515+00:00,2026-06-12T10:30:41.003018+00:00,0.0035033226013183,1,results/raw/tier_e_core4_hgb_mlp_timed_expanded/UNSW-NB15_unsw_nb15_official_full_mlp_sklearn_a0_clean_8.csv,nan
541,threat_evaluation,UNSW-NB15,unsw_nb15_official_full,8,mlp_sklearn,a1_constrained_feature,2026-06-12T10:30:41.003069+00:00,2026-06-12T10:30:41.411462+00:00,0.408393383026123,82332,nan,nan
542,result_writing,UNSW-NB15,unsw_nb15_official_full,8,mlp_sklearn,a1_constrained_feature,2026-06-12T10:30:41.411690+00:00,2026-06-12T10:30:41.415229+00:00,0.0035386085510253,1,results/raw/tier_e_core4_hgb_mlp_timed_expanded/UNSW-NB15_unsw_nb15_official_full_mlp_sklearn_a1_constrained_feature_8.csv,nan
543,threat_evaluation,UNSW-NB15,unsw_nb15_official_full,8,mlp_sklearn,a1_constrained_score_search,2026-06-12T10:30:41.415269+00:00,2026-06-12T10:30:42.768034+00:00,1.3527653217315674,82332,nan,nan
544,result_writing,UNSW-NB15,unsw_nb15_official_full,8,mlp_sklearn,a1_constrained_score_search,2026-06-12T10:30:42.768262+00:00,2026-06-12T10:30:42.771814+00:00,0.003551959991455,1,results/raw/tier_e_core4_hgb_mlp_timed_expanded/UNSW-NB15_unsw_nb15_official_full_mlp_sklearn_a1_constrained_score_search_8.csv,nan
545,threat_evaluation,UNSW-NB15,unsw_nb15_official_full,8,mlp_sklearn,a4_split_shift,2026-06-12T10:30:42.771859+00:00,2026-06-12T10:30:42.844297+00:00,0.0724384784698486,82332,nan,nan
546,result_writing,UNSW-NB15,unsw_nb15_official_full,8,mlp_sklearn,a4_split_shift,2026-06-12T10:30:42.844466+00:00,2026-06-12T10:30:42.847909+00:00,0.0034432411193847,1,results/raw/tier_e_core4_hgb_mlp_timed_expanded/UNSW-NB15_unsw_nb15_official_full_mlp_sklearn_a4_split_shift_8.csv,nan
547,split_construction,UNSW-NB15,unsw_nb15_official_full,8,random_forest,nan,2026-06-12T10:30:42.847990+00:00,2026-06-12T10:30:43.026112+00:00,0.17812180519104,257673,nan,nan
548,preprocessing,UNSW-NB15,unsw_nb15_official_full,8,random_forest,nan,2026-06-12T10:30:43.026228+00:00,2026-06-12T10:30:48.905531+00:00,5.879302740097046,257673,nan,nan
549,model_training,UNSW-NB15,unsw_nb15_official_full,8,random_forest,nan,2026-06-12T10:30:48.905710+00:00,2026-06-12T10:31:05.713755+00:00,16.808045625686646,257673,nan,nan
550,clean_profile,UNSW-NB15,unsw_nb15_official_full,8,random_forest,nan,2026-06-12T10:31:05.713840+00:00,2026-06-12T10:31:07.313110+00:00,1.5992703437805176,257673,nan,nan
551,threat_evaluation,UNSW-NB15,unsw_nb15_official_full,8,random_forest,a0_clean,2026-06-12T10:31:07.322124+00:00,2026-06-12T10:31:07.861064+00:00,0.5389404296875,82332,nan,nan
552,result_writing,UNSW-NB15,unsw_nb15_official_full,8,random_forest,a0_clean,2026-06-12T10:31:07.861241+00:00,2026-06-12T10:31:07.864706+00:00,0.0034646987915039,1,results/raw/tier_e_core4_hgb_mlp_timed_expanded/UNSW-NB15_unsw_nb15_official_full_random_forest_a0_clean_8.csv,nan
553,threat_evaluation,UNSW-NB15,unsw_nb15_official_full,8,random_forest,a1_constrained_feature,2026-06-12T10:31:07.864754+00:00,2026-06-12T10:31:08.742931+00:00,0.8781766891479492,82332,nan,nan
554,result_writing,UNSW-NB15,unsw_nb15_official_full,8,random_forest,a1_constrained_feature,2026-06-12T10:31:08.743150+00:00,2026-06-12T10:31:08.746676+00:00,0.0035257339477539,1,results/raw/tier_e_core4_hgb_mlp_timed_expanded/UNSW-NB15_unsw_nb15_official_full_random_forest_a1_constrained_feature_8.csv,nan
555,threat_evaluation,UNSW-NB15,unsw_nb15_official_full,8,random_forest,a1_constrained_score_search,2026-06-12T10:31:08.746735+00:00,2026-06-12T10:31:12.123593+00:00,3.3768582344055176,82332,nan,nan
556,result_writing,UNSW-NB15,unsw_nb15_official_full,8,random_forest,a1_constrained_score_search,2026-06-12T10:31:12.123863+00:00,2026-06-12T10:31:12.127347+00:00,0.003483772277832,1,results/raw/tier_e_core4_hgb_mlp_timed_expanded/UNSW-NB15_unsw_nb15_official_full_random_forest_a1_constrained_score_search_8.csv,nan
557,threat_evaluation,UNSW-NB15,unsw_nb15_official_full,8,random_forest,a4_split_shift,2026-06-12T10:31:12.127397+00:00,2026-06-12T10:31:12.661724+00:00,0.5343270301818848,82332,nan,nan
558,result_writing,UNSW-NB15,unsw_nb15_official_full,8,random_forest,a4_split_shift,2026-06-12T10:31:12.661898+00:00,2026-06-12T10:31:12.665324+00:00,0.0034263134002685,1,results/raw/tier_e_core4_hgb_mlp_timed_expanded/UNSW-NB15_unsw_nb15_official_full_random_forest_a4_split_shift_8.csv,nan
559,dataset_load,UNSW-NB15,unsw_nb15_official_full,9,nan,nan,2026-06-12T10:31:12.665375+00:00,2026-06-12T10:31:12.907284+00:00,0.2419080734252929,257673,nan,nan
560,preprocess_manifest,UNSW-NB15,unsw_nb15_official_full,9,nan,nan,2026-06-12T10:31:12.907425+00:00,2026-06-12T10:31:18.161300+00:00,5.253875732421875,257673,nan,nan
561,split_construction,UNSW-NB15,unsw_nb15_official_full,9,extra_trees,nan,2026-06-12T10:31:18.161483+00:00,2026-06-12T10:31:18.344761+00:00,0.1832780838012695,257673,nan,nan
562,preprocessing,UNSW-NB15,unsw_nb15_official_full,9,extra_trees,nan,2026-06-12T10:31:18.344879+00:00,2026-06-12T10:31:24.326802+00:00,5.981923580169678,257673,nan,nan
563,model_training,UNSW-NB15,unsw_nb15_official_full,9,extra_trees,nan,2026-06-12T10:31:24.326982+00:00,2026-06-12T10:31:45.122835+00:00,20.79585266113281,257673,nan,nan
564,clean_profile,UNSW-NB15,unsw_nb15_official_full,9,extra_trees,nan,2026-06-12T10:31:45.122926+00:00,2026-06-12T10:31:47.546260+00:00,2.423333644866944,257673,nan,nan
565,threat_evaluation,UNSW-NB15,unsw_nb15_official_full,9,extra_trees,a0_clean,2026-06-12T10:31:47.555660+00:00,2026-06-12T10:31:48.375570+00:00,0.8199098110198975,82332,nan,nan
566,result_writing,UNSW-NB15,unsw_nb15_official_full,9,extra_trees,a0_clean,2026-06-12T10:31:48.375765+00:00,2026-06-12T10:31:48.379201+00:00,0.0034360885620117,1,results/raw/tier_e_core4_hgb_mlp_timed_expanded/UNSW-NB15_unsw_nb15_official_full_extra_trees_a0_clean_9.csv,nan
567,threat_evaluation,UNSW-NB15,unsw_nb15_official_full,9,extra_trees,a1_constrained_feature,2026-06-12T10:31:48.379252+00:00,2026-06-12T10:31:49.516918+00:00,1.1376655101776123,82332,nan,nan
568,result_writing,UNSW-NB15,unsw_nb15_official_full,9,extra_trees,a1_constrained_feature,2026-06-12T10:31:49.517155+00:00,2026-06-12T10:31:49.520643+00:00,0.0034875869750976,1,results/raw/tier_e_core4_hgb_mlp_timed_expanded/UNSW-NB15_unsw_nb15_official_full_extra_trees_a1_constrained_feature_9.csv,nan
569,threat_evaluation,UNSW-NB15,unsw_nb15_official_full,9,extra_trees,a1_constrained_score_search,2026-06-12T10:31:49.520695+00:00,2026-06-12T10:31:53.868416+00:00,4.347720384597778,82332,nan,nan
570,result_writing,UNSW-NB15,unsw_nb15_official_full,9,extra_trees,a1_constrained_score_search,2026-06-12T10:31:53.868642+00:00,2026-06-12T10:31:53.872144+00:00,0.003502607345581,1,results/raw/tier_e_core4_hgb_mlp_timed_expanded/UNSW-NB15_unsw_nb15_official_full_extra_trees_a1_constrained_score_search_9.csv,nan
571,threat_evaluation,UNSW-NB15,unsw_nb15_official_full,9,extra_trees,a4_split_shift,2026-06-12T10:31:53.872196+00:00,2026-06-12T10:31:54.688486+00:00,0.8162899017333984,82332,nan,nan
572,result_writing,UNSW-NB15,unsw_nb15_official_full,9,extra_trees,a4_split_shift,2026-06-12T10:31:54.688656+00:00,2026-06-12T10:31:54.692038+00:00,0.0033819675445556,1,results/raw/tier_e_core4_hgb_mlp_timed_expanded/UNSW-NB15_unsw_nb15_official_full_extra_trees_a4_split_shift_9.csv,nan
573,split_construction,UNSW-NB15,unsw_nb15_official_full,9,hist_gradient_boosting,nan,2026-06-12T10:31:54.692125+00:00,2026-06-12T10:31:54.884392+00:00,0.1922671794891357,257673,nan,nan
574,preprocessing,UNSW-NB15,unsw_nb15_official_full,9,hist_gradient_boosting,nan,2026-06-12T10:31:54.884501+00:00,2026-06-12T10:32:00.892184+00:00,6.007683277130127,257673,nan,nan
575,model_training,UNSW-NB15,unsw_nb15_official_full,9,hist_gradient_boosting,nan,2026-06-12T10:32:00.892350+00:00,2026-06-12T10:32:07.795460+00:00,6.903110265731812,257673,nan,nan
576,clean_profile,UNSW-NB15,unsw_nb15_official_full,9,hist_gradient_boosting,nan,2026-06-12T10:32:07.795562+00:00,2026-06-12T10:32:08.071289+00:00,0.2757272720336914,257673,nan,nan
577,threat_evaluation,UNSW-NB15,unsw_nb15_official_full,9,hist_gradient_boosting,a0_clean,2026-06-12T10:32:08.084280+00:00,2026-06-12T10:32:08.182480+00:00,0.0982000827789306,82332,nan,nan
578,result_writing,UNSW-NB15,unsw_nb15_official_full,9,hist_gradient_boosting,a0_clean,2026-06-12T10:32:08.182652+00:00,2026-06-12T10:32:08.222318+00:00,0.039665937423706,1,results/raw/tier_e_core4_hgb_mlp_timed_expanded/UNSW-NB15_unsw_nb15_official_full_hist_gradient_boosting_a0_clean_9.csv,nan
579,threat_evaluation,UNSW-NB15,unsw_nb15_official_full,9,hist_gradient_boosting,a1_constrained_feature,2026-06-12T10:32:08.222392+00:00,2026-06-12T10:32:08.705908+00:00,0.483515977859497,82332,nan,nan
580,result_writing,UNSW-NB15,unsw_nb15_official_full,9,hist_gradient_boosting,a1_constrained_feature,2026-06-12T10:32:08.706108+00:00,2026-06-12T10:32:08.709656+00:00,0.0035481452941894,1,results/raw/tier_e_core4_hgb_mlp_timed_expanded/UNSW-NB15_unsw_nb15_official_full_hist_gradient_boosting_a1_constrained_feature_9.csv,nan
581,threat_evaluation,UNSW-NB15,unsw_nb15_official_full,9,hist_gradient_boosting,a1_constrained_score_search,2026-06-12T10:32:08.709699+00:00,2026-06-12T10:32:10.482795+00:00,1.7730963230133057,82332,nan,nan
582,result_writing,UNSW-NB15,unsw_nb15_official_full,9,hist_gradient_boosting,a1_constrained_score_search,2026-06-12T10:32:10.483018+00:00,2026-06-12T10:32:10.486541+00:00,0.0035226345062255,1,results/raw/tier_e_core4_hgb_mlp_timed_expanded/UNSW-NB15_unsw_nb15_official_full_hist_gradient_boosting_a1_constrained_score_search_9.csv,nan
583,threat_evaluation,UNSW-NB15,unsw_nb15_official_full,9,hist_gradient_boosting,a4_split_shift,2026-06-12T10:32:10.486581+00:00,2026-06-12T10:32:10.601927+00:00,0.1153454780578613,82332,nan,nan
584,result_writing,UNSW-NB15,unsw_nb15_official_full,9,hist_gradient_boosting,a4_split_shift,2026-06-12T10:32:10.602093+00:00,2026-06-12T10:32:10.605512+00:00,0.0034189224243164,1,results/raw/tier_e_core4_hgb_mlp_timed_expanded/UNSW-NB15_unsw_nb15_official_full_hist_gradient_boosting_a4_split_shift_9.csv,nan
585,split_construction,UNSW-NB15,unsw_nb15_official_full,9,logistic_regression,nan,2026-06-12T10:32:10.605621+00:00,2026-06-12T10:32:10.783751+00:00,0.1781306266784668,257673,nan,nan
586,preprocessing,UNSW-NB15,unsw_nb15_official_full,9,logistic_regression,nan,2026-06-12T10:32:10.783870+00:00,2026-06-12T10:32:16.703939+00:00,5.920069694519043,257673,nan,nan
587,model_training,UNSW-NB15,unsw_nb15_official_full,9,logistic_regression,nan,2026-06-12T10:32:16.704078+00:00,2026-06-12T10:32:35.857500+00:00,19.153421878814697,257673,nan,nan
588,clean_profile,UNSW-NB15,unsw_nb15_official_full,9,logistic_regression,nan,2026-06-12T10:32:35.857592+00:00,2026-06-12T10:32:35.941299+00:00,0.0837073326110839,257673,nan,nan
589,threat_evaluation,UNSW-NB15,unsw_nb15_official_full,9,logistic_regression,a0_clean,2026-06-12T10:32:35.950571+00:00,2026-06-12T10:32:35.986593+00:00,0.0360212326049804,82332,nan,nan
590,result_writing,UNSW-NB15,unsw_nb15_official_full,9,logistic_regression,a0_clean,2026-06-12T10:32:35.986753+00:00,2026-06-12T10:32:35.990236+00:00,0.0034823417663574,1,results/raw/tier_e_core4_hgb_mlp_timed_expanded/UNSW-NB15_unsw_nb15_official_full_logistic_regression_a0_clean_9.csv,nan
591,threat_evaluation,UNSW-NB15,unsw_nb15_official_full,9,logistic_regression,a1_constrained_feature,2026-06-12T10:32:35.990285+00:00,2026-06-12T10:32:36.362480+00:00,0.372194766998291,82332,nan,nan
592,result_writing,UNSW-NB15,unsw_nb15_official_full,9,logistic_regression,a1_constrained_feature,2026-06-12T10:32:36.362715+00:00,2026-06-12T10:32:36.366221+00:00,0.0035061836242675,1,results/raw/tier_e_core4_hgb_mlp_timed_expanded/UNSW-NB15_unsw_nb15_official_full_logistic_regression_a1_constrained_feature_9.csv,nan
593,threat_evaluation,UNSW-NB15,unsw_nb15_official_full,9,logistic_regression,a1_constrained_score_search,2026-06-12T10:32:36.366262+00:00,2026-06-12T10:32:37.562075+00:00,1.195812702178955,82332,nan,nan
594,result_writing,UNSW-NB15,unsw_nb15_official_full,9,logistic_regression,a1_constrained_score_search,2026-06-12T10:32:37.562308+00:00,2026-06-12T10:32:37.565820+00:00,0.0035126209259033,1,results/raw/tier_e_core4_hgb_mlp_timed_expanded/UNSW-NB15_unsw_nb15_official_full_logistic_regression_a1_constrained_score_search_9.csv,nan
595,threat_evaluation,UNSW-NB15,unsw_nb15_official_full,9,logistic_regression,a4_split_shift,2026-06-12T10:32:37.565861+00:00,2026-06-12T10:32:37.601283+00:00,0.0354220867156982,82332,nan,nan
596,result_writing,UNSW-NB15,unsw_nb15_official_full,9,logistic_regression,a4_split_shift,2026-06-12T10:32:37.601446+00:00,2026-06-12T10:32:37.604837+00:00,0.0033905506134033,1,results/raw/tier_e_core4_hgb_mlp_timed_expanded/UNSW-NB15_unsw_nb15_official_full_logistic_regression_a4_split_shift_9.csv,nan
597,split_construction,UNSW-NB15,unsw_nb15_official_full,9,mlp_sklearn,nan,2026-06-12T10:32:37.604923+00:00,2026-06-12T10:32:37.779222+00:00,0.174299955368042,257673,nan,nan
598,preprocessing,UNSW-NB15,unsw_nb15_official_full,9,mlp_sklearn,nan,2026-06-12T10:32:37.779343+00:00,2026-06-12T10:32:43.694069+00:00,5.9147255420684814,257673,nan,nan
599,model_training,UNSW-NB15,unsw_nb15_official_full,9,mlp_sklearn,nan,2026-06-12T10:32:43.694235+00:00,2026-06-12T10:32:57.730846+00:00,14.036611080169678,257673,nan,nan
600,clean_profile,UNSW-NB15,unsw_nb15_official_full,9,mlp_sklearn,nan,2026-06-12T10:32:57.730933+00:00,2026-06-12T10:32:57.929374+00:00,0.1984410285949707,257673,nan,nan
601,threat_evaluation,UNSW-NB15,unsw_nb15_official_full,9,mlp_sklearn,a0_clean,2026-06-12T10:32:57.945480+00:00,2026-06-12T10:32:58.022951+00:00,0.0774707794189453,82332,nan,nan
602,result_writing,UNSW-NB15,unsw_nb15_official_full,9,mlp_sklearn,a0_clean,2026-06-12T10:32:58.023121+00:00,2026-06-12T10:32:58.026736+00:00,0.0036144256591796,1,results/raw/tier_e_core4_hgb_mlp_timed_expanded/UNSW-NB15_unsw_nb15_official_full_mlp_sklearn_a0_clean_9.csv,nan
603,threat_evaluation,UNSW-NB15,unsw_nb15_official_full,9,mlp_sklearn,a1_constrained_feature,2026-06-12T10:32:58.026787+00:00,2026-06-12T10:32:58.438685+00:00,0.4118978977203369,82332,nan,nan
604,result_writing,UNSW-NB15,unsw_nb15_official_full,9,mlp_sklearn,a1_constrained_feature,2026-06-12T10:32:58.438910+00:00,2026-06-12T10:32:58.442479+00:00,0.0035681724548339,1,results/raw/tier_e_core4_hgb_mlp_timed_expanded/UNSW-NB15_unsw_nb15_official_full_mlp_sklearn_a1_constrained_feature_9.csv,nan
605,threat_evaluation,UNSW-NB15,unsw_nb15_official_full,9,mlp_sklearn,a1_constrained_score_search,2026-06-12T10:32:58.442518+00:00,2026-06-12T10:32:59.893509+00:00,1.4509902000427246,82332,nan,nan
606,result_writing,UNSW-NB15,unsw_nb15_official_full,9,mlp_sklearn,a1_constrained_score_search,2026-06-12T10:32:59.893736+00:00,2026-06-12T10:32:59.897243+00:00,0.0035064220428466,1,results/raw/tier_e_core4_hgb_mlp_timed_expanded/UNSW-NB15_unsw_nb15_official_full_mlp_sklearn_a1_constrained_score_search_9.csv,nan
607,threat_evaluation,UNSW-NB15,unsw_nb15_official_full,9,mlp_sklearn,a4_split_shift,2026-06-12T10:32:59.897285+00:00,2026-06-12T10:32:59.970937+00:00,0.0736515522003173,82332,nan,nan
608,result_writing,UNSW-NB15,unsw_nb15_official_full,9,mlp_sklearn,a4_split_shift,2026-06-12T10:32:59.971107+00:00,2026-06-12T10:32:59.974499+00:00,0.0033924579620361,1,results/raw/tier_e_core4_hgb_mlp_timed_expanded/UNSW-NB15_unsw_nb15_official_full_mlp_sklearn_a4_split_shift_9.csv,nan
609,split_construction,UNSW-NB15,unsw_nb15_official_full,9,random_forest,nan,2026-06-12T10:32:59.974583+00:00,2026-06-12T10:33:00.164462+00:00,0.1898796558380127,257673,nan,nan
610,preprocessing,UNSW-NB15,unsw_nb15_official_full,9,random_forest,nan,2026-06-12T10:33:00.164587+00:00,2026-06-12T10:33:06.067379+00:00,5.902791976928711,257673,nan,nan
611,model_training,UNSW-NB15,unsw_nb15_official_full,9,random_forest,nan,2026-06-12T10:33:06.067560+00:00,2026-06-12T10:33:22.490807+00:00,16.42324686050415,257673,nan,nan
612,clean_profile,UNSW-NB15,unsw_nb15_official_full,9,random_forest,nan,2026-06-12T10:33:22.490899+00:00,2026-06-12T10:33:24.098376+00:00,1.6074769496917725,257673,nan,nan
613,threat_evaluation,UNSW-NB15,unsw_nb15_official_full,9,random_forest,a0_clean,2026-06-12T10:33:24.107378+00:00,2026-06-12T10:33:24.637918+00:00,0.5305395126342773,82332,nan,nan
614,result_writing,UNSW-NB15,unsw_nb15_official_full,9,random_forest,a0_clean,2026-06-12T10:33:24.638082+00:00,2026-06-12T10:33:24.641578+00:00,0.0034959316253662,1,results/raw/tier_e_core4_hgb_mlp_timed_expanded/UNSW-NB15_unsw_nb15_official_full_random_forest_a0_clean_9.csv,nan
615,threat_evaluation,UNSW-NB15,unsw_nb15_official_full,9,random_forest,a1_constrained_feature,2026-06-12T10:33:24.641628+00:00,2026-06-12T10:33:25.515521+00:00,0.8738925457000732,82332,nan,nan
616,result_writing,UNSW-NB15,unsw_nb15_official_full,9,random_forest,a1_constrained_feature,2026-06-12T10:33:25.515788+00:00,2026-06-12T10:33:25.519330+00:00,0.0035417079925537,1,results/raw/tier_e_core4_hgb_mlp_timed_expanded/UNSW-NB15_unsw_nb15_official_full_random_forest_a1_constrained_feature_9.csv,nan
617,threat_evaluation,UNSW-NB15,unsw_nb15_official_full,9,random_forest,a1_constrained_score_search,2026-06-12T10:33:25.519378+00:00,2026-06-12T10:33:28.900530+00:00,3.381152391433716,82332,nan,nan
618,result_writing,UNSW-NB15,unsw_nb15_official_full,9,random_forest,a1_constrained_score_search,2026-06-12T10:33:28.900751+00:00,2026-06-12T10:33:28.904345+00:00,0.0035943984985351,1,results/raw/tier_e_core4_hgb_mlp_timed_expanded/UNSW-NB15_unsw_nb15_official_full_random_forest_a1_constrained_score_search_9.csv,nan
619,threat_evaluation,UNSW-NB15,unsw_nb15_official_full,9,random_forest,a4_split_shift,2026-06-12T10:33:28.904396+00:00,2026-06-12T10:33:29.444128+00:00,0.5397324562072754,82332,nan,nan
620,result_writing,UNSW-NB15,unsw_nb15_official_full,9,random_forest,a4_split_shift,2026-06-12T10:33:29.444296+00:00,2026-06-12T10:33:29.447685+00:00,0.0033886432647705,1,results/raw/tier_e_core4_hgb_mlp_timed_expanded/UNSW-NB15_unsw_nb15_official_full_random_forest_a4_split_shift_9.csv,nan
621,dataset_load,TON_IoT,ton_iot_attack_family_holdout_full,0,nan,nan,2026-06-12T10:33:29.447777+00:00,2026-06-12T10:33:30.787854+00:00,1.3400766849517822,211043,nan,nan
622,preprocess_manifest,TON_IoT,ton_iot_attack_family_holdout_full,0,nan,nan,2026-06-12T10:33:30.787992+00:00,2026-06-12T10:33:35.400751+00:00,4.612758636474609,211043,nan,nan
623,split_construction,TON_IoT,ton_iot_attack_family_holdout_full,0,extra_trees,nan,2026-06-12T10:33:35.400958+00:00,2026-06-12T10:33:35.554225+00:00,0.1532676219940185,211043,nan,nan
624,preprocessing,TON_IoT,ton_iot_attack_family_holdout_full,0,extra_trees,nan,2026-06-12T10:33:35.554364+00:00,2026-06-12T10:33:40.331401+00:00,4.777036666870117,211043,nan,nan
625,model_training,TON_IoT,ton_iot_attack_family_holdout_full,0,extra_trees,nan,2026-06-12T10:33:40.331582+00:00,2026-06-12T10:33:44.457009+00:00,4.125426769256592,211043,nan,nan
626,clean_profile,TON_IoT,ton_iot_attack_family_holdout_full,0,extra_trees,nan,2026-06-12T10:33:44.457095+00:00,2026-06-12T10:33:44.777000+00:00,0.3199048042297363,211043,nan,nan
627,threat_evaluation,TON_IoT,ton_iot_attack_family_holdout_full,0,extra_trees,a0_clean,2026-06-12T10:33:44.796815+00:00,2026-06-12T10:33:44.907603+00:00,0.1107873916625976,36043,nan,nan
628,result_writing,TON_IoT,ton_iot_attack_family_holdout_full,0,extra_trees,a0_clean,2026-06-12T10:33:44.907810+00:00,2026-06-12T10:33:44.911124+00:00,0.0033140182495117,1,results/raw/tier_e_core4_hgb_mlp_timed_expanded/TON_IoT_ton_iot_attack_family_holdout_full_extra_trees_a0_clean_0.csv,nan
629,threat_evaluation,TON_IoT,ton_iot_attack_family_holdout_full,0,extra_trees,a1_constrained_feature,2026-06-12T10:33:44.911169+00:00,2026-06-12T10:33:45.098476+00:00,0.1873066425323486,36043,nan,nan
630,result_writing,TON_IoT,ton_iot_attack_family_holdout_full,0,extra_trees,a1_constrained_feature,2026-06-12T10:33:45.098670+00:00,2026-06-12T10:33:45.101980+00:00,0.0033104419708251,1,results/raw/tier_e_core4_hgb_mlp_timed_expanded/TON_IoT_ton_iot_attack_family_holdout_full_extra_trees_a1_constrained_feature_0.csv,nan
631,threat_evaluation,TON_IoT,ton_iot_attack_family_holdout_full,0,extra_trees,a1_constrained_score_search,2026-06-12T10:33:45.102024+00:00,2026-06-12T10:33:45.933319+00:00,0.8312947750091553,36043,nan,nan
632,result_writing,TON_IoT,ton_iot_attack_family_holdout_full,0,extra_trees,a1_constrained_score_search,2026-06-12T10:33:45.933489+00:00,2026-06-12T10:33:45.936793+00:00,0.0033040046691894,1,results/raw/tier_e_core4_hgb_mlp_timed_expanded/TON_IoT_ton_iot_attack_family_holdout_full_extra_trees_a1_constrained_score_search_0.csv,nan
633,threat_evaluation,TON_IoT,ton_iot_attack_family_holdout_full,0,extra_trees,a4_split_shift,2026-06-12T10:33:45.936834+00:00,2026-06-12T10:33:46.047701+00:00,0.1108665466308593,36043,nan,nan
634,result_writing,TON_IoT,ton_iot_attack_family_holdout_full,0,extra_trees,a4_split_shift,2026-06-12T10:33:46.047883+00:00,2026-06-12T10:33:46.051157+00:00,0.0032742023468017,1,results/raw/tier_e_core4_hgb_mlp_timed_expanded/TON_IoT_ton_iot_attack_family_holdout_full_extra_trees_a4_split_shift_0.csv,nan
635,split_construction,TON_IoT,ton_iot_attack_family_holdout_full,0,hist_gradient_boosting,nan,2026-06-12T10:33:46.051244+00:00,2026-06-12T10:33:46.203794+00:00,0.152550458908081,211043,nan,nan
636,preprocessing,TON_IoT,ton_iot_attack_family_holdout_full,0,hist_gradient_boosting,nan,2026-06-12T10:33:46.203915+00:00,2026-06-12T10:33:50.993639+00:00,4.789724349975586,211043,nan,nan
637,model_training,TON_IoT,ton_iot_attack_family_holdout_full,0,hist_gradient_boosting,nan,2026-06-12T10:33:50.993802+00:00,2026-06-12T10:33:53.471916+00:00,2.478114604949951,211043,nan,nan
638,clean_profile,TON_IoT,ton_iot_attack_family_holdout_full,0,hist_gradient_boosting,nan,2026-06-12T10:33:53.472004+00:00,2026-06-12T10:33:53.594561+00:00,0.1225566864013671,211043,nan,nan
639,threat_evaluation,TON_IoT,ton_iot_attack_family_holdout_full,0,hist_gradient_boosting,a0_clean,2026-06-12T10:33:53.613289+00:00,2026-06-12T10:33:53.659137+00:00,0.0458483695983886,36043,nan,nan
640,result_writing,TON_IoT,ton_iot_attack_family_holdout_full,0,hist_gradient_boosting,a0_clean,2026-06-12T10:33:53.659305+00:00,2026-06-12T10:33:53.662724+00:00,0.0034189224243164,1,results/raw/tier_e_core4_hgb_mlp_timed_expanded/TON_IoT_ton_iot_attack_family_holdout_full_hist_gradient_boosting_a0_clean_0.csv,nan
641,threat_evaluation,TON_IoT,ton_iot_attack_family_holdout_full,0,hist_gradient_boosting,a1_constrained_feature,2026-06-12T10:33:53.662767+00:00,2026-06-12T10:33:53.781474+00:00,0.1187069416046142,36043,nan,nan
642,result_writing,TON_IoT,ton_iot_attack_family_holdout_full,0,hist_gradient_boosting,a1_constrained_feature,2026-06-12T10:33:53.781639+00:00,2026-06-12T10:33:53.785064+00:00,0.0034253597259521,1,results/raw/tier_e_core4_hgb_mlp_timed_expanded/TON_IoT_ton_iot_attack_family_holdout_full_hist_gradient_boosting_a1_constrained_feature_0.csv,nan
643,threat_evaluation,TON_IoT,ton_iot_attack_family_holdout_full,0,hist_gradient_boosting,a1_constrained_score_search,2026-06-12T10:33:53.785107+00:00,2026-06-12T10:33:54.393861+00:00,0.6087539196014404,36043,nan,nan
644,result_writing,TON_IoT,ton_iot_attack_family_holdout_full,0,hist_gradient_boosting,a1_constrained_score_search,2026-06-12T10:33:54.394058+00:00,2026-06-12T10:33:54.397379+00:00,0.0033211708068847,1,results/raw/tier_e_core4_hgb_mlp_timed_expanded/TON_IoT_ton_iot_attack_family_holdout_full_hist_gradient_boosting_a1_constrained_score_search_0.csv,nan
645,threat_evaluation,TON_IoT,ton_iot_attack_family_holdout_full,0,hist_gradient_boosting,a4_split_shift,2026-06-12T10:33:54.397426+00:00,2026-06-12T10:33:54.456375+00:00,0.0589492321014404,36043,nan,nan
646,result_writing,TON_IoT,ton_iot_attack_family_holdout_full,0,hist_gradient_boosting,a4_split_shift,2026-06-12T10:33:54.456541+00:00,2026-06-12T10:33:54.459933+00:00,0.003392219543457,1,results/raw/tier_e_core4_hgb_mlp_timed_expanded/TON_IoT_ton_iot_attack_family_holdout_full_hist_gradient_boosting_a4_split_shift_0.csv,nan
647,split_construction,TON_IoT,ton_iot_attack_family_holdout_full,0,logistic_regression,nan,2026-06-12T10:33:54.460021+00:00,2026-06-12T10:33:54.612660+00:00,0.1526384353637695,211043,nan,nan
648,preprocessing,TON_IoT,ton_iot_attack_family_holdout_full,0,logistic_regression,nan,2026-06-12T10:33:54.612771+00:00,2026-06-12T10:33:59.393368+00:00,4.780597448348999,211043,nan,nan
649,model_training,TON_IoT,ton_iot_attack_family_holdout_full,0,logistic_regression,nan,2026-06-12T10:33:59.393505+00:00,2026-06-12T10:34:08.404302+00:00,9.010797262191772,211043,nan,nan
650,clean_profile,TON_IoT,ton_iot_attack_family_holdout_full,0,logistic_regression,nan,2026-06-12T10:34:08.404380+00:00,2026-06-12T10:34:08.427995+00:00,0.0236153602600097,211043,nan,nan
651,threat_evaluation,TON_IoT,ton_iot_attack_family_holdout_full,0,logistic_regression,a0_clean,2026-06-12T10:34:08.446714+00:00,2026-06-12T10:34:08.460695+00:00,0.0139813423156738,36043,nan,nan
652,result_writing,TON_IoT,ton_iot_attack_family_holdout_full,0,logistic_regression,a0_clean,2026-06-12T10:34:08.460864+00:00,2026-06-12T10:34:08.464245+00:00,0.003380537033081,1,results/raw/tier_e_core4_hgb_mlp_timed_expanded/TON_IoT_ton_iot_attack_family_holdout_full_logistic_regression_a0_clean_0.csv,nan
653,threat_evaluation,TON_IoT,ton_iot_attack_family_holdout_full,0,logistic_regression,a1_constrained_feature,2026-06-12T10:34:08.464287+00:00,2026-06-12T10:34:08.549673+00:00,0.0853857994079589,36043,nan,nan
654,result_writing,TON_IoT,ton_iot_attack_family_holdout_full,0,logistic_regression,a1_constrained_feature,2026-06-12T10:34:08.549851+00:00,2026-06-12T10:34:08.553156+00:00,0.0033044815063476,1,results/raw/tier_e_core4_hgb_mlp_timed_expanded/TON_IoT_ton_iot_attack_family_holdout_full_logistic_regression_a1_constrained_feature_0.csv,nan
655,threat_evaluation,TON_IoT,ton_iot_attack_family_holdout_full,0,logistic_regression,a1_constrained_score_search,2026-06-12T10:34:08.553201+00:00,2026-06-12T10:34:08.910782+00:00,0.3575809001922607,36043,nan,nan
656,result_writing,TON_IoT,ton_iot_attack_family_holdout_full,0,logistic_regression,a1_constrained_score_search,2026-06-12T10:34:08.910972+00:00,2026-06-12T10:34:08.914238+00:00,0.003265380859375,1,results/raw/tier_e_core4_hgb_mlp_timed_expanded/TON_IoT_ton_iot_attack_family_holdout_full_logistic_regression_a1_constrained_score_search_0.csv,nan
657,threat_evaluation,TON_IoT,ton_iot_attack_family_holdout_full,0,logistic_regression,a4_split_shift,2026-06-12T10:34:08.914283+00:00,2026-06-12T10:34:08.927518+00:00,0.0132346153259277,36043,nan,nan
658,result_writing,TON_IoT,ton_iot_attack_family_holdout_full,0,logistic_regression,a4_split_shift,2026-06-12T10:34:08.927670+00:00,2026-06-12T10:34:08.930875+00:00,0.0032052993774414,1,results/raw/tier_e_core4_hgb_mlp_timed_expanded/TON_IoT_ton_iot_attack_family_holdout_full_logistic_regression_a4_split_shift_0.csv,nan
659,split_construction,TON_IoT,ton_iot_attack_family_holdout_full,0,mlp_sklearn,nan,2026-06-12T10:34:08.930961+00:00,2026-06-12T10:34:09.084296+00:00,0.1533348560333252,211043,nan,nan
660,preprocessing,TON_IoT,ton_iot_attack_family_holdout_full,0,mlp_sklearn,nan,2026-06-12T10:34:09.084421+00:00,2026-06-12T10:34:13.868552+00:00,4.784131050109863,211043,nan,nan
661,model_training,TON_IoT,ton_iot_attack_family_holdout_full,0,mlp_sklearn,nan,2026-06-12T10:34:13.868717+00:00,2026-06-12T10:34:34.788334+00:00,20.91961669921875,211043,nan,nan
662,clean_profile,TON_IoT,ton_iot_attack_family_holdout_full,0,mlp_sklearn,nan,2026-06-12T10:34:34.788415+00:00,2026-06-12T10:34:34.843611+00:00,0.0551958084106445,211043,nan,nan
663,threat_evaluation,TON_IoT,ton_iot_attack_family_holdout_full,0,mlp_sklearn,a0_clean,2026-06-12T10:34:34.861903+00:00,2026-06-12T10:34:34.886503+00:00,0.0245993137359619,36043,nan,nan
664,result_writing,TON_IoT,ton_iot_attack_family_holdout_full,0,mlp_sklearn,a0_clean,2026-06-12T10:34:34.886678+00:00,2026-06-12T10:34:34.890145+00:00,0.0034670829772949,1,results/raw/tier_e_core4_hgb_mlp_timed_expanded/TON_IoT_ton_iot_attack_family_holdout_full_mlp_sklearn_a0_clean_0.csv,nan
665,threat_evaluation,TON_IoT,ton_iot_attack_family_holdout_full,0,mlp_sklearn,a1_constrained_feature,2026-06-12T10:34:34.890191+00:00,2026-06-12T10:34:34.988783+00:00,0.0985920429229736,36043,nan,nan
666,result_writing,TON_IoT,ton_iot_attack_family_holdout_full,0,mlp_sklearn,a1_constrained_feature,2026-06-12T10:34:34.988974+00:00,2026-06-12T10:34:34.992377+00:00,0.0034024715423583,1,results/raw/tier_e_core4_hgb_mlp_timed_expanded/TON_IoT_ton_iot_attack_family_holdout_full_mlp_sklearn_a1_constrained_feature_0.csv,nan
667,threat_evaluation,TON_IoT,ton_iot_attack_family_holdout_full,0,mlp_sklearn,a1_constrained_score_search,2026-06-12T10:34:34.992423+00:00,2026-06-12T10:34:35.398215+00:00,0.4057919979095459,36043,nan,nan
668,result_writing,TON_IoT,ton_iot_attack_family_holdout_full,0,mlp_sklearn,a1_constrained_score_search,2026-06-12T10:34:35.398410+00:00,2026-06-12T10:34:35.401809+00:00,0.0033984184265136,1,results/raw/tier_e_core4_hgb_mlp_timed_expanded/TON_IoT_ton_iot_attack_family_holdout_full_mlp_sklearn_a1_constrained_score_search_0.csv,nan
669,threat_evaluation,TON_IoT,ton_iot_attack_family_holdout_full,0,mlp_sklearn,a4_split_shift,2026-06-12T10:34:35.401855+00:00,2026-06-12T10:34:35.425899+00:00,0.0240442752838134,36043,nan,nan
670,result_writing,TON_IoT,ton_iot_attack_family_holdout_full,0,mlp_sklearn,a4_split_shift,2026-06-12T10:34:35.426064+00:00,2026-06-12T10:34:35.429429+00:00,0.0033657550811767,1,results/raw/tier_e_core4_hgb_mlp_timed_expanded/TON_IoT_ton_iot_attack_family_holdout_full_mlp_sklearn_a4_split_shift_0.csv,nan
671,split_construction,TON_IoT,ton_iot_attack_family_holdout_full,0,random_forest,nan,2026-06-12T10:34:35.429521+00:00,2026-06-12T10:34:35.583062+00:00,0.1535415649414062,211043,nan,nan
672,preprocessing,TON_IoT,ton_iot_attack_family_holdout_full,0,random_forest,nan,2026-06-12T10:34:35.583181+00:00,2026-06-12T10:34:40.372724+00:00,4.789543151855469,211043,nan,nan
673,model_training,TON_IoT,ton_iot_attack_family_holdout_full,0,random_forest,nan,2026-06-12T10:34:40.372906+00:00,2026-06-12T10:34:45.484478+00:00,5.111571788787842,211043,nan,nan
674,clean_profile,TON_IoT,ton_iot_attack_family_holdout_full,0,random_forest,nan,2026-06-12T10:34:45.484592+00:00,2026-06-12T10:34:45.702381+00:00,0.2177886962890625,211043,nan,nan
675,threat_evaluation,TON_IoT,ton_iot_attack_family_holdout_full,0,random_forest,a0_clean,2026-06-12T10:34:45.720612+00:00,2026-06-12T10:34:45.797008+00:00,0.0763964653015136,36043,nan,nan
676,result_writing,TON_IoT,ton_iot_attack_family_holdout_full,0,random_forest,a0_clean,2026-06-12T10:34:45.797171+00:00,2026-06-12T10:34:45.800503+00:00,0.0033321380615234,1,results/raw/tier_e_core4_hgb_mlp_timed_expanded/TON_IoT_ton_iot_attack_family_holdout_full_random_forest_a0_clean_0.csv,nan
677,threat_evaluation,TON_IoT,ton_iot_attack_family_holdout_full,0,random_forest,a1_constrained_feature,2026-06-12T10:34:45.800546+00:00,2026-06-12T10:34:45.957100+00:00,0.1565542221069336,36043,nan,nan
678,result_writing,TON_IoT,ton_iot_attack_family_holdout_full,0,random_forest,a1_constrained_feature,2026-06-12T10:34:45.957274+00:00,2026-06-12T10:34:45.960573+00:00,0.0032985210418701,1,results/raw/tier_e_core4_hgb_mlp_timed_expanded/TON_IoT_ton_iot_attack_family_holdout_full_random_forest_a1_constrained_feature_0.csv,nan
679,threat_evaluation,TON_IoT,ton_iot_attack_family_holdout_full,0,random_forest,a1_constrained_score_search,2026-06-12T10:34:45.960617+00:00,2026-06-12T10:34:46.661327+00:00,0.7007107734680176,36043,nan,nan
680,result_writing,TON_IoT,ton_iot_attack_family_holdout_full,0,random_forest,a1_constrained_score_search,2026-06-12T10:34:46.661515+00:00,2026-06-12T10:34:46.664879+00:00,0.0033636093139648,1,results/raw/tier_e_core4_hgb_mlp_timed_expanded/TON_IoT_ton_iot_attack_family_holdout_full_random_forest_a1_constrained_score_search_0.csv,nan
681,threat_evaluation,TON_IoT,ton_iot_attack_family_holdout_full,0,random_forest,a4_split_shift,2026-06-12T10:34:46.664924+00:00,2026-06-12T10:34:46.740721+00:00,0.0757977962493896,36043,nan,nan
682,result_writing,TON_IoT,ton_iot_attack_family_holdout_full,0,random_forest,a4_split_shift,2026-06-12T10:34:46.740885+00:00,2026-06-12T10:34:46.744204+00:00,0.0033187866210937,1,results/raw/tier_e_core4_hgb_mlp_timed_expanded/TON_IoT_ton_iot_attack_family_holdout_full_random_forest_a4_split_shift_0.csv,nan
683,dataset_load,TON_IoT,ton_iot_attack_family_holdout_full,1,nan,nan,2026-06-12T10:34:46.744249+00:00,2026-06-12T10:34:48.065160+00:00,1.3209114074707031,211043,nan,nan
684,preprocess_manifest,TON_IoT,ton_iot_attack_family_holdout_full,1,nan,nan,2026-06-12T10:34:48.065299+00:00,2026-06-12T10:34:52.644269+00:00,4.578969955444336,211043,nan,nan
685,split_construction,TON_IoT,ton_iot_attack_family_holdout_full,1,extra_trees,nan,2026-06-12T10:34:52.644464+00:00,2026-06-12T10:34:52.797593+00:00,0.1531286239624023,211043,nan,nan
686,preprocessing,TON_IoT,ton_iot_attack_family_holdout_full,1,extra_trees,nan,2026-06-12T10:34:52.797723+00:00,2026-06-12T10:34:57.552680+00:00,4.754956483840942,211043,nan,nan
687,model_training,TON_IoT,ton_iot_attack_family_holdout_full,1,extra_trees,nan,2026-06-12T10:34:57.552860+00:00,2026-06-12T10:35:01.705122+00:00,4.152261734008789,211043,nan,nan
688,clean_profile,TON_IoT,ton_iot_attack_family_holdout_full,1,extra_trees,nan,2026-06-12T10:35:01.705208+00:00,2026-06-12T10:35:02.025870+00:00,0.3206613063812256,211043,nan,nan
689,threat_evaluation,TON_IoT,ton_iot_attack_family_holdout_full,1,extra_trees,a0_clean,2026-06-12T10:35:02.044326+00:00,2026-06-12T10:35:02.154959+00:00,0.110633373260498,36043,nan,nan
690,result_writing,TON_IoT,ton_iot_attack_family_holdout_full,1,extra_trees,a0_clean,2026-06-12T10:35:02.155123+00:00,2026-06-12T10:35:02.158435+00:00,0.0033118724822998,1,results/raw/tier_e_core4_hgb_mlp_timed_expanded/TON_IoT_ton_iot_attack_family_holdout_full_extra_trees_a0_clean_1.csv,nan
691,threat_evaluation,TON_IoT,ton_iot_attack_family_holdout_full,1,extra_trees,a1_constrained_feature,2026-06-12T10:35:02.158478+00:00,2026-06-12T10:35:02.347247+00:00,0.1887691020965576,36043,nan,nan
692,result_writing,TON_IoT,ton_iot_attack_family_holdout_full,1,extra_trees,a1_constrained_feature,2026-06-12T10:35:02.347429+00:00,2026-06-12T10:35:02.350689+00:00,0.0032601356506347,1,results/raw/tier_e_core4_hgb_mlp_timed_expanded/TON_IoT_ton_iot_attack_family_holdout_full_extra_trees_a1_constrained_feature_1.csv,nan
693,threat_evaluation,TON_IoT,ton_iot_attack_family_holdout_full,1,extra_trees,a1_constrained_score_search,2026-06-12T10:35:02.350730+00:00,2026-06-12T10:35:03.173819+00:00,0.8230888843536377,36043,nan,nan
694,result_writing,TON_IoT,ton_iot_attack_family_holdout_full,1,extra_trees,a1_constrained_score_search,2026-06-12T10:35:03.174006+00:00,2026-06-12T10:35:03.177302+00:00,0.0032956600189208,1,results/raw/tier_e_core4_hgb_mlp_timed_expanded/TON_IoT_ton_iot_attack_family_holdout_full_extra_trees_a1_constrained_score_search_1.csv,nan
695,threat_evaluation,TON_IoT,ton_iot_attack_family_holdout_full,1,extra_trees,a4_split_shift,2026-06-12T10:35:03.177343+00:00,2026-06-12T10:35:03.288324+00:00,0.1109814643859863,36043,nan,nan
696,result_writing,TON_IoT,ton_iot_attack_family_holdout_full,1,extra_trees,a4_split_shift,2026-06-12T10:35:03.288485+00:00,2026-06-12T10:35:03.291765+00:00,0.0032801628112792,1,results/raw/tier_e_core4_hgb_mlp_timed_expanded/TON_IoT_ton_iot_attack_family_holdout_full_extra_trees_a4_split_shift_1.csv,nan
697,split_construction,TON_IoT,ton_iot_attack_family_holdout_full,1,hist_gradient_boosting,nan,2026-06-12T10:35:03.291845+00:00,2026-06-12T10:35:03.444833+00:00,0.1529884338378906,211043,nan,nan
698,preprocessing,TON_IoT,ton_iot_attack_family_holdout_full,1,hist_gradient_boosting,nan,2026-06-12T10:35:03.444940+00:00,2026-06-12T10:35:08.194151+00:00,4.749211549758911,211043,nan,nan
699,model_training,TON_IoT,ton_iot_attack_family_holdout_full,1,hist_gradient_boosting,nan,2026-06-12T10:35:08.194316+00:00,2026-06-12T10:35:10.761679+00:00,2.5673630237579346,211043,nan,nan
700,clean_profile,TON_IoT,ton_iot_attack_family_holdout_full,1,hist_gradient_boosting,nan,2026-06-12T10:35:10.761769+00:00,2026-06-12T10:35:10.880255+00:00,0.1184859275817871,211043,nan,nan
701,threat_evaluation,TON_IoT,ton_iot_attack_family_holdout_full,1,hist_gradient_boosting,a0_clean,2026-06-12T10:35:10.898680+00:00,2026-06-12T10:35:10.943474+00:00,0.0447940826416015,36043,nan,nan
702,result_writing,TON_IoT,ton_iot_attack_family_holdout_full,1,hist_gradient_boosting,a0_clean,2026-06-12T10:35:10.943641+00:00,2026-06-12T10:35:10.947690+00:00,0.0040488243103027,1,results/raw/tier_e_core4_hgb_mlp_timed_expanded/TON_IoT_ton_iot_attack_family_holdout_full_hist_gradient_boosting_a0_clean_1.csv,nan
703,threat_evaluation,TON_IoT,ton_iot_attack_family_holdout_full,1,hist_gradient_boosting,a1_constrained_feature,2026-06-12T10:35:10.947777+00:00,2026-06-12T10:35:11.074338+00:00,0.1265616416931152,36043,nan,nan
704,result_writing,TON_IoT,ton_iot_attack_family_holdout_full,1,hist_gradient_boosting,a1_constrained_feature,2026-06-12T10:35:11.074508+00:00,2026-06-12T10:35:11.077854+00:00,0.0033464431762695,1,results/raw/tier_e_core4_hgb_mlp_timed_expanded/TON_IoT_ton_iot_attack_family_holdout_full_hist_gradient_boosting_a1_constrained_feature_1.csv,nan
705,threat_evaluation,TON_IoT,ton_iot_attack_family_holdout_full,1,hist_gradient_boosting,a1_constrained_score_search,2026-06-12T10:35:11.077899+00:00,2026-06-12T10:35:11.660870+00:00,0.5829708576202393,36043,nan,nan
706,result_writing,TON_IoT,ton_iot_attack_family_holdout_full,1,hist_gradient_boosting,a1_constrained_score_search,2026-06-12T10:35:11.661061+00:00,2026-06-12T10:35:11.664394+00:00,0.0033338069915771,1,results/raw/tier_e_core4_hgb_mlp_timed_expanded/TON_IoT_ton_iot_attack_family_holdout_full_hist_gradient_boosting_a1_constrained_score_search_1.csv,nan
707,threat_evaluation,TON_IoT,ton_iot_attack_family_holdout_full,1,hist_gradient_boosting,a4_split_shift,2026-06-12T10:35:11.664439+00:00,2026-06-12T10:35:11.722390+00:00,0.0579509735107421,36043,nan,nan
708,result_writing,TON_IoT,ton_iot_attack_family_holdout_full,1,hist_gradient_boosting,a4_split_shift,2026-06-12T10:35:11.722559+00:00,2026-06-12T10:35:11.725926+00:00,0.0033676624298095,1,results/raw/tier_e_core4_hgb_mlp_timed_expanded/TON_IoT_ton_iot_attack_family_holdout_full_hist_gradient_boosting_a4_split_shift_1.csv,nan
709,split_construction,TON_IoT,ton_iot_attack_family_holdout_full,1,logistic_regression,nan,2026-06-12T10:35:11.726014+00:00,2026-06-12T10:35:11.879565+00:00,0.1535508632659912,211043,nan,nan
710,preprocessing,TON_IoT,ton_iot_attack_family_holdout_full,1,logistic_regression,nan,2026-06-12T10:35:11.879695+00:00,2026-06-12T10:35:16.635054+00:00,4.755358695983887,211043,nan,nan
711,model_training,TON_IoT,ton_iot_attack_family_holdout_full,1,logistic_regression,nan,2026-06-12T10:35:16.635192+00:00,2026-06-12T10:35:24.316448+00:00,7.681256532669067,211043,nan,nan
712,clean_profile,TON_IoT,ton_iot_attack_family_holdout_full,1,logistic_regression,nan,2026-06-12T10:35:24.316525+00:00,2026-06-12T10:35:24.339818+00:00,0.0232932567596435,211043,nan,nan
713,threat_evaluation,TON_IoT,ton_iot_attack_family_holdout_full,1,logistic_regression,a0_clean,2026-06-12T10:35:24.358668+00:00,2026-06-12T10:35:24.372678+00:00,0.0140094757080078,36043,nan,nan
714,result_writing,TON_IoT,ton_iot_attack_family_holdout_full,1,logistic_regression,a0_clean,2026-06-12T10:35:24.372848+00:00,2026-06-12T10:35:24.376184+00:00,0.0033364295959472,1,results/raw/tier_e_core4_hgb_mlp_timed_expanded/TON_IoT_ton_iot_attack_family_holdout_full_logistic_regression_a0_clean_1.csv,nan
715,threat_evaluation,TON_IoT,ton_iot_attack_family_holdout_full,1,logistic_regression,a1_constrained_feature,2026-06-12T10:35:24.376226+00:00,2026-06-12T10:35:24.461895+00:00,0.0856688022613525,36043,nan,nan
716,result_writing,TON_IoT,ton_iot_attack_family_holdout_full,1,logistic_regression,a1_constrained_feature,2026-06-12T10:35:24.462080+00:00,2026-06-12T10:35:24.465325+00:00,0.0032448768615722,1,results/raw/tier_e_core4_hgb_mlp_timed_expanded/TON_IoT_ton_iot_attack_family_holdout_full_logistic_regression_a1_constrained_feature_1.csv,nan
717,threat_evaluation,TON_IoT,ton_iot_attack_family_holdout_full,1,logistic_regression,a1_constrained_score_search,2026-06-12T10:35:24.465369+00:00,2026-06-12T10:35:24.824882+00:00,0.3595120906829834,36043,nan,nan
718,result_writing,TON_IoT,ton_iot_attack_family_holdout_full,1,logistic_regression,a1_constrained_score_search,2026-06-12T10:35:24.825069+00:00,2026-06-12T10:35:24.828442+00:00,0.0033726692199707,1,results/raw/tier_e_core4_hgb_mlp_timed_expanded/TON_IoT_ton_iot_attack_family_holdout_full_logistic_regression_a1_constrained_score_search_1.csv,nan
719,threat_evaluation,TON_IoT,ton_iot_attack_family_holdout_full,1,logistic_regression,a4_split_shift,2026-06-12T10:35:24.828485+00:00,2026-06-12T10:35:24.841850+00:00,0.0133647918701171,36043,nan,nan
720,result_writing,TON_IoT,ton_iot_attack_family_holdout_full,1,logistic_regression,a4_split_shift,2026-06-12T10:35:24.842007+00:00,2026-06-12T10:35:24.845244+00:00,0.003237247467041,1,results/raw/tier_e_core4_hgb_mlp_timed_expanded/TON_IoT_ton_iot_attack_family_holdout_full_logistic_regression_a4_split_shift_1.csv,nan
721,split_construction,TON_IoT,ton_iot_attack_family_holdout_full,1,mlp_sklearn,nan,2026-06-12T10:35:24.845322+00:00,2026-06-12T10:35:24.998384+00:00,0.1530628204345703,211043,nan,nan
722,preprocessing,TON_IoT,ton_iot_attack_family_holdout_full,1,mlp_sklearn,nan,2026-06-12T10:35:24.998501+00:00,2026-06-12T10:35:29.770458+00:00,4.771956920623779,211043,nan,nan
723,model_training,TON_IoT,ton_iot_attack_family_holdout_full,1,mlp_sklearn,nan,2026-06-12T10:35:29.770623+00:00,2026-06-12T10:35:52.047818+00:00,22.27719473838806,211043,nan,nan
724,clean_profile,TON_IoT,ton_iot_attack_family_holdout_full,1,mlp_sklearn,nan,2026-06-12T10:35:52.047895+00:00,2026-06-12T10:35:52.103400+00:00,0.0555043220520019,211043,nan,nan
725,threat_evaluation,TON_IoT,ton_iot_attack_family_holdout_full,1,mlp_sklearn,a0_clean,2026-06-12T10:35:52.121733+00:00,2026-06-12T10:35:52.146361+00:00,0.0246274471282959,36043,nan,nan
726,result_writing,TON_IoT,ton_iot_attack_family_holdout_full,1,mlp_sklearn,a0_clean,2026-06-12T10:35:52.146538+00:00,2026-06-12T10:35:52.150088+00:00,0.0035505294799804,1,results/raw/tier_e_core4_hgb_mlp_timed_expanded/TON_IoT_ton_iot_attack_family_holdout_full_mlp_sklearn_a0_clean_1.csv,nan
727,threat_evaluation,TON_IoT,ton_iot_attack_family_holdout_full,1,mlp_sklearn,a1_constrained_feature,2026-06-12T10:35:52.150143+00:00,2026-06-12T10:35:52.248686+00:00,0.0985426902770996,36043,nan,nan
728,result_writing,TON_IoT,ton_iot_attack_family_holdout_full,1,mlp_sklearn,a1_constrained_feature,2026-06-12T10:35:52.248874+00:00,2026-06-12T10:35:52.252423+00:00,0.0035490989685058,1,results/raw/tier_e_core4_hgb_mlp_timed_expanded/TON_IoT_ton_iot_attack_family_holdout_full_mlp_sklearn_a1_constrained_feature_1.csv,nan
729,threat_evaluation,TON_IoT,ton_iot_attack_family_holdout_full,1,mlp_sklearn,a1_constrained_score_search,2026-06-12T10:35:52.252472+00:00,2026-06-12T10:35:52.660456+00:00,0.4079840183258056,36043,nan,nan
730,result_writing,TON_IoT,ton_iot_attack_family_holdout_full,1,mlp_sklearn,a1_constrained_score_search,2026-06-12T10:35:52.660643+00:00,2026-06-12T10:35:52.664016+00:00,0.0033726692199707,1,results/raw/tier_e_core4_hgb_mlp_timed_expanded/TON_IoT_ton_iot_attack_family_holdout_full_mlp_sklearn_a1_constrained_score_search_1.csv,nan
731,threat_evaluation,TON_IoT,ton_iot_attack_family_holdout_full,1,mlp_sklearn,a4_split_shift,2026-06-12T10:35:52.664064+00:00,2026-06-12T10:35:52.688022+00:00,0.0239582061767578,36043,nan,nan
732,result_writing,TON_IoT,ton_iot_attack_family_holdout_full,1,mlp_sklearn,a4_split_shift,2026-06-12T10:35:52.688187+00:00,2026-06-12T10:35:52.691512+00:00,0.0033252239227294,1,results/raw/tier_e_core4_hgb_mlp_timed_expanded/TON_IoT_ton_iot_attack_family_holdout_full_mlp_sklearn_a4_split_shift_1.csv,nan
733,split_construction,TON_IoT,ton_iot_attack_family_holdout_full,1,random_forest,nan,2026-06-12T10:35:52.691592+00:00,2026-06-12T10:35:52.844645+00:00,0.1530530452728271,211043,nan,nan
734,preprocessing,TON_IoT,ton_iot_attack_family_holdout_full,1,random_forest,nan,2026-06-12T10:35:52.844755+00:00,2026-06-12T10:35:57.629496+00:00,4.784740924835205,211043,nan,nan
735,model_training,TON_IoT,ton_iot_attack_family_holdout_full,1,random_forest,nan,2026-06-12T10:35:57.629684+00:00,2026-06-12T10:36:02.653598+00:00,5.023913621902466,211043,nan,nan
736,clean_profile,TON_IoT,ton_iot_attack_family_holdout_full,1,random_forest,nan,2026-06-12T10:36:02.653685+00:00,2026-06-12T10:36:02.868571+00:00,0.21488618850708,211043,nan,nan
737,threat_evaluation,TON_IoT,ton_iot_attack_family_holdout_full,1,random_forest,a0_clean,2026-06-12T10:36:02.887002+00:00,2026-06-12T10:36:02.962558+00:00,0.0755565166473388,36043,nan,nan
738,result_writing,TON_IoT,ton_iot_attack_family_holdout_full,1,random_forest,a0_clean,2026-06-12T10:36:02.962729+00:00,2026-06-12T10:36:02.966155+00:00,0.0034265518188476,1,results/raw/tier_e_core4_hgb_mlp_timed_expanded/TON_IoT_ton_iot_attack_family_holdout_full_random_forest_a0_clean_1.csv,nan
739,threat_evaluation,TON_IoT,ton_iot_attack_family_holdout_full,1,random_forest,a1_constrained_feature,2026-06-12T10:36:02.966198+00:00,2026-06-12T10:36:03.121421+00:00,0.1552231311798095,36043,nan,nan
740,result_writing,TON_IoT,ton_iot_attack_family_holdout_full,1,random_forest,a1_constrained_feature,2026-06-12T10:36:03.121592+00:00,2026-06-12T10:36:03.124957+00:00,0.0033652782440185,1,results/raw/tier_e_core4_hgb_mlp_timed_expanded/TON_IoT_ton_iot_attack_family_holdout_full_random_forest_a1_constrained_feature_1.csv,nan
741,threat_evaluation,TON_IoT,ton_iot_attack_family_holdout_full,1,random_forest,a1_constrained_score_search,2026-06-12T10:36:03.125001+00:00,2026-06-12T10:36:03.808557+00:00,0.6835556030273438,36043,nan,nan
742,result_writing,TON_IoT,ton_iot_attack_family_holdout_full,1,random_forest,a1_constrained_score_search,2026-06-12T10:36:03.808740+00:00,2026-06-12T10:36:03.812018+00:00,0.0032784938812255,1,results/raw/tier_e_core4_hgb_mlp_timed_expanded/TON_IoT_ton_iot_attack_family_holdout_full_random_forest_a1_constrained_score_search_1.csv,nan
743,threat_evaluation,TON_IoT,ton_iot_attack_family_holdout_full,1,random_forest,a4_split_shift,2026-06-12T10:36:03.812062+00:00,2026-06-12T10:36:03.887548+00:00,0.075486421585083,36043,nan,nan
744,result_writing,TON_IoT,ton_iot_attack_family_holdout_full,1,random_forest,a4_split_shift,2026-06-12T10:36:03.887708+00:00,2026-06-12T10:36:03.891045+00:00,0.0033373832702636,1,results/raw/tier_e_core4_hgb_mlp_timed_expanded/TON_IoT_ton_iot_attack_family_holdout_full_random_forest_a4_split_shift_1.csv,nan
745,dataset_load,TON_IoT,ton_iot_attack_family_holdout_full,2,nan,nan,2026-06-12T10:36:03.891090+00:00,2026-06-12T10:36:05.215384+00:00,1.324294090270996,211043,nan,nan
746,preprocess_manifest,TON_IoT,ton_iot_attack_family_holdout_full,2,nan,nan,2026-06-12T10:36:05.215529+00:00,2026-06-12T10:36:09.813437+00:00,4.597907304763794,211043,nan,nan
747,split_construction,TON_IoT,ton_iot_attack_family_holdout_full,2,extra_trees,nan,2026-06-12T10:36:09.813638+00:00,2026-06-12T10:36:09.966576+00:00,0.1529381275177002,211043,nan,nan
748,preprocessing,TON_IoT,ton_iot_attack_family_holdout_full,2,extra_trees,nan,2026-06-12T10:36:09.966714+00:00,2026-06-12T10:36:14.761369+00:00,4.794654369354248,211043,nan,nan
749,model_training,TON_IoT,ton_iot_attack_family_holdout_full,2,extra_trees,nan,2026-06-12T10:36:14.761556+00:00,2026-06-12T10:36:18.988224+00:00,4.226668119430542,211043,nan,nan
750,clean_profile,TON_IoT,ton_iot_attack_family_holdout_full,2,extra_trees,nan,2026-06-12T10:36:18.988317+00:00,2026-06-12T10:36:19.307855+00:00,0.3195376396179199,211043,nan,nan
751,threat_evaluation,TON_IoT,ton_iot_attack_family_holdout_full,2,extra_trees,a0_clean,2026-06-12T10:36:19.326072+00:00,2026-06-12T10:36:19.437495+00:00,0.1114230155944824,36043,nan,nan
752,result_writing,TON_IoT,ton_iot_attack_family_holdout_full,2,extra_trees,a0_clean,2026-06-12T10:36:19.437668+00:00,2026-06-12T10:36:19.441017+00:00,0.0033490657806396,1,results/raw/tier_e_core4_hgb_mlp_timed_expanded/TON_IoT_ton_iot_attack_family_holdout_full_extra_trees_a0_clean_2.csv,nan
753,threat_evaluation,TON_IoT,ton_iot_attack_family_holdout_full,2,extra_trees,a1_constrained_feature,2026-06-12T10:36:19.441060+00:00,2026-06-12T10:36:19.630984+00:00,0.1899235248565673,36043,nan,nan
754,result_writing,TON_IoT,ton_iot_attack_family_holdout_full,2,extra_trees,a1_constrained_feature,2026-06-12T10:36:19.631169+00:00,2026-06-12T10:36:19.634424+00:00,0.0032553672790527,1,results/raw/tier_e_core4_hgb_mlp_timed_expanded/TON_IoT_ton_iot_attack_family_holdout_full_extra_trees_a1_constrained_feature_2.csv,nan
755,threat_evaluation,TON_IoT,ton_iot_attack_family_holdout_full,2,extra_trees,a1_constrained_score_search,2026-06-12T10:36:19.634465+00:00,2026-06-12T10:36:20.465340+00:00,0.8308756351470947,36043,nan,nan
756,result_writing,TON_IoT,ton_iot_attack_family_holdout_full,2,extra_trees,a1_constrained_score_search,2026-06-12T10:36:20.465516+00:00,2026-06-12T10:36:20.468778+00:00,0.0032620429992675,1,results/raw/tier_e_core4_hgb_mlp_timed_expanded/TON_IoT_ton_iot_attack_family_holdout_full_extra_trees_a1_constrained_score_search_2.csv,nan
757,threat_evaluation,TON_IoT,ton_iot_attack_family_holdout_full,2,extra_trees,a4_split_shift,2026-06-12T10:36:20.468821+00:00,2026-06-12T10:36:20.579142+00:00,0.1103205680847168,36043,nan,nan
758,result_writing,TON_IoT,ton_iot_attack_family_holdout_full,2,extra_trees,a4_split_shift,2026-06-12T10:36:20.579306+00:00,2026-06-12T10:36:20.582583+00:00,0.0032775402069091,1,results/raw/tier_e_core4_hgb_mlp_timed_expanded/TON_IoT_ton_iot_attack_family_holdout_full_extra_trees_a4_split_shift_2.csv,nan
759,split_construction,TON_IoT,ton_iot_attack_family_holdout_full,2,hist_gradient_boosting,nan,2026-06-12T10:36:20.582664+00:00,2026-06-12T10:36:20.735510+00:00,0.1528456211090088,211043,nan,nan
760,preprocessing,TON_IoT,ton_iot_attack_family_holdout_full,2,hist_gradient_boosting,nan,2026-06-12T10:36:20.735621+00:00,2026-06-12T10:36:25.520254+00:00,4.784632444381714,211043,nan,nan
761,model_training,TON_IoT,ton_iot_attack_family_holdout_full,2,hist_gradient_boosting,nan,2026-06-12T10:36:25.520422+00:00,2026-06-12T10:36:28.011905+00:00,2.491483211517334,211043,nan,nan
762,clean_profile,TON_IoT,ton_iot_attack_family_holdout_full,2,hist_gradient_boosting,nan,2026-06-12T10:36:28.012006+00:00,2026-06-12T10:36:28.143805+00:00,0.1317989826202392,211043,nan,nan
763,threat_evaluation,TON_IoT,ton_iot_attack_family_holdout_full,2,hist_gradient_boosting,a0_clean,2026-06-12T10:36:28.162109+00:00,2026-06-12T10:36:28.206030+00:00,0.0439214706420898,36043,nan,nan
764,result_writing,TON_IoT,ton_iot_attack_family_holdout_full,2,hist_gradient_boosting,a0_clean,2026-06-12T10:36:28.206193+00:00,2026-06-12T10:36:28.209580+00:00,0.0033869743347167,1,results/raw/tier_e_core4_hgb_mlp_timed_expanded/TON_IoT_ton_iot_attack_family_holdout_full_hist_gradient_boosting_a0_clean_2.csv,nan
765,threat_evaluation,TON_IoT,ton_iot_attack_family_holdout_full,2,hist_gradient_boosting,a1_constrained_feature,2026-06-12T10:36:28.209625+00:00,2026-06-12T10:36:28.326656+00:00,0.1170308589935302,36043,nan,nan
766,result_writing,TON_IoT,ton_iot_attack_family_holdout_full,2,hist_gradient_boosting,a1_constrained_feature,2026-06-12T10:36:28.326827+00:00,2026-06-12T10:36:28.330191+00:00,0.0033648014068603,1,results/raw/tier_e_core4_hgb_mlp_timed_expanded/TON_IoT_ton_iot_attack_family_holdout_full_hist_gradient_boosting_a1_constrained_feature_2.csv,nan
767,threat_evaluation,TON_IoT,ton_iot_attack_family_holdout_full,2,hist_gradient_boosting,a1_constrained_score_search,2026-06-12T10:36:28.330235+00:00,2026-06-12T10:36:28.928093+00:00,0.5978579521179199,36043,nan,nan
768,result_writing,TON_IoT,ton_iot_attack_family_holdout_full,2,hist_gradient_boosting,a1_constrained_score_search,2026-06-12T10:36:28.928278+00:00,2026-06-12T10:36:28.967757+00:00,0.0394790172576904,1,results/raw/tier_e_core4_hgb_mlp_timed_expanded/TON_IoT_ton_iot_attack_family_holdout_full_hist_gradient_boosting_a1_constrained_score_search_2.csv,nan
769,threat_evaluation,TON_IoT,ton_iot_attack_family_holdout_full,2,hist_gradient_boosting,a4_split_shift,2026-06-12T10:36:28.967819+00:00,2026-06-12T10:36:29.035262+00:00,0.0674431324005127,36043,nan,nan
770,result_writing,TON_IoT,ton_iot_attack_family_holdout_full,2,hist_gradient_boosting,a4_split_shift,2026-06-12T10:36:29.035441+00:00,2026-06-12T10:36:29.039019+00:00,0.0035784244537353,1,results/raw/tier_e_core4_hgb_mlp_timed_expanded/TON_IoT_ton_iot_attack_family_holdout_full_hist_gradient_boosting_a4_split_shift_2.csv,nan
771,split_construction,TON_IoT,ton_iot_attack_family_holdout_full,2,logistic_regression,nan,2026-06-12T10:36:29.039108+00:00,2026-06-12T10:36:29.192513+00:00,0.1534051895141601,211043,nan,nan
772,preprocessing,TON_IoT,ton_iot_attack_family_holdout_full,2,logistic_regression,nan,2026-06-12T10:36:29.192646+00:00,2026-06-12T10:36:33.947320+00:00,4.754674673080444,211043,nan,nan
773,model_training,TON_IoT,ton_iot_attack_family_holdout_full,2,logistic_regression,nan,2026-06-12T10:36:33.947457+00:00,2026-06-12T10:36:41.205181+00:00,7.257724285125732,211043,nan,nan
774,clean_profile,TON_IoT,ton_iot_attack_family_holdout_full,2,logistic_regression,nan,2026-06-12T10:36:41.205255+00:00,2026-06-12T10:36:41.231632+00:00,0.0263769626617431,211043,nan,nan
775,threat_evaluation,TON_IoT,ton_iot_attack_family_holdout_full,2,logistic_regression,a0_clean,2026-06-12T10:36:41.250520+00:00,2026-06-12T10:36:41.264559+00:00,0.0140388011932373,36043,nan,nan
776,result_writing,TON_IoT,ton_iot_attack_family_holdout_full,2,logistic_regression,a0_clean,2026-06-12T10:36:41.264721+00:00,2026-06-12T10:36:41.268029+00:00,0.0033075809478759,1,results/raw/tier_e_core4_hgb_mlp_timed_expanded/TON_IoT_ton_iot_attack_family_holdout_full_logistic_regression_a0_clean_2.csv,nan
777,threat_evaluation,TON_IoT,ton_iot_attack_family_holdout_full,2,logistic_regression,a1_constrained_feature,2026-06-12T10:36:41.268072+00:00,2026-06-12T10:36:41.353395+00:00,0.0853230953216552,36043,nan,nan
778,result_writing,TON_IoT,ton_iot_attack_family_holdout_full,2,logistic_regression,a1_constrained_feature,2026-06-12T10:36:41.353571+00:00,2026-06-12T10:36:41.356812+00:00,0.0032410621643066,1,results/raw/tier_e_core4_hgb_mlp_timed_expanded/TON_IoT_ton_iot_attack_family_holdout_full_logistic_regression_a1_constrained_feature_2.csv,nan
779,threat_evaluation,TON_IoT,ton_iot_attack_family_holdout_full,2,logistic_regression,a1_constrained_score_search,2026-06-12T10:36:41.356854+00:00,2026-06-12T10:36:41.713573+00:00,0.3567190170288086,36043,nan,nan
780,result_writing,TON_IoT,ton_iot_attack_family_holdout_full,2,logistic_regression,a1_constrained_score_search,2026-06-12T10:36:41.713751+00:00,2026-06-12T10:36:41.717004+00:00,0.0032534599304199,1,results/raw/tier_e_core4_hgb_mlp_timed_expanded/TON_IoT_ton_iot_attack_family_holdout_full_logistic_regression_a1_constrained_score_search_2.csv,nan
781,threat_evaluation,TON_IoT,ton_iot_attack_family_holdout_full,2,logistic_regression,a4_split_shift,2026-06-12T10:36:41.717044+00:00,2026-06-12T10:36:41.730037+00:00,0.0129930973052978,36043,nan,nan
782,result_writing,TON_IoT,ton_iot_attack_family_holdout_full,2,logistic_regression,a4_split_shift,2026-06-12T10:36:41.730187+00:00,2026-06-12T10:36:41.733346+00:00,0.0031585693359375,1,results/raw/tier_e_core4_hgb_mlp_timed_expanded/TON_IoT_ton_iot_attack_family_holdout_full_logistic_regression_a4_split_shift_2.csv,nan
783,split_construction,TON_IoT,ton_iot_attack_family_holdout_full,2,mlp_sklearn,nan,2026-06-12T10:36:41.733434+00:00,2026-06-12T10:36:41.886536+00:00,0.1531014442443847,211043,nan,nan
784,preprocessing,TON_IoT,ton_iot_attack_family_holdout_full,2,mlp_sklearn,nan,2026-06-12T10:36:41.886660+00:00,2026-06-12T10:36:46.641511+00:00,4.7548508644104,211043,nan,nan
785,model_training,TON_IoT,ton_iot_attack_family_holdout_full,2,mlp_sklearn,nan,2026-06-12T10:36:46.641678+00:00,2026-06-12T10:37:07.739965+00:00,21.09828734397888,211043,nan,nan
786,clean_profile,TON_IoT,ton_iot_attack_family_holdout_full,2,mlp_sklearn,nan,2026-06-12T10:37:07.740042+00:00,2026-06-12T10:37:07.795174+00:00,0.0551319122314453,211043,nan,nan
787,threat_evaluation,TON_IoT,ton_iot_attack_family_holdout_full,2,mlp_sklearn,a0_clean,2026-06-12T10:37:07.813643+00:00,2026-06-12T10:37:07.838203+00:00,0.0245602130889892,36043,nan,nan
788,result_writing,TON_IoT,ton_iot_attack_family_holdout_full,2,mlp_sklearn,a0_clean,2026-06-12T10:37:07.838373+00:00,2026-06-12T10:37:07.841878+00:00,0.003504991531372,1,results/raw/tier_e_core4_hgb_mlp_timed_expanded/TON_IoT_ton_iot_attack_family_holdout_full_mlp_sklearn_a0_clean_2.csv,nan
789,threat_evaluation,TON_IoT,ton_iot_attack_family_holdout_full,2,mlp_sklearn,a1_constrained_feature,2026-06-12T10:37:07.841926+00:00,2026-06-12T10:37:07.939245+00:00,0.0973186492919921,36043,nan,nan
790,result_writing,TON_IoT,ton_iot_attack_family_holdout_full,2,mlp_sklearn,a1_constrained_feature,2026-06-12T10:37:07.939431+00:00,2026-06-12T10:37:07.942837+00:00,0.0034060478210449,1,results/raw/tier_e_core4_hgb_mlp_timed_expanded/TON_IoT_ton_iot_attack_family_holdout_full_mlp_sklearn_a1_constrained_feature_2.csv,nan
791,threat_evaluation,TON_IoT,ton_iot_attack_family_holdout_full,2,mlp_sklearn,a1_constrained_score_search,2026-06-12T10:37:07.942886+00:00,2026-06-12T10:37:08.347025+00:00,0.4041390419006347,36043,nan,nan
792,result_writing,TON_IoT,ton_iot_attack_family_holdout_full,2,mlp_sklearn,a1_constrained_score_search,2026-06-12T10:37:08.347207+00:00,2026-06-12T10:37:08.350564+00:00,0.00335693359375,1,results/raw/tier_e_core4_hgb_mlp_timed_expanded/TON_IoT_ton_iot_attack_family_holdout_full_mlp_sklearn_a1_constrained_score_search_2.csv,nan
793,threat_evaluation,TON_IoT,ton_iot_attack_family_holdout_full,2,mlp_sklearn,a4_split_shift,2026-06-12T10:37:08.350608+00:00,2026-06-12T10:37:08.374552+00:00,0.0239441394805908,36043,nan,nan
794,result_writing,TON_IoT,ton_iot_attack_family_holdout_full,2,mlp_sklearn,a4_split_shift,2026-06-12T10:37:08.374721+00:00,2026-06-12T10:37:08.378081+00:00,0.0033600330352783,1,results/raw/tier_e_core4_hgb_mlp_timed_expanded/TON_IoT_ton_iot_attack_family_holdout_full_mlp_sklearn_a4_split_shift_2.csv,nan
795,split_construction,TON_IoT,ton_iot_attack_family_holdout_full,2,random_forest,nan,2026-06-12T10:37:08.378165+00:00,2026-06-12T10:37:08.531538+00:00,0.1533730030059814,211043,nan,nan
796,preprocessing,TON_IoT,ton_iot_attack_family_holdout_full,2,random_forest,nan,2026-06-12T10:37:08.531656+00:00,2026-06-12T10:37:13.304773+00:00,4.773117065429688,211043,nan,nan
797,model_training,TON_IoT,ton_iot_attack_family_holdout_full,2,random_forest,nan,2026-06-12T10:37:13.304958+00:00,2026-06-12T10:37:18.123886+00:00,4.818928480148315,211043,nan,nan
798,clean_profile,TON_IoT,ton_iot_attack_family_holdout_full,2,random_forest,nan,2026-06-12T10:37:18.123973+00:00,2026-06-12T10:37:18.339192+00:00,0.2152197360992431,211043,nan,nan
799,threat_evaluation,TON_IoT,ton_iot_attack_family_holdout_full,2,random_forest,a0_clean,2026-06-12T10:37:18.357635+00:00,2026-06-12T10:37:18.433645+00:00,0.07600998878479,36043,nan,nan
800,result_writing,TON_IoT,ton_iot_attack_family_holdout_full,2,random_forest,a0_clean,2026-06-12T10:37:18.433810+00:00,2026-06-12T10:37:18.437140+00:00,0.0033302307128906,1,results/raw/tier_e_core4_hgb_mlp_timed_expanded/TON_IoT_ton_iot_attack_family_holdout_full_random_forest_a0_clean_2.csv,nan
801,threat_evaluation,TON_IoT,ton_iot_attack_family_holdout_full,2,random_forest,a1_constrained_feature,2026-06-12T10:37:18.437181+00:00,2026-06-12T10:37:18.594182+00:00,0.1570005416870117,36043,nan,nan
802,result_writing,TON_IoT,ton_iot_attack_family_holdout_full,2,random_forest,a1_constrained_feature,2026-06-12T10:37:18.594353+00:00,2026-06-12T10:37:18.597663+00:00,0.0033097267150878,1,results/raw/tier_e_core4_hgb_mlp_timed_expanded/TON_IoT_ton_iot_attack_family_holdout_full_random_forest_a1_constrained_feature_2.csv,nan
803,threat_evaluation,TON_IoT,ton_iot_attack_family_holdout_full,2,random_forest,a1_constrained_score_search,2026-06-12T10:37:18.597707+00:00,2026-06-12T10:37:19.295088+00:00,0.6973810195922852,36043,nan,nan
804,result_writing,TON_IoT,ton_iot_attack_family_holdout_full,2,random_forest,a1_constrained_score_search,2026-06-12T10:37:19.295263+00:00,2026-06-12T10:37:19.298561+00:00,0.0032980442047119,1,results/raw/tier_e_core4_hgb_mlp_timed_expanded/TON_IoT_ton_iot_attack_family_holdout_full_random_forest_a1_constrained_score_search_2.csv,nan
805,threat_evaluation,TON_IoT,ton_iot_attack_family_holdout_full,2,random_forest,a4_split_shift,2026-06-12T10:37:19.298601+00:00,2026-06-12T10:37:19.374364+00:00,0.0757632255554199,36043,nan,nan
806,result_writing,TON_IoT,ton_iot_attack_family_holdout_full,2,random_forest,a4_split_shift,2026-06-12T10:37:19.374523+00:00,2026-06-12T10:37:19.377794+00:00,0.0032706260681152,1,results/raw/tier_e_core4_hgb_mlp_timed_expanded/TON_IoT_ton_iot_attack_family_holdout_full_random_forest_a4_split_shift_2.csv,nan
807,dataset_load,TON_IoT,ton_iot_attack_family_holdout_full,3,nan,nan,2026-06-12T10:37:19.377836+00:00,2026-06-12T10:37:20.709789+00:00,1.331953048706055,211043,nan,nan
808,preprocess_manifest,TON_IoT,ton_iot_attack_family_holdout_full,3,nan,nan,2026-06-12T10:37:20.709930+00:00,2026-06-12T10:37:25.306995+00:00,4.59706449508667,211043,nan,nan
809,split_construction,TON_IoT,ton_iot_attack_family_holdout_full,3,extra_trees,nan,2026-06-12T10:37:25.307208+00:00,2026-06-12T10:37:25.460486+00:00,0.1532783508300781,211043,nan,nan
810,preprocessing,TON_IoT,ton_iot_attack_family_holdout_full,3,extra_trees,nan,2026-06-12T10:37:25.460615+00:00,2026-06-12T10:37:30.223835+00:00,4.763219356536865,211043,nan,nan
811,model_training,TON_IoT,ton_iot_attack_family_holdout_full,3,extra_trees,nan,2026-06-12T10:37:30.224016+00:00,2026-06-12T10:37:34.415362+00:00,4.191346168518066,211043,nan,nan
812,clean_profile,TON_IoT,ton_iot_attack_family_holdout_full,3,extra_trees,nan,2026-06-12T10:37:34.415449+00:00,2026-06-12T10:37:34.724974+00:00,0.3095250129699707,211043,nan,nan
813,threat_evaluation,TON_IoT,ton_iot_attack_family_holdout_full,3,extra_trees,a0_clean,2026-06-12T10:37:34.743365+00:00,2026-06-12T10:37:34.850223+00:00,0.1068580150604248,36043,nan,nan
814,result_writing,TON_IoT,ton_iot_attack_family_holdout_full,3,extra_trees,a0_clean,2026-06-12T10:37:34.850385+00:00,2026-06-12T10:37:34.853750+00:00,0.0033650398254394,1,results/raw/tier_e_core4_hgb_mlp_timed_expanded/TON_IoT_ton_iot_attack_family_holdout_full_extra_trees_a0_clean_3.csv,nan
815,threat_evaluation,TON_IoT,ton_iot_attack_family_holdout_full,3,extra_trees,a1_constrained_feature,2026-06-12T10:37:34.853794+00:00,2026-06-12T10:37:35.038783+00:00,0.1849889755249023,36043,nan,nan
816,result_writing,TON_IoT,ton_iot_attack_family_holdout_full,3,extra_trees,a1_constrained_feature,2026-06-12T10:37:35.038961+00:00,2026-06-12T10:37:35.042224+00:00,0.0032629966735839,1,results/raw/tier_e_core4_hgb_mlp_timed_expanded/TON_IoT_ton_iot_attack_family_holdout_full_extra_trees_a1_constrained_feature_3.csv,nan
817,threat_evaluation,TON_IoT,ton_iot_attack_family_holdout_full,3,extra_trees,a1_constrained_score_search,2026-06-12T10:37:35.042265+00:00,2026-06-12T10:37:35.847155+00:00,0.8048892021179199,36043,nan,nan
818,result_writing,TON_IoT,ton_iot_attack_family_holdout_full,3,extra_trees,a1_constrained_score_search,2026-06-12T10:37:35.847337+00:00,2026-06-12T10:37:35.850636+00:00,0.0032994747161865,1,results/raw/tier_e_core4_hgb_mlp_timed_expanded/TON_IoT_ton_iot_attack_family_holdout_full_extra_trees_a1_constrained_score_search_3.csv,nan
819,threat_evaluation,TON_IoT,ton_iot_attack_family_holdout_full,3,extra_trees,a4_split_shift,2026-06-12T10:37:35.850677+00:00,2026-06-12T10:37:35.957847+00:00,0.1071705818176269,36043,nan,nan
820,result_writing,TON_IoT,ton_iot_attack_family_holdout_full,3,extra_trees,a4_split_shift,2026-06-12T10:37:35.958008+00:00,2026-06-12T10:37:35.961283+00:00,0.0032751560211181,1,results/raw/tier_e_core4_hgb_mlp_timed_expanded/TON_IoT_ton_iot_attack_family_holdout_full_extra_trees_a4_split_shift_3.csv,nan
821,split_construction,TON_IoT,ton_iot_attack_family_holdout_full,3,hist_gradient_boosting,nan,2026-06-12T10:37:35.961366+00:00,2026-06-12T10:37:36.114051+00:00,0.1526851654052734,211043,nan,nan
822,preprocessing,TON_IoT,ton_iot_attack_family_holdout_full,3,hist_gradient_boosting,nan,2026-06-12T10:37:36.114162+00:00,2026-06-12T10:37:40.879091+00:00,4.764929294586182,211043,nan,nan
823,model_training,TON_IoT,ton_iot_attack_family_holdout_full,3,hist_gradient_boosting,nan,2026-06-12T10:37:40.879258+00:00,2026-06-12T10:37:43.632107+00:00,2.7528483867645264,211043,nan,nan
824,clean_profile,TON_IoT,ton_iot_attack_family_holdout_full,3,hist_gradient_boosting,nan,2026-06-12T10:37:43.632199+00:00,2026-06-12T10:37:43.751456+00:00,0.1192564964294433,211043,nan,nan
825,threat_evaluation,TON_IoT,ton_iot_attack_family_holdout_full,3,hist_gradient_boosting,a0_clean,2026-06-12T10:37:43.770133+00:00,2026-06-12T10:37:43.814982+00:00,0.0448489189147949,36043,nan,nan
826,result_writing,TON_IoT,ton_iot_attack_family_holdout_full,3,hist_gradient_boosting,a0_clean,2026-06-12T10:37:43.815143+00:00,2026-06-12T10:37:43.818540+00:00,0.0033967494964599,1,results/raw/tier_e_core4_hgb_mlp_timed_expanded/TON_IoT_ton_iot_attack_family_holdout_full_hist_gradient_boosting_a0_clean_3.csv,nan
827,threat_evaluation,TON_IoT,ton_iot_attack_family_holdout_full,3,hist_gradient_boosting,a1_constrained_feature,2026-06-12T10:37:43.818584+00:00,2026-06-12T10:37:43.943644+00:00,0.1250600814819336,36043,nan,nan
828,result_writing,TON_IoT,ton_iot_attack_family_holdout_full,3,hist_gradient_boosting,a1_constrained_feature,2026-06-12T10:37:43.943837+00:00,2026-06-12T10:37:43.947161+00:00,0.0033237934112548,1,results/raw/tier_e_core4_hgb_mlp_timed_expanded/TON_IoT_ton_iot_attack_family_holdout_full_hist_gradient_boosting_a1_constrained_feature_3.csv,nan
829,threat_evaluation,TON_IoT,ton_iot_attack_family_holdout_full,3,hist_gradient_boosting,a1_constrained_score_search,2026-06-12T10:37:43.947205+00:00,2026-06-12T10:37:44.575322+00:00,0.6281168460845947,36043,nan,nan
830,result_writing,TON_IoT,ton_iot_attack_family_holdout_full,3,hist_gradient_boosting,a1_constrained_score_search,2026-06-12T10:37:44.575496+00:00,2026-06-12T10:37:44.578889+00:00,0.0033929347991943,1,results/raw/tier_e_core4_hgb_mlp_timed_expanded/TON_IoT_ton_iot_attack_family_holdout_full_hist_gradient_boosting_a1_constrained_score_search_3.csv,nan
831,threat_evaluation,TON_IoT,ton_iot_attack_family_holdout_full,3,hist_gradient_boosting,a4_split_shift,2026-06-12T10:37:44.578933+00:00,2026-06-12T10:37:44.633121+00:00,0.0541882514953613,36043,nan,nan
832,result_writing,TON_IoT,ton_iot_attack_family_holdout_full,3,hist_gradient_boosting,a4_split_shift,2026-06-12T10:37:44.633281+00:00,2026-06-12T10:37:44.636619+00:00,0.0033378601074218,1,results/raw/tier_e_core4_hgb_mlp_timed_expanded/TON_IoT_ton_iot_attack_family_holdout_full_hist_gradient_boosting_a4_split_shift_3.csv,nan
833,split_construction,TON_IoT,ton_iot_attack_family_holdout_full,3,logistic_regression,nan,2026-06-12T10:37:44.636710+00:00,2026-06-12T10:37:44.790040+00:00,0.1533300876617431,211043,nan,nan
834,preprocessing,TON_IoT,ton_iot_attack_family_holdout_full,3,logistic_regression,nan,2026-06-12T10:37:44.790183+00:00,2026-06-12T10:37:49.546859+00:00,4.756676435470581,211043,nan,nan
835,model_training,TON_IoT,ton_iot_attack_family_holdout_full,3,logistic_regression,nan,2026-06-12T10:37:49.546999+00:00,2026-06-12T10:37:56.935363+00:00,7.388363599777222,211043,nan,nan
836,clean_profile,TON_IoT,ton_iot_attack_family_holdout_full,3,logistic_regression,nan,2026-06-12T10:37:56.935437+00:00,2026-06-12T10:37:56.960648+00:00,0.0252113342285156,211043,nan,nan
837,threat_evaluation,TON_IoT,ton_iot_attack_family_holdout_full,3,logistic_regression,a0_clean,2026-06-12T10:37:56.979319+00:00,2026-06-12T10:37:56.993347+00:00,0.0140278339385986,36043,nan,nan
838,result_writing,TON_IoT,ton_iot_attack_family_holdout_full,3,logistic_regression,a0_clean,2026-06-12T10:37:56.993510+00:00,2026-06-12T10:37:56.996846+00:00,0.003335952758789,1,results/raw/tier_e_core4_hgb_mlp_timed_expanded/TON_IoT_ton_iot_attack_family_holdout_full_logistic_regression_a0_clean_3.csv,nan
839,threat_evaluation,TON_IoT,ton_iot_attack_family_holdout_full,3,logistic_regression,a1_constrained_feature,2026-06-12T10:37:56.996890+00:00,2026-06-12T10:37:57.082047+00:00,0.0851562023162841,36043,nan,nan
840,result_writing,TON_IoT,ton_iot_attack_family_holdout_full,3,logistic_regression,a1_constrained_feature,2026-06-12T10:37:57.082214+00:00,2026-06-12T10:37:57.085504+00:00,0.0032899379730224,1,results/raw/tier_e_core4_hgb_mlp_timed_expanded/TON_IoT_ton_iot_attack_family_holdout_full_logistic_regression_a1_constrained_feature_3.csv,nan
841,threat_evaluation,TON_IoT,ton_iot_attack_family_holdout_full,3,logistic_regression,a1_constrained_score_search,2026-06-12T10:37:57.085546+00:00,2026-06-12T10:37:57.443134+00:00,0.3575887680053711,36043,nan,nan
842,result_writing,TON_IoT,ton_iot_attack_family_holdout_full,3,logistic_regression,a1_constrained_score_search,2026-06-12T10:37:57.443317+00:00,2026-06-12T10:37:57.446586+00:00,0.0032687187194824,1,results/raw/tier_e_core4_hgb_mlp_timed_expanded/TON_IoT_ton_iot_attack_family_holdout_full_logistic_regression_a1_constrained_score_search_3.csv,nan
843,threat_evaluation,TON_IoT,ton_iot_attack_family_holdout_full,3,logistic_regression,a4_split_shift,2026-06-12T10:37:57.446629+00:00,2026-06-12T10:37:57.459539+00:00,0.0129101276397705,36043,nan,nan
844,result_writing,TON_IoT,ton_iot_attack_family_holdout_full,3,logistic_regression,a4_split_shift,2026-06-12T10:37:57.459686+00:00,2026-06-12T10:37:57.462855+00:00,0.0031690597534179,1,results/raw/tier_e_core4_hgb_mlp_timed_expanded/TON_IoT_ton_iot_attack_family_holdout_full_logistic_regression_a4_split_shift_3.csv,nan
845,split_construction,TON_IoT,ton_iot_attack_family_holdout_full,3,mlp_sklearn,nan,2026-06-12T10:37:57.462940+00:00,2026-06-12T10:37:57.616176+00:00,0.1532368659973144,211043,nan,nan
846,preprocessing,TON_IoT,ton_iot_attack_family_holdout_full,3,mlp_sklearn,nan,2026-06-12T10:37:57.616286+00:00,2026-06-12T10:38:02.387455+00:00,4.771169185638428,211043,nan,nan
847,model_training,TON_IoT,ton_iot_attack_family_holdout_full,3,mlp_sklearn,nan,2026-06-12T10:38:02.387624+00:00,2026-06-12T10:38:18.207916+00:00,15.820292472839355,211043,nan,nan
848,clean_profile,TON_IoT,ton_iot_attack_family_holdout_full,3,mlp_sklearn,nan,2026-06-12T10:38:18.207996+00:00,2026-06-12T10:38:18.264996+00:00,0.056999921798706,211043,nan,nan
849,threat_evaluation,TON_IoT,ton_iot_attack_family_holdout_full,3,mlp_sklearn,a0_clean,2026-06-12T10:38:18.283194+00:00,2026-06-12T10:38:18.308056+00:00,0.0248620510101318,36043,nan,nan
850,result_writing,TON_IoT,ton_iot_attack_family_holdout_full,3,mlp_sklearn,a0_clean,2026-06-12T10:38:18.308230+00:00,2026-06-12T10:38:18.311665+00:00,0.0034348964691162,1,results/raw/tier_e_core4_hgb_mlp_timed_expanded/TON_IoT_ton_iot_attack_family_holdout_full_mlp_sklearn_a0_clean_3.csv,nan
851,threat_evaluation,TON_IoT,ton_iot_attack_family_holdout_full,3,mlp_sklearn,a1_constrained_feature,2026-06-12T10:38:18.311713+00:00,2026-06-12T10:38:18.408214+00:00,0.096501350402832,36043,nan,nan
852,result_writing,TON_IoT,ton_iot_attack_family_holdout_full,3,mlp_sklearn,a1_constrained_feature,2026-06-12T10:38:18.408401+00:00,2026-06-12T10:38:18.411755+00:00,0.0033538341522216,1,results/raw/tier_e_core4_hgb_mlp_timed_expanded/TON_IoT_ton_iot_attack_family_holdout_full_mlp_sklearn_a1_constrained_feature_3.csv,nan
853,threat_evaluation,TON_IoT,ton_iot_attack_family_holdout_full,3,mlp_sklearn,a1_constrained_score_search,2026-06-12T10:38:18.411801+00:00,2026-06-12T10:38:18.825440+00:00,0.4136388301849365,36043,nan,nan
854,result_writing,TON_IoT,ton_iot_attack_family_holdout_full,3,mlp_sklearn,a1_constrained_score_search,2026-06-12T10:38:18.825626+00:00,2026-06-12T10:38:18.829042+00:00,0.0034167766571044,1,results/raw/tier_e_core4_hgb_mlp_timed_expanded/TON_IoT_ton_iot_attack_family_holdout_full_mlp_sklearn_a1_constrained_score_search_3.csv,nan
855,threat_evaluation,TON_IoT,ton_iot_attack_family_holdout_full,3,mlp_sklearn,a4_split_shift,2026-06-12T10:38:18.829086+00:00,2026-06-12T10:38:18.852918+00:00,0.0238327980041503,36043,nan,nan
856,result_writing,TON_IoT,ton_iot_attack_family_holdout_full,3,mlp_sklearn,a4_split_shift,2026-06-12T10:38:18.853083+00:00,2026-06-12T10:38:18.856403+00:00,0.0033197402954101,1,results/raw/tier_e_core4_hgb_mlp_timed_expanded/TON_IoT_ton_iot_attack_family_holdout_full_mlp_sklearn_a4_split_shift_3.csv,nan
857,split_construction,TON_IoT,ton_iot_attack_family_holdout_full,3,random_forest,nan,2026-06-12T10:38:18.856491+00:00,2026-06-12T10:38:19.010874+00:00,0.1543827056884765,211043,nan,nan
858,preprocessing,TON_IoT,ton_iot_attack_family_holdout_full,3,random_forest,nan,2026-06-12T10:38:19.010988+00:00,2026-06-12T10:38:23.796031+00:00,4.7850422859191895,211043,nan,nan
859,model_training,TON_IoT,ton_iot_attack_family_holdout_full,3,random_forest,nan,2026-06-12T10:38:23.796211+00:00,2026-06-12T10:38:28.750612+00:00,4.9544007778167725,211043,nan,nan
860,clean_profile,TON_IoT,ton_iot_attack_family_holdout_full,3,random_forest,nan,2026-06-12T10:38:28.750702+00:00,2026-06-12T10:38:28.974265+00:00,0.2235636711120605,211043,nan,nan
861,threat_evaluation,TON_IoT,ton_iot_attack_family_holdout_full,3,random_forest,a0_clean,2026-06-12T10:38:28.992657+00:00,2026-06-12T10:38:29.070755+00:00,0.0780978202819824,36043,nan,nan
862,result_writing,TON_IoT,ton_iot_attack_family_holdout_full,3,random_forest,a0_clean,2026-06-12T10:38:29.070919+00:00,2026-06-12T10:38:29.074250+00:00,0.0033314228057861,1,results/raw/tier_e_core4_hgb_mlp_timed_expanded/TON_IoT_ton_iot_attack_family_holdout_full_random_forest_a0_clean_3.csv,nan
863,threat_evaluation,TON_IoT,ton_iot_attack_family_holdout_full,3,random_forest,a1_constrained_feature,2026-06-12T10:38:29.074295+00:00,2026-06-12T10:38:29.233593+00:00,0.1592977046966552,36043,nan,nan
864,result_writing,TON_IoT,ton_iot_attack_family_holdout_full,3,random_forest,a1_constrained_feature,2026-06-12T10:38:29.233765+00:00,2026-06-12T10:38:29.237040+00:00,0.003274917602539,1,results/raw/tier_e_core4_hgb_mlp_timed_expanded/TON_IoT_ton_iot_attack_family_holdout_full_random_forest_a1_constrained_feature_3.csv,nan
865,threat_evaluation,TON_IoT,ton_iot_attack_family_holdout_full,3,random_forest,a1_constrained_score_search,2026-06-12T10:38:29.237082+00:00,2026-06-12T10:38:29.943311+00:00,0.7062289714813232,36043,nan,nan
866,result_writing,TON_IoT,ton_iot_attack_family_holdout_full,3,random_forest,a1_constrained_score_search,2026-06-12T10:38:29.943487+00:00,2026-06-12T10:38:29.946802+00:00,0.003314733505249,1,results/raw/tier_e_core4_hgb_mlp_timed_expanded/TON_IoT_ton_iot_attack_family_holdout_full_random_forest_a1_constrained_score_search_3.csv,nan
867,threat_evaluation,TON_IoT,ton_iot_attack_family_holdout_full,3,random_forest,a4_split_shift,2026-06-12T10:38:29.946847+00:00,2026-06-12T10:38:30.024915+00:00,0.0780684947967529,36043,nan,nan
868,result_writing,TON_IoT,ton_iot_attack_family_holdout_full,3,random_forest,a4_split_shift,2026-06-12T10:38:30.025081+00:00,2026-06-12T10:38:30.028353+00:00,0.0032715797424316,1,results/raw/tier_e_core4_hgb_mlp_timed_expanded/TON_IoT_ton_iot_attack_family_holdout_full_random_forest_a4_split_shift_3.csv,nan
869,dataset_load,TON_IoT,ton_iot_attack_family_holdout_full,4,nan,nan,2026-06-12T10:38:30.028473+00:00,2026-06-12T10:38:31.360444+00:00,1.331970453262329,211043,nan,nan
870,preprocess_manifest,TON_IoT,ton_iot_attack_family_holdout_full,4,nan,nan,2026-06-12T10:38:31.360577+00:00,2026-06-12T10:38:35.989263+00:00,4.62868595123291,211043,nan,nan
871,split_construction,TON_IoT,ton_iot_attack_family_holdout_full,4,extra_trees,nan,2026-06-12T10:38:35.989468+00:00,2026-06-12T10:38:36.143601+00:00,0.1541335582733154,211043,nan,nan
872,preprocessing,TON_IoT,ton_iot_attack_family_holdout_full,4,extra_trees,nan,2026-06-12T10:38:36.143736+00:00,2026-06-12T10:38:40.934398+00:00,4.790662050247192,211043,nan,nan
873,model_training,TON_IoT,ton_iot_attack_family_holdout_full,4,extra_trees,nan,2026-06-12T10:38:40.934584+00:00,2026-06-12T10:38:45.165308+00:00,4.23072361946106,211043,nan,nan
874,clean_profile,TON_IoT,ton_iot_attack_family_holdout_full,4,extra_trees,nan,2026-06-12T10:38:45.165398+00:00,2026-06-12T10:38:45.477005+00:00,0.3116071224212646,211043,nan,nan
875,threat_evaluation,TON_IoT,ton_iot_attack_family_holdout_full,4,extra_trees,a0_clean,2026-06-12T10:38:45.495625+00:00,2026-06-12T10:38:45.603634+00:00,0.1080090999603271,36043,nan,nan
876,result_writing,TON_IoT,ton_iot_attack_family_holdout_full,4,extra_trees,a0_clean,2026-06-12T10:38:45.603843+00:00,2026-06-12T10:38:45.607168+00:00,0.0033252239227294,1,results/raw/tier_e_core4_hgb_mlp_timed_expanded/TON_IoT_ton_iot_attack_family_holdout_full_extra_trees_a0_clean_4.csv,nan
877,threat_evaluation,TON_IoT,ton_iot_attack_family_holdout_full,4,extra_trees,a1_constrained_feature,2026-06-12T10:38:45.607212+00:00,2026-06-12T10:38:45.792927+00:00,0.1857147216796875,36043,nan,nan
878,result_writing,TON_IoT,ton_iot_attack_family_holdout_full,4,extra_trees,a1_constrained_feature,2026-06-12T10:38:45.793105+00:00,2026-06-12T10:38:45.796357+00:00,0.0032520294189453,1,results/raw/tier_e_core4_hgb_mlp_timed_expanded/TON_IoT_ton_iot_attack_family_holdout_full_extra_trees_a1_constrained_feature_4.csv,nan
879,threat_evaluation,TON_IoT,ton_iot_attack_family_holdout_full,4,extra_trees,a1_constrained_score_search,2026-06-12T10:38:45.796398+00:00,2026-06-12T10:38:46.605464+00:00,0.8090662956237793,36043,nan,nan
880,result_writing,TON_IoT,ton_iot_attack_family_holdout_full,4,extra_trees,a1_constrained_score_search,2026-06-12T10:38:46.605640+00:00,2026-06-12T10:38:46.608926+00:00,0.0032861232757568,1,results/raw/tier_e_core4_hgb_mlp_timed_expanded/TON_IoT_ton_iot_attack_family_holdout_full_extra_trees_a1_constrained_score_search_4.csv,nan
881,threat_evaluation,TON_IoT,ton_iot_attack_family_holdout_full,4,extra_trees,a4_split_shift,2026-06-12T10:38:46.608969+00:00,2026-06-12T10:38:46.716662+00:00,0.1076927185058593,36043,nan,nan
882,result_writing,TON_IoT,ton_iot_attack_family_holdout_full,4,extra_trees,a4_split_shift,2026-06-12T10:38:46.716824+00:00,2026-06-12T10:38:46.720102+00:00,0.0032775402069091,1,results/raw/tier_e_core4_hgb_mlp_timed_expanded/TON_IoT_ton_iot_attack_family_holdout_full_extra_trees_a4_split_shift_4.csv,nan
883,split_construction,TON_IoT,ton_iot_attack_family_holdout_full,4,hist_gradient_boosting,nan,2026-06-12T10:38:46.720189+00:00,2026-06-12T10:38:46.872839+00:00,0.1526503562927246,211043,nan,nan
884,preprocessing,TON_IoT,ton_iot_attack_family_holdout_full,4,hist_gradient_boosting,nan,2026-06-12T10:38:46.872955+00:00,2026-06-12T10:38:51.662266+00:00,4.789310216903687,211043,nan,nan
885,model_training,TON_IoT,ton_iot_attack_family_holdout_full,4,hist_gradient_boosting,nan,2026-06-12T10:38:51.662435+00:00,2026-06-12T10:38:54.079285+00:00,2.4168498516082764,211043,nan,nan
886,clean_profile,TON_IoT,ton_iot_attack_family_holdout_full,4,hist_gradient_boosting,nan,2026-06-12T10:38:54.079377+00:00,2026-06-12T10:38:54.198272+00:00,0.1188952922821044,211043,nan,nan
887,threat_evaluation,TON_IoT,ton_iot_attack_family_holdout_full,4,hist_gradient_boosting,a0_clean,2026-06-12T10:38:54.216794+00:00,2026-06-12T10:38:54.260183+00:00,0.043389081954956,36043,nan,nan
888,result_writing,TON_IoT,ton_iot_attack_family_holdout_full,4,hist_gradient_boosting,a0_clean,2026-06-12T10:38:54.260375+00:00,2026-06-12T10:38:54.263709+00:00,0.0033333301544189,1,results/raw/tier_e_core4_hgb_mlp_timed_expanded/TON_IoT_ton_iot_attack_family_holdout_full_hist_gradient_boosting_a0_clean_4.csv,nan
889,threat_evaluation,TON_IoT,ton_iot_attack_family_holdout_full,4,hist_gradient_boosting,a1_constrained_feature,2026-06-12T10:38:54.263778+00:00,2026-06-12T10:38:54.382009+00:00,0.1182312965393066,36043,nan,nan
890,result_writing,TON_IoT,ton_iot_attack_family_holdout_full,4,hist_gradient_boosting,a1_constrained_feature,2026-06-12T10:38:54.382191+00:00,2026-06-12T10:38:54.385504+00:00,0.0033125877380371,1,results/raw/tier_e_core4_hgb_mlp_timed_expanded/TON_IoT_ton_iot_attack_family_holdout_full_hist_gradient_boosting_a1_constrained_feature_4.csv,nan
891,threat_evaluation,TON_IoT,ton_iot_attack_family_holdout_full,4,hist_gradient_boosting,a1_constrained_score_search,2026-06-12T10:38:54.385547+00:00,2026-06-12T10:38:54.980748+00:00,0.595200777053833,36043,nan,nan
892,result_writing,TON_IoT,ton_iot_attack_family_holdout_full,4,hist_gradient_boosting,a1_constrained_score_search,2026-06-12T10:38:54.980938+00:00,2026-06-12T10:38:54.984296+00:00,0.0033571720123291,1,results/raw/tier_e_core4_hgb_mlp_timed_expanded/TON_IoT_ton_iot_attack_family_holdout_full_hist_gradient_boosting_a1_constrained_score_search_4.csv,nan
893,threat_evaluation,TON_IoT,ton_iot_attack_family_holdout_full,4,hist_gradient_boosting,a4_split_shift,2026-06-12T10:38:54.984339+00:00,2026-06-12T10:38:55.045380+00:00,0.0610404014587402,36043,nan,nan
894,result_writing,TON_IoT,ton_iot_attack_family_holdout_full,4,hist_gradient_boosting,a4_split_shift,2026-06-12T10:38:55.045540+00:00,2026-06-12T10:38:55.048858+00:00,0.0033178329467773,1,results/raw/tier_e_core4_hgb_mlp_timed_expanded/TON_IoT_ton_iot_attack_family_holdout_full_hist_gradient_boosting_a4_split_shift_4.csv,nan
895,split_construction,TON_IoT,ton_iot_attack_family_holdout_full,4,logistic_regression,nan,2026-06-12T10:38:55.048948+00:00,2026-06-12T10:38:55.202623+00:00,0.1536753177642822,211043,nan,nan
896,preprocessing,TON_IoT,ton_iot_attack_family_holdout_full,4,logistic_regression,nan,2026-06-12T10:38:55.202763+00:00,2026-06-12T10:38:59.972851+00:00,4.770088195800781,211043,nan,nan
897,model_training,TON_IoT,ton_iot_attack_family_holdout_full,4,logistic_regression,nan,2026-06-12T10:38:59.972989+00:00,2026-06-12T10:39:07.414258+00:00,7.441269397735596,211043,nan,nan
898,clean_profile,TON_IoT,ton_iot_attack_family_holdout_full,4,logistic_regression,nan,2026-06-12T10:39:07.414333+00:00,2026-06-12T10:39:07.438150+00:00,0.0238168239593505,211043,nan,nan
899,threat_evaluation,TON_IoT,ton_iot_attack_family_holdout_full,4,logistic_regression,a0_clean,2026-06-12T10:39:07.456748+00:00,2026-06-12T10:39:07.470646+00:00,0.0138983726501464,36043,nan,nan
900,result_writing,TON_IoT,ton_iot_attack_family_holdout_full,4,logistic_regression,a0_clean,2026-06-12T10:39:07.470810+00:00,2026-06-12T10:39:07.474123+00:00,0.0033128261566162,1,results/raw/tier_e_core4_hgb_mlp_timed_expanded/TON_IoT_ton_iot_attack_family_holdout_full_logistic_regression_a0_clean_4.csv,nan
901,threat_evaluation,TON_IoT,ton_iot_attack_family_holdout_full,4,logistic_regression,a1_constrained_feature,2026-06-12T10:39:07.474165+00:00,2026-06-12T10:39:07.560104+00:00,0.0859384536743164,36043,nan,nan
902,result_writing,TON_IoT,ton_iot_attack_family_holdout_full,4,logistic_regression,a1_constrained_feature,2026-06-12T10:39:07.560275+00:00,2026-06-12T10:39:07.563520+00:00,0.0032451152801513,1,results/raw/tier_e_core4_hgb_mlp_timed_expanded/TON_IoT_ton_iot_attack_family_holdout_full_logistic_regression_a1_constrained_feature_4.csv,nan
903,threat_evaluation,TON_IoT,ton_iot_attack_family_holdout_full,4,logistic_regression,a1_constrained_score_search,2026-06-12T10:39:07.563563+00:00,2026-06-12T10:39:07.921459+00:00,0.3578965663909912,36043,nan,nan
904,result_writing,TON_IoT,ton_iot_attack_family_holdout_full,4,logistic_regression,a1_constrained_score_search,2026-06-12T10:39:07.921645+00:00,2026-06-12T10:39:07.924938+00:00,0.003293752670288,1,results/raw/tier_e_core4_hgb_mlp_timed_expanded/TON_IoT_ton_iot_attack_family_holdout_full_logistic_regression_a1_constrained_score_search_4.csv,nan
905,threat_evaluation,TON_IoT,ton_iot_attack_family_holdout_full,4,logistic_regression,a4_split_shift,2026-06-12T10:39:07.924983+00:00,2026-06-12T10:39:07.938452+00:00,0.0134694576263427,36043,nan,nan
906,result_writing,TON_IoT,ton_iot_attack_family_holdout_full,4,logistic_regression,a4_split_shift,2026-06-12T10:39:07.938603+00:00,2026-06-12T10:39:07.941943+00:00,0.0033402442932128,1,results/raw/tier_e_core4_hgb_mlp_timed_expanded/TON_IoT_ton_iot_attack_family_holdout_full_logistic_regression_a4_split_shift_4.csv,nan
907,split_construction,TON_IoT,ton_iot_attack_family_holdout_full,4,mlp_sklearn,nan,2026-06-12T10:39:07.942030+00:00,2026-06-12T10:39:08.095379+00:00,0.1533496379852295,211043,nan,nan
908,preprocessing,TON_IoT,ton_iot_attack_family_holdout_full,4,mlp_sklearn,nan,2026-06-12T10:39:08.095493+00:00,2026-06-12T10:39:12.881210+00:00,4.785717010498047,211043,nan,nan
909,model_training,TON_IoT,ton_iot_attack_family_holdout_full,4,mlp_sklearn,nan,2026-06-12T10:39:12.881378+00:00,2026-06-12T10:39:28.216118+00:00,15.334739446640016,211043,nan,nan
910,clean_profile,TON_IoT,ton_iot_attack_family_holdout_full,4,mlp_sklearn,nan,2026-06-12T10:39:28.216197+00:00,2026-06-12T10:39:28.271997+00:00,0.0557999610900878,211043,nan,nan
911,threat_evaluation,TON_IoT,ton_iot_attack_family_holdout_full,4,mlp_sklearn,a0_clean,2026-06-12T10:39:28.290057+00:00,2026-06-12T10:39:28.314673+00:00,0.024616003036499,36043,nan,nan
912,result_writing,TON_IoT,ton_iot_attack_family_holdout_full,4,mlp_sklearn,a0_clean,2026-06-12T10:39:28.314852+00:00,2026-06-12T10:39:28.318399+00:00,0.003547191619873,1,results/raw/tier_e_core4_hgb_mlp_timed_expanded/TON_IoT_ton_iot_attack_family_holdout_full_mlp_sklearn_a0_clean_4.csv,nan
913,threat_evaluation,TON_IoT,ton_iot_attack_family_holdout_full,4,mlp_sklearn,a1_constrained_feature,2026-06-12T10:39:28.318452+00:00,2026-06-12T10:39:28.416142+00:00,0.0976901054382324,36043,nan,nan
914,result_writing,TON_IoT,ton_iot_attack_family_holdout_full,4,mlp_sklearn,a1_constrained_feature,2026-06-12T10:39:28.416332+00:00,2026-06-12T10:39:28.419702+00:00,0.0033698081970214,1,results/raw/tier_e_core4_hgb_mlp_timed_expanded/TON_IoT_ton_iot_attack_family_holdout_full_mlp_sklearn_a1_constrained_feature_4.csv,nan
915,threat_evaluation,TON_IoT,ton_iot_attack_family_holdout_full,4,mlp_sklearn,a1_constrained_score_search,2026-06-12T10:39:28.419778+00:00,2026-06-12T10:39:28.826967+00:00,0.4071886539459228,36043,nan,nan
916,result_writing,TON_IoT,ton_iot_attack_family_holdout_full,4,mlp_sklearn,a1_constrained_score_search,2026-06-12T10:39:28.827155+00:00,2026-06-12T10:39:28.830544+00:00,0.0033884048461914,1,results/raw/tier_e_core4_hgb_mlp_timed_expanded/TON_IoT_ton_iot_attack_family_holdout_full_mlp_sklearn_a1_constrained_score_search_4.csv,nan
917,threat_evaluation,TON_IoT,ton_iot_attack_family_holdout_full,4,mlp_sklearn,a4_split_shift,2026-06-12T10:39:28.830590+00:00,2026-06-12T10:39:28.854475+00:00,0.0238847732543945,36043,nan,nan
918,result_writing,TON_IoT,ton_iot_attack_family_holdout_full,4,mlp_sklearn,a4_split_shift,2026-06-12T10:39:28.854645+00:00,2026-06-12T10:39:28.857958+00:00,0.0033125877380371,1,results/raw/tier_e_core4_hgb_mlp_timed_expanded/TON_IoT_ton_iot_attack_family_holdout_full_mlp_sklearn_a4_split_shift_4.csv,nan
919,split_construction,TON_IoT,ton_iot_attack_family_holdout_full,4,random_forest,nan,2026-06-12T10:39:28.858047+00:00,2026-06-12T10:39:29.011981+00:00,0.1539340019226074,211043,nan,nan
920,preprocessing,TON_IoT,ton_iot_attack_family_holdout_full,4,random_forest,nan,2026-06-12T10:39:29.012108+00:00,2026-06-12T10:39:33.776828+00:00,4.764719486236572,211043,nan,nan
921,model_training,TON_IoT,ton_iot_attack_family_holdout_full,4,random_forest,nan,2026-06-12T10:39:33.777008+00:00,2026-06-12T10:39:39.068480+00:00,5.291472911834717,211043,nan,nan
922,clean_profile,TON_IoT,ton_iot_attack_family_holdout_full,4,random_forest,nan,2026-06-12T10:39:39.068569+00:00,2026-06-12T10:39:39.283329+00:00,0.2147605419158935,211043,nan,nan
923,threat_evaluation,TON_IoT,ton_iot_attack_family_holdout_full,4,random_forest,a0_clean,2026-06-12T10:39:39.301481+00:00,2026-06-12T10:39:39.376455+00:00,0.0749740600585937,36043,nan,nan
924,result_writing,TON_IoT,ton_iot_attack_family_holdout_full,4,random_forest,a0_clean,2026-06-12T10:39:39.376625+00:00,2026-06-12T10:39:39.379934+00:00,0.0033082962036132,1,results/raw/tier_e_core4_hgb_mlp_timed_expanded/TON_IoT_ton_iot_attack_family_holdout_full_random_forest_a0_clean_4.csv,nan
925,threat_evaluation,TON_IoT,ton_iot_attack_family_holdout_full,4,random_forest,a1_constrained_feature,2026-06-12T10:39:39.379975+00:00,2026-06-12T10:39:39.535971+00:00,0.1559963226318359,36043,nan,nan
926,result_writing,TON_IoT,ton_iot_attack_family_holdout_full,4,random_forest,a1_constrained_feature,2026-06-12T10:39:39.536147+00:00,2026-06-12T10:39:39.539361+00:00,0.0032143592834472,1,results/raw/tier_e_core4_hgb_mlp_timed_expanded/TON_IoT_ton_iot_attack_family_holdout_full_random_forest_a1_constrained_feature_4.csv,nan
927,threat_evaluation,TON_IoT,ton_iot_attack_family_holdout_full,4,random_forest,a1_constrained_score_search,2026-06-12T10:39:39.539406+00:00,2026-06-12T10:39:40.233243+00:00,0.6938374042510986,36043,nan,nan
928,result_writing,TON_IoT,ton_iot_attack_family_holdout_full,4,random_forest,a1_constrained_score_search,2026-06-12T10:39:40.233413+00:00,2026-06-12T10:39:40.236635+00:00,0.0032222270965576,1,results/raw/tier_e_core4_hgb_mlp_timed_expanded/TON_IoT_ton_iot_attack_family_holdout_full_random_forest_a1_constrained_score_search_4.csv,nan
929,threat_evaluation,TON_IoT,ton_iot_attack_family_holdout_full,4,random_forest,a4_split_shift,2026-06-12T10:39:40.236681+00:00,2026-06-12T10:39:40.311605+00:00,0.0749242305755615,36043,nan,nan
930,result_writing,TON_IoT,ton_iot_attack_family_holdout_full,4,random_forest,a4_split_shift,2026-06-12T10:39:40.311792+00:00,2026-06-12T10:39:40.315007+00:00,0.0032153129577636,1,results/raw/tier_e_core4_hgb_mlp_timed_expanded/TON_IoT_ton_iot_attack_family_holdout_full_random_forest_a4_split_shift_4.csv,nan
931,dataset_load,TON_IoT,ton_iot_attack_family_holdout_full,5,nan,nan,2026-06-12T10:39:40.315050+00:00,2026-06-12T10:39:41.641344+00:00,1.326293706893921,211043,nan,nan
932,preprocess_manifest,TON_IoT,ton_iot_attack_family_holdout_full,5,nan,nan,2026-06-12T10:39:41.641478+00:00,2026-06-12T10:39:46.227097+00:00,4.58561897277832,211043,nan,nan
933,split_construction,TON_IoT,ton_iot_attack_family_holdout_full,5,extra_trees,nan,2026-06-12T10:39:46.227293+00:00,2026-06-12T10:39:46.380803+00:00,0.1535103321075439,211043,nan,nan
934,preprocessing,TON_IoT,ton_iot_attack_family_holdout_full,5,extra_trees,nan,2026-06-12T10:39:46.380929+00:00,2026-06-12T10:39:51.155030+00:00,4.7741007804870605,211043,nan,nan
935,model_training,TON_IoT,ton_iot_attack_family_holdout_full,5,extra_trees,nan,2026-06-12T10:39:51.155207+00:00,2026-06-12T10:39:55.341040+00:00,4.185832977294922,211043,nan,nan
936,clean_profile,TON_IoT,ton_iot_attack_family_holdout_full,5,extra_trees,nan,2026-06-12T10:39:55.341128+00:00,2026-06-12T10:39:55.654203+00:00,0.3130750656127929,211043,nan,nan
937,threat_evaluation,TON_IoT,ton_iot_attack_family_holdout_full,5,extra_trees,a0_clean,2026-06-12T10:39:55.672586+00:00,2026-06-12T10:39:55.780259+00:00,0.1076729297637939,36043,nan,nan
938,result_writing,TON_IoT,ton_iot_attack_family_holdout_full,5,extra_trees,a0_clean,2026-06-12T10:39:55.780427+00:00,2026-06-12T10:39:55.783760+00:00,0.0033321380615234,1,results/raw/tier_e_core4_hgb_mlp_timed_expanded/TON_IoT_ton_iot_attack_family_holdout_full_extra_trees_a0_clean_5.csv,nan
939,threat_evaluation,TON_IoT,ton_iot_attack_family_holdout_full,5,extra_trees,a1_constrained_feature,2026-06-12T10:39:55.783802+00:00,2026-06-12T10:39:55.968476+00:00,0.1846742630004882,36043,nan,nan
940,result_writing,TON_IoT,ton_iot_attack_family_holdout_full,5,extra_trees,a1_constrained_feature,2026-06-12T10:39:55.968661+00:00,2026-06-12T10:39:55.971917+00:00,0.0032565593719482,1,results/raw/tier_e_core4_hgb_mlp_timed_expanded/TON_IoT_ton_iot_attack_family_holdout_full_extra_trees_a1_constrained_feature_5.csv,nan
941,threat_evaluation,TON_IoT,ton_iot_attack_family_holdout_full,5,extra_trees,a1_constrained_score_search,2026-06-12T10:39:55.971961+00:00,2026-06-12T10:39:56.772061+00:00,0.8001003265380859,36043,nan,nan
942,result_writing,TON_IoT,ton_iot_attack_family_holdout_full,5,extra_trees,a1_constrained_score_search,2026-06-12T10:39:56.772237+00:00,2026-06-12T10:39:56.775480+00:00,0.0032422542572021,1,results/raw/tier_e_core4_hgb_mlp_timed_expanded/TON_IoT_ton_iot_attack_family_holdout_full_extra_trees_a1_constrained_score_search_5.csv,nan
943,threat_evaluation,TON_IoT,ton_iot_attack_family_holdout_full,5,extra_trees,a4_split_shift,2026-06-12T10:39:56.775520+00:00,2026-06-12T10:39:56.883544+00:00,0.1080234050750732,36043,nan,nan
944,result_writing,TON_IoT,ton_iot_attack_family_holdout_full,5,extra_trees,a4_split_shift,2026-06-12T10:39:56.883707+00:00,2026-06-12T10:39:56.887007+00:00,0.0032992362976074,1,results/raw/tier_e_core4_hgb_mlp_timed_expanded/TON_IoT_ton_iot_attack_family_holdout_full_extra_trees_a4_split_shift_5.csv,nan
945,split_construction,TON_IoT,ton_iot_attack_family_holdout_full,5,hist_gradient_boosting,nan,2026-06-12T10:39:56.887092+00:00,2026-06-12T10:39:57.040394+00:00,0.1533014774322509,211043,nan,nan
946,preprocessing,TON_IoT,ton_iot_attack_family_holdout_full,5,hist_gradient_boosting,nan,2026-06-12T10:39:57.040508+00:00,2026-06-12T10:40:01.805755+00:00,4.765247106552124,211043,nan,nan
947,model_training,TON_IoT,ton_iot_attack_family_holdout_full,5,hist_gradient_boosting,nan,2026-06-12T10:40:01.805921+00:00,2026-06-12T10:40:04.325111+00:00,2.519190549850464,211043,nan,nan
948,clean_profile,TON_IoT,ton_iot_attack_family_holdout_full,5,hist_gradient_boosting,nan,2026-06-12T10:40:04.325202+00:00,2026-06-12T10:40:04.441437+00:00,0.1162347793579101,211043,nan,nan
949,threat_evaluation,TON_IoT,ton_iot_attack_family_holdout_full,5,hist_gradient_boosting,a0_clean,2026-06-12T10:40:04.459712+00:00,2026-06-12T10:40:04.503180+00:00,0.0434687137603759,36043,nan,nan
950,result_writing,TON_IoT,ton_iot_attack_family_holdout_full,5,hist_gradient_boosting,a0_clean,2026-06-12T10:40:04.503343+00:00,2026-06-12T10:40:04.506720+00:00,0.0033771991729736,1,results/raw/tier_e_core4_hgb_mlp_timed_expanded/TON_IoT_ton_iot_attack_family_holdout_full_hist_gradient_boosting_a0_clean_5.csv,nan
951,threat_evaluation,TON_IoT,ton_iot_attack_family_holdout_full,5,hist_gradient_boosting,a1_constrained_feature,2026-06-12T10:40:04.506765+00:00,2026-06-12T10:40:04.623458+00:00,0.1166934967041015,36043,nan,nan
952,result_writing,TON_IoT,ton_iot_attack_family_holdout_full,5,hist_gradient_boosting,a1_constrained_feature,2026-06-12T10:40:04.623631+00:00,2026-06-12T10:40:04.626950+00:00,0.0033185482025146,1,results/raw/tier_e_core4_hgb_mlp_timed_expanded/TON_IoT_ton_iot_attack_family_holdout_full_hist_gradient_boosting_a1_constrained_feature_5.csv,nan
953,threat_evaluation,TON_IoT,ton_iot_attack_family_holdout_full,5,hist_gradient_boosting,a1_constrained_score_search,2026-06-12T10:40:04.626993+00:00,2026-06-12T10:40:05.239793+00:00,0.6128003597259521,36043,nan,nan
954,result_writing,TON_IoT,ton_iot_attack_family_holdout_full,5,hist_gradient_boosting,a1_constrained_score_search,2026-06-12T10:40:05.239962+00:00,2026-06-12T10:40:05.243281+00:00,0.0033187866210937,1,results/raw/tier_e_core4_hgb_mlp_timed_expanded/TON_IoT_ton_iot_attack_family_holdout_full_hist_gradient_boosting_a1_constrained_score_search_5.csv,nan
955,threat_evaluation,TON_IoT,ton_iot_attack_family_holdout_full,5,hist_gradient_boosting,a4_split_shift,2026-06-12T10:40:05.243325+00:00,2026-06-12T10:40:05.298532+00:00,0.0552060604095459,36043,nan,nan
956,result_writing,TON_IoT,ton_iot_attack_family_holdout_full,5,hist_gradient_boosting,a4_split_shift,2026-06-12T10:40:05.298692+00:00,2026-06-12T10:40:05.302021+00:00,0.003328800201416,1,results/raw/tier_e_core4_hgb_mlp_timed_expanded/TON_IoT_ton_iot_attack_family_holdout_full_hist_gradient_boosting_a4_split_shift_5.csv,nan
957,split_construction,TON_IoT,ton_iot_attack_family_holdout_full,5,logistic_regression,nan,2026-06-12T10:40:05.302108+00:00,2026-06-12T10:40:05.455824+00:00,0.1537163257598877,211043,nan,nan
958,preprocessing,TON_IoT,ton_iot_attack_family_holdout_full,5,logistic_regression,nan,2026-06-12T10:40:05.455966+00:00,2026-06-12T10:40:10.185815+00:00,4.729849100112915,211043,nan,nan
959,model_training,TON_IoT,ton_iot_attack_family_holdout_full,5,logistic_regression,nan,2026-06-12T10:40:10.185956+00:00,2026-06-12T10:40:19.094590+00:00,8.908633947372437,211043,nan,nan
960,clean_profile,TON_IoT,ton_iot_attack_family_holdout_full,5,logistic_regression,nan,2026-06-12T10:40:19.094670+00:00,2026-06-12T10:40:19.121592+00:00,0.0269222259521484,211043,nan,nan
961,threat_evaluation,TON_IoT,ton_iot_attack_family_holdout_full,5,logistic_regression,a0_clean,2026-06-12T10:40:19.140189+00:00,2026-06-12T10:40:19.153918+00:00,0.0137281417846679,36043,nan,nan
962,result_writing,TON_IoT,ton_iot_attack_family_holdout_full,5,logistic_regression,a0_clean,2026-06-12T10:40:19.154088+00:00,2026-06-12T10:40:19.157443+00:00,0.003354787826538,1,results/raw/tier_e_core4_hgb_mlp_timed_expanded/TON_IoT_ton_iot_attack_family_holdout_full_logistic_regression_a0_clean_5.csv,nan
963,threat_evaluation,TON_IoT,ton_iot_attack_family_holdout_full,5,logistic_regression,a1_constrained_feature,2026-06-12T10:40:19.157498+00:00,2026-06-12T10:40:19.243152+00:00,0.0856542587280273,36043,nan,nan
964,result_writing,TON_IoT,ton_iot_attack_family_holdout_full,5,logistic_regression,a1_constrained_feature,2026-06-12T10:40:19.243322+00:00,2026-06-12T10:40:19.246621+00:00,0.003298282623291,1,results/raw/tier_e_core4_hgb_mlp_timed_expanded/TON_IoT_ton_iot_attack_family_holdout_full_logistic_regression_a1_constrained_feature_5.csv,nan
965,threat_evaluation,TON_IoT,ton_iot_attack_family_holdout_full,5,logistic_regression,a1_constrained_score_search,2026-06-12T10:40:19.246666+00:00,2026-06-12T10:40:19.605550+00:00,0.3588838577270508,36043,nan,nan
966,result_writing,TON_IoT,ton_iot_attack_family_holdout_full,5,logistic_regression,a1_constrained_score_search,2026-06-12T10:40:19.605736+00:00,2026-06-12T10:40:19.609036+00:00,0.0033004283905029,1,results/raw/tier_e_core4_hgb_mlp_timed_expanded/TON_IoT_ton_iot_attack_family_holdout_full_logistic_regression_a1_constrained_score_search_5.csv,nan
967,threat_evaluation,TON_IoT,ton_iot_attack_family_holdout_full,5,logistic_regression,a4_split_shift,2026-06-12T10:40:19.609078+00:00,2026-06-12T10:40:19.622161+00:00,0.0130832195281982,36043,nan,nan
968,result_writing,TON_IoT,ton_iot_attack_family_holdout_full,5,logistic_regression,a4_split_shift,2026-06-12T10:40:19.622318+00:00,2026-06-12T10:40:19.625668+00:00,0.0033502578735351,1,results/raw/tier_e_core4_hgb_mlp_timed_expanded/TON_IoT_ton_iot_attack_family_holdout_full_logistic_regression_a4_split_shift_5.csv,nan
969,split_construction,TON_IoT,ton_iot_attack_family_holdout_full,5,mlp_sklearn,nan,2026-06-12T10:40:19.625756+00:00,2026-06-12T10:40:19.779180+00:00,0.1534245014190673,211043,nan,nan
970,preprocessing,TON_IoT,ton_iot_attack_family_holdout_full,5,mlp_sklearn,nan,2026-06-12T10:40:19.779307+00:00,2026-06-12T10:40:24.529050+00:00,4.7497429847717285,211043,nan,nan
971,model_training,TON_IoT,ton_iot_attack_family_holdout_full,5,mlp_sklearn,nan,2026-06-12T10:40:24.529225+00:00,2026-06-12T10:40:42.326463+00:00,17.797237873077393,211043,nan,nan
972,clean_profile,TON_IoT,ton_iot_attack_family_holdout_full,5,mlp_sklearn,nan,2026-06-12T10:40:42.326542+00:00,2026-06-12T10:40:42.382314+00:00,0.0557718276977539,211043,nan,nan
973,threat_evaluation,TON_IoT,ton_iot_attack_family_holdout_full,5,mlp_sklearn,a0_clean,2026-06-12T10:40:42.400529+00:00,2026-06-12T10:40:42.426096+00:00,0.0255675315856933,36043,nan,nan
974,result_writing,TON_IoT,ton_iot_attack_family_holdout_full,5,mlp_sklearn,a0_clean,2026-06-12T10:40:42.426269+00:00,2026-06-12T10:40:42.429718+00:00,0.0034489631652832,1,results/raw/tier_e_core4_hgb_mlp_timed_expanded/TON_IoT_ton_iot_attack_family_holdout_full_mlp_sklearn_a0_clean_5.csv,nan
975,threat_evaluation,TON_IoT,ton_iot_attack_family_holdout_full,5,mlp_sklearn,a1_constrained_feature,2026-06-12T10:40:42.429766+00:00,2026-06-12T10:40:42.526963+00:00,0.0971975326538086,36043,nan,nan
976,result_writing,TON_IoT,ton_iot_attack_family_holdout_full,5,mlp_sklearn,a1_constrained_feature,2026-06-12T10:40:42.527155+00:00,2026-06-12T10:40:42.530522+00:00,0.003366470336914,1,results/raw/tier_e_core4_hgb_mlp_timed_expanded/TON_IoT_ton_iot_attack_family_holdout_full_mlp_sklearn_a1_constrained_feature_5.csv,nan
977,threat_evaluation,TON_IoT,ton_iot_attack_family_holdout_full,5,mlp_sklearn,a1_constrained_score_search,2026-06-12T10:40:42.530566+00:00,2026-06-12T10:40:42.938345+00:00,0.4077789783477783,36043,nan,nan
978,result_writing,TON_IoT,ton_iot_attack_family_holdout_full,5,mlp_sklearn,a1_constrained_score_search,2026-06-12T10:40:42.938532+00:00,2026-06-12T10:40:42.941863+00:00,0.0033307075500488,1,results/raw/tier_e_core4_hgb_mlp_timed_expanded/TON_IoT_ton_iot_attack_family_holdout_full_mlp_sklearn_a1_constrained_score_search_5.csv,nan
979,threat_evaluation,TON_IoT,ton_iot_attack_family_holdout_full,5,mlp_sklearn,a4_split_shift,2026-06-12T10:40:42.941906+00:00,2026-06-12T10:40:42.965698+00:00,0.0237927436828613,36043,nan,nan
980,result_writing,TON_IoT,ton_iot_attack_family_holdout_full,5,mlp_sklearn,a4_split_shift,2026-06-12T10:40:42.965859+00:00,2026-06-12T10:40:42.969189+00:00,0.0033302307128906,1,results/raw/tier_e_core4_hgb_mlp_timed_expanded/TON_IoT_ton_iot_attack_family_holdout_full_mlp_sklearn_a4_split_shift_5.csv,nan
981,split_construction,TON_IoT,ton_iot_attack_family_holdout_full,5,random_forest,nan,2026-06-12T10:40:42.969280+00:00,2026-06-12T10:40:43.123563+00:00,0.1542820930480957,211043,nan,nan
982,preprocessing,TON_IoT,ton_iot_attack_family_holdout_full,5,random_forest,nan,2026-06-12T10:40:43.123690+00:00,2026-06-12T10:40:47.871452+00:00,4.747761487960815,211043,nan,nan
983,model_training,TON_IoT,ton_iot_attack_family_holdout_full,5,random_forest,nan,2026-06-12T10:40:47.871632+00:00,2026-06-12T10:40:52.765728+00:00,4.894096374511719,211043,nan,nan
984,clean_profile,TON_IoT,ton_iot_attack_family_holdout_full,5,random_forest,nan,2026-06-12T10:40:52.765818+00:00,2026-06-12T10:40:52.980515+00:00,0.2146964073181152,211043,nan,nan
985,threat_evaluation,TON_IoT,ton_iot_attack_family_holdout_full,5,random_forest,a0_clean,2026-06-12T10:40:52.998921+00:00,2026-06-12T10:40:53.074370+00:00,0.0754494667053222,36043,nan,nan
986,result_writing,TON_IoT,ton_iot_attack_family_holdout_full,5,random_forest,a0_clean,2026-06-12T10:40:53.074531+00:00,2026-06-12T10:40:53.077893+00:00,0.0033621788024902,1,results/raw/tier_e_core4_hgb_mlp_timed_expanded/TON_IoT_ton_iot_attack_family_holdout_full_random_forest_a0_clean_5.csv,nan
987,threat_evaluation,TON_IoT,ton_iot_attack_family_holdout_full,5,random_forest,a1_constrained_feature,2026-06-12T10:40:53.077936+00:00,2026-06-12T10:40:53.232946+00:00,0.1550099849700927,36043,nan,nan
988,result_writing,TON_IoT,ton_iot_attack_family_holdout_full,5,random_forest,a1_constrained_feature,2026-06-12T10:40:53.233121+00:00,2026-06-12T10:40:53.236409+00:00,0.0032885074615478,1,results/raw/tier_e_core4_hgb_mlp_timed_expanded/TON_IoT_ton_iot_attack_family_holdout_full_random_forest_a1_constrained_feature_5.csv,nan
989,threat_evaluation,TON_IoT,ton_iot_attack_family_holdout_full,5,random_forest,a1_constrained_score_search,2026-06-12T10:40:53.236449+00:00,2026-06-12T10:40:53.922640+00:00,0.6861908435821533,36043,nan,nan
990,result_writing,TON_IoT,ton_iot_attack_family_holdout_full,5,random_forest,a1_constrained_score_search,2026-06-12T10:40:53.922807+00:00,2026-06-12T10:40:53.926049+00:00,0.0032424926757812,1,results/raw/tier_e_core4_hgb_mlp_timed_expanded/TON_IoT_ton_iot_attack_family_holdout_full_random_forest_a1_constrained_score_search_5.csv,nan
991,threat_evaluation,TON_IoT,ton_iot_attack_family_holdout_full,5,random_forest,a4_split_shift,2026-06-12T10:40:53.926090+00:00,2026-06-12T10:40:54.001522+00:00,0.0754318237304687,36043,nan,nan
992,result_writing,TON_IoT,ton_iot_attack_family_holdout_full,5,random_forest,a4_split_shift,2026-06-12T10:40:54.001692+00:00,2026-06-12T10:40:54.005004+00:00,0.0033121109008789,1,results/raw/tier_e_core4_hgb_mlp_timed_expanded/TON_IoT_ton_iot_attack_family_holdout_full_random_forest_a4_split_shift_5.csv,nan
993,dataset_load,TON_IoT,ton_iot_attack_family_holdout_full,6,nan,nan,2026-06-12T10:40:54.005046+00:00,2026-06-12T10:40:55.329379+00:00,1.3243329524993896,211043,nan,nan
994,preprocess_manifest,TON_IoT,ton_iot_attack_family_holdout_full,6,nan,nan,2026-06-12T10:40:55.329522+00:00,2026-06-12T10:40:59.901164+00:00,4.571641206741333,211043,nan,nan
995,split_construction,TON_IoT,ton_iot_attack_family_holdout_full,6,extra_trees,nan,2026-06-12T10:40:59.901369+00:00,2026-06-12T10:41:00.055831+00:00,0.1544623374938964,211043,nan,nan
996,preprocessing,TON_IoT,ton_iot_attack_family_holdout_full,6,extra_trees,nan,2026-06-12T10:41:00.055973+00:00,2026-06-12T10:41:04.816629+00:00,4.760656595230103,211043,nan,nan
997,model_training,TON_IoT,ton_iot_attack_family_holdout_full,6,extra_trees,nan,2026-06-12T10:41:04.816807+00:00,2026-06-12T10:41:09.033688+00:00,4.216880559921265,211043,nan,nan
998,clean_profile,TON_IoT,ton_iot_attack_family_holdout_full,6,extra_trees,nan,2026-06-12T10:41:09.033777+00:00,2026-06-12T10:41:09.344003+00:00,0.3102259635925293,211043,nan,nan
999,threat_evaluation,TON_IoT,ton_iot_attack_family_holdout_full,6,extra_trees,a0_clean,2026-06-12T10:41:09.362389+00:00,2026-06-12T10:41:09.469367+00:00,0.1069779396057128,36043,nan,nan
1000,result_writing,TON_IoT,ton_iot_attack_family_holdout_full,6,extra_trees,a0_clean,2026-06-12T10:41:09.469532+00:00,2026-06-12T10:41:09.472867+00:00,0.0033357143402099,1,results/raw/tier_e_core4_hgb_mlp_timed_expanded/TON_IoT_ton_iot_attack_family_holdout_full_extra_trees_a0_clean_6.csv,nan
1001,threat_evaluation,TON_IoT,ton_iot_attack_family_holdout_full,6,extra_trees,a1_constrained_feature,2026-06-12T10:41:09.472909+00:00,2026-06-12T10:41:09.657805+00:00,0.1848957538604736,36043,nan,nan
1002,result_writing,TON_IoT,ton_iot_attack_family_holdout_full,6,extra_trees,a1_constrained_feature,2026-06-12T10:41:09.657982+00:00,2026-06-12T10:41:09.661258+00:00,0.0032756328582763,1,results/raw/tier_e_core4_hgb_mlp_timed_expanded/TON_IoT_ton_iot_attack_family_holdout_full_extra_trees_a1_constrained_feature_6.csv,nan
1003,threat_evaluation,TON_IoT,ton_iot_attack_family_holdout_full,6,extra_trees,a1_constrained_score_search,2026-06-12T10:41:09.661297+00:00,2026-06-12T10:41:10.471591+00:00,0.8102941513061523,36043,nan,nan
1004,result_writing,TON_IoT,ton_iot_attack_family_holdout_full,6,extra_trees,a1_constrained_score_search,2026-06-12T10:41:10.471799+00:00,2026-06-12T10:41:10.475033+00:00,0.0032343864440917,1,results/raw/tier_e_core4_hgb_mlp_timed_expanded/TON_IoT_ton_iot_attack_family_holdout_full_extra_trees_a1_constrained_score_search_6.csv,nan
1005,threat_evaluation,TON_IoT,ton_iot_attack_family_holdout_full,6,extra_trees,a4_split_shift,2026-06-12T10:41:10.475078+00:00,2026-06-12T10:41:10.582448+00:00,0.107370376586914,36043,nan,nan
1006,result_writing,TON_IoT,ton_iot_attack_family_holdout_full,6,extra_trees,a4_split_shift,2026-06-12T10:41:10.582612+00:00,2026-06-12T10:41:10.585956+00:00,0.0033440589904785,1,results/raw/tier_e_core4_hgb_mlp_timed_expanded/TON_IoT_ton_iot_attack_family_holdout_full_extra_trees_a4_split_shift_6.csv,nan
1007,split_construction,TON_IoT,ton_iot_attack_family_holdout_full,6,hist_gradient_boosting,nan,2026-06-12T10:41:10.586044+00:00,2026-06-12T10:41:10.739535+00:00,0.1534914970397949,211043,nan,nan
1008,preprocessing,TON_IoT,ton_iot_attack_family_holdout_full,6,hist_gradient_boosting,nan,2026-06-12T10:41:10.739681+00:00,2026-06-12T10:41:15.519170+00:00,4.779489040374756,211043,nan,nan
1009,model_training,TON_IoT,ton_iot_attack_family_holdout_full,6,hist_gradient_boosting,nan,2026-06-12T10:41:15.519345+00:00,2026-06-12T10:41:17.981299+00:00,2.46195387840271,211043,nan,nan
1010,clean_profile,TON_IoT,ton_iot_attack_family_holdout_full,6,hist_gradient_boosting,nan,2026-06-12T10:41:17.981387+00:00,2026-06-12T10:41:18.099070+00:00,0.1176822185516357,211043,nan,nan
1011,threat_evaluation,TON_IoT,ton_iot_attack_family_holdout_full,6,hist_gradient_boosting,a0_clean,2026-06-12T10:41:18.117330+00:00,2026-06-12T10:41:18.161471+00:00,0.0441408157348632,36043,nan,nan
1012,result_writing,TON_IoT,ton_iot_attack_family_holdout_full,6,hist_gradient_boosting,a0_clean,2026-06-12T10:41:18.161635+00:00,2026-06-12T10:41:18.201243+00:00,0.0396077632904052,1,results/raw/tier_e_core4_hgb_mlp_timed_expanded/TON_IoT_ton_iot_attack_family_holdout_full_hist_gradient_boosting_a0_clean_6.csv,nan
1013,threat_evaluation,TON_IoT,ton_iot_attack_family_holdout_full,6,hist_gradient_boosting,a1_constrained_feature,2026-06-12T10:41:18.201326+00:00,2026-06-12T10:41:18.325579+00:00,0.1242532730102539,36043,nan,nan
1014,result_writing,TON_IoT,ton_iot_attack_family_holdout_full,6,hist_gradient_boosting,a1_constrained_feature,2026-06-12T10:41:18.325765+00:00,2026-06-12T10:41:18.329163+00:00,0.0033981800079345,1,results/raw/tier_e_core4_hgb_mlp_timed_expanded/TON_IoT_ton_iot_attack_family_holdout_full_hist_gradient_boosting_a1_constrained_feature_6.csv,nan
1015,threat_evaluation,TON_IoT,ton_iot_attack_family_holdout_full,6,hist_gradient_boosting,a1_constrained_score_search,2026-06-12T10:41:18.329206+00:00,2026-06-12T10:41:18.940762+00:00,0.6115562915802002,36043,nan,nan
1016,result_writing,TON_IoT,ton_iot_attack_family_holdout_full,6,hist_gradient_boosting,a1_constrained_score_search,2026-06-12T10:41:18.940953+00:00,2026-06-12T10:41:18.944310+00:00,0.00335693359375,1,results/raw/tier_e_core4_hgb_mlp_timed_expanded/TON_IoT_ton_iot_attack_family_holdout_full_hist_gradient_boosting_a1_constrained_score_search_6.csv,nan
1017,threat_evaluation,TON_IoT,ton_iot_attack_family_holdout_full,6,hist_gradient_boosting,a4_split_shift,2026-06-12T10:41:18.944355+00:00,2026-06-12T10:41:19.000409+00:00,0.0560543537139892,36043,nan,nan
1018,result_writing,TON_IoT,ton_iot_attack_family_holdout_full,6,hist_gradient_boosting,a4_split_shift,2026-06-12T10:41:19.000575+00:00,2026-06-12T10:41:19.004040+00:00,0.0034646987915039,1,results/raw/tier_e_core4_hgb_mlp_timed_expanded/TON_IoT_ton_iot_attack_family_holdout_full_hist_gradient_boosting_a4_split_shift_6.csv,nan
1019,split_construction,TON_IoT,ton_iot_attack_family_holdout_full,6,logistic_regression,nan,2026-06-12T10:41:19.004137+00:00,2026-06-12T10:41:19.158008+00:00,0.1538712978363037,211043,nan,nan
1020,preprocessing,TON_IoT,ton_iot_attack_family_holdout_full,6,logistic_regression,nan,2026-06-12T10:41:19.158134+00:00,2026-06-12T10:41:23.946558+00:00,4.788424015045166,211043,nan,nan
1021,model_training,TON_IoT,ton_iot_attack_family_holdout_full,6,logistic_regression,nan,2026-06-12T10:41:23.946695+00:00,2026-06-12T10:41:31.946920+00:00,8.000225305557251,211043,nan,nan
1022,clean_profile,TON_IoT,ton_iot_attack_family_holdout_full,6,logistic_regression,nan,2026-06-12T10:41:31.946995+00:00,2026-06-12T10:41:31.977878+00:00,0.0308828353881835,211043,nan,nan
1023,threat_evaluation,TON_IoT,ton_iot_attack_family_holdout_full,6,logistic_regression,a0_clean,2026-06-12T10:41:31.996690+00:00,2026-06-12T10:41:32.010491+00:00,0.0138006210327148,36043,nan,nan
1024,result_writing,TON_IoT,ton_iot_attack_family_holdout_full,6,logistic_regression,a0_clean,2026-06-12T10:41:32.010659+00:00,2026-06-12T10:41:32.014063+00:00,0.0034046173095703,1,results/raw/tier_e_core4_hgb_mlp_timed_expanded/TON_IoT_ton_iot_attack_family_holdout_full_logistic_regression_a0_clean_6.csv,nan
1025,threat_evaluation,TON_IoT,ton_iot_attack_family_holdout_full,6,logistic_regression,a1_constrained_feature,2026-06-12T10:41:32.014106+00:00,2026-06-12T10:41:32.099598+00:00,0.0854923725128173,36043,nan,nan
1026,result_writing,TON_IoT,ton_iot_attack_family_holdout_full,6,logistic_regression,a1_constrained_feature,2026-06-12T10:41:32.099801+00:00,2026-06-12T10:41:32.103053+00:00,0.0032522678375244,1,results/raw/tier_e_core4_hgb_mlp_timed_expanded/TON_IoT_ton_iot_attack_family_holdout_full_logistic_regression_a1_constrained_feature_6.csv,nan
1027,threat_evaluation,TON_IoT,ton_iot_attack_family_holdout_full,6,logistic_regression,a1_constrained_score_search,2026-06-12T10:41:32.103095+00:00,2026-06-12T10:41:32.460602+00:00,0.3575074672698974,36043,nan,nan
1028,result_writing,TON_IoT,ton_iot_attack_family_holdout_full,6,logistic_regression,a1_constrained_score_search,2026-06-12T10:41:32.460786+00:00,2026-06-12T10:41:32.464020+00:00,0.0032334327697753,1,results/raw/tier_e_core4_hgb_mlp_timed_expanded/TON_IoT_ton_iot_attack_family_holdout_full_logistic_regression_a1_constrained_score_search_6.csv,nan
1029,threat_evaluation,TON_IoT,ton_iot_attack_family_holdout_full,6,logistic_regression,a4_split_shift,2026-06-12T10:41:32.464062+00:00,2026-06-12T10:41:32.476934+00:00,0.0128722190856933,36043,nan,nan
1030,result_writing,TON_IoT,ton_iot_attack_family_holdout_full,6,logistic_regression,a4_split_shift,2026-06-12T10:41:32.477087+00:00,2026-06-12T10:41:32.480211+00:00,0.0031230449676513,1,results/raw/tier_e_core4_hgb_mlp_timed_expanded/TON_IoT_ton_iot_attack_family_holdout_full_logistic_regression_a4_split_shift_6.csv,nan
1031,split_construction,TON_IoT,ton_iot_attack_family_holdout_full,6,mlp_sklearn,nan,2026-06-12T10:41:32.480304+00:00,2026-06-12T10:41:32.635851+00:00,0.1555471420288086,211043,nan,nan
1032,preprocessing,TON_IoT,ton_iot_attack_family_holdout_full,6,mlp_sklearn,nan,2026-06-12T10:41:32.635974+00:00,2026-06-12T10:41:37.402778+00:00,4.766803503036499,211043,nan,nan
1033,model_training,TON_IoT,ton_iot_attack_family_holdout_full,6,mlp_sklearn,nan,2026-06-12T10:41:37.402941+00:00,2026-06-12T10:41:55.452208+00:00,18.049266576766968,211043,nan,nan
1034,clean_profile,TON_IoT,ton_iot_attack_family_holdout_full,6,mlp_sklearn,nan,2026-06-12T10:41:55.452285+00:00,2026-06-12T10:41:55.507493+00:00,0.0552077293395996,211043,nan,nan
1035,threat_evaluation,TON_IoT,ton_iot_attack_family_holdout_full,6,mlp_sklearn,a0_clean,2026-06-12T10:41:55.526077+00:00,2026-06-12T10:41:55.550622+00:00,0.0245449542999267,36043,nan,nan
1036,result_writing,TON_IoT,ton_iot_attack_family_holdout_full,6,mlp_sklearn,a0_clean,2026-06-12T10:41:55.550792+00:00,2026-06-12T10:41:55.554274+00:00,0.0034818649291992,1,results/raw/tier_e_core4_hgb_mlp_timed_expanded/TON_IoT_ton_iot_attack_family_holdout_full_mlp_sklearn_a0_clean_6.csv,nan
1037,threat_evaluation,TON_IoT,ton_iot_attack_family_holdout_full,6,mlp_sklearn,a1_constrained_feature,2026-06-12T10:41:55.554325+00:00,2026-06-12T10:41:55.650874+00:00,0.0965492725372314,36043,nan,nan
1038,result_writing,TON_IoT,ton_iot_attack_family_holdout_full,6,mlp_sklearn,a1_constrained_feature,2026-06-12T10:41:55.651052+00:00,2026-06-12T10:41:55.654436+00:00,0.0033841133117675,1,results/raw/tier_e_core4_hgb_mlp_timed_expanded/TON_IoT_ton_iot_attack_family_holdout_full_mlp_sklearn_a1_constrained_feature_6.csv,nan
1039,threat_evaluation,TON_IoT,ton_iot_attack_family_holdout_full,6,mlp_sklearn,a1_constrained_score_search,2026-06-12T10:41:55.654485+00:00,2026-06-12T10:41:56.060616+00:00,0.4061315059661865,36043,nan,nan
1040,result_writing,TON_IoT,ton_iot_attack_family_holdout_full,6,mlp_sklearn,a1_constrained_score_search,2026-06-12T10:41:56.060810+00:00,2026-06-12T10:41:56.064268+00:00,0.0034584999084472,1,results/raw/tier_e_core4_hgb_mlp_timed_expanded/TON_IoT_ton_iot_attack_family_holdout_full_mlp_sklearn_a1_constrained_score_search_6.csv,nan
1041,threat_evaluation,TON_IoT,ton_iot_attack_family_holdout_full,6,mlp_sklearn,a4_split_shift,2026-06-12T10:41:56.064315+00:00,2026-06-12T10:41:56.088272+00:00,0.0239572525024414,36043,nan,nan
1042,result_writing,TON_IoT,ton_iot_attack_family_holdout_full,6,mlp_sklearn,a4_split_shift,2026-06-12T10:41:56.088437+00:00,2026-06-12T10:41:56.091770+00:00,0.0033328533172607,1,results/raw/tier_e_core4_hgb_mlp_timed_expanded/TON_IoT_ton_iot_attack_family_holdout_full_mlp_sklearn_a4_split_shift_6.csv,nan
1043,split_construction,TON_IoT,ton_iot_attack_family_holdout_full,6,random_forest,nan,2026-06-12T10:41:56.091857+00:00,2026-06-12T10:41:56.245361+00:00,0.15350341796875,211043,nan,nan
1044,preprocessing,TON_IoT,ton_iot_attack_family_holdout_full,6,random_forest,nan,2026-06-12T10:41:56.245474+00:00,2026-06-12T10:42:01.021809+00:00,4.776334762573242,211043,nan,nan
1045,model_training,TON_IoT,ton_iot_attack_family_holdout_full,6,random_forest,nan,2026-06-12T10:42:01.021991+00:00,2026-06-12T10:42:05.843386+00:00,4.821394681930542,211043,nan,nan
1046,clean_profile,TON_IoT,ton_iot_attack_family_holdout_full,6,random_forest,nan,2026-06-12T10:42:05.843470+00:00,2026-06-12T10:42:06.051688+00:00,0.2082180976867675,211043,nan,nan
1047,threat_evaluation,TON_IoT,ton_iot_attack_family_holdout_full,6,random_forest,a0_clean,2026-06-12T10:42:06.070189+00:00,2026-06-12T10:42:06.143254+00:00,0.0730648040771484,36043,nan,nan
1048,result_writing,TON_IoT,ton_iot_attack_family_holdout_full,6,random_forest,a0_clean,2026-06-12T10:42:06.143424+00:00,2026-06-12T10:42:06.146752+00:00,0.0033273696899414,1,results/raw/tier_e_core4_hgb_mlp_timed_expanded/TON_IoT_ton_iot_attack_family_holdout_full_random_forest_a0_clean_6.csv,nan
1049,threat_evaluation,TON_IoT,ton_iot_attack_family_holdout_full,6,random_forest,a1_constrained_feature,2026-06-12T10:42:06.146792+00:00,2026-06-12T10:42:06.301090+00:00,0.1542978286743164,36043,nan,nan
1050,result_writing,TON_IoT,ton_iot_attack_family_holdout_full,6,random_forest,a1_constrained_feature,2026-06-12T10:42:06.301263+00:00,2026-06-12T10:42:06.304474+00:00,0.003211498260498,1,results/raw/tier_e_core4_hgb_mlp_timed_expanded/TON_IoT_ton_iot_attack_family_holdout_full_random_forest_a1_constrained_feature_6.csv,nan
1051,threat_evaluation,TON_IoT,ton_iot_attack_family_holdout_full,6,random_forest,a1_constrained_score_search,2026-06-12T10:42:06.304520+00:00,2026-06-12T10:42:06.991059+00:00,0.6865386962890625,36043,nan,nan
1052,result_writing,TON_IoT,ton_iot_attack_family_holdout_full,6,random_forest,a1_constrained_score_search,2026-06-12T10:42:06.991235+00:00,2026-06-12T10:42:06.994491+00:00,0.0032556056976318,1,results/raw/tier_e_core4_hgb_mlp_timed_expanded/TON_IoT_ton_iot_attack_family_holdout_full_random_forest_a1_constrained_score_search_6.csv,nan
1053,threat_evaluation,TON_IoT,ton_iot_attack_family_holdout_full,6,random_forest,a4_split_shift,2026-06-12T10:42:06.994534+00:00,2026-06-12T10:42:07.067504+00:00,0.072969913482666,36043,nan,nan
1054,result_writing,TON_IoT,ton_iot_attack_family_holdout_full,6,random_forest,a4_split_shift,2026-06-12T10:42:07.067664+00:00,2026-06-12T10:42:07.070866+00:00,0.0032014846801757,1,results/raw/tier_e_core4_hgb_mlp_timed_expanded/TON_IoT_ton_iot_attack_family_holdout_full_random_forest_a4_split_shift_6.csv,nan
1055,dataset_load,TON_IoT,ton_iot_attack_family_holdout_full,7,nan,nan,2026-06-12T10:42:07.070906+00:00,2026-06-12T10:42:08.394300+00:00,1.3233935832977295,211043,nan,nan
1056,preprocess_manifest,TON_IoT,ton_iot_attack_family_holdout_full,7,nan,nan,2026-06-12T10:42:08.394434+00:00,2026-06-12T10:42:12.995973+00:00,4.601539611816406,211043,nan,nan
1057,split_construction,TON_IoT,ton_iot_attack_family_holdout_full,7,extra_trees,nan,2026-06-12T10:42:12.996176+00:00,2026-06-12T10:42:13.150341+00:00,0.1541652679443359,211043,nan,nan
1058,preprocessing,TON_IoT,ton_iot_attack_family_holdout_full,7,extra_trees,nan,2026-06-12T10:42:13.150459+00:00,2026-06-12T10:42:17.926867+00:00,4.776407718658447,211043,nan,nan
1059,model_training,TON_IoT,ton_iot_attack_family_holdout_full,7,extra_trees,nan,2026-06-12T10:42:17.927048+00:00,2026-06-12T10:42:22.240913+00:00,4.3138649463653564,211043,nan,nan
1060,clean_profile,TON_IoT,ton_iot_attack_family_holdout_full,7,extra_trees,nan,2026-06-12T10:42:22.240999+00:00,2026-06-12T10:42:22.550901+00:00,0.3099029064178467,211043,nan,nan
1061,threat_evaluation,TON_IoT,ton_iot_attack_family_holdout_full,7,extra_trees,a0_clean,2026-06-12T10:42:22.569303+00:00,2026-06-12T10:42:22.676893+00:00,0.1075894832611084,36043,nan,nan
1062,result_writing,TON_IoT,ton_iot_attack_family_holdout_full,7,extra_trees,a0_clean,2026-06-12T10:42:22.677058+00:00,2026-06-12T10:42:22.680378+00:00,0.0033199787139892,1,results/raw/tier_e_core4_hgb_mlp_timed_expanded/TON_IoT_ton_iot_attack_family_holdout_full_extra_trees_a0_clean_7.csv,nan
1063,threat_evaluation,TON_IoT,ton_iot_attack_family_holdout_full,7,extra_trees,a1_constrained_feature,2026-06-12T10:42:22.680420+00:00,2026-06-12T10:42:22.865460+00:00,0.1850395202636718,36043,nan,nan
1064,result_writing,TON_IoT,ton_iot_attack_family_holdout_full,7,extra_trees,a1_constrained_feature,2026-06-12T10:42:22.865636+00:00,2026-06-12T10:42:22.868956+00:00,0.003319501876831,1,results/raw/tier_e_core4_hgb_mlp_timed_expanded/TON_IoT_ton_iot_attack_family_holdout_full_extra_trees_a1_constrained_feature_7.csv,nan
1065,threat_evaluation,TON_IoT,ton_iot_attack_family_holdout_full,7,extra_trees,a1_constrained_score_search,2026-06-12T10:42:22.868999+00:00,2026-06-12T10:42:23.674181+00:00,0.8051815032958984,36043,nan,nan
1066,result_writing,TON_IoT,ton_iot_attack_family_holdout_full,7,extra_trees,a1_constrained_score_search,2026-06-12T10:42:23.674362+00:00,2026-06-12T10:42:23.677633+00:00,0.0032708644866943,1,results/raw/tier_e_core4_hgb_mlp_timed_expanded/TON_IoT_ton_iot_attack_family_holdout_full_extra_trees_a1_constrained_score_search_7.csv,nan
1067,threat_evaluation,TON_IoT,ton_iot_attack_family_holdout_full,7,extra_trees,a4_split_shift,2026-06-12T10:42:23.677676+00:00,2026-06-12T10:42:23.785280+00:00,0.1076047420501709,36043,nan,nan
1068,result_writing,TON_IoT,ton_iot_attack_family_holdout_full,7,extra_trees,a4_split_shift,2026-06-12T10:42:23.785443+00:00,2026-06-12T10:42:23.788733+00:00,0.0032901763916015,1,results/raw/tier_e_core4_hgb_mlp_timed_expanded/TON_IoT_ton_iot_attack_family_holdout_full_extra_trees_a4_split_shift_7.csv,nan
1069,split_construction,TON_IoT,ton_iot_attack_family_holdout_full,7,hist_gradient_boosting,nan,2026-06-12T10:42:23.788820+00:00,2026-06-12T10:42:23.942482+00:00,0.1536629199981689,211043,nan,nan
1070,preprocessing,TON_IoT,ton_iot_attack_family_holdout_full,7,hist_gradient_boosting,nan,2026-06-12T10:42:23.942598+00:00,2026-06-12T10:42:28.697218+00:00,4.754619598388672,211043,nan,nan
1071,model_training,TON_IoT,ton_iot_attack_family_holdout_full,7,hist_gradient_boosting,nan,2026-06-12T10:42:28.697384+00:00,2026-06-12T10:42:31.250882+00:00,2.5534985065460205,211043,nan,nan
1072,clean_profile,TON_IoT,ton_iot_attack_family_holdout_full,7,hist_gradient_boosting,nan,2026-06-12T10:42:31.250976+00:00,2026-06-12T10:42:31.383264+00:00,0.1322882175445556,211043,nan,nan
1073,threat_evaluation,TON_IoT,ton_iot_attack_family_holdout_full,7,hist_gradient_boosting,a0_clean,2026-06-12T10:42:31.401616+00:00,2026-06-12T10:42:31.445381+00:00,0.0437650680541992,36043,nan,nan
1074,result_writing,TON_IoT,ton_iot_attack_family_holdout_full,7,hist_gradient_boosting,a0_clean,2026-06-12T10:42:31.445550+00:00,2026-06-12T10:42:31.448942+00:00,0.0033919811248779,1,results/raw/tier_e_core4_hgb_mlp_timed_expanded/TON_IoT_ton_iot_attack_family_holdout_full_hist_gradient_boosting_a0_clean_7.csv,nan
1075,threat_evaluation,TON_IoT,ton_iot_attack_family_holdout_full,7,hist_gradient_boosting,a1_constrained_feature,2026-06-12T10:42:31.448987+00:00,2026-06-12T10:42:31.565481+00:00,0.1164932250976562,36043,nan,nan
1076,result_writing,TON_IoT,ton_iot_attack_family_holdout_full,7,hist_gradient_boosting,a1_constrained_feature,2026-06-12T10:42:31.565646+00:00,2026-06-12T10:42:31.568977+00:00,0.0033302307128906,1,results/raw/tier_e_core4_hgb_mlp_timed_expanded/TON_IoT_ton_iot_attack_family_holdout_full_hist_gradient_boosting_a1_constrained_feature_7.csv,nan
1077,threat_evaluation,TON_IoT,ton_iot_attack_family_holdout_full,7,hist_gradient_boosting,a1_constrained_score_search,2026-06-12T10:42:31.569021+00:00,2026-06-12T10:42:32.173693+00:00,0.6046721935272217,36043,nan,nan
1078,result_writing,TON_IoT,ton_iot_attack_family_holdout_full,7,hist_gradient_boosting,a1_constrained_score_search,2026-06-12T10:42:32.173880+00:00,2026-06-12T10:42:32.177232+00:00,0.0033514499664306,1,results/raw/tier_e_core4_hgb_mlp_timed_expanded/TON_IoT_ton_iot_attack_family_holdout_full_hist_gradient_boosting_a1_constrained_score_search_7.csv,nan
1079,threat_evaluation,TON_IoT,ton_iot_attack_family_holdout_full,7,hist_gradient_boosting,a4_split_shift,2026-06-12T10:42:32.177279+00:00,2026-06-12T10:42:32.234921+00:00,0.0576412677764892,36043,nan,nan
1080,result_writing,TON_IoT,ton_iot_attack_family_holdout_full,7,hist_gradient_boosting,a4_split_shift,2026-06-12T10:42:32.235085+00:00,2026-06-12T10:42:32.238451+00:00,0.0033657550811767,1,results/raw/tier_e_core4_hgb_mlp_timed_expanded/TON_IoT_ton_iot_attack_family_holdout_full_hist_gradient_boosting_a4_split_shift_7.csv,nan
1081,split_construction,TON_IoT,ton_iot_attack_family_holdout_full,7,logistic_regression,nan,2026-06-12T10:42:32.238540+00:00,2026-06-12T10:42:32.392382+00:00,0.1538426876068115,211043,nan,nan
1082,preprocessing,TON_IoT,ton_iot_attack_family_holdout_full,7,logistic_regression,nan,2026-06-12T10:42:32.392507+00:00,2026-06-12T10:42:37.171132+00:00,4.778625011444092,211043,nan,nan
1083,model_training,TON_IoT,ton_iot_attack_family_holdout_full,7,logistic_regression,nan,2026-06-12T10:42:37.171275+00:00,2026-06-12T10:42:46.453883+00:00,9.282608032226562,211043,nan,nan
1084,clean_profile,TON_IoT,ton_iot_attack_family_holdout_full,7,logistic_regression,nan,2026-06-12T10:42:46.453960+00:00,2026-06-12T10:42:46.478215+00:00,0.0242547988891601,211043,nan,nan
1085,threat_evaluation,TON_IoT,ton_iot_attack_family_holdout_full,7,logistic_regression,a0_clean,2026-06-12T10:42:46.496957+00:00,2026-06-12T10:42:46.510872+00:00,0.0139157772064208,36043,nan,nan
1086,result_writing,TON_IoT,ton_iot_attack_family_holdout_full,7,logistic_regression,a0_clean,2026-06-12T10:42:46.511040+00:00,2026-06-12T10:42:46.514367+00:00,0.0033268928527832,1,results/raw/tier_e_core4_hgb_mlp_timed_expanded/TON_IoT_ton_iot_attack_family_holdout_full_logistic_regression_a0_clean_7.csv,nan
1087,threat_evaluation,TON_IoT,ton_iot_attack_family_holdout_full,7,logistic_regression,a1_constrained_feature,2026-06-12T10:42:46.514411+00:00,2026-06-12T10:42:46.600209+00:00,0.0857980251312255,36043,nan,nan
1088,result_writing,TON_IoT,ton_iot_attack_family_holdout_full,7,logistic_regression,a1_constrained_feature,2026-06-12T10:42:46.600395+00:00,2026-06-12T10:42:46.603651+00:00,0.00325608253479,1,results/raw/tier_e_core4_hgb_mlp_timed_expanded/TON_IoT_ton_iot_attack_family_holdout_full_logistic_regression_a1_constrained_feature_7.csv,nan
1089,threat_evaluation,TON_IoT,ton_iot_attack_family_holdout_full,7,logistic_regression,a1_constrained_score_search,2026-06-12T10:42:46.603695+00:00,2026-06-12T10:42:46.961976+00:00,0.358281135559082,36043,nan,nan
1090,result_writing,TON_IoT,ton_iot_attack_family_holdout_full,7,logistic_regression,a1_constrained_score_search,2026-06-12T10:42:46.962158+00:00,2026-06-12T10:42:46.965446+00:00,0.0032877922058105,1,results/raw/tier_e_core4_hgb_mlp_timed_expanded/TON_IoT_ton_iot_attack_family_holdout_full_logistic_regression_a1_constrained_score_search_7.csv,nan
1091,threat_evaluation,TON_IoT,ton_iot_attack_family_holdout_full,7,logistic_regression,a4_split_shift,2026-06-12T10:42:46.965491+00:00,2026-06-12T10:42:46.978610+00:00,0.0131196975708007,36043,nan,nan
1092,result_writing,TON_IoT,ton_iot_attack_family_holdout_full,7,logistic_regression,a4_split_shift,2026-06-12T10:42:46.978767+00:00,2026-06-12T10:42:46.981954+00:00,0.0031869411468505,1,results/raw/tier_e_core4_hgb_mlp_timed_expanded/TON_IoT_ton_iot_attack_family_holdout_full_logistic_regression_a4_split_shift_7.csv,nan
1093,split_construction,TON_IoT,ton_iot_attack_family_holdout_full,7,mlp_sklearn,nan,2026-06-12T10:42:46.982034+00:00,2026-06-12T10:42:47.135801+00:00,0.1537666320800781,211043,nan,nan
1094,preprocessing,TON_IoT,ton_iot_attack_family_holdout_full,7,mlp_sklearn,nan,2026-06-12T10:42:47.135923+00:00,2026-06-12T10:42:51.911323+00:00,4.775400161743164,211043,nan,nan
1095,model_training,TON_IoT,ton_iot_attack_family_holdout_full,7,mlp_sklearn,nan,2026-06-12T10:42:51.911489+00:00,2026-06-12T10:43:05.819502+00:00,13.908013582229614,211043,nan,nan
1096,clean_profile,TON_IoT,ton_iot_attack_family_holdout_full,7,mlp_sklearn,nan,2026-06-12T10:43:05.819583+00:00,2026-06-12T10:43:05.876847+00:00,0.0572636127471923,211043,nan,nan
1097,threat_evaluation,TON_IoT,ton_iot_attack_family_holdout_full,7,mlp_sklearn,a0_clean,2026-06-12T10:43:05.895325+00:00,2026-06-12T10:43:05.920230+00:00,0.024904727935791,36043,nan,nan
1098,result_writing,TON_IoT,ton_iot_attack_family_holdout_full,7,mlp_sklearn,a0_clean,2026-06-12T10:43:05.920403+00:00,2026-06-12T10:43:05.923875+00:00,0.0034711360931396,1,results/raw/tier_e_core4_hgb_mlp_timed_expanded/TON_IoT_ton_iot_attack_family_holdout_full_mlp_sklearn_a0_clean_7.csv,nan
1099,threat_evaluation,TON_IoT,ton_iot_attack_family_holdout_full,7,mlp_sklearn,a1_constrained_feature,2026-06-12T10:43:05.923926+00:00,2026-06-12T10:43:06.020407+00:00,0.0964810848236084,36043,nan,nan
1100,result_writing,TON_IoT,ton_iot_attack_family_holdout_full,7,mlp_sklearn,a1_constrained_feature,2026-06-12T10:43:06.020580+00:00,2026-06-12T10:43:06.023946+00:00,0.0033662319183349,1,results/raw/tier_e_core4_hgb_mlp_timed_expanded/TON_IoT_ton_iot_attack_family_holdout_full_mlp_sklearn_a1_constrained_feature_7.csv,nan
1101,threat_evaluation,TON_IoT,ton_iot_attack_family_holdout_full,7,mlp_sklearn,a1_constrained_score_search,2026-06-12T10:43:06.023991+00:00,2026-06-12T10:43:06.432107+00:00,0.4081158638000488,36043,nan,nan
1102,result_writing,TON_IoT,ton_iot_attack_family_holdout_full,7,mlp_sklearn,a1_constrained_score_search,2026-06-12T10:43:06.432298+00:00,2026-06-12T10:43:06.435596+00:00,0.0032980442047119,1,results/raw/tier_e_core4_hgb_mlp_timed_expanded/TON_IoT_ton_iot_attack_family_holdout_full_mlp_sklearn_a1_constrained_score_search_7.csv,nan
1103,threat_evaluation,TON_IoT,ton_iot_attack_family_holdout_full,7,mlp_sklearn,a4_split_shift,2026-06-12T10:43:06.435642+00:00,2026-06-12T10:43:06.459601+00:00,0.0239593982696533,36043,nan,nan
1104,result_writing,TON_IoT,ton_iot_attack_family_holdout_full,7,mlp_sklearn,a4_split_shift,2026-06-12T10:43:06.459791+00:00,2026-06-12T10:43:06.463136+00:00,0.0033450126647949,1,results/raw/tier_e_core4_hgb_mlp_timed_expanded/TON_IoT_ton_iot_attack_family_holdout_full_mlp_sklearn_a4_split_shift_7.csv,nan
1105,split_construction,TON_IoT,ton_iot_attack_family_holdout_full,7,random_forest,nan,2026-06-12T10:43:06.463230+00:00,2026-06-12T10:43:06.618054+00:00,0.1548237800598144,211043,nan,nan
1106,preprocessing,TON_IoT,ton_iot_attack_family_holdout_full,7,random_forest,nan,2026-06-12T10:43:06.618175+00:00,2026-06-12T10:43:11.388393+00:00,4.770218372344971,211043,nan,nan
1107,model_training,TON_IoT,ton_iot_attack_family_holdout_full,7,random_forest,nan,2026-06-12T10:43:11.388571+00:00,2026-06-12T10:43:16.274305+00:00,4.885734558105469,211043,nan,nan
1108,clean_profile,TON_IoT,ton_iot_attack_family_holdout_full,7,random_forest,nan,2026-06-12T10:43:16.274391+00:00,2026-06-12T10:43:16.488968+00:00,0.2145769596099853,211043,nan,nan
1109,threat_evaluation,TON_IoT,ton_iot_attack_family_holdout_full,7,random_forest,a0_clean,2026-06-12T10:43:16.507272+00:00,2026-06-12T10:43:16.582623+00:00,0.0753514766693115,36043,nan,nan
1110,result_writing,TON_IoT,ton_iot_attack_family_holdout_full,7,random_forest,a0_clean,2026-06-12T10:43:16.582794+00:00,2026-06-12T10:43:16.586112+00:00,0.0033180713653564,1,results/raw/tier_e_core4_hgb_mlp_timed_expanded/TON_IoT_ton_iot_attack_family_holdout_full_random_forest_a0_clean_7.csv,nan
1111,threat_evaluation,TON_IoT,ton_iot_attack_family_holdout_full,7,random_forest,a1_constrained_feature,2026-06-12T10:43:16.586154+00:00,2026-06-12T10:43:16.741469+00:00,0.1553153991699218,36043,nan,nan
1112,result_writing,TON_IoT,ton_iot_attack_family_holdout_full,7,random_forest,a1_constrained_feature,2026-06-12T10:43:16.741648+00:00,2026-06-12T10:43:16.744926+00:00,0.00327730178833,1,results/raw/tier_e_core4_hgb_mlp_timed_expanded/TON_IoT_ton_iot_attack_family_holdout_full_random_forest_a1_constrained_feature_7.csv,nan
1113,threat_evaluation,TON_IoT,ton_iot_attack_family_holdout_full,7,random_forest,a1_constrained_score_search,2026-06-12T10:43:16.744969+00:00,2026-06-12T10:43:17.431493+00:00,0.6865236759185791,36043,nan,nan
1114,result_writing,TON_IoT,ton_iot_attack_family_holdout_full,7,random_forest,a1_constrained_score_search,2026-06-12T10:43:17.431681+00:00,2026-06-12T10:43:17.434980+00:00,0.0032992362976074,1,results/raw/tier_e_core4_hgb_mlp_timed_expanded/TON_IoT_ton_iot_attack_family_holdout_full_random_forest_a1_constrained_score_search_7.csv,nan
1115,threat_evaluation,TON_IoT,ton_iot_attack_family_holdout_full,7,random_forest,a4_split_shift,2026-06-12T10:43:17.435022+00:00,2026-06-12T10:43:17.510159+00:00,0.0751364231109619,36043,nan,nan
1116,result_writing,TON_IoT,ton_iot_attack_family_holdout_full,7,random_forest,a4_split_shift,2026-06-12T10:43:17.510324+00:00,2026-06-12T10:43:17.513611+00:00,0.0032863616943359,1,results/raw/tier_e_core4_hgb_mlp_timed_expanded/TON_IoT_ton_iot_attack_family_holdout_full_random_forest_a4_split_shift_7.csv,nan
1117,dataset_load,TON_IoT,ton_iot_attack_family_holdout_full,8,nan,nan,2026-06-12T10:43:17.513653+00:00,2026-06-12T10:43:18.835523+00:00,1.3218698501586914,211043,nan,nan
1118,preprocess_manifest,TON_IoT,ton_iot_attack_family_holdout_full,8,nan,nan,2026-06-12T10:43:18.835657+00:00,2026-06-12T10:43:23.438600+00:00,4.602942228317261,211043,nan,nan
1119,split_construction,TON_IoT,ton_iot_attack_family_holdout_full,8,extra_trees,nan,2026-06-12T10:43:23.438803+00:00,2026-06-12T10:43:23.592900+00:00,0.1540966033935547,211043,nan,nan
1120,preprocessing,TON_IoT,ton_iot_attack_family_holdout_full,8,extra_trees,nan,2026-06-12T10:43:23.593038+00:00,2026-06-12T10:43:28.372360+00:00,4.779322147369385,211043,nan,nan
1121,model_training,TON_IoT,ton_iot_attack_family_holdout_full,8,extra_trees,nan,2026-06-12T10:43:28.372542+00:00,2026-06-12T10:43:32.612983+00:00,4.240440845489502,211043,nan,nan
1122,clean_profile,TON_IoT,ton_iot_attack_family_holdout_full,8,extra_trees,nan,2026-06-12T10:43:32.613071+00:00,2026-06-12T10:43:32.931464+00:00,0.3183929920196533,211043,nan,nan
1123,threat_evaluation,TON_IoT,ton_iot_attack_family_holdout_full,8,extra_trees,a0_clean,2026-06-12T10:43:32.949881+00:00,2026-06-12T10:43:33.060022+00:00,0.1101412773132324,36043,nan,nan
1124,result_writing,TON_IoT,ton_iot_attack_family_holdout_full,8,extra_trees,a0_clean,2026-06-12T10:43:33.060188+00:00,2026-06-12T10:43:33.063525+00:00,0.0033366680145263,1,results/raw/tier_e_core4_hgb_mlp_timed_expanded/TON_IoT_ton_iot_attack_family_holdout_full_extra_trees_a0_clean_8.csv,nan
1125,threat_evaluation,TON_IoT,ton_iot_attack_family_holdout_full,8,extra_trees,a1_constrained_feature,2026-06-12T10:43:33.063566+00:00,2026-06-12T10:43:33.250589+00:00,0.1870234012603759,36043,nan,nan
1126,result_writing,TON_IoT,ton_iot_attack_family_holdout_full,8,extra_trees,a1_constrained_feature,2026-06-12T10:43:33.250763+00:00,2026-06-12T10:43:33.254100+00:00,0.0033361911773681,1,results/raw/tier_e_core4_hgb_mlp_timed_expanded/TON_IoT_ton_iot_attack_family_holdout_full_extra_trees_a1_constrained_feature_8.csv,nan
1127,threat_evaluation,TON_IoT,ton_iot_attack_family_holdout_full,8,extra_trees,a1_constrained_score_search,2026-06-12T10:43:33.254144+00:00,2026-06-12T10:43:34.076985+00:00,0.8228414058685303,36043,nan,nan
1128,result_writing,TON_IoT,ton_iot_attack_family_holdout_full,8,extra_trees,a1_constrained_score_search,2026-06-12T10:43:34.077154+00:00,2026-06-12T10:43:34.080451+00:00,0.0032968521118164,1,results/raw/tier_e_core4_hgb_mlp_timed_expanded/TON_IoT_ton_iot_attack_family_holdout_full_extra_trees_a1_constrained_score_search_8.csv,nan
1129,threat_evaluation,TON_IoT,ton_iot_attack_family_holdout_full,8,extra_trees,a4_split_shift,2026-06-12T10:43:34.080492+00:00,2026-06-12T10:43:34.190088+00:00,0.1095955371856689,36043,nan,nan
1130,result_writing,TON_IoT,ton_iot_attack_family_holdout_full,8,extra_trees,a4_split_shift,2026-06-12T10:43:34.190250+00:00,2026-06-12T10:43:34.193550+00:00,0.0032999515533447,1,results/raw/tier_e_core4_hgb_mlp_timed_expanded/TON_IoT_ton_iot_attack_family_holdout_full_extra_trees_a4_split_shift_8.csv,nan
1131,split_construction,TON_IoT,ton_iot_attack_family_holdout_full,8,hist_gradient_boosting,nan,2026-06-12T10:43:34.193638+00:00,2026-06-12T10:43:34.348118+00:00,0.1544804573059082,211043,nan,nan
1132,preprocessing,TON_IoT,ton_iot_attack_family_holdout_full,8,hist_gradient_boosting,nan,2026-06-12T10:43:34.348241+00:00,2026-06-12T10:43:39.123626+00:00,4.775385141372681,211043,nan,nan
1133,model_training,TON_IoT,ton_iot_attack_family_holdout_full,8,hist_gradient_boosting,nan,2026-06-12T10:43:39.123827+00:00,2026-06-12T10:43:41.597961+00:00,2.4741337299346924,211043,nan,nan
1134,clean_profile,TON_IoT,ton_iot_attack_family_holdout_full,8,hist_gradient_boosting,nan,2026-06-12T10:43:41.598054+00:00,2026-06-12T10:43:41.719223+00:00,0.1211690902709961,211043,nan,nan
1135,threat_evaluation,TON_IoT,ton_iot_attack_family_holdout_full,8,hist_gradient_boosting,a0_clean,2026-06-12T10:43:41.737573+00:00,2026-06-12T10:43:41.782377+00:00,0.0448031425476074,36043,nan,nan
1136,result_writing,TON_IoT,ton_iot_attack_family_holdout_full,8,hist_gradient_boosting,a0_clean,2026-06-12T10:43:41.782541+00:00,2026-06-12T10:43:41.785918+00:00,0.0033769607543945,1,results/raw/tier_e_core4_hgb_mlp_timed_expanded/TON_IoT_ton_iot_attack_family_holdout_full_hist_gradient_boosting_a0_clean_8.csv,nan
1137,threat_evaluation,TON_IoT,ton_iot_attack_family_holdout_full,8,hist_gradient_boosting,a1_constrained_feature,2026-06-12T10:43:41.785961+00:00,2026-06-12T10:43:41.904180+00:00,0.1182188987731933,36043,nan,nan
1138,result_writing,TON_IoT,ton_iot_attack_family_holdout_full,8,hist_gradient_boosting,a1_constrained_feature,2026-06-12T10:43:41.904348+00:00,2026-06-12T10:43:41.907587+00:00,0.0032391548156738,1,results/raw/tier_e_core4_hgb_mlp_timed_expanded/TON_IoT_ton_iot_attack_family_holdout_full_hist_gradient_boosting_a1_constrained_feature_8.csv,nan
1139,threat_evaluation,TON_IoT,ton_iot_attack_family_holdout_full,8,hist_gradient_boosting,a1_constrained_score_search,2026-06-12T10:43:41.907627+00:00,2026-06-12T10:43:42.492365+00:00,0.5847375392913818,36043,nan,nan
1140,result_writing,TON_IoT,ton_iot_attack_family_holdout_full,8,hist_gradient_boosting,a1_constrained_score_search,2026-06-12T10:43:42.492555+00:00,2026-06-12T10:43:42.495939+00:00,0.0033841133117675,1,results/raw/tier_e_core4_hgb_mlp_timed_expanded/TON_IoT_ton_iot_attack_family_holdout_full_hist_gradient_boosting_a1_constrained_score_search_8.csv,nan
1141,threat_evaluation,TON_IoT,ton_iot_attack_family_holdout_full,8,hist_gradient_boosting,a4_split_shift,2026-06-12T10:43:42.495985+00:00,2026-06-12T10:43:42.557077+00:00,0.0610926151275634,36043,nan,nan
1142,result_writing,TON_IoT,ton_iot_attack_family_holdout_full,8,hist_gradient_boosting,a4_split_shift,2026-06-12T10:43:42.557240+00:00,2026-06-12T10:43:42.560593+00:00,0.0033521652221679,1,results/raw/tier_e_core4_hgb_mlp_timed_expanded/TON_IoT_ton_iot_attack_family_holdout_full_hist_gradient_boosting_a4_split_shift_8.csv,nan
1143,split_construction,TON_IoT,ton_iot_attack_family_holdout_full,8,logistic_regression,nan,2026-06-12T10:43:42.560682+00:00,2026-06-12T10:43:42.714459+00:00,0.1537768840789795,211043,nan,nan
1144,preprocessing,TON_IoT,ton_iot_attack_family_holdout_full,8,logistic_regression,nan,2026-06-12T10:43:42.714583+00:00,2026-06-12T10:43:47.485941+00:00,4.771357536315918,211043,nan,nan
1145,model_training,TON_IoT,ton_iot_attack_family_holdout_full,8,logistic_regression,nan,2026-06-12T10:43:47.486081+00:00,2026-06-12T10:43:55.029073+00:00,7.542991638183594,211043,nan,nan
1146,clean_profile,TON_IoT,ton_iot_attack_family_holdout_full,8,logistic_regression,nan,2026-06-12T10:43:55.029148+00:00,2026-06-12T10:43:55.052481+00:00,0.0233328342437744,211043,nan,nan
1147,threat_evaluation,TON_IoT,ton_iot_attack_family_holdout_full,8,logistic_regression,a0_clean,2026-06-12T10:43:55.070976+00:00,2026-06-12T10:43:55.084905+00:00,0.0139291286468505,36043,nan,nan
1148,result_writing,TON_IoT,ton_iot_attack_family_holdout_full,8,logistic_regression,a0_clean,2026-06-12T10:43:55.085073+00:00,2026-06-12T10:43:55.088383+00:00,0.003310203552246,1,results/raw/tier_e_core4_hgb_mlp_timed_expanded/TON_IoT_ton_iot_attack_family_holdout_full_logistic_regression_a0_clean_8.csv,nan
1149,threat_evaluation,TON_IoT,ton_iot_attack_family_holdout_full,8,logistic_regression,a1_constrained_feature,2026-06-12T10:43:55.088425+00:00,2026-06-12T10:43:55.173885+00:00,0.0854597091674804,36043,nan,nan
1150,result_writing,TON_IoT,ton_iot_attack_family_holdout_full,8,logistic_regression,a1_constrained_feature,2026-06-12T10:43:55.174058+00:00,2026-06-12T10:43:55.177310+00:00,0.0032517910003662,1,results/raw/tier_e_core4_hgb_mlp_timed_expanded/TON_IoT_ton_iot_attack_family_holdout_full_logistic_regression_a1_constrained_feature_8.csv,nan
1151,threat_evaluation,TON_IoT,ton_iot_attack_family_holdout_full,8,logistic_regression,a1_constrained_score_search,2026-06-12T10:43:55.177352+00:00,2026-06-12T10:43:55.534722+00:00,0.3573696613311767,36043,nan,nan
1152,result_writing,TON_IoT,ton_iot_attack_family_holdout_full,8,logistic_regression,a1_constrained_score_search,2026-06-12T10:43:55.534903+00:00,2026-06-12T10:43:55.538158+00:00,0.0032553672790527,1,results/raw/tier_e_core4_hgb_mlp_timed_expanded/TON_IoT_ton_iot_attack_family_holdout_full_logistic_regression_a1_constrained_score_search_8.csv,nan
1153,threat_evaluation,TON_IoT,ton_iot_attack_family_holdout_full,8,logistic_regression,a4_split_shift,2026-06-12T10:43:55.538203+00:00,2026-06-12T10:43:55.551233+00:00,0.0130293369293212,36043,nan,nan
1154,result_writing,TON_IoT,ton_iot_attack_family_holdout_full,8,logistic_regression,a4_split_shift,2026-06-12T10:43:55.551381+00:00,2026-06-12T10:43:55.554545+00:00,0.003164529800415,1,results/raw/tier_e_core4_hgb_mlp_timed_expanded/TON_IoT_ton_iot_attack_family_holdout_full_logistic_regression_a4_split_shift_8.csv,nan
1155,split_construction,TON_IoT,ton_iot_attack_family_holdout_full,8,mlp_sklearn,nan,2026-06-12T10:43:55.554633+00:00,2026-06-12T10:43:55.708588+00:00,0.1539552211761474,211043,nan,nan
1156,preprocessing,TON_IoT,ton_iot_attack_family_holdout_full,8,mlp_sklearn,nan,2026-06-12T10:43:55.708715+00:00,2026-06-12T10:44:00.497407+00:00,4.788691520690918,211043,nan,nan
1157,model_training,TON_IoT,ton_iot_attack_family_holdout_full,8,mlp_sklearn,nan,2026-06-12T10:44:00.497574+00:00,2026-06-12T10:44:14.824763+00:00,14.327188730239868,211043,nan,nan
1158,clean_profile,TON_IoT,ton_iot_attack_family_holdout_full,8,mlp_sklearn,nan,2026-06-12T10:44:14.824843+00:00,2026-06-12T10:44:14.881697+00:00,0.0568532943725585,211043,nan,nan
1159,threat_evaluation,TON_IoT,ton_iot_attack_family_holdout_full,8,mlp_sklearn,a0_clean,2026-06-12T10:44:14.900105+00:00,2026-06-12T10:44:14.924788+00:00,0.0246825218200683,36043,nan,nan
1160,result_writing,TON_IoT,ton_iot_attack_family_holdout_full,8,mlp_sklearn,a0_clean,2026-06-12T10:44:14.924952+00:00,2026-06-12T10:44:14.928355+00:00,0.0034034252166748,1,results/raw/tier_e_core4_hgb_mlp_timed_expanded/TON_IoT_ton_iot_attack_family_holdout_full_mlp_sklearn_a0_clean_8.csv,nan
1161,threat_evaluation,TON_IoT,ton_iot_attack_family_holdout_full,8,mlp_sklearn,a1_constrained_feature,2026-06-12T10:44:14.928400+00:00,2026-06-12T10:44:15.024691+00:00,0.0962917804718017,36043,nan,nan
1162,result_writing,TON_IoT,ton_iot_attack_family_holdout_full,8,mlp_sklearn,a1_constrained_feature,2026-06-12T10:44:15.024866+00:00,2026-06-12T10:44:15.028224+00:00,0.0033583641052246,1,results/raw/tier_e_core4_hgb_mlp_timed_expanded/TON_IoT_ton_iot_attack_family_holdout_full_mlp_sklearn_a1_constrained_feature_8.csv,nan
1163,threat_evaluation,TON_IoT,ton_iot_attack_family_holdout_full,8,mlp_sklearn,a1_constrained_score_search,2026-06-12T10:44:15.028268+00:00,2026-06-12T10:44:15.433578+00:00,0.4053096771240234,36043,nan,nan
1164,result_writing,TON_IoT,ton_iot_attack_family_holdout_full,8,mlp_sklearn,a1_constrained_score_search,2026-06-12T10:44:15.433769+00:00,2026-06-12T10:44:15.437144+00:00,0.0033755302429199,1,results/raw/tier_e_core4_hgb_mlp_timed_expanded/TON_IoT_ton_iot_attack_family_holdout_full_mlp_sklearn_a1_constrained_score_search_8.csv,nan
1165,threat_evaluation,TON_IoT,ton_iot_attack_family_holdout_full,8,mlp_sklearn,a4_split_shift,2026-06-12T10:44:15.437189+00:00,2026-06-12T10:44:15.460991+00:00,0.023801565170288,36043,nan,nan
1166,result_writing,TON_IoT,ton_iot_attack_family_holdout_full,8,mlp_sklearn,a4_split_shift,2026-06-12T10:44:15.461154+00:00,2026-06-12T10:44:15.464472+00:00,0.0033183097839355,1,results/raw/tier_e_core4_hgb_mlp_timed_expanded/TON_IoT_ton_iot_attack_family_holdout_full_mlp_sklearn_a4_split_shift_8.csv,nan
1167,split_construction,TON_IoT,ton_iot_attack_family_holdout_full,8,random_forest,nan,2026-06-12T10:44:15.464557+00:00,2026-06-12T10:44:15.617956+00:00,0.1533989906311035,211043,nan,nan
1168,preprocessing,TON_IoT,ton_iot_attack_family_holdout_full,8,random_forest,nan,2026-06-12T10:44:15.618078+00:00,2026-06-12T10:44:20.397746+00:00,4.779667377471924,211043,nan,nan
1169,model_training,TON_IoT,ton_iot_attack_family_holdout_full,8,random_forest,nan,2026-06-12T10:44:20.397928+00:00,2026-06-12T10:44:25.517333+00:00,5.119405031204224,211043,nan,nan
1170,clean_profile,TON_IoT,ton_iot_attack_family_holdout_full,8,random_forest,nan,2026-06-12T10:44:25.517418+00:00,2026-06-12T10:44:25.728408+00:00,0.2109901905059814,211043,nan,nan
1171,threat_evaluation,TON_IoT,ton_iot_attack_family_holdout_full,8,random_forest,a0_clean,2026-06-12T10:44:25.746517+00:00,2026-06-12T10:44:25.820354+00:00,0.0738370418548584,36043,nan,nan
1172,result_writing,TON_IoT,ton_iot_attack_family_holdout_full,8,random_forest,a0_clean,2026-06-12T10:44:25.820526+00:00,2026-06-12T10:44:25.823843+00:00,0.0033168792724609,1,results/raw/tier_e_core4_hgb_mlp_timed_expanded/TON_IoT_ton_iot_attack_family_holdout_full_random_forest_a0_clean_8.csv,nan
1173,threat_evaluation,TON_IoT,ton_iot_attack_family_holdout_full,8,random_forest,a1_constrained_feature,2026-06-12T10:44:25.823886+00:00,2026-06-12T10:44:25.977113+00:00,0.1532275676727295,36043,nan,nan
1174,result_writing,TON_IoT,ton_iot_attack_family_holdout_full,8,random_forest,a1_constrained_feature,2026-06-12T10:44:25.977285+00:00,2026-06-12T10:44:25.980564+00:00,0.0032792091369628,1,results/raw/tier_e_core4_hgb_mlp_timed_expanded/TON_IoT_ton_iot_attack_family_holdout_full_random_forest_a1_constrained_feature_8.csv,nan
1175,threat_evaluation,TON_IoT,ton_iot_attack_family_holdout_full,8,random_forest,a1_constrained_score_search,2026-06-12T10:44:25.980606+00:00,2026-06-12T10:44:26.658265+00:00,0.6776587963104248,36043,nan,nan
1176,result_writing,TON_IoT,ton_iot_attack_family_holdout_full,8,random_forest,a1_constrained_score_search,2026-06-12T10:44:26.658442+00:00,2026-06-12T10:44:26.661715+00:00,0.0032737255096435,1,results/raw/tier_e_core4_hgb_mlp_timed_expanded/TON_IoT_ton_iot_attack_family_holdout_full_random_forest_a1_constrained_score_search_8.csv,nan
1177,threat_evaluation,TON_IoT,ton_iot_attack_family_holdout_full,8,random_forest,a4_split_shift,2026-06-12T10:44:26.661760+00:00,2026-06-12T10:44:26.735908+00:00,0.0741479396820068,36043,nan,nan
1178,result_writing,TON_IoT,ton_iot_attack_family_holdout_full,8,random_forest,a4_split_shift,2026-06-12T10:44:26.736075+00:00,2026-06-12T10:44:26.739326+00:00,0.0032517910003662,1,results/raw/tier_e_core4_hgb_mlp_timed_expanded/TON_IoT_ton_iot_attack_family_holdout_full_random_forest_a4_split_shift_8.csv,nan
1179,dataset_load,TON_IoT,ton_iot_attack_family_holdout_full,9,nan,nan,2026-06-12T10:44:26.739367+00:00,2026-06-12T10:44:28.066023+00:00,1.3266558647155762,211043,nan,nan
1180,preprocess_manifest,TON_IoT,ton_iot_attack_family_holdout_full,9,nan,nan,2026-06-12T10:44:28.066163+00:00,2026-06-12T10:44:32.655126+00:00,4.5889623165130615,211043,nan,nan
1181,split_construction,TON_IoT,ton_iot_attack_family_holdout_full,9,extra_trees,nan,2026-06-12T10:44:32.655323+00:00,2026-06-12T10:44:32.809409+00:00,0.1540853977203369,211043,nan,nan
1182,preprocessing,TON_IoT,ton_iot_attack_family_holdout_full,9,extra_trees,nan,2026-06-12T10:44:32.809540+00:00,2026-06-12T10:44:37.568726+00:00,4.759185791015625,211043,nan,nan
1183,model_training,TON_IoT,ton_iot_attack_family_holdout_full,9,extra_trees,nan,2026-06-12T10:44:37.568907+00:00,2026-06-12T10:44:41.694076+00:00,4.125168800354004,211043,nan,nan
1184,clean_profile,TON_IoT,ton_iot_attack_family_holdout_full,9,extra_trees,nan,2026-06-12T10:44:41.694163+00:00,2026-06-12T10:44:42.011660+00:00,0.3174967765808105,211043,nan,nan
1185,threat_evaluation,TON_IoT,ton_iot_attack_family_holdout_full,9,extra_trees,a0_clean,2026-06-12T10:44:42.029871+00:00,2026-06-12T10:44:42.139438+00:00,0.1095664501190185,36043,nan,nan
1186,result_writing,TON_IoT,ton_iot_attack_family_holdout_full,9,extra_trees,a0_clean,2026-06-12T10:44:42.139604+00:00,2026-06-12T10:44:42.142960+00:00,0.0033562183380126,1,results/raw/tier_e_core4_hgb_mlp_timed_expanded/TON_IoT_ton_iot_attack_family_holdout_full_extra_trees_a0_clean_9.csv,nan
1187,threat_evaluation,TON_IoT,ton_iot_attack_family_holdout_full,9,extra_trees,a1_constrained_feature,2026-06-12T10:44:42.143003+00:00,2026-06-12T10:44:42.330199+00:00,0.1871960163116455,36043,nan,nan
1188,result_writing,TON_IoT,ton_iot_attack_family_holdout_full,9,extra_trees,a1_constrained_feature,2026-06-12T10:44:42.330373+00:00,2026-06-12T10:44:42.333641+00:00,0.0032680034637451,1,results/raw/tier_e_core4_hgb_mlp_timed_expanded/TON_IoT_ton_iot_attack_family_holdout_full_extra_trees_a1_constrained_feature_9.csv,nan
1189,threat_evaluation,TON_IoT,ton_iot_attack_family_holdout_full,9,extra_trees,a1_constrained_score_search,2026-06-12T10:44:42.333682+00:00,2026-06-12T10:44:43.147217+00:00,0.8135354518890381,36043,nan,nan
1190,result_writing,TON_IoT,ton_iot_attack_family_holdout_full,9,extra_trees,a1_constrained_score_search,2026-06-12T10:44:43.147383+00:00,2026-06-12T10:44:43.150680+00:00,0.0032973289489746,1,results/raw/tier_e_core4_hgb_mlp_timed_expanded/TON_IoT_ton_iot_attack_family_holdout_full_extra_trees_a1_constrained_score_search_9.csv,nan
1191,threat_evaluation,TON_IoT,ton_iot_attack_family_holdout_full,9,extra_trees,a4_split_shift,2026-06-12T10:44:43.150721+00:00,2026-06-12T10:44:43.259568+00:00,0.1088476181030273,36043,nan,nan
1192,result_writing,TON_IoT,ton_iot_attack_family_holdout_full,9,extra_trees,a4_split_shift,2026-06-12T10:44:43.259775+00:00,2026-06-12T10:44:43.263042+00:00,0.0032672882080078,1,results/raw/tier_e_core4_hgb_mlp_timed_expanded/TON_IoT_ton_iot_attack_family_holdout_full_extra_trees_a4_split_shift_9.csv,nan
1193,split_construction,TON_IoT,ton_iot_attack_family_holdout_full,9,hist_gradient_boosting,nan,2026-06-12T10:44:43.263123+00:00,2026-06-12T10:44:43.416490+00:00,0.1533668041229248,211043,nan,nan
1194,preprocessing,TON_IoT,ton_iot_attack_family_holdout_full,9,hist_gradient_boosting,nan,2026-06-12T10:44:43.416601+00:00,2026-06-12T10:44:48.180334+00:00,4.763733386993408,211043,nan,nan
1195,model_training,TON_IoT,ton_iot_attack_family_holdout_full,9,hist_gradient_boosting,nan,2026-06-12T10:44:48.180509+00:00,2026-06-12T10:44:50.621248+00:00,2.4407389163970947,211043,nan,nan
1196,clean_profile,TON_IoT,ton_iot_attack_family_holdout_full,9,hist_gradient_boosting,nan,2026-06-12T10:44:50.621339+00:00,2026-06-12T10:44:50.738391+00:00,0.1170516014099121,211043,nan,nan
1197,threat_evaluation,TON_IoT,ton_iot_attack_family_holdout_full,9,hist_gradient_boosting,a0_clean,2026-06-12T10:44:50.757079+00:00,2026-06-12T10:44:50.800123+00:00,0.0430436134338378,36043,nan,nan
1198,result_writing,TON_IoT,ton_iot_attack_family_holdout_full,9,hist_gradient_boosting,a0_clean,2026-06-12T10:44:50.800284+00:00,2026-06-12T10:44:50.803623+00:00,0.0033392906188964,1,results/raw/tier_e_core4_hgb_mlp_timed_expanded/TON_IoT_ton_iot_attack_family_holdout_full_hist_gradient_boosting_a0_clean_9.csv,nan
1199,threat_evaluation,TON_IoT,ton_iot_attack_family_holdout_full,9,hist_gradient_boosting,a1_constrained_feature,2026-06-12T10:44:50.803666+00:00,2026-06-12T10:44:50.920177+00:00,0.1165118217468261,36043,nan,nan
1200,result_writing,TON_IoT,ton_iot_attack_family_holdout_full,9,hist_gradient_boosting,a1_constrained_feature,2026-06-12T10:44:50.920378+00:00,2026-06-12T10:44:50.923663+00:00,0.0032851696014404,1,results/raw/tier_e_core4_hgb_mlp_timed_expanded/TON_IoT_ton_iot_attack_family_holdout_full_hist_gradient_boosting_a1_constrained_feature_9.csv,nan
1201,threat_evaluation,TON_IoT,ton_iot_attack_family_holdout_full,9,hist_gradient_boosting,a1_constrained_score_search,2026-06-12T10:44:50.923706+00:00,2026-06-12T10:44:51.486103+00:00,0.5623974800109863,36043,nan,nan
1202,result_writing,TON_IoT,ton_iot_attack_family_holdout_full,9,hist_gradient_boosting,a1_constrained_score_search,2026-06-12T10:44:51.486290+00:00,2026-06-12T10:44:51.489625+00:00,0.0033349990844726,1,results/raw/tier_e_core4_hgb_mlp_timed_expanded/TON_IoT_ton_iot_attack_family_holdout_full_hist_gradient_boosting_a1_constrained_score_search_9.csv,nan
1203,threat_evaluation,TON_IoT,ton_iot_attack_family_holdout_full,9,hist_gradient_boosting,a4_split_shift,2026-06-12T10:44:51.489671+00:00,2026-06-12T10:44:51.546525+00:00,0.056854248046875,36043,nan,nan
1204,result_writing,TON_IoT,ton_iot_attack_family_holdout_full,9,hist_gradient_boosting,a4_split_shift,2026-06-12T10:44:51.546688+00:00,2026-06-12T10:44:51.550028+00:00,0.0033400058746337,1,results/raw/tier_e_core4_hgb_mlp_timed_expanded/TON_IoT_ton_iot_attack_family_holdout_full_hist_gradient_boosting_a4_split_shift_9.csv,nan
1205,split_construction,TON_IoT,ton_iot_attack_family_holdout_full,9,logistic_regression,nan,2026-06-12T10:44:51.550117+00:00,2026-06-12T10:44:51.704309+00:00,0.1541924476623535,211043,nan,nan
1206,preprocessing,TON_IoT,ton_iot_attack_family_holdout_full,9,logistic_regression,nan,2026-06-12T10:44:51.704435+00:00,2026-06-12T10:44:56.475655+00:00,4.771220207214356,211043,nan,nan
1207,model_training,TON_IoT,ton_iot_attack_family_holdout_full,9,logistic_regression,nan,2026-06-12T10:44:56.475826+00:00,2026-06-12T10:45:05.240831+00:00,8.765004873275757,211043,nan,nan
1208,clean_profile,TON_IoT,ton_iot_attack_family_holdout_full,9,logistic_regression,nan,2026-06-12T10:45:05.240906+00:00,2026-06-12T10:45:05.276117+00:00,0.0352113246917724,211043,nan,nan
1209,threat_evaluation,TON_IoT,ton_iot_attack_family_holdout_full,9,logistic_regression,a0_clean,2026-06-12T10:45:05.295085+00:00,2026-06-12T10:45:05.309397+00:00,0.0143113136291503,36043,nan,nan
1210,result_writing,TON_IoT,ton_iot_attack_family_holdout_full,9,logistic_regression,a0_clean,2026-06-12T10:45:05.309555+00:00,2026-06-12T10:45:05.312811+00:00,0.0032567977905273,1,results/raw/tier_e_core4_hgb_mlp_timed_expanded/TON_IoT_ton_iot_attack_family_holdout_full_logistic_regression_a0_clean_9.csv,nan
1211,threat_evaluation,TON_IoT,ton_iot_attack_family_holdout_full,9,logistic_regression,a1_constrained_feature,2026-06-12T10:45:05.312851+00:00,2026-06-12T10:45:05.401888+00:00,0.0890369415283203,36043,nan,nan
1212,result_writing,TON_IoT,ton_iot_attack_family_holdout_full,9,logistic_regression,a1_constrained_feature,2026-06-12T10:45:05.402071+00:00,2026-06-12T10:45:05.405442+00:00,0.0033707618713378,1,results/raw/tier_e_core4_hgb_mlp_timed_expanded/TON_IoT_ton_iot_attack_family_holdout_full_logistic_regression_a1_constrained_feature_9.csv,nan
1213,threat_evaluation,TON_IoT,ton_iot_attack_family_holdout_full,9,logistic_regression,a1_constrained_score_search,2026-06-12T10:45:05.405486+00:00,2026-06-12T10:45:05.778449+00:00,0.3729627132415771,36043,nan,nan
1214,result_writing,TON_IoT,ton_iot_attack_family_holdout_full,9,logistic_regression,a1_constrained_score_search,2026-06-12T10:45:05.778630+00:00,2026-06-12T10:45:05.781922+00:00,0.0032916069030761,1,results/raw/tier_e_core4_hgb_mlp_timed_expanded/TON_IoT_ton_iot_attack_family_holdout_full_logistic_regression_a1_constrained_score_search_9.csv,nan
1215,threat_evaluation,TON_IoT,ton_iot_attack_family_holdout_full,9,logistic_regression,a4_split_shift,2026-06-12T10:45:05.781969+00:00,2026-06-12T10:45:05.795230+00:00,0.0132615566253662,36043,nan,nan
1216,result_writing,TON_IoT,ton_iot_attack_family_holdout_full,9,logistic_regression,a4_split_shift,2026-06-12T10:45:05.795380+00:00,2026-06-12T10:45:05.798523+00:00,0.0031430721282958,1,results/raw/tier_e_core4_hgb_mlp_timed_expanded/TON_IoT_ton_iot_attack_family_holdout_full_logistic_regression_a4_split_shift_9.csv,nan
1217,split_construction,TON_IoT,ton_iot_attack_family_holdout_full,9,mlp_sklearn,nan,2026-06-12T10:45:05.798613+00:00,2026-06-12T10:45:05.954432+00:00,0.1558196544647216,211043,nan,nan
1218,preprocessing,TON_IoT,ton_iot_attack_family_holdout_full,9,mlp_sklearn,nan,2026-06-12T10:45:05.954550+00:00,2026-06-12T10:45:10.742298+00:00,4.787747621536255,211043,nan,nan
1219,model_training,TON_IoT,ton_iot_attack_family_holdout_full,9,mlp_sklearn,nan,2026-06-12T10:45:10.742455+00:00,2026-06-12T10:45:29.790909+00:00,19.04845356941223,211043,nan,nan
1220,clean_profile,TON_IoT,ton_iot_attack_family_holdout_full,9,mlp_sklearn,nan,2026-06-12T10:45:29.790989+00:00,2026-06-12T10:45:29.847084+00:00,0.0560948848724365,211043,nan,nan
1221,threat_evaluation,TON_IoT,ton_iot_attack_family_holdout_full,9,mlp_sklearn,a0_clean,2026-06-12T10:45:29.865689+00:00,2026-06-12T10:45:29.890307+00:00,0.0246186256408691,36043,nan,nan
1222,result_writing,TON_IoT,ton_iot_attack_family_holdout_full,9,mlp_sklearn,a0_clean,2026-06-12T10:45:29.890479+00:00,2026-06-12T10:45:29.893921+00:00,0.0034413337707519,1,results/raw/tier_e_core4_hgb_mlp_timed_expanded/TON_IoT_ton_iot_attack_family_holdout_full_mlp_sklearn_a0_clean_9.csv,nan
1223,threat_evaluation,TON_IoT,ton_iot_attack_family_holdout_full,9,mlp_sklearn,a1_constrained_feature,2026-06-12T10:45:29.893967+00:00,2026-06-12T10:45:29.992512+00:00,0.0985448360443115,36043,nan,nan
1224,result_writing,TON_IoT,ton_iot_attack_family_holdout_full,9,mlp_sklearn,a1_constrained_feature,2026-06-12T10:45:29.992691+00:00,2026-06-12T10:45:29.996111+00:00,0.0034201145172119,1,results/raw/tier_e_core4_hgb_mlp_timed_expanded/TON_IoT_ton_iot_attack_family_holdout_full_mlp_sklearn_a1_constrained_feature_9.csv,nan
1225,threat_evaluation,TON_IoT,ton_iot_attack_family_holdout_full,9,mlp_sklearn,a1_constrained_score_search,2026-06-12T10:45:29.996157+00:00,2026-06-12T10:45:30.403410+00:00,0.4072527885437011,36043,nan,nan
1226,result_writing,TON_IoT,ton_iot_attack_family_holdout_full,9,mlp_sklearn,a1_constrained_score_search,2026-06-12T10:45:30.403599+00:00,2026-06-12T10:45:30.406989+00:00,0.0033900737762451,1,results/raw/tier_e_core4_hgb_mlp_timed_expanded/TON_IoT_ton_iot_attack_family_holdout_full_mlp_sklearn_a1_constrained_score_search_9.csv,nan
1227,threat_evaluation,TON_IoT,ton_iot_attack_family_holdout_full,9,mlp_sklearn,a4_split_shift,2026-06-12T10:45:30.407034+00:00,2026-06-12T10:45:30.430916+00:00,0.0238814353942871,36043,nan,nan
1228,result_writing,TON_IoT,ton_iot_attack_family_holdout_full,9,mlp_sklearn,a4_split_shift,2026-06-12T10:45:30.431076+00:00,2026-06-12T10:45:30.434438+00:00,0.0033628940582275,1,results/raw/tier_e_core4_hgb_mlp_timed_expanded/TON_IoT_ton_iot_attack_family_holdout_full_mlp_sklearn_a4_split_shift_9.csv,nan
1229,split_construction,TON_IoT,ton_iot_attack_family_holdout_full,9,random_forest,nan,2026-06-12T10:45:30.434532+00:00,2026-06-12T10:45:30.590725+00:00,0.1561930179595947,211043,nan,nan
1230,preprocessing,TON_IoT,ton_iot_attack_family_holdout_full,9,random_forest,nan,2026-06-12T10:45:30.590842+00:00,2026-06-12T10:45:35.373321+00:00,4.782479286193848,211043,nan,nan
1231,model_training,TON_IoT,ton_iot_attack_family_holdout_full,9,random_forest,nan,2026-06-12T10:45:35.373500+00:00,2026-06-12T10:45:40.418415+00:00,5.044915199279785,211043,nan,nan
1232,clean_profile,TON_IoT,ton_iot_attack_family_holdout_full,9,random_forest,nan,2026-06-12T10:45:40.418504+00:00,2026-06-12T10:45:40.631011+00:00,0.2125065326690673,211043,nan,nan
1233,threat_evaluation,TON_IoT,ton_iot_attack_family_holdout_full,9,random_forest,a0_clean,2026-06-12T10:45:40.649456+00:00,2026-06-12T10:45:40.724004+00:00,0.074547529220581,36043,nan,nan
1234,result_writing,TON_IoT,ton_iot_attack_family_holdout_full,9,random_forest,a0_clean,2026-06-12T10:45:40.724165+00:00,2026-06-12T10:45:40.727477+00:00,0.0033113956451416,1,results/raw/tier_e_core4_hgb_mlp_timed_expanded/TON_IoT_ton_iot_attack_family_holdout_full_random_forest_a0_clean_9.csv,nan
1235,threat_evaluation,TON_IoT,ton_iot_attack_family_holdout_full,9,random_forest,a1_constrained_feature,2026-06-12T10:45:40.727520+00:00,2026-06-12T10:45:40.882109+00:00,0.1545896530151367,36043,nan,nan
1236,result_writing,TON_IoT,ton_iot_attack_family_holdout_full,9,random_forest,a1_constrained_feature,2026-06-12T10:45:40.882282+00:00,2026-06-12T10:45:40.885523+00:00,0.0032413005828857,1,results/raw/tier_e_core4_hgb_mlp_timed_expanded/TON_IoT_ton_iot_attack_family_holdout_full_random_forest_a1_constrained_feature_9.csv,nan
1237,threat_evaluation,TON_IoT,ton_iot_attack_family_holdout_full,9,random_forest,a1_constrained_score_search,2026-06-12T10:45:40.885562+00:00,2026-06-12T10:45:41.568016+00:00,0.6824533939361572,36043,nan,nan
1238,result_writing,TON_IoT,ton_iot_attack_family_holdout_full,9,random_forest,a1_constrained_score_search,2026-06-12T10:45:41.568200+00:00,2026-06-12T10:45:41.571548+00:00,0.0033481121063232,1,results/raw/tier_e_core4_hgb_mlp_timed_expanded/TON_IoT_ton_iot_attack_family_holdout_full_random_forest_a1_constrained_score_search_9.csv,nan
1239,threat_evaluation,TON_IoT,ton_iot_attack_family_holdout_full,9,random_forest,a4_split_shift,2026-06-12T10:45:41.571590+00:00,2026-06-12T10:45:41.645945+00:00,0.0743546485900878,36043,nan,nan
1240,result_writing,TON_IoT,ton_iot_attack_family_holdout_full,9,random_forest,a4_split_shift,2026-06-12T10:45:41.646116+00:00,2026-06-12T10:45:41.649414+00:00,0.0032980442047119,1,results/raw/tier_e_core4_hgb_mlp_timed_expanded/TON_IoT_ton_iot_attack_family_holdout_full_random_forest_a4_split_shift_9.csv,nan
1,dataset_load,CICIDS2017,cicids2017_friday_holdout_sample,0,nan,nan,2026-06-12T10:45:43.713173+00:00,2026-06-12T10:45:50.167666+00:00,6.454493522644043,240000,nan,nan
2,preprocess_manifest,CICIDS2017,cicids2017_friday_holdout_sample,0,nan,nan,2026-06-12T10:45:50.167867+00:00,2026-06-12T10:45:52.339881+00:00,2.172013998031616,240000,nan,nan
3,split_construction,CICIDS2017,cicids2017_friday_holdout_sample,0,extra_trees,nan,2026-06-12T10:45:52.340067+00:00,2026-06-12T10:45:52.472659+00:00,0.1325926780700683,240000,nan,nan
4,preprocessing,CICIDS2017,cicids2017_friday_holdout_sample,0,extra_trees,nan,2026-06-12T10:45:52.472782+00:00,2026-06-12T10:45:54.868536+00:00,2.395754337310791,240000,nan,nan
5,model_training,CICIDS2017,cicids2017_friday_holdout_sample,0,extra_trees,nan,2026-06-12T10:45:54.868736+00:00,2026-06-12T10:46:05.223299+00:00,10.354562759399414,240000,nan,nan
6,clean_profile,CICIDS2017,cicids2017_friday_holdout_sample,0,extra_trees,nan,2026-06-12T10:46:05.223390+00:00,2026-06-12T10:46:06.592167+00:00,1.3687763214111328,240000,nan,nan
7,threat_evaluation,CICIDS2017,cicids2017_friday_holdout_sample,0,extra_trees,a0_clean,2026-06-12T10:46:06.596857+00:00,2026-06-12T10:46:07.040125+00:00,0.4432687759399414,90000,nan,nan
8,result_writing,CICIDS2017,cicids2017_friday_holdout_sample,0,extra_trees,a0_clean,2026-06-12T10:46:07.040320+00:00,2026-06-12T10:46:07.045553+00:00,0.0052332878112792,1,results/raw/tier_e_core4_hgb_mlp_timed_cicids2017/CICIDS2017_cicids2017_friday_holdout_sample_extra_trees_a0_clean_0.csv,nan
9,threat_evaluation,CICIDS2017,cicids2017_friday_holdout_sample,0,extra_trees,a1_constrained_feature,2026-06-12T10:46:07.045607+00:00,2026-06-12T10:46:07.702129+00:00,0.6565220355987549,90000,nan,nan
10,result_writing,CICIDS2017,cicids2017_friday_holdout_sample,0,extra_trees,a1_constrained_feature,2026-06-12T10:46:07.702323+00:00,2026-06-12T10:46:07.705787+00:00,0.0034644603729248,1,results/raw/tier_e_core4_hgb_mlp_timed_cicids2017/CICIDS2017_cicids2017_friday_holdout_sample_extra_trees_a1_constrained_feature_0.csv,nan
11,threat_evaluation,CICIDS2017,cicids2017_friday_holdout_sample,0,extra_trees,a1_constrained_score_search,2026-06-12T10:46:07.705842+00:00,2026-06-12T10:46:09.408309+00:00,1.7024672031402588,90000,nan,nan
12,result_writing,CICIDS2017,cicids2017_friday_holdout_sample,0,extra_trees,a1_constrained_score_search,2026-06-12T10:46:09.408508+00:00,2026-06-12T10:46:09.412005+00:00,0.0034966468811035,1,results/raw/tier_e_core4_hgb_mlp_timed_cicids2017/CICIDS2017_cicids2017_friday_holdout_sample_extra_trees_a1_constrained_score_search_0.csv,nan
13,threat_evaluation,CICIDS2017,cicids2017_friday_holdout_sample,0,extra_trees,a4_split_shift,2026-06-12T10:46:09.412058+00:00,2026-06-12T10:46:09.849049+00:00,0.4369912147521972,90000,nan,nan
14,result_writing,CICIDS2017,cicids2017_friday_holdout_sample,0,extra_trees,a4_split_shift,2026-06-12T10:46:09.849242+00:00,2026-06-12T10:46:09.852723+00:00,0.0034806728363037,1,results/raw/tier_e_core4_hgb_mlp_timed_cicids2017/CICIDS2017_cicids2017_friday_holdout_sample_extra_trees_a4_split_shift_0.csv,nan
15,split_construction,CICIDS2017,cicids2017_friday_holdout_sample,0,hist_gradient_boosting,nan,2026-06-12T10:46:09.852813+00:00,2026-06-12T10:46:09.984910+00:00,0.1320970058441162,240000,nan,nan
16,preprocessing,CICIDS2017,cicids2017_friday_holdout_sample,0,hist_gradient_boosting,nan,2026-06-12T10:46:09.985038+00:00,2026-06-12T10:46:12.612389+00:00,2.6273505687713623,240000,nan,nan
17,model_training,CICIDS2017,cicids2017_friday_holdout_sample,0,hist_gradient_boosting,nan,2026-06-12T10:46:12.612562+00:00,2026-06-12T10:46:16.050993+00:00,3.4384307861328125,240000,nan,nan
18,clean_profile,CICIDS2017,cicids2017_friday_holdout_sample,0,hist_gradient_boosting,nan,2026-06-12T10:46:16.051087+00:00,2026-06-12T10:46:16.325984+00:00,0.2748970985412597,240000,nan,nan
19,threat_evaluation,CICIDS2017,cicids2017_friday_holdout_sample,0,hist_gradient_boosting,a0_clean,2026-06-12T10:46:16.331575+00:00,2026-06-12T10:46:16.433898+00:00,0.1023223400115966,90000,nan,nan
20,result_writing,CICIDS2017,cicids2017_friday_holdout_sample,0,hist_gradient_boosting,a0_clean,2026-06-12T10:46:16.434084+00:00,2026-06-12T10:46:16.437558+00:00,0.0034739971160888,1,results/raw/tier_e_core4_hgb_mlp_timed_cicids2017/CICIDS2017_cicids2017_friday_holdout_sample_hist_gradient_boosting_a0_clean_0.csv,nan
21,threat_evaluation,CICIDS2017,cicids2017_friday_holdout_sample,0,hist_gradient_boosting,a1_constrained_feature,2026-06-12T10:46:16.437606+00:00,2026-06-12T10:46:16.766996+00:00,0.3293895721435547,90000,nan,nan
22,result_writing,CICIDS2017,cicids2017_friday_holdout_sample,0,hist_gradient_boosting,a1_constrained_feature,2026-06-12T10:46:16.767178+00:00,2026-06-12T10:46:16.770589+00:00,0.0034105777740478,1,results/raw/tier_e_core4_hgb_mlp_timed_cicids2017/CICIDS2017_cicids2017_friday_holdout_sample_hist_gradient_boosting_a1_constrained_feature_0.csv,nan
23,threat_evaluation,CICIDS2017,cicids2017_friday_holdout_sample,0,hist_gradient_boosting,a1_constrained_score_search,2026-06-12T10:46:16.770633+00:00,2026-06-12T10:46:18.063654+00:00,1.293020725250244,90000,nan,nan
24,result_writing,CICIDS2017,cicids2017_friday_holdout_sample,0,hist_gradient_boosting,a1_constrained_score_search,2026-06-12T10:46:18.063872+00:00,2026-06-12T10:46:18.067259+00:00,0.0033869743347167,1,results/raw/tier_e_core4_hgb_mlp_timed_cicids2017/CICIDS2017_cicids2017_friday_holdout_sample_hist_gradient_boosting_a1_constrained_score_search_0.csv,nan
25,threat_evaluation,CICIDS2017,cicids2017_friday_holdout_sample,0,hist_gradient_boosting,a4_split_shift,2026-06-12T10:46:18.067302+00:00,2026-06-12T10:46:18.178664+00:00,0.1113617420196533,90000,nan,nan
26,result_writing,CICIDS2017,cicids2017_friday_holdout_sample,0,hist_gradient_boosting,a4_split_shift,2026-06-12T10:46:18.178846+00:00,2026-06-12T10:46:18.182270+00:00,0.0034244060516357,1,results/raw/tier_e_core4_hgb_mlp_timed_cicids2017/CICIDS2017_cicids2017_friday_holdout_sample_hist_gradient_boosting_a4_split_shift_0.csv,nan
27,split_construction,CICIDS2017,cicids2017_friday_holdout_sample,0,logistic_regression,nan,2026-06-12T10:46:18.182358+00:00,2026-06-12T10:46:18.314443+00:00,0.132084846496582,240000,nan,nan
28,preprocessing,CICIDS2017,cicids2017_friday_holdout_sample,0,logistic_regression,nan,2026-06-12T10:46:18.314570+00:00,2026-06-12T10:46:20.818808+00:00,2.5042383670806885,240000,nan,nan
29,model_training,CICIDS2017,cicids2017_friday_holdout_sample,0,logistic_regression,nan,2026-06-12T10:46:20.818967+00:00,2026-06-12T10:46:42.405171+00:00,21.586204767227173,240000,nan,nan
30,clean_profile,CICIDS2017,cicids2017_friday_holdout_sample,0,logistic_regression,nan,2026-06-12T10:46:42.405258+00:00,2026-06-12T10:46:42.459135+00:00,0.0538773536682128,240000,nan,nan
31,threat_evaluation,CICIDS2017,cicids2017_friday_holdout_sample,0,logistic_regression,a0_clean,2026-06-12T10:46:42.465095+00:00,2026-06-12T10:46:42.490674+00:00,0.0255792140960693,90000,nan,nan
32,result_writing,CICIDS2017,cicids2017_friday_holdout_sample,0,logistic_regression,a0_clean,2026-06-12T10:46:42.490858+00:00,2026-06-12T10:46:42.494386+00:00,0.0035278797149658,1,results/raw/tier_e_core4_hgb_mlp_timed_cicids2017/CICIDS2017_cicids2017_friday_holdout_sample_logistic_regression_a0_clean_0.csv,nan
33,threat_evaluation,CICIDS2017,cicids2017_friday_holdout_sample,0,logistic_regression,a1_constrained_feature,2026-06-12T10:46:42.494438+00:00,2026-06-12T10:46:42.708435+00:00,0.2139973640441894,90000,nan,nan
34,result_writing,CICIDS2017,cicids2017_friday_holdout_sample,0,logistic_regression,a1_constrained_feature,2026-06-12T10:46:42.708632+00:00,2026-06-12T10:46:42.712034+00:00,0.0034019947052001,1,results/raw/tier_e_core4_hgb_mlp_timed_cicids2017/CICIDS2017_cicids2017_friday_holdout_sample_logistic_regression_a1_constrained_feature_0.csv,nan
35,threat_evaluation,CICIDS2017,cicids2017_friday_holdout_sample,0,logistic_regression,a1_constrained_score_search,2026-06-12T10:46:42.712081+00:00,2026-06-12T10:46:43.559232+00:00,0.8471510410308838,90000,nan,nan
36,result_writing,CICIDS2017,cicids2017_friday_holdout_sample,0,logistic_regression,a1_constrained_score_search,2026-06-12T10:46:43.559428+00:00,2026-06-12T10:46:43.562813+00:00,0.0033841133117675,1,results/raw/tier_e_core4_hgb_mlp_timed_cicids2017/CICIDS2017_cicids2017_friday_holdout_sample_logistic_regression_a1_constrained_score_search_0.csv,nan
37,threat_evaluation,CICIDS2017,cicids2017_friday_holdout_sample,0,logistic_regression,a4_split_shift,2026-06-12T10:46:43.562861+00:00,2026-06-12T10:46:43.588719+00:00,0.025857925415039,90000,nan,nan
38,result_writing,CICIDS2017,cicids2017_friday_holdout_sample,0,logistic_regression,a4_split_shift,2026-06-12T10:46:43.588902+00:00,2026-06-12T10:46:43.592256+00:00,0.0033543109893798,1,results/raw/tier_e_core4_hgb_mlp_timed_cicids2017/CICIDS2017_cicids2017_friday_holdout_sample_logistic_regression_a4_split_shift_0.csv,nan
39,split_construction,CICIDS2017,cicids2017_friday_holdout_sample,0,mlp_sklearn,nan,2026-06-12T10:46:43.592344+00:00,2026-06-12T10:46:43.724137+00:00,0.1317934989929199,240000,nan,nan
40,preprocessing,CICIDS2017,cicids2017_friday_holdout_sample,0,mlp_sklearn,nan,2026-06-12T10:46:43.724263+00:00,2026-06-12T10:46:46.202110+00:00,2.477847099304199,240000,nan,nan
41,model_training,CICIDS2017,cicids2017_friday_holdout_sample,0,mlp_sklearn,nan,2026-06-12T10:46:46.202288+00:00,2026-06-12T10:46:58.424757+00:00,12.222468852996826,240000,nan,nan
42,clean_profile,CICIDS2017,cicids2017_friday_holdout_sample,0,mlp_sklearn,nan,2026-06-12T10:46:58.424838+00:00,2026-06-12T10:46:58.560402+00:00,0.1355640888214111,240000,nan,nan
43,threat_evaluation,CICIDS2017,cicids2017_friday_holdout_sample,0,mlp_sklearn,a0_clean,2026-06-12T10:46:58.566046+00:00,2026-06-12T10:46:58.621480+00:00,0.055434226989746,90000,nan,nan
44,result_writing,CICIDS2017,cicids2017_friday_holdout_sample,0,mlp_sklearn,a0_clean,2026-06-12T10:46:58.621670+00:00,2026-06-12T10:46:58.625191+00:00,0.0035207271575927,1,results/raw/tier_e_core4_hgb_mlp_timed_cicids2017/CICIDS2017_cicids2017_friday_holdout_sample_mlp_sklearn_a0_clean_0.csv,nan
45,threat_evaluation,CICIDS2017,cicids2017_friday_holdout_sample,0,mlp_sklearn,a1_constrained_feature,2026-06-12T10:46:58.625241+00:00,2026-06-12T10:46:58.867621+00:00,0.2423803806304931,90000,nan,nan
46,result_writing,CICIDS2017,cicids2017_friday_holdout_sample,0,mlp_sklearn,a1_constrained_feature,2026-06-12T10:46:58.867835+00:00,2026-06-12T10:46:58.871261+00:00,0.0034260749816894,1,results/raw/tier_e_core4_hgb_mlp_timed_cicids2017/CICIDS2017_cicids2017_friday_holdout_sample_mlp_sklearn_a1_constrained_feature_0.csv,nan
47,threat_evaluation,CICIDS2017,cicids2017_friday_holdout_sample,0,mlp_sklearn,a1_constrained_score_search,2026-06-12T10:46:58.871306+00:00,2026-06-12T10:46:59.809676+00:00,0.9383699893951416,90000,nan,nan
48,result_writing,CICIDS2017,cicids2017_friday_holdout_sample,0,mlp_sklearn,a1_constrained_score_search,2026-06-12T10:46:59.809869+00:00,2026-06-12T10:46:59.813287+00:00,0.0034184455871582,1,results/raw/tier_e_core4_hgb_mlp_timed_cicids2017/CICIDS2017_cicids2017_friday_holdout_sample_mlp_sklearn_a1_constrained_score_search_0.csv,nan
49,threat_evaluation,CICIDS2017,cicids2017_friday_holdout_sample,0,mlp_sklearn,a4_split_shift,2026-06-12T10:46:59.813332+00:00,2026-06-12T10:46:59.867190+00:00,0.0538587570190429,90000,nan,nan
50,result_writing,CICIDS2017,cicids2017_friday_holdout_sample,0,mlp_sklearn,a4_split_shift,2026-06-12T10:46:59.867357+00:00,2026-06-12T10:46:59.870783+00:00,0.0034260749816894,1,results/raw/tier_e_core4_hgb_mlp_timed_cicids2017/CICIDS2017_cicids2017_friday_holdout_sample_mlp_sklearn_a4_split_shift_0.csv,nan
51,split_construction,CICIDS2017,cicids2017_friday_holdout_sample,0,random_forest,nan,2026-06-12T10:46:59.870872+00:00,2026-06-12T10:47:00.001495+00:00,0.1306228637695312,240000,nan,nan
52,preprocessing,CICIDS2017,cicids2017_friday_holdout_sample,0,random_forest,nan,2026-06-12T10:47:00.001615+00:00,2026-06-12T10:47:02.469762+00:00,2.468147754669189,240000,nan,nan
53,model_training,CICIDS2017,cicids2017_friday_holdout_sample,0,random_forest,nan,2026-06-12T10:47:02.469960+00:00,2026-06-12T10:47:19.835167+00:00,17.365206241607666,240000,nan,nan
54,clean_profile,CICIDS2017,cicids2017_friday_holdout_sample,0,random_forest,nan,2026-06-12T10:47:19.835255+00:00,2026-06-12T10:47:20.733354+00:00,0.8980989456176758,240000,nan,nan
55,threat_evaluation,CICIDS2017,cicids2017_friday_holdout_sample,0,random_forest,a0_clean,2026-06-12T10:47:20.738987+00:00,2026-06-12T10:47:21.051249+00:00,0.3122618198394775,90000,nan,nan
56,result_writing,CICIDS2017,cicids2017_friday_holdout_sample,0,random_forest,a0_clean,2026-06-12T10:47:21.051420+00:00,2026-06-12T10:47:21.054962+00:00,0.0035414695739746,1,results/raw/tier_e_core4_hgb_mlp_timed_cicids2017/CICIDS2017_cicids2017_friday_holdout_sample_random_forest_a0_clean_0.csv,nan
57,threat_evaluation,CICIDS2017,cicids2017_friday_holdout_sample,0,random_forest,a1_constrained_feature,2026-06-12T10:47:21.055012+00:00,2026-06-12T10:47:21.539886+00:00,0.4848735332489013,90000,nan,nan
58,result_writing,CICIDS2017,cicids2017_friday_holdout_sample,0,random_forest,a1_constrained_feature,2026-06-12T10:47:21.540069+00:00,2026-06-12T10:47:21.543536+00:00,0.0034677982330322,1,results/raw/tier_e_core4_hgb_mlp_timed_cicids2017/CICIDS2017_cicids2017_friday_holdout_sample_random_forest_a1_constrained_feature_0.csv,nan
59,threat_evaluation,CICIDS2017,cicids2017_friday_holdout_sample,0,random_forest,a1_constrained_score_search,2026-06-12T10:47:21.543587+00:00,2026-06-12T10:47:22.957006+00:00,1.4134187698364258,90000,nan,nan
60,result_writing,CICIDS2017,cicids2017_friday_holdout_sample,0,random_forest,a1_constrained_score_search,2026-06-12T10:47:22.957198+00:00,2026-06-12T10:47:22.960648+00:00,0.0034492015838623,1,results/raw/tier_e_core4_hgb_mlp_timed_cicids2017/CICIDS2017_cicids2017_friday_holdout_sample_random_forest_a1_constrained_score_search_0.csv,nan
61,threat_evaluation,CICIDS2017,cicids2017_friday_holdout_sample,0,random_forest,a4_split_shift,2026-06-12T10:47:22.960701+00:00,2026-06-12T10:47:23.273697+00:00,0.3129956722259521,90000,nan,nan
62,result_writing,CICIDS2017,cicids2017_friday_holdout_sample,0,random_forest,a4_split_shift,2026-06-12T10:47:23.273869+00:00,2026-06-12T10:47:23.277323+00:00,0.0034534931182861,1,results/raw/tier_e_core4_hgb_mlp_timed_cicids2017/CICIDS2017_cicids2017_friday_holdout_sample_random_forest_a4_split_shift_0.csv,nan
63,dataset_load,CICIDS2017,cicids2017_friday_holdout_sample,1,nan,nan,2026-06-12T10:47:23.277375+00:00,2026-06-12T10:47:29.790185+00:00,6.51280951499939,240000,nan,nan
64,preprocess_manifest,CICIDS2017,cicids2017_friday_holdout_sample,1,nan,nan,2026-06-12T10:47:29.790312+00:00,2026-06-12T10:47:32.011931+00:00,2.22161865234375,240000,nan,nan
65,split_construction,CICIDS2017,cicids2017_friday_holdout_sample,1,extra_trees,nan,2026-06-12T10:47:32.012105+00:00,2026-06-12T10:47:32.141354+00:00,0.1292498111724853,240000,nan,nan
66,preprocessing,CICIDS2017,cicids2017_friday_holdout_sample,1,extra_trees,nan,2026-06-12T10:47:32.141488+00:00,2026-06-12T10:47:34.596919+00:00,2.455430746078491,240000,nan,nan
67,model_training,CICIDS2017,cicids2017_friday_holdout_sample,1,extra_trees,nan,2026-06-12T10:47:34.597109+00:00,2026-06-12T10:47:44.611291+00:00,10.014181852340698,240000,nan,nan
68,clean_profile,CICIDS2017,cicids2017_friday_holdout_sample,1,extra_trees,nan,2026-06-12T10:47:44.611384+00:00,2026-06-12T10:47:45.960963+00:00,1.3495795726776123,240000,nan,nan
69,threat_evaluation,CICIDS2017,cicids2017_friday_holdout_sample,1,extra_trees,a0_clean,2026-06-12T10:47:45.966850+00:00,2026-06-12T10:47:46.391530+00:00,0.4246799945831299,90000,nan,nan
70,result_writing,CICIDS2017,cicids2017_friday_holdout_sample,1,extra_trees,a0_clean,2026-06-12T10:47:46.391702+00:00,2026-06-12T10:47:46.395220+00:00,0.0035173892974853,1,results/raw/tier_e_core4_hgb_mlp_timed_cicids2017/CICIDS2017_cicids2017_friday_holdout_sample_extra_trees_a0_clean_1.csv,nan
71,threat_evaluation,CICIDS2017,cicids2017_friday_holdout_sample,1,extra_trees,a1_constrained_feature,2026-06-12T10:47:46.395271+00:00,2026-06-12T10:47:47.030797+00:00,0.635526180267334,90000,nan,nan
72,result_writing,CICIDS2017,cicids2017_friday_holdout_sample,1,extra_trees,a1_constrained_feature,2026-06-12T10:47:47.030976+00:00,2026-06-12T10:47:47.034429+00:00,0.003453254699707,1,results/raw/tier_e_core4_hgb_mlp_timed_cicids2017/CICIDS2017_cicids2017_friday_holdout_sample_extra_trees_a1_constrained_feature_1.csv,nan
73,threat_evaluation,CICIDS2017,cicids2017_friday_holdout_sample,1,extra_trees,a1_constrained_score_search,2026-06-12T10:47:47.034482+00:00,2026-06-12T10:47:48.677417+00:00,1.6429355144500732,90000,nan,nan
74,result_writing,CICIDS2017,cicids2017_friday_holdout_sample,1,extra_trees,a1_constrained_score_search,2026-06-12T10:47:48.677598+00:00,2026-06-12T10:47:48.681059+00:00,0.0034615993499755,1,results/raw/tier_e_core4_hgb_mlp_timed_cicids2017/CICIDS2017_cicids2017_friday_holdout_sample_extra_trees_a1_constrained_score_search_1.csv,nan
75,threat_evaluation,CICIDS2017,cicids2017_friday_holdout_sample,1,extra_trees,a4_split_shift,2026-06-12T10:47:48.681113+00:00,2026-06-12T10:47:49.106591+00:00,0.4254779815673828,90000,nan,nan
76,result_writing,CICIDS2017,cicids2017_friday_holdout_sample,1,extra_trees,a4_split_shift,2026-06-12T10:47:49.106764+00:00,2026-06-12T10:47:49.110210+00:00,0.0034456253051757,1,results/raw/tier_e_core4_hgb_mlp_timed_cicids2017/CICIDS2017_cicids2017_friday_holdout_sample_extra_trees_a4_split_shift_1.csv,nan
77,split_construction,CICIDS2017,cicids2017_friday_holdout_sample,1,hist_gradient_boosting,nan,2026-06-12T10:47:49.110306+00:00,2026-06-12T10:47:49.239817+00:00,0.1295108795166015,240000,nan,nan
78,preprocessing,CICIDS2017,cicids2017_friday_holdout_sample,1,hist_gradient_boosting,nan,2026-06-12T10:47:49.239948+00:00,2026-06-12T10:47:51.703510+00:00,2.463562250137329,240000,nan,nan
79,model_training,CICIDS2017,cicids2017_friday_holdout_sample,1,hist_gradient_boosting,nan,2026-06-12T10:47:51.703683+00:00,2026-06-12T10:47:54.861297+00:00,3.157614231109619,240000,nan,nan
80,clean_profile,CICIDS2017,cicids2017_friday_holdout_sample,1,hist_gradient_boosting,nan,2026-06-12T10:47:54.861395+00:00,2026-06-12T10:47:55.122705+00:00,0.2613096237182617,240000,nan,nan
81,threat_evaluation,CICIDS2017,cicids2017_friday_holdout_sample,1,hist_gradient_boosting,a0_clean,2026-06-12T10:47:55.128535+00:00,2026-06-12T10:47:55.221985+00:00,0.0934507846832275,90000,nan,nan
82,result_writing,CICIDS2017,cicids2017_friday_holdout_sample,1,hist_gradient_boosting,a0_clean,2026-06-12T10:47:55.222159+00:00,2026-06-12T10:47:55.225598+00:00,0.0034389495849609,1,results/raw/tier_e_core4_hgb_mlp_timed_cicids2017/CICIDS2017_cicids2017_friday_holdout_sample_hist_gradient_boosting_a0_clean_1.csv,nan
83,threat_evaluation,CICIDS2017,cicids2017_friday_holdout_sample,1,hist_gradient_boosting,a1_constrained_feature,2026-06-12T10:47:55.225645+00:00,2026-06-12T10:47:55.528162+00:00,0.3025169372558594,90000,nan,nan
84,result_writing,CICIDS2017,cicids2017_friday_holdout_sample,1,hist_gradient_boosting,a1_constrained_feature,2026-06-12T10:47:55.528344+00:00,2026-06-12T10:47:55.531758+00:00,0.0034143924713134,1,results/raw/tier_e_core4_hgb_mlp_timed_cicids2017/CICIDS2017_cicids2017_friday_holdout_sample_hist_gradient_boosting_a1_constrained_feature_1.csv,nan
85,threat_evaluation,CICIDS2017,cicids2017_friday_holdout_sample,1,hist_gradient_boosting,a1_constrained_score_search,2026-06-12T10:47:55.531803+00:00,2026-06-12T10:47:56.861697+00:00,1.3298938274383545,90000,nan,nan
86,result_writing,CICIDS2017,cicids2017_friday_holdout_sample,1,hist_gradient_boosting,a1_constrained_score_search,2026-06-12T10:47:56.861962+00:00,2026-06-12T10:47:56.865546+00:00,0.0035834312438964,1,results/raw/tier_e_core4_hgb_mlp_timed_cicids2017/CICIDS2017_cicids2017_friday_holdout_sample_hist_gradient_boosting_a1_constrained_score_search_1.csv,nan
87,threat_evaluation,CICIDS2017,cicids2017_friday_holdout_sample,1,hist_gradient_boosting,a4_split_shift,2026-06-12T10:47:56.865592+00:00,2026-06-12T10:47:56.973597+00:00,0.1080055236816406,90000,nan,nan
88,result_writing,CICIDS2017,cicids2017_friday_holdout_sample,1,hist_gradient_boosting,a4_split_shift,2026-06-12T10:47:56.973765+00:00,2026-06-12T10:47:56.977183+00:00,0.0034177303314208,1,results/raw/tier_e_core4_hgb_mlp_timed_cicids2017/CICIDS2017_cicids2017_friday_holdout_sample_hist_gradient_boosting_a4_split_shift_1.csv,nan
89,split_construction,CICIDS2017,cicids2017_friday_holdout_sample,1,logistic_regression,nan,2026-06-12T10:47:56.977269+00:00,2026-06-12T10:47:57.106890+00:00,0.1296212673187255,240000,nan,nan
90,preprocessing,CICIDS2017,cicids2017_friday_holdout_sample,1,logistic_regression,nan,2026-06-12T10:47:57.107020+00:00,2026-06-12T10:47:59.533632+00:00,2.426612138748169,240000,nan,nan
91,model_training,CICIDS2017,cicids2017_friday_holdout_sample,1,logistic_regression,nan,2026-06-12T10:47:59.533781+00:00,2026-06-12T10:48:18.690771+00:00,19.15699028968811,240000,nan,nan
92,clean_profile,CICIDS2017,cicids2017_friday_holdout_sample,1,logistic_regression,nan,2026-06-12T10:48:18.690862+00:00,2026-06-12T10:48:18.743906+00:00,0.0530433654785156,240000,nan,nan
93,threat_evaluation,CICIDS2017,cicids2017_friday_holdout_sample,1,logistic_regression,a0_clean,2026-06-12T10:48:18.750038+00:00,2026-06-12T10:48:18.776029+00:00,0.0259904861450195,90000,nan,nan
94,result_writing,CICIDS2017,cicids2017_friday_holdout_sample,1,logistic_regression,a0_clean,2026-06-12T10:48:18.776208+00:00,2026-06-12T10:48:18.779686+00:00,0.0034780502319335,1,results/raw/tier_e_core4_hgb_mlp_timed_cicids2017/CICIDS2017_cicids2017_friday_holdout_sample_logistic_regression_a0_clean_1.csv,nan
95,threat_evaluation,CICIDS2017,cicids2017_friday_holdout_sample,1,logistic_regression,a1_constrained_feature,2026-06-12T10:48:18.779777+00:00,2026-06-12T10:48:18.994281+00:00,0.2145037651062011,90000,nan,nan
96,result_writing,CICIDS2017,cicids2017_friday_holdout_sample,1,logistic_regression,a1_constrained_feature,2026-06-12T10:48:18.994458+00:00,2026-06-12T10:48:18.997859+00:00,0.0034012794494628,1,results/raw/tier_e_core4_hgb_mlp_timed_cicids2017/CICIDS2017_cicids2017_friday_holdout_sample_logistic_regression_a1_constrained_feature_1.csv,nan
97,threat_evaluation,CICIDS2017,cicids2017_friday_holdout_sample,1,logistic_regression,a1_constrained_score_search,2026-06-12T10:48:18.997907+00:00,2026-06-12T10:48:19.854790+00:00,0.8568830490112305,90000,nan,nan
98,result_writing,CICIDS2017,cicids2017_friday_holdout_sample,1,logistic_regression,a1_constrained_score_search,2026-06-12T10:48:19.854975+00:00,2026-06-12T10:48:19.858366+00:00,0.0033907890319824,1,results/raw/tier_e_core4_hgb_mlp_timed_cicids2017/CICIDS2017_cicids2017_friday_holdout_sample_logistic_regression_a1_constrained_score_search_1.csv,nan
99,threat_evaluation,CICIDS2017,cicids2017_friday_holdout_sample,1,logistic_regression,a4_split_shift,2026-06-12T10:48:19.858412+00:00,2026-06-12T10:48:19.884043+00:00,0.0256309509277343,90000,nan,nan
100,result_writing,CICIDS2017,cicids2017_friday_holdout_sample,1,logistic_regression,a4_split_shift,2026-06-12T10:48:19.884211+00:00,2026-06-12T10:48:19.887711+00:00,0.0034997463226318,1,results/raw/tier_e_core4_hgb_mlp_timed_cicids2017/CICIDS2017_cicids2017_friday_holdout_sample_logistic_regression_a4_split_shift_1.csv,nan
101,split_construction,CICIDS2017,cicids2017_friday_holdout_sample,1,mlp_sklearn,nan,2026-06-12T10:48:19.888133+00:00,2026-06-12T10:48:20.017755+00:00,0.1296217441558838,240000,nan,nan
102,preprocessing,CICIDS2017,cicids2017_friday_holdout_sample,1,mlp_sklearn,nan,2026-06-12T10:48:20.017883+00:00,2026-06-12T10:48:22.467555+00:00,2.449671983718872,240000,nan,nan
103,model_training,CICIDS2017,cicids2017_friday_holdout_sample,1,mlp_sklearn,nan,2026-06-12T10:48:22.467726+00:00,2026-06-12T10:48:34.461607+00:00,11.99388074874878,240000,nan,nan
104,clean_profile,CICIDS2017,cicids2017_friday_holdout_sample,1,mlp_sklearn,nan,2026-06-12T10:48:34.461689+00:00,2026-06-12T10:48:34.598010+00:00,0.1363215446472168,240000,nan,nan
105,threat_evaluation,CICIDS2017,cicids2017_friday_holdout_sample,1,mlp_sklearn,a0_clean,2026-06-12T10:48:34.603236+00:00,2026-06-12T10:48:34.658144+00:00,0.0549080371856689,90000,nan,nan
106,result_writing,CICIDS2017,cicids2017_friday_holdout_sample,1,mlp_sklearn,a0_clean,2026-06-12T10:48:34.658315+00:00,2026-06-12T10:48:34.662033+00:00,0.0037178993225097,1,results/raw/tier_e_core4_hgb_mlp_timed_cicids2017/CICIDS2017_cicids2017_friday_holdout_sample_mlp_sklearn_a0_clean_1.csv,nan
107,threat_evaluation,CICIDS2017,cicids2017_friday_holdout_sample,1,mlp_sklearn,a1_constrained_feature,2026-06-12T10:48:34.662083+00:00,2026-06-12T10:48:34.905473+00:00,0.2433898448944091,90000,nan,nan
108,result_writing,CICIDS2017,cicids2017_friday_holdout_sample,1,mlp_sklearn,a1_constrained_feature,2026-06-12T10:48:34.905651+00:00,2026-06-12T10:48:34.909065+00:00,0.0034139156341552,1,results/raw/tier_e_core4_hgb_mlp_timed_cicids2017/CICIDS2017_cicids2017_friday_holdout_sample_mlp_sklearn_a1_constrained_feature_1.csv,nan
109,threat_evaluation,CICIDS2017,cicids2017_friday_holdout_sample,1,mlp_sklearn,a1_constrained_score_search,2026-06-12T10:48:34.909109+00:00,2026-06-12T10:48:35.852886+00:00,0.943777084350586,90000,nan,nan
110,result_writing,CICIDS2017,cicids2017_friday_holdout_sample,1,mlp_sklearn,a1_constrained_score_search,2026-06-12T10:48:35.853073+00:00,2026-06-12T10:48:35.856475+00:00,0.0034019947052001,1,results/raw/tier_e_core4_hgb_mlp_timed_cicids2017/CICIDS2017_cicids2017_friday_holdout_sample_mlp_sklearn_a1_constrained_score_search_1.csv,nan
111,threat_evaluation,CICIDS2017,cicids2017_friday_holdout_sample,1,mlp_sklearn,a4_split_shift,2026-06-12T10:48:35.856521+00:00,2026-06-12T10:48:35.910148+00:00,0.0536272525787353,90000,nan,nan
112,result_writing,CICIDS2017,cicids2017_friday_holdout_sample,1,mlp_sklearn,a4_split_shift,2026-06-12T10:48:35.910318+00:00,2026-06-12T10:48:35.913749+00:00,0.0034313201904296,1,results/raw/tier_e_core4_hgb_mlp_timed_cicids2017/CICIDS2017_cicids2017_friday_holdout_sample_mlp_sklearn_a4_split_shift_1.csv,nan
113,split_construction,CICIDS2017,cicids2017_friday_holdout_sample,1,random_forest,nan,2026-06-12T10:48:35.913841+00:00,2026-06-12T10:48:36.044005+00:00,0.1301636695861816,240000,nan,nan
114,preprocessing,CICIDS2017,cicids2017_friday_holdout_sample,1,random_forest,nan,2026-06-12T10:48:36.044134+00:00,2026-06-12T10:48:38.499167+00:00,2.455032587051392,240000,nan,nan
115,model_training,CICIDS2017,cicids2017_friday_holdout_sample,1,random_forest,nan,2026-06-12T10:48:38.499358+00:00,2026-06-12T10:48:55.978755+00:00,17.479396104812622,240000,nan,nan
116,clean_profile,CICIDS2017,cicids2017_friday_holdout_sample,1,random_forest,nan,2026-06-12T10:48:55.978843+00:00,2026-06-12T10:48:56.875527+00:00,0.8966844081878662,240000,nan,nan
117,threat_evaluation,CICIDS2017,cicids2017_friday_holdout_sample,1,random_forest,a0_clean,2026-06-12T10:48:56.881320+00:00,2026-06-12T10:48:57.179283+00:00,0.2979624271392822,90000,nan,nan
118,result_writing,CICIDS2017,cicids2017_friday_holdout_sample,1,random_forest,a0_clean,2026-06-12T10:48:57.179452+00:00,2026-06-12T10:48:57.182940+00:00,0.0034875869750976,1,results/raw/tier_e_core4_hgb_mlp_timed_cicids2017/CICIDS2017_cicids2017_friday_holdout_sample_random_forest_a0_clean_1.csv,nan
119,threat_evaluation,CICIDS2017,cicids2017_friday_holdout_sample,1,random_forest,a1_constrained_feature,2026-06-12T10:48:57.182988+00:00,2026-06-12T10:48:57.698758+00:00,0.5157699584960938,90000,nan,nan
120,result_writing,CICIDS2017,cicids2017_friday_holdout_sample,1,random_forest,a1_constrained_feature,2026-06-12T10:48:57.698937+00:00,2026-06-12T10:48:57.702354+00:00,0.0034167766571044,1,results/raw/tier_e_core4_hgb_mlp_timed_cicids2017/CICIDS2017_cicids2017_friday_holdout_sample_random_forest_a1_constrained_feature_1.csv,nan
121,threat_evaluation,CICIDS2017,cicids2017_friday_holdout_sample,1,random_forest,a1_constrained_score_search,2026-06-12T10:48:57.702404+00:00,2026-06-12T10:48:59.129935+00:00,1.4275305271148682,90000,nan,nan
122,result_writing,CICIDS2017,cicids2017_friday_holdout_sample,1,random_forest,a1_constrained_score_search,2026-06-12T10:48:59.130130+00:00,2026-06-12T10:48:59.133610+00:00,0.0034806728363037,1,results/raw/tier_e_core4_hgb_mlp_timed_cicids2017/CICIDS2017_cicids2017_friday_holdout_sample_random_forest_a1_constrained_score_search_1.csv,nan
123,threat_evaluation,CICIDS2017,cicids2017_friday_holdout_sample,1,random_forest,a4_split_shift,2026-06-12T10:48:59.133660+00:00,2026-06-12T10:48:59.431006+00:00,0.2973461151123047,90000,nan,nan
124,result_writing,CICIDS2017,cicids2017_friday_holdout_sample,1,random_forest,a4_split_shift,2026-06-12T10:48:59.431179+00:00,2026-06-12T10:48:59.434654+00:00,0.003474473953247,1,results/raw/tier_e_core4_hgb_mlp_timed_cicids2017/CICIDS2017_cicids2017_friday_holdout_sample_random_forest_a4_split_shift_1.csv,nan
125,dataset_load,CICIDS2017,cicids2017_friday_holdout_sample,2,nan,nan,2026-06-12T10:48:59.434703+00:00,2026-06-12T10:49:05.717972+00:00,6.28326940536499,240000,nan,nan
126,preprocess_manifest,CICIDS2017,cicids2017_friday_holdout_sample,2,nan,nan,2026-06-12T10:49:05.718107+00:00,2026-06-12T10:49:07.996015+00:00,2.277907609939575,240000,nan,nan
127,split_construction,CICIDS2017,cicids2017_friday_holdout_sample,2,extra_trees,nan,2026-06-12T10:49:07.996192+00:00,2026-06-12T10:49:08.126548+00:00,0.1303560733795166,240000,nan,nan
128,preprocessing,CICIDS2017,cicids2017_friday_holdout_sample,2,extra_trees,nan,2026-06-12T10:49:08.126673+00:00,2026-06-12T10:49:10.505874+00:00,2.379201650619507,240000,nan,nan
129,model_training,CICIDS2017,cicids2017_friday_holdout_sample,2,extra_trees,nan,2026-06-12T10:49:10.506058+00:00,2026-06-12T10:49:20.344573+00:00,9.838515281677246,240000,nan,nan
130,clean_profile,CICIDS2017,cicids2017_friday_holdout_sample,2,extra_trees,nan,2026-06-12T10:49:20.344667+00:00,2026-06-12T10:49:21.661012+00:00,1.316345453262329,240000,nan,nan
131,threat_evaluation,CICIDS2017,cicids2017_friday_holdout_sample,2,extra_trees,a0_clean,2026-06-12T10:49:21.666874+00:00,2026-06-12T10:49:22.107465+00:00,0.4405908584594726,90000,nan,nan
132,result_writing,CICIDS2017,cicids2017_friday_holdout_sample,2,extra_trees,a0_clean,2026-06-12T10:49:22.107638+00:00,2026-06-12T10:49:22.111142+00:00,0.0035045146942138,1,results/raw/tier_e_core4_hgb_mlp_timed_cicids2017/CICIDS2017_cicids2017_friday_holdout_sample_extra_trees_a0_clean_2.csv,nan
133,threat_evaluation,CICIDS2017,cicids2017_friday_holdout_sample,2,extra_trees,a1_constrained_feature,2026-06-12T10:49:22.111192+00:00,2026-06-12T10:49:22.736928+00:00,0.6257364749908447,90000,nan,nan
134,result_writing,CICIDS2017,cicids2017_friday_holdout_sample,2,extra_trees,a1_constrained_feature,2026-06-12T10:49:22.737107+00:00,2026-06-12T10:49:22.740520+00:00,0.0034122467041015,1,results/raw/tier_e_core4_hgb_mlp_timed_cicids2017/CICIDS2017_cicids2017_friday_holdout_sample_extra_trees_a1_constrained_feature_2.csv,nan
135,threat_evaluation,CICIDS2017,cicids2017_friday_holdout_sample,2,extra_trees,a1_constrained_score_search,2026-06-12T10:49:22.740569+00:00,2026-06-12T10:49:24.409290+00:00,1.6687207221984863,90000,nan,nan
136,result_writing,CICIDS2017,cicids2017_friday_holdout_sample,2,extra_trees,a1_constrained_score_search,2026-06-12T10:49:24.409471+00:00,2026-06-12T10:49:24.412930+00:00,0.0034589767456054,1,results/raw/tier_e_core4_hgb_mlp_timed_cicids2017/CICIDS2017_cicids2017_friday_holdout_sample_extra_trees_a1_constrained_score_search_2.csv,nan
137,threat_evaluation,CICIDS2017,cicids2017_friday_holdout_sample,2,extra_trees,a4_split_shift,2026-06-12T10:49:24.412979+00:00,2026-06-12T10:49:24.855951+00:00,0.4429714679718017,90000,nan,nan
138,result_writing,CICIDS2017,cicids2017_friday_holdout_sample,2,extra_trees,a4_split_shift,2026-06-12T10:49:24.856118+00:00,2026-06-12T10:49:24.859678+00:00,0.0035600662231445,1,results/raw/tier_e_core4_hgb_mlp_timed_cicids2017/CICIDS2017_cicids2017_friday_holdout_sample_extra_trees_a4_split_shift_2.csv,nan
139,split_construction,CICIDS2017,cicids2017_friday_holdout_sample,2,hist_gradient_boosting,nan,2026-06-12T10:49:24.859801+00:00,2026-06-12T10:49:24.990196+00:00,0.130394697189331,240000,nan,nan
140,preprocessing,CICIDS2017,cicids2017_friday_holdout_sample,2,hist_gradient_boosting,nan,2026-06-12T10:49:24.990314+00:00,2026-06-12T10:49:27.414569+00:00,2.4242544174194336,240000,nan,nan
141,model_training,CICIDS2017,cicids2017_friday_holdout_sample,2,hist_gradient_boosting,nan,2026-06-12T10:49:27.414742+00:00,2026-06-12T10:49:30.680748+00:00,3.2660062313079834,240000,nan,nan
142,clean_profile,CICIDS2017,cicids2017_friday_holdout_sample,2,hist_gradient_boosting,nan,2026-06-12T10:49:30.680841+00:00,2026-06-12T10:49:30.951669+00:00,0.2708282470703125,240000,nan,nan
143,threat_evaluation,CICIDS2017,cicids2017_friday_holdout_sample,2,hist_gradient_boosting,a0_clean,2026-06-12T10:49:30.958273+00:00,2026-06-12T10:49:31.056261+00:00,0.0979876518249511,90000,nan,nan
144,result_writing,CICIDS2017,cicids2017_friday_holdout_sample,2,hist_gradient_boosting,a0_clean,2026-06-12T10:49:31.056428+00:00,2026-06-12T10:49:31.059858+00:00,0.0034303665161132,1,results/raw/tier_e_core4_hgb_mlp_timed_cicids2017/CICIDS2017_cicids2017_friday_holdout_sample_hist_gradient_boosting_a0_clean_2.csv,nan
145,threat_evaluation,CICIDS2017,cicids2017_friday_holdout_sample,2,hist_gradient_boosting,a1_constrained_feature,2026-06-12T10:49:31.059907+00:00,2026-06-12T10:49:31.398585+00:00,0.338677167892456,90000,nan,nan
146,result_writing,CICIDS2017,cicids2017_friday_holdout_sample,2,hist_gradient_boosting,a1_constrained_feature,2026-06-12T10:49:31.398764+00:00,2026-06-12T10:49:31.402202+00:00,0.0034384727478027,1,results/raw/tier_e_core4_hgb_mlp_timed_cicids2017/CICIDS2017_cicids2017_friday_holdout_sample_hist_gradient_boosting_a1_constrained_feature_2.csv,nan
147,threat_evaluation,CICIDS2017,cicids2017_friday_holdout_sample,2,hist_gradient_boosting,a1_constrained_score_search,2026-06-12T10:49:31.402249+00:00,2026-06-12T10:49:32.727482+00:00,1.3252334594726562,90000,nan,nan
148,result_writing,CICIDS2017,cicids2017_friday_holdout_sample,2,hist_gradient_boosting,a1_constrained_score_search,2026-06-12T10:49:32.727664+00:00,2026-06-12T10:49:32.731155+00:00,0.0034902095794677,1,results/raw/tier_e_core4_hgb_mlp_timed_cicids2017/CICIDS2017_cicids2017_friday_holdout_sample_hist_gradient_boosting_a1_constrained_score_search_2.csv,nan
149,threat_evaluation,CICIDS2017,cicids2017_friday_holdout_sample,2,hist_gradient_boosting,a4_split_shift,2026-06-12T10:49:32.731199+00:00,2026-06-12T10:49:32.835598+00:00,0.1043994426727294,90000,nan,nan
150,result_writing,CICIDS2017,cicids2017_friday_holdout_sample,2,hist_gradient_boosting,a4_split_shift,2026-06-12T10:49:32.835788+00:00,2026-06-12T10:49:32.839162+00:00,0.0033736228942871,1,results/raw/tier_e_core4_hgb_mlp_timed_cicids2017/CICIDS2017_cicids2017_friday_holdout_sample_hist_gradient_boosting_a4_split_shift_2.csv,nan
151,split_construction,CICIDS2017,cicids2017_friday_holdout_sample,2,logistic_regression,nan,2026-06-12T10:49:32.839245+00:00,2026-06-12T10:49:32.968544+00:00,0.1292994022369384,240000,nan,nan
152,preprocessing,CICIDS2017,cicids2017_friday_holdout_sample,2,logistic_regression,nan,2026-06-12T10:49:32.968667+00:00,2026-06-12T10:49:35.369060+00:00,2.4003922939300537,240000,nan,nan
153,model_training,CICIDS2017,cicids2017_friday_holdout_sample,2,logistic_regression,nan,2026-06-12T10:49:35.369200+00:00,2026-06-12T10:49:55.094238+00:00,19.725037574768063,240000,nan,nan
154,clean_profile,CICIDS2017,cicids2017_friday_holdout_sample,2,logistic_regression,nan,2026-06-12T10:49:55.094326+00:00,2026-06-12T10:49:55.160368+00:00,0.0660429000854492,240000,nan,nan
155,threat_evaluation,CICIDS2017,cicids2017_friday_holdout_sample,2,logistic_regression,a0_clean,2026-06-12T10:49:55.166531+00:00,2026-06-12T10:49:55.192450+00:00,0.0259191989898681,90000,nan,nan
156,result_writing,CICIDS2017,cicids2017_friday_holdout_sample,2,logistic_regression,a0_clean,2026-06-12T10:49:55.192624+00:00,2026-06-12T10:49:55.196258+00:00,0.0036334991455078,1,results/raw/tier_e_core4_hgb_mlp_timed_cicids2017/CICIDS2017_cicids2017_friday_holdout_sample_logistic_regression_a0_clean_2.csv,nan
157,threat_evaluation,CICIDS2017,cicids2017_friday_holdout_sample,2,logistic_regression,a1_constrained_feature,2026-06-12T10:49:55.196308+00:00,2026-06-12T10:49:55.413573+00:00,0.2172644138336181,90000,nan,nan
158,result_writing,CICIDS2017,cicids2017_friday_holdout_sample,2,logistic_regression,a1_constrained_feature,2026-06-12T10:49:55.413751+00:00,2026-06-12T10:49:55.417174+00:00,0.0034229755401611,1,results/raw/tier_e_core4_hgb_mlp_timed_cicids2017/CICIDS2017_cicids2017_friday_holdout_sample_logistic_regression_a1_constrained_feature_2.csv,nan
159,threat_evaluation,CICIDS2017,cicids2017_friday_holdout_sample,2,logistic_regression,a1_constrained_score_search,2026-06-12T10:49:55.417221+00:00,2026-06-12T10:49:56.267440+00:00,0.8502197265625,90000,nan,nan
160,result_writing,CICIDS2017,cicids2017_friday_holdout_sample,2,logistic_regression,a1_constrained_score_search,2026-06-12T10:49:56.267623+00:00,2026-06-12T10:49:56.271044+00:00,0.0034210681915283,1,results/raw/tier_e_core4_hgb_mlp_timed_cicids2017/CICIDS2017_cicids2017_friday_holdout_sample_logistic_regression_a1_constrained_score_search_2.csv,nan
161,threat_evaluation,CICIDS2017,cicids2017_friday_holdout_sample,2,logistic_regression,a4_split_shift,2026-06-12T10:49:56.271089+00:00,2026-06-12T10:49:56.296438+00:00,0.0253496170043945,90000,nan,nan
162,result_writing,CICIDS2017,cicids2017_friday_holdout_sample,2,logistic_regression,a4_split_shift,2026-06-12T10:49:56.296609+00:00,2026-06-12T10:49:56.300010+00:00,0.0034010410308837,1,results/raw/tier_e_core4_hgb_mlp_timed_cicids2017/CICIDS2017_cicids2017_friday_holdout_sample_logistic_regression_a4_split_shift_2.csv,nan
163,split_construction,CICIDS2017,cicids2017_friday_holdout_sample,2,mlp_sklearn,nan,2026-06-12T10:49:56.300101+00:00,2026-06-12T10:49:56.430014+00:00,0.1299130916595459,240000,nan,nan
164,preprocessing,CICIDS2017,cicids2017_friday_holdout_sample,2,mlp_sklearn,nan,2026-06-12T10:49:56.430142+00:00,2026-06-12T10:49:58.819468+00:00,2.389326333999634,240000,nan,nan
165,model_training,CICIDS2017,cicids2017_friday_holdout_sample,2,mlp_sklearn,nan,2026-06-12T10:49:58.819639+00:00,2026-06-12T10:50:07.575462+00:00,8.755822896957397,240000,nan,nan
166,clean_profile,CICIDS2017,cicids2017_friday_holdout_sample,2,mlp_sklearn,nan,2026-06-12T10:50:07.575539+00:00,2026-06-12T10:50:07.711069+00:00,0.1355304718017578,240000,nan,nan
167,threat_evaluation,CICIDS2017,cicids2017_friday_holdout_sample,2,mlp_sklearn,a0_clean,2026-06-12T10:50:07.716787+00:00,2026-06-12T10:50:07.771875+00:00,0.0550880432128906,90000,nan,nan
168,result_writing,CICIDS2017,cicids2017_friday_holdout_sample,2,mlp_sklearn,a0_clean,2026-06-12T10:50:07.772058+00:00,2026-06-12T10:50:07.775575+00:00,0.0035161972045898,1,results/raw/tier_e_core4_hgb_mlp_timed_cicids2017/CICIDS2017_cicids2017_friday_holdout_sample_mlp_sklearn_a0_clean_2.csv,nan
169,threat_evaluation,CICIDS2017,cicids2017_friday_holdout_sample,2,mlp_sklearn,a1_constrained_feature,2026-06-12T10:50:07.775624+00:00,2026-06-12T10:50:08.018216+00:00,0.2425925731658935,90000,nan,nan
170,result_writing,CICIDS2017,cicids2017_friday_holdout_sample,2,mlp_sklearn,a1_constrained_feature,2026-06-12T10:50:08.018400+00:00,2026-06-12T10:50:08.021832+00:00,0.0034313201904296,1,results/raw/tier_e_core4_hgb_mlp_timed_cicids2017/CICIDS2017_cicids2017_friday_holdout_sample_mlp_sklearn_a1_constrained_feature_2.csv,nan
171,threat_evaluation,CICIDS2017,cicids2017_friday_holdout_sample,2,mlp_sklearn,a1_constrained_score_search,2026-06-12T10:50:08.021876+00:00,2026-06-12T10:50:08.960902+00:00,0.9390261173248292,90000,nan,nan
172,result_writing,CICIDS2017,cicids2017_friday_holdout_sample,2,mlp_sklearn,a1_constrained_score_search,2026-06-12T10:50:08.961090+00:00,2026-06-12T10:50:08.964470+00:00,0.0033798217773437,1,results/raw/tier_e_core4_hgb_mlp_timed_cicids2017/CICIDS2017_cicids2017_friday_holdout_sample_mlp_sklearn_a1_constrained_score_search_2.csv,nan
173,threat_evaluation,CICIDS2017,cicids2017_friday_holdout_sample,2,mlp_sklearn,a4_split_shift,2026-06-12T10:50:08.964517+00:00,2026-06-12T10:50:09.017877+00:00,0.0533597469329834,90000,nan,nan
174,result_writing,CICIDS2017,cicids2017_friday_holdout_sample,2,mlp_sklearn,a4_split_shift,2026-06-12T10:50:09.018043+00:00,2026-06-12T10:50:09.021454+00:00,0.0034117698669433,1,results/raw/tier_e_core4_hgb_mlp_timed_cicids2017/CICIDS2017_cicids2017_friday_holdout_sample_mlp_sklearn_a4_split_shift_2.csv,nan
175,split_construction,CICIDS2017,cicids2017_friday_holdout_sample,2,random_forest,nan,2026-06-12T10:50:09.021540+00:00,2026-06-12T10:50:09.151985+00:00,0.1304442882537841,240000,nan,nan
176,preprocessing,CICIDS2017,cicids2017_friday_holdout_sample,2,random_forest,nan,2026-06-12T10:50:09.152113+00:00,2026-06-12T10:50:11.539940+00:00,2.387826919555664,240000,nan,nan
177,model_training,CICIDS2017,cicids2017_friday_holdout_sample,2,random_forest,nan,2026-06-12T10:50:11.540135+00:00,2026-06-12T10:50:28.760670+00:00,17.220535039901733,240000,nan,nan
178,clean_profile,CICIDS2017,cicids2017_friday_holdout_sample,2,random_forest,nan,2026-06-12T10:50:28.760759+00:00,2026-06-12T10:50:29.620215+00:00,0.8594553470611572,240000,nan,nan
179,threat_evaluation,CICIDS2017,cicids2017_friday_holdout_sample,2,random_forest,a0_clean,2026-06-12T10:50:29.625914+00:00,2026-06-12T10:50:29.918708+00:00,0.2927939891815185,90000,nan,nan
180,result_writing,CICIDS2017,cicids2017_friday_holdout_sample,2,random_forest,a0_clean,2026-06-12T10:50:29.918886+00:00,2026-06-12T10:50:29.922412+00:00,0.0035262107849121,1,results/raw/tier_e_core4_hgb_mlp_timed_cicids2017/CICIDS2017_cicids2017_friday_holdout_sample_random_forest_a0_clean_2.csv,nan
181,threat_evaluation,CICIDS2017,cicids2017_friday_holdout_sample,2,random_forest,a1_constrained_feature,2026-06-12T10:50:29.922463+00:00,2026-06-12T10:50:30.416290+00:00,0.4938268661499023,90000,nan,nan
182,result_writing,CICIDS2017,cicids2017_friday_holdout_sample,2,random_forest,a1_constrained_feature,2026-06-12T10:50:30.416473+00:00,2026-06-12T10:50:30.419925+00:00,0.0034515857696533,1,results/raw/tier_e_core4_hgb_mlp_timed_cicids2017/CICIDS2017_cicids2017_friday_holdout_sample_random_forest_a1_constrained_feature_2.csv,nan
183,threat_evaluation,CICIDS2017,cicids2017_friday_holdout_sample,2,random_forest,a1_constrained_score_search,2026-06-12T10:50:30.419976+00:00,2026-06-12T10:50:31.841512+00:00,1.421536207199097,90000,nan,nan
184,result_writing,CICIDS2017,cicids2017_friday_holdout_sample,2,random_forest,a1_constrained_score_search,2026-06-12T10:50:31.841689+00:00,2026-06-12T10:50:31.845148+00:00,0.0034587383270263,1,results/raw/tier_e_core4_hgb_mlp_timed_cicids2017/CICIDS2017_cicids2017_friday_holdout_sample_random_forest_a1_constrained_score_search_2.csv,nan
185,threat_evaluation,CICIDS2017,cicids2017_friday_holdout_sample,2,random_forest,a4_split_shift,2026-06-12T10:50:31.845196+00:00,2026-06-12T10:50:32.136714+00:00,0.2915172576904297,90000,nan,nan
186,result_writing,CICIDS2017,cicids2017_friday_holdout_sample,2,random_forest,a4_split_shift,2026-06-12T10:50:32.136885+00:00,2026-06-12T10:50:32.140320+00:00,0.0034356117248535,1,results/raw/tier_e_core4_hgb_mlp_timed_cicids2017/CICIDS2017_cicids2017_friday_holdout_sample_random_forest_a4_split_shift_2.csv,nan
187,dataset_load,CICIDS2017,cicids2017_friday_holdout_sample,3,nan,nan,2026-06-12T10:50:32.140371+00:00,2026-06-12T10:50:38.134248+00:00,5.993877172470093,240000,nan,nan
188,preprocess_manifest,CICIDS2017,cicids2017_friday_holdout_sample,3,nan,nan,2026-06-12T10:50:38.134367+00:00,2026-06-12T10:50:40.335334+00:00,2.2009665966033936,240000,nan,nan
189,split_construction,CICIDS2017,cicids2017_friday_holdout_sample,3,extra_trees,nan,2026-06-12T10:50:40.335511+00:00,2026-06-12T10:50:40.464298+00:00,0.1287863254547119,240000,nan,nan
190,preprocessing,CICIDS2017,cicids2017_friday_holdout_sample,3,extra_trees,nan,2026-06-12T10:50:40.464417+00:00,2026-06-12T10:50:42.850737+00:00,2.386319398880005,240000,nan,nan
191,model_training,CICIDS2017,cicids2017_friday_holdout_sample,3,extra_trees,nan,2026-06-12T10:50:42.850922+00:00,2026-06-12T10:50:52.915212+00:00,10.064289569854736,240000,nan,nan
192,clean_profile,CICIDS2017,cicids2017_friday_holdout_sample,3,extra_trees,nan,2026-06-12T10:50:52.915298+00:00,2026-06-12T10:50:54.189704+00:00,1.2744061946868896,240000,nan,nan
193,threat_evaluation,CICIDS2017,cicids2017_friday_holdout_sample,3,extra_trees,a0_clean,2026-06-12T10:50:54.195652+00:00,2026-06-12T10:50:54.625851+00:00,0.430199384689331,90000,nan,nan
194,result_writing,CICIDS2017,cicids2017_friday_holdout_sample,3,extra_trees,a0_clean,2026-06-12T10:50:54.626025+00:00,2026-06-12T10:50:54.629530+00:00,0.0035057067871093,1,results/raw/tier_e_core4_hgb_mlp_timed_cicids2017/CICIDS2017_cicids2017_friday_holdout_sample_extra_trees_a0_clean_3.csv,nan
195,threat_evaluation,CICIDS2017,cicids2017_friday_holdout_sample,3,extra_trees,a1_constrained_feature,2026-06-12T10:50:54.629584+00:00,2026-06-12T10:50:55.266095+00:00,0.6365115642547607,90000,nan,nan
196,result_writing,CICIDS2017,cicids2017_friday_holdout_sample,3,extra_trees,a1_constrained_feature,2026-06-12T10:50:55.266276+00:00,2026-06-12T10:50:55.269706+00:00,0.0034294128417968,1,results/raw/tier_e_core4_hgb_mlp_timed_cicids2017/CICIDS2017_cicids2017_friday_holdout_sample_extra_trees_a1_constrained_feature_3.csv,nan
197,threat_evaluation,CICIDS2017,cicids2017_friday_holdout_sample,3,extra_trees,a1_constrained_score_search,2026-06-12T10:50:55.269753+00:00,2026-06-12T10:50:56.917665+00:00,1.647911548614502,90000,nan,nan
198,result_writing,CICIDS2017,cicids2017_friday_holdout_sample,3,extra_trees,a1_constrained_score_search,2026-06-12T10:50:56.917848+00:00,2026-06-12T10:50:56.921283+00:00,0.0034353733062744,1,results/raw/tier_e_core4_hgb_mlp_timed_cicids2017/CICIDS2017_cicids2017_friday_holdout_sample_extra_trees_a1_constrained_score_search_3.csv,nan
199,threat_evaluation,CICIDS2017,cicids2017_friday_holdout_sample,3,extra_trees,a4_split_shift,2026-06-12T10:50:56.921336+00:00,2026-06-12T10:50:57.352578+00:00,0.431241512298584,90000,nan,nan
200,result_writing,CICIDS2017,cicids2017_friday_holdout_sample,3,extra_trees,a4_split_shift,2026-06-12T10:50:57.352751+00:00,2026-06-12T10:50:57.356218+00:00,0.0034666061401367,1,results/raw/tier_e_core4_hgb_mlp_timed_cicids2017/CICIDS2017_cicids2017_friday_holdout_sample_extra_trees_a4_split_shift_3.csv,nan
201,split_construction,CICIDS2017,cicids2017_friday_holdout_sample,3,hist_gradient_boosting,nan,2026-06-12T10:50:57.356302+00:00,2026-06-12T10:50:57.486477+00:00,0.1301748752593994,240000,nan,nan
202,preprocessing,CICIDS2017,cicids2017_friday_holdout_sample,3,hist_gradient_boosting,nan,2026-06-12T10:50:57.486597+00:00,2026-06-12T10:50:59.880107+00:00,2.393510103225708,240000,nan,nan
203,model_training,CICIDS2017,cicids2017_friday_holdout_sample,3,hist_gradient_boosting,nan,2026-06-12T10:50:59.880278+00:00,2026-06-12T10:51:03.062670+00:00,3.18239164352417,240000,nan,nan
204,clean_profile,CICIDS2017,cicids2017_friday_holdout_sample,3,hist_gradient_boosting,nan,2026-06-12T10:51:03.062762+00:00,2026-06-12T10:51:03.344844+00:00,0.2820816040039062,240000,nan,nan
205,threat_evaluation,CICIDS2017,cicids2017_friday_holdout_sample,3,hist_gradient_boosting,a0_clean,2026-06-12T10:51:03.350558+00:00,2026-06-12T10:51:03.450859+00:00,0.1003003120422363,90000,nan,nan
206,result_writing,CICIDS2017,cicids2017_friday_holdout_sample,3,hist_gradient_boosting,a0_clean,2026-06-12T10:51:03.451034+00:00,2026-06-12T10:51:03.454545+00:00,0.003511905670166,1,results/raw/tier_e_core4_hgb_mlp_timed_cicids2017/CICIDS2017_cicids2017_friday_holdout_sample_hist_gradient_boosting_a0_clean_3.csv,nan
207,threat_evaluation,CICIDS2017,cicids2017_friday_holdout_sample,3,hist_gradient_boosting,a1_constrained_feature,2026-06-12T10:51:03.454593+00:00,2026-06-12T10:51:03.770275+00:00,0.3156824111938476,90000,nan,nan
208,result_writing,CICIDS2017,cicids2017_friday_holdout_sample,3,hist_gradient_boosting,a1_constrained_feature,2026-06-12T10:51:03.770447+00:00,2026-06-12T10:51:03.773902+00:00,0.0034551620483398,1,results/raw/tier_e_core4_hgb_mlp_timed_cicids2017/CICIDS2017_cicids2017_friday_holdout_sample_hist_gradient_boosting_a1_constrained_feature_3.csv,nan
209,threat_evaluation,CICIDS2017,cicids2017_friday_holdout_sample,3,hist_gradient_boosting,a1_constrained_score_search,2026-06-12T10:51:03.773946+00:00,2026-06-12T10:51:05.078290+00:00,1.3043432235717771,90000,nan,nan
210,result_writing,CICIDS2017,cicids2017_friday_holdout_sample,3,hist_gradient_boosting,a1_constrained_score_search,2026-06-12T10:51:05.078471+00:00,2026-06-12T10:51:05.081929+00:00,0.0034575462341308,1,results/raw/tier_e_core4_hgb_mlp_timed_cicids2017/CICIDS2017_cicids2017_friday_holdout_sample_hist_gradient_boosting_a1_constrained_score_search_3.csv,nan
211,threat_evaluation,CICIDS2017,cicids2017_friday_holdout_sample,3,hist_gradient_boosting,a4_split_shift,2026-06-12T10:51:05.081973+00:00,2026-06-12T10:51:05.202891+00:00,0.1209180355072021,90000,nan,nan
212,result_writing,CICIDS2017,cicids2017_friday_holdout_sample,3,hist_gradient_boosting,a4_split_shift,2026-06-12T10:51:05.203057+00:00,2026-06-12T10:51:05.206452+00:00,0.0033955574035644,1,results/raw/tier_e_core4_hgb_mlp_timed_cicids2017/CICIDS2017_cicids2017_friday_holdout_sample_hist_gradient_boosting_a4_split_shift_3.csv,nan
213,split_construction,CICIDS2017,cicids2017_friday_holdout_sample,3,logistic_regression,nan,2026-06-12T10:51:05.206543+00:00,2026-06-12T10:51:05.336364+00:00,0.1298203468322754,240000,nan,nan
214,preprocessing,CICIDS2017,cicids2017_friday_holdout_sample,3,logistic_regression,nan,2026-06-12T10:51:05.336492+00:00,2026-06-12T10:51:07.729099+00:00,2.3926072120666504,240000,nan,nan
215,model_training,CICIDS2017,cicids2017_friday_holdout_sample,3,logistic_regression,nan,2026-06-12T10:51:07.729247+00:00,2026-06-12T10:51:24.031219+00:00,16.301971673965454,240000,nan,nan
216,clean_profile,CICIDS2017,cicids2017_friday_holdout_sample,3,logistic_regression,nan,2026-06-12T10:51:24.031299+00:00,2026-06-12T10:51:24.081855+00:00,0.050555944442749,240000,nan,nan
217,threat_evaluation,CICIDS2017,cicids2017_friday_holdout_sample,3,logistic_regression,a0_clean,2026-06-12T10:51:24.087987+00:00,2026-06-12T10:51:24.113461+00:00,0.0254733562469482,90000,nan,nan
218,result_writing,CICIDS2017,cicids2017_friday_holdout_sample,3,logistic_regression,a0_clean,2026-06-12T10:51:24.113632+00:00,2026-06-12T10:51:24.117187+00:00,0.0035545825958251,1,results/raw/tier_e_core4_hgb_mlp_timed_cicids2017/CICIDS2017_cicids2017_friday_holdout_sample_logistic_regression_a0_clean_3.csv,nan
219,threat_evaluation,CICIDS2017,cicids2017_friday_holdout_sample,3,logistic_regression,a1_constrained_feature,2026-06-12T10:51:24.117241+00:00,2026-06-12T10:51:24.331195+00:00,0.2139537334442138,90000,nan,nan
220,result_writing,CICIDS2017,cicids2017_friday_holdout_sample,3,logistic_regression,a1_constrained_feature,2026-06-12T10:51:24.331372+00:00,2026-06-12T10:51:24.334788+00:00,0.0034155845642089,1,results/raw/tier_e_core4_hgb_mlp_timed_cicids2017/CICIDS2017_cicids2017_friday_holdout_sample_logistic_regression_a1_constrained_feature_3.csv,nan
221,threat_evaluation,CICIDS2017,cicids2017_friday_holdout_sample,3,logistic_regression,a1_constrained_score_search,2026-06-12T10:51:24.334835+00:00,2026-06-12T10:51:25.183441+00:00,0.8486058712005615,90000,nan,nan
222,result_writing,CICIDS2017,cicids2017_friday_holdout_sample,3,logistic_regression,a1_constrained_score_search,2026-06-12T10:51:25.183615+00:00,2026-06-12T10:51:25.187041+00:00,0.0034260749816894,1,results/raw/tier_e_core4_hgb_mlp_timed_cicids2017/CICIDS2017_cicids2017_friday_holdout_sample_logistic_regression_a1_constrained_score_search_3.csv,nan
223,threat_evaluation,CICIDS2017,cicids2017_friday_holdout_sample,3,logistic_regression,a4_split_shift,2026-06-12T10:51:25.187086+00:00,2026-06-12T10:51:25.212584+00:00,0.0254971981048584,90000,nan,nan
224,result_writing,CICIDS2017,cicids2017_friday_holdout_sample,3,logistic_regression,a4_split_shift,2026-06-12T10:51:25.212751+00:00,2026-06-12T10:51:25.216148+00:00,0.0033967494964599,1,results/raw/tier_e_core4_hgb_mlp_timed_cicids2017/CICIDS2017_cicids2017_friday_holdout_sample_logistic_regression_a4_split_shift_3.csv,nan
225,split_construction,CICIDS2017,cicids2017_friday_holdout_sample,3,mlp_sklearn,nan,2026-06-12T10:51:25.216234+00:00,2026-06-12T10:51:25.345897+00:00,0.1296634674072265,240000,nan,nan
226,preprocessing,CICIDS2017,cicids2017_friday_holdout_sample,3,mlp_sklearn,nan,2026-06-12T10:51:25.346025+00:00,2026-06-12T10:51:27.816322+00:00,2.4702963829040527,240000,nan,nan
227,model_training,CICIDS2017,cicids2017_friday_holdout_sample,3,mlp_sklearn,nan,2026-06-12T10:51:27.816493+00:00,2026-06-12T10:51:42.155311+00:00,14.338817834854126,240000,nan,nan
228,clean_profile,CICIDS2017,cicids2017_friday_holdout_sample,3,mlp_sklearn,nan,2026-06-12T10:51:42.155389+00:00,2026-06-12T10:51:42.289803+00:00,0.1344137191772461,240000,nan,nan
229,threat_evaluation,CICIDS2017,cicids2017_friday_holdout_sample,3,mlp_sklearn,a0_clean,2026-06-12T10:51:42.295577+00:00,2026-06-12T10:51:42.350068+00:00,0.0544908046722412,90000,nan,nan
230,result_writing,CICIDS2017,cicids2017_friday_holdout_sample,3,mlp_sklearn,a0_clean,2026-06-12T10:51:42.350237+00:00,2026-06-12T10:51:42.353699+00:00,0.003462791442871,1,results/raw/tier_e_core4_hgb_mlp_timed_cicids2017/CICIDS2017_cicids2017_friday_holdout_sample_mlp_sklearn_a0_clean_3.csv,nan
231,threat_evaluation,CICIDS2017,cicids2017_friday_holdout_sample,3,mlp_sklearn,a1_constrained_feature,2026-06-12T10:51:42.353749+00:00,2026-06-12T10:51:42.595046+00:00,0.2412972450256347,90000,nan,nan
232,result_writing,CICIDS2017,cicids2017_friday_holdout_sample,3,mlp_sklearn,a1_constrained_feature,2026-06-12T10:51:42.595228+00:00,2026-06-12T10:51:42.598634+00:00,0.0034058094024658,1,results/raw/tier_e_core4_hgb_mlp_timed_cicids2017/CICIDS2017_cicids2017_friday_holdout_sample_mlp_sklearn_a1_constrained_feature_3.csv,nan
233,threat_evaluation,CICIDS2017,cicids2017_friday_holdout_sample,3,mlp_sklearn,a1_constrained_score_search,2026-06-12T10:51:42.598677+00:00,2026-06-12T10:51:43.537671+00:00,0.9389939308166504,90000,nan,nan
234,result_writing,CICIDS2017,cicids2017_friday_holdout_sample,3,mlp_sklearn,a1_constrained_score_search,2026-06-12T10:51:43.537848+00:00,2026-06-12T10:51:43.541260+00:00,0.0034115314483642,1,results/raw/tier_e_core4_hgb_mlp_timed_cicids2017/CICIDS2017_cicids2017_friday_holdout_sample_mlp_sklearn_a1_constrained_score_search_3.csv,nan
235,threat_evaluation,CICIDS2017,cicids2017_friday_holdout_sample,3,mlp_sklearn,a4_split_shift,2026-06-12T10:51:43.541305+00:00,2026-06-12T10:51:43.594983+00:00,0.0536777973175048,90000,nan,nan
236,result_writing,CICIDS2017,cicids2017_friday_holdout_sample,3,mlp_sklearn,a4_split_shift,2026-06-12T10:51:43.595147+00:00,2026-06-12T10:51:43.598558+00:00,0.0034112930297851,1,results/raw/tier_e_core4_hgb_mlp_timed_cicids2017/CICIDS2017_cicids2017_friday_holdout_sample_mlp_sklearn_a4_split_shift_3.csv,nan
237,split_construction,CICIDS2017,cicids2017_friday_holdout_sample,3,random_forest,nan,2026-06-12T10:51:43.598647+00:00,2026-06-12T10:51:43.729017+00:00,0.1303703784942627,240000,nan,nan
238,preprocessing,CICIDS2017,cicids2017_friday_holdout_sample,3,random_forest,nan,2026-06-12T10:51:43.729145+00:00,2026-06-12T10:51:46.123920+00:00,2.394774913787842,240000,nan,nan
239,model_training,CICIDS2017,cicids2017_friday_holdout_sample,3,random_forest,nan,2026-06-12T10:51:46.124113+00:00,2026-06-12T10:52:03.293320+00:00,17.16920757293701,240000,nan,nan
240,clean_profile,CICIDS2017,cicids2017_friday_holdout_sample,3,random_forest,nan,2026-06-12T10:52:03.293411+00:00,2026-06-12T10:52:04.152575+00:00,0.8591644763946533,240000,nan,nan
241,threat_evaluation,CICIDS2017,cicids2017_friday_holdout_sample,3,random_forest,a0_clean,2026-06-12T10:52:04.158319+00:00,2026-06-12T10:52:04.448194+00:00,0.2898745536804199,90000,nan,nan
242,result_writing,CICIDS2017,cicids2017_friday_holdout_sample,3,random_forest,a0_clean,2026-06-12T10:52:04.448366+00:00,2026-06-12T10:52:04.451834+00:00,0.0034680366516113,1,results/raw/tier_e_core4_hgb_mlp_timed_cicids2017/CICIDS2017_cicids2017_friday_holdout_sample_random_forest_a0_clean_3.csv,nan
243,threat_evaluation,CICIDS2017,cicids2017_friday_holdout_sample,3,random_forest,a1_constrained_feature,2026-06-12T10:52:04.451889+00:00,2026-06-12T10:52:04.954478+00:00,0.5025887489318848,90000,nan,nan
244,result_writing,CICIDS2017,cicids2017_friday_holdout_sample,3,random_forest,a1_constrained_feature,2026-06-12T10:52:04.954657+00:00,2026-06-12T10:52:04.958133+00:00,0.0034759044647216,1,results/raw/tier_e_core4_hgb_mlp_timed_cicids2017/CICIDS2017_cicids2017_friday_holdout_sample_random_forest_a1_constrained_feature_3.csv,nan
245,threat_evaluation,CICIDS2017,cicids2017_friday_holdout_sample,3,random_forest,a1_constrained_score_search,2026-06-12T10:52:04.958187+00:00,2026-06-12T10:52:06.379390+00:00,1.4212024211883545,90000,nan,nan
246,result_writing,CICIDS2017,cicids2017_friday_holdout_sample,3,random_forest,a1_constrained_score_search,2026-06-12T10:52:06.379566+00:00,2026-06-12T10:52:06.383032+00:00,0.0034661293029785,1,results/raw/tier_e_core4_hgb_mlp_timed_cicids2017/CICIDS2017_cicids2017_friday_holdout_sample_random_forest_a1_constrained_score_search_3.csv,nan
247,threat_evaluation,CICIDS2017,cicids2017_friday_holdout_sample,3,random_forest,a4_split_shift,2026-06-12T10:52:06.383084+00:00,2026-06-12T10:52:06.670507+00:00,0.2874233722686767,90000,nan,nan
248,result_writing,CICIDS2017,cicids2017_friday_holdout_sample,3,random_forest,a4_split_shift,2026-06-12T10:52:06.670674+00:00,2026-06-12T10:52:06.674099+00:00,0.003425121307373,1,results/raw/tier_e_core4_hgb_mlp_timed_cicids2017/CICIDS2017_cicids2017_friday_holdout_sample_random_forest_a4_split_shift_3.csv,nan
249,dataset_load,CICIDS2017,cicids2017_friday_holdout_sample,4,nan,nan,2026-06-12T10:52:06.674150+00:00,2026-06-12T10:52:12.622596+00:00,5.9484453201293945,240000,nan,nan
250,preprocess_manifest,CICIDS2017,cicids2017_friday_holdout_sample,4,nan,nan,2026-06-12T10:52:12.622725+00:00,2026-06-12T10:52:14.785859+00:00,2.1631343364715576,240000,nan,nan
251,split_construction,CICIDS2017,cicids2017_friday_holdout_sample,4,extra_trees,nan,2026-06-12T10:52:14.786031+00:00,2026-06-12T10:52:14.916151+00:00,0.130120038986206,240000,nan,nan
252,preprocessing,CICIDS2017,cicids2017_friday_holdout_sample,4,extra_trees,nan,2026-06-12T10:52:14.916284+00:00,2026-06-12T10:52:17.311583+00:00,2.395299434661865,240000,nan,nan
253,model_training,CICIDS2017,cicids2017_friday_holdout_sample,4,extra_trees,nan,2026-06-12T10:52:17.311807+00:00,2026-06-12T10:52:27.534429+00:00,10.222622156143188,240000,nan,nan
254,clean_profile,CICIDS2017,cicids2017_friday_holdout_sample,4,extra_trees,nan,2026-06-12T10:52:27.534518+00:00,2026-06-12T10:52:28.901275+00:00,1.3667571544647217,240000,nan,nan
255,threat_evaluation,CICIDS2017,cicids2017_friday_holdout_sample,4,extra_trees,a0_clean,2026-06-12T10:52:28.907042+00:00,2026-06-12T10:52:29.365947+00:00,0.4589059352874756,90000,nan,nan
256,result_writing,CICIDS2017,cicids2017_friday_holdout_sample,4,extra_trees,a0_clean,2026-06-12T10:52:29.366123+00:00,2026-06-12T10:52:29.369666+00:00,0.0035431385040283,1,results/raw/tier_e_core4_hgb_mlp_timed_cicids2017/CICIDS2017_cicids2017_friday_holdout_sample_extra_trees_a0_clean_4.csv,nan
257,threat_evaluation,CICIDS2017,cicids2017_friday_holdout_sample,4,extra_trees,a1_constrained_feature,2026-06-12T10:52:29.369718+00:00,2026-06-12T10:52:30.024530+00:00,0.6548120975494385,90000,nan,nan
258,result_writing,CICIDS2017,cicids2017_friday_holdout_sample,4,extra_trees,a1_constrained_feature,2026-06-12T10:52:30.024714+00:00,2026-06-12T10:52:30.028176+00:00,0.0034618377685546,1,results/raw/tier_e_core4_hgb_mlp_timed_cicids2017/CICIDS2017_cicids2017_friday_holdout_sample_extra_trees_a1_constrained_feature_4.csv,nan
259,threat_evaluation,CICIDS2017,cicids2017_friday_holdout_sample,4,extra_trees,a1_constrained_score_search,2026-06-12T10:52:30.028228+00:00,2026-06-12T10:52:31.736223+00:00,1.7079951763153076,90000,nan,nan
260,result_writing,CICIDS2017,cicids2017_friday_holdout_sample,4,extra_trees,a1_constrained_score_search,2026-06-12T10:52:31.736407+00:00,2026-06-12T10:52:31.739893+00:00,0.0034859180450439,1,results/raw/tier_e_core4_hgb_mlp_timed_cicids2017/CICIDS2017_cicids2017_friday_holdout_sample_extra_trees_a1_constrained_score_search_4.csv,nan
261,threat_evaluation,CICIDS2017,cicids2017_friday_holdout_sample,4,extra_trees,a4_split_shift,2026-06-12T10:52:31.739946+00:00,2026-06-12T10:52:32.201581+00:00,0.4616353511810303,90000,nan,nan
262,result_writing,CICIDS2017,cicids2017_friday_holdout_sample,4,extra_trees,a4_split_shift,2026-06-12T10:52:32.201751+00:00,2026-06-12T10:52:32.205313+00:00,0.0035619735717773,1,results/raw/tier_e_core4_hgb_mlp_timed_cicids2017/CICIDS2017_cicids2017_friday_holdout_sample_extra_trees_a4_split_shift_4.csv,nan
263,split_construction,CICIDS2017,cicids2017_friday_holdout_sample,4,hist_gradient_boosting,nan,2026-06-12T10:52:32.205404+00:00,2026-06-12T10:52:32.336429+00:00,0.1310245990753173,240000,nan,nan
264,preprocessing,CICIDS2017,cicids2017_friday_holdout_sample,4,hist_gradient_boosting,nan,2026-06-12T10:52:32.336547+00:00,2026-06-12T10:52:34.777293+00:00,2.4407455921173096,240000,nan,nan
265,model_training,CICIDS2017,cicids2017_friday_holdout_sample,4,hist_gradient_boosting,nan,2026-06-12T10:52:34.777474+00:00,2026-06-12T10:52:38.090085+00:00,3.312610149383545,240000,nan,nan
266,clean_profile,CICIDS2017,cicids2017_friday_holdout_sample,4,hist_gradient_boosting,nan,2026-06-12T10:52:38.090177+00:00,2026-06-12T10:52:38.369401+00:00,0.2792234420776367,240000,nan,nan
267,threat_evaluation,CICIDS2017,cicids2017_friday_holdout_sample,4,hist_gradient_boosting,a0_clean,2026-06-12T10:52:38.375073+00:00,2026-06-12T10:52:38.471455+00:00,0.0963821411132812,90000,nan,nan
268,result_writing,CICIDS2017,cicids2017_friday_holdout_sample,4,hist_gradient_boosting,a0_clean,2026-06-12T10:52:38.471626+00:00,2026-06-12T10:52:38.475101+00:00,0.003474473953247,1,results/raw/tier_e_core4_hgb_mlp_timed_cicids2017/CICIDS2017_cicids2017_friday_holdout_sample_hist_gradient_boosting_a0_clean_4.csv,nan
269,threat_evaluation,CICIDS2017,cicids2017_friday_holdout_sample,4,hist_gradient_boosting,a1_constrained_feature,2026-06-12T10:52:38.475147+00:00,2026-06-12T10:52:38.812331+00:00,0.3371839523315429,90000,nan,nan
270,result_writing,CICIDS2017,cicids2017_friday_holdout_sample,4,hist_gradient_boosting,a1_constrained_feature,2026-06-12T10:52:38.812512+00:00,2026-06-12T10:52:38.815940+00:00,0.0034279823303222,1,results/raw/tier_e_core4_hgb_mlp_timed_cicids2017/CICIDS2017_cicids2017_friday_holdout_sample_hist_gradient_boosting_a1_constrained_feature_4.csv,nan
271,threat_evaluation,CICIDS2017,cicids2017_friday_holdout_sample,4,hist_gradient_boosting,a1_constrained_score_search,2026-06-12T10:52:38.815984+00:00,2026-06-12T10:52:40.112872+00:00,1.2968883514404297,90000,nan,nan
272,result_writing,CICIDS2017,cicids2017_friday_holdout_sample,4,hist_gradient_boosting,a1_constrained_score_search,2026-06-12T10:52:40.113051+00:00,2026-06-12T10:52:40.116465+00:00,0.0034141540527343,1,results/raw/tier_e_core4_hgb_mlp_timed_cicids2017/CICIDS2017_cicids2017_friday_holdout_sample_hist_gradient_boosting_a1_constrained_score_search_4.csv,nan
273,threat_evaluation,CICIDS2017,cicids2017_friday_holdout_sample,4,hist_gradient_boosting,a4_split_shift,2026-06-12T10:52:40.116509+00:00,2026-06-12T10:52:40.221335+00:00,0.104825735092163,90000,nan,nan
274,result_writing,CICIDS2017,cicids2017_friday_holdout_sample,4,hist_gradient_boosting,a4_split_shift,2026-06-12T10:52:40.221501+00:00,2026-06-12T10:52:40.224909+00:00,0.0034077167510986,1,results/raw/tier_e_core4_hgb_mlp_timed_cicids2017/CICIDS2017_cicids2017_friday_holdout_sample_hist_gradient_boosting_a4_split_shift_4.csv,nan
275,split_construction,CICIDS2017,cicids2017_friday_holdout_sample,4,logistic_regression,nan,2026-06-12T10:52:40.224998+00:00,2026-06-12T10:52:40.355025+00:00,0.1300270557403564,240000,nan,nan
276,preprocessing,CICIDS2017,cicids2017_friday_holdout_sample,4,logistic_regression,nan,2026-06-12T10:52:40.355142+00:00,2026-06-12T10:52:42.759426+00:00,2.4042844772338867,240000,nan,nan
277,model_training,CICIDS2017,cicids2017_friday_holdout_sample,4,logistic_regression,nan,2026-06-12T10:52:42.759570+00:00,2026-06-12T10:53:02.967591+00:00,20.20802092552185,240000,nan,nan
278,clean_profile,CICIDS2017,cicids2017_friday_holdout_sample,4,logistic_regression,nan,2026-06-12T10:53:02.967681+00:00,2026-06-12T10:53:03.018519+00:00,0.0508382320404052,240000,nan,nan
279,threat_evaluation,CICIDS2017,cicids2017_friday_holdout_sample,4,logistic_regression,a0_clean,2026-06-12T10:53:03.024531+00:00,2026-06-12T10:53:03.050091+00:00,0.0255601406097412,90000,nan,nan
280,result_writing,CICIDS2017,cicids2017_friday_holdout_sample,4,logistic_regression,a0_clean,2026-06-12T10:53:03.050266+00:00,2026-06-12T10:53:03.053767+00:00,0.0035016536712646,1,results/raw/tier_e_core4_hgb_mlp_timed_cicids2017/CICIDS2017_cicids2017_friday_holdout_sample_logistic_regression_a0_clean_4.csv,nan
281,threat_evaluation,CICIDS2017,cicids2017_friday_holdout_sample,4,logistic_regression,a1_constrained_feature,2026-06-12T10:53:03.053819+00:00,2026-06-12T10:53:03.267368+00:00,0.2135488986968994,90000,nan,nan
282,result_writing,CICIDS2017,cicids2017_friday_holdout_sample,4,logistic_regression,a1_constrained_feature,2026-06-12T10:53:03.267545+00:00,2026-06-12T10:53:03.270954+00:00,0.003408670425415,1,results/raw/tier_e_core4_hgb_mlp_timed_cicids2017/CICIDS2017_cicids2017_friday_holdout_sample_logistic_regression_a1_constrained_feature_4.csv,nan
283,threat_evaluation,CICIDS2017,cicids2017_friday_holdout_sample,4,logistic_regression,a1_constrained_score_search,2026-06-12T10:53:03.270998+00:00,2026-06-12T10:53:04.115953+00:00,0.8449547290802002,90000,nan,nan
284,result_writing,CICIDS2017,cicids2017_friday_holdout_sample,4,logistic_regression,a1_constrained_score_search,2026-06-12T10:53:04.116134+00:00,2026-06-12T10:53:04.119519+00:00,0.0033848285675048,1,results/raw/tier_e_core4_hgb_mlp_timed_cicids2017/CICIDS2017_cicids2017_friday_holdout_sample_logistic_regression_a1_constrained_score_search_4.csv,nan
285,threat_evaluation,CICIDS2017,cicids2017_friday_holdout_sample,4,logistic_regression,a4_split_shift,2026-06-12T10:53:04.119565+00:00,2026-06-12T10:53:04.144813+00:00,0.0252480506896972,90000,nan,nan
286,result_writing,CICIDS2017,cicids2017_friday_holdout_sample,4,logistic_regression,a4_split_shift,2026-06-12T10:53:04.144980+00:00,2026-06-12T10:53:04.148406+00:00,0.0034258365631103,1,results/raw/tier_e_core4_hgb_mlp_timed_cicids2017/CICIDS2017_cicids2017_friday_holdout_sample_logistic_regression_a4_split_shift_4.csv,nan
287,split_construction,CICIDS2017,cicids2017_friday_holdout_sample,4,mlp_sklearn,nan,2026-06-12T10:53:04.148493+00:00,2026-06-12T10:53:04.279325+00:00,0.1308317184448242,240000,nan,nan
288,preprocessing,CICIDS2017,cicids2017_friday_holdout_sample,4,mlp_sklearn,nan,2026-06-12T10:53:04.279444+00:00,2026-06-12T10:53:06.665776+00:00,2.386331796646118,240000,nan,nan
289,model_training,CICIDS2017,cicids2017_friday_holdout_sample,4,mlp_sklearn,nan,2026-06-12T10:53:06.665951+00:00,2026-06-12T10:53:20.312011+00:00,13.646060705184937,240000,nan,nan
290,clean_profile,CICIDS2017,cicids2017_friday_holdout_sample,4,mlp_sklearn,nan,2026-06-12T10:53:20.312093+00:00,2026-06-12T10:53:20.447103+00:00,0.1350092887878418,240000,nan,nan
291,threat_evaluation,CICIDS2017,cicids2017_friday_holdout_sample,4,mlp_sklearn,a0_clean,2026-06-12T10:53:20.452807+00:00,2026-06-12T10:53:20.507316+00:00,0.0545089244842529,90000,nan,nan
292,result_writing,CICIDS2017,cicids2017_friday_holdout_sample,4,mlp_sklearn,a0_clean,2026-06-12T10:53:20.507492+00:00,2026-06-12T10:53:20.511102+00:00,0.0036098957061767,1,results/raw/tier_e_core4_hgb_mlp_timed_cicids2017/CICIDS2017_cicids2017_friday_holdout_sample_mlp_sklearn_a0_clean_4.csv,nan
293,threat_evaluation,CICIDS2017,cicids2017_friday_holdout_sample,4,mlp_sklearn,a1_constrained_feature,2026-06-12T10:53:20.511152+00:00,2026-06-12T10:53:20.752237+00:00,0.2410848140716552,90000,nan,nan
294,result_writing,CICIDS2017,cicids2017_friday_holdout_sample,4,mlp_sklearn,a1_constrained_feature,2026-06-12T10:53:20.752415+00:00,2026-06-12T10:53:20.755851+00:00,0.0034353733062744,1,results/raw/tier_e_core4_hgb_mlp_timed_cicids2017/CICIDS2017_cicids2017_friday_holdout_sample_mlp_sklearn_a1_constrained_feature_4.csv,nan
295,threat_evaluation,CICIDS2017,cicids2017_friday_holdout_sample,4,mlp_sklearn,a1_constrained_score_search,2026-06-12T10:53:20.755895+00:00,2026-06-12T10:53:21.694218+00:00,0.9383230209350586,90000,nan,nan
296,result_writing,CICIDS2017,cicids2017_friday_holdout_sample,4,mlp_sklearn,a1_constrained_score_search,2026-06-12T10:53:21.694396+00:00,2026-06-12T10:53:21.697828+00:00,0.003432273864746,1,results/raw/tier_e_core4_hgb_mlp_timed_cicids2017/CICIDS2017_cicids2017_friday_holdout_sample_mlp_sklearn_a1_constrained_score_search_4.csv,nan
297,threat_evaluation,CICIDS2017,cicids2017_friday_holdout_sample,4,mlp_sklearn,a4_split_shift,2026-06-12T10:53:21.697873+00:00,2026-06-12T10:53:21.751405+00:00,0.0535323619842529,90000,nan,nan
298,result_writing,CICIDS2017,cicids2017_friday_holdout_sample,4,mlp_sklearn,a4_split_shift,2026-06-12T10:53:21.751570+00:00,2026-06-12T10:53:21.754979+00:00,0.0034098625183105,1,results/raw/tier_e_core4_hgb_mlp_timed_cicids2017/CICIDS2017_cicids2017_friday_holdout_sample_mlp_sklearn_a4_split_shift_4.csv,nan
299,split_construction,CICIDS2017,cicids2017_friday_holdout_sample,4,random_forest,nan,2026-06-12T10:53:21.755070+00:00,2026-06-12T10:53:21.885387+00:00,0.1303169727325439,240000,nan,nan
300,preprocessing,CICIDS2017,cicids2017_friday_holdout_sample,4,random_forest,nan,2026-06-12T10:53:21.885514+00:00,2026-06-12T10:53:24.292477+00:00,2.406963586807251,240000,nan,nan
301,model_training,CICIDS2017,cicids2017_friday_holdout_sample,4,random_forest,nan,2026-06-12T10:53:24.292674+00:00,2026-06-12T10:53:41.654914+00:00,17.362240076065063,240000,nan,nan
302,clean_profile,CICIDS2017,cicids2017_friday_holdout_sample,4,random_forest,nan,2026-06-12T10:53:41.655007+00:00,2026-06-12T10:53:42.573472+00:00,0.9184656143188475,240000,nan,nan
303,threat_evaluation,CICIDS2017,cicids2017_friday_holdout_sample,4,random_forest,a0_clean,2026-06-12T10:53:42.579176+00:00,2026-06-12T10:53:42.897282+00:00,0.3181056976318359,90000,nan,nan
304,result_writing,CICIDS2017,cicids2017_friday_holdout_sample,4,random_forest,a0_clean,2026-06-12T10:53:42.897448+00:00,2026-06-12T10:53:42.900939+00:00,0.0034914016723632,1,results/raw/tier_e_core4_hgb_mlp_timed_cicids2017/CICIDS2017_cicids2017_friday_holdout_sample_random_forest_a0_clean_4.csv,nan
305,threat_evaluation,CICIDS2017,cicids2017_friday_holdout_sample,4,random_forest,a1_constrained_feature,2026-06-12T10:53:42.900991+00:00,2026-06-12T10:53:43.405910+00:00,0.5049183368682861,90000,nan,nan
306,result_writing,CICIDS2017,cicids2017_friday_holdout_sample,4,random_forest,a1_constrained_feature,2026-06-12T10:53:43.406094+00:00,2026-06-12T10:53:43.409559+00:00,0.0034644603729248,1,results/raw/tier_e_core4_hgb_mlp_timed_cicids2017/CICIDS2017_cicids2017_friday_holdout_sample_random_forest_a1_constrained_feature_4.csv,nan
307,threat_evaluation,CICIDS2017,cicids2017_friday_holdout_sample,4,random_forest,a1_constrained_score_search,2026-06-12T10:53:43.409609+00:00,2026-06-12T10:53:44.839294+00:00,1.429685115814209,90000,nan,nan
308,result_writing,CICIDS2017,cicids2017_friday_holdout_sample,4,random_forest,a1_constrained_score_search,2026-06-12T10:53:44.839472+00:00,2026-06-12T10:53:44.842913+00:00,0.003441572189331,1,results/raw/tier_e_core4_hgb_mlp_timed_cicids2017/CICIDS2017_cicids2017_friday_holdout_sample_random_forest_a1_constrained_score_search_4.csv,nan
309,threat_evaluation,CICIDS2017,cicids2017_friday_holdout_sample,4,random_forest,a4_split_shift,2026-06-12T10:53:44.842965+00:00,2026-06-12T10:53:45.160239+00:00,0.3172740936279297,90000,nan,nan
310,result_writing,CICIDS2017,cicids2017_friday_holdout_sample,4,random_forest,a4_split_shift,2026-06-12T10:53:45.160415+00:00,2026-06-12T10:53:45.200451+00:00,0.0400359630584716,1,results/raw/tier_e_core4_hgb_mlp_timed_cicids2017/CICIDS2017_cicids2017_friday_holdout_sample_random_forest_a4_split_shift_4.csv,nan
311,dataset_load,CICIDS2017,cicids2017_friday_holdout_sample,5,nan,nan,2026-06-12T10:53:45.200540+00:00,2026-06-12T10:53:51.278986+00:00,6.078446626663208,240000,nan,nan
312,preprocess_manifest,CICIDS2017,cicids2017_friday_holdout_sample,5,nan,nan,2026-06-12T10:53:51.279129+00:00,2026-06-12T10:53:53.498051+00:00,2.2189221382141118,240000,nan,nan
313,split_construction,CICIDS2017,cicids2017_friday_holdout_sample,5,extra_trees,nan,2026-06-12T10:53:53.498221+00:00,2026-06-12T10:53:53.627642+00:00,0.1294207572937011,240000,nan,nan
314,preprocessing,CICIDS2017,cicids2017_friday_holdout_sample,5,extra_trees,nan,2026-06-12T10:53:53.627795+00:00,2026-06-12T10:53:56.010934+00:00,2.383139133453369,240000,nan,nan
315,model_training,CICIDS2017,cicids2017_friday_holdout_sample,5,extra_trees,nan,2026-06-12T10:53:56.011118+00:00,2026-06-12T10:54:06.145713+00:00,10.134594440460203,240000,nan,nan
316,clean_profile,CICIDS2017,cicids2017_friday_holdout_sample,5,extra_trees,nan,2026-06-12T10:54:06.145802+00:00,2026-06-12T10:54:07.518053+00:00,1.3722503185272217,240000,nan,nan
317,threat_evaluation,CICIDS2017,cicids2017_friday_holdout_sample,5,extra_trees,a0_clean,2026-06-12T10:54:07.523948+00:00,2026-06-12T10:54:07.987484+00:00,0.4635353088378906,90000,nan,nan
318,result_writing,CICIDS2017,cicids2017_friday_holdout_sample,5,extra_trees,a0_clean,2026-06-12T10:54:07.987656+00:00,2026-06-12T10:54:07.991136+00:00,0.0034794807434082,1,results/raw/tier_e_core4_hgb_mlp_timed_cicids2017/CICIDS2017_cicids2017_friday_holdout_sample_extra_trees_a0_clean_5.csv,nan
319,threat_evaluation,CICIDS2017,cicids2017_friday_holdout_sample,5,extra_trees,a1_constrained_feature,2026-06-12T10:54:07.991186+00:00,2026-06-12T10:54:08.649174+00:00,0.6579880714416504,90000,nan,nan
320,result_writing,CICIDS2017,cicids2017_friday_holdout_sample,5,extra_trees,a1_constrained_feature,2026-06-12T10:54:08.649353+00:00,2026-06-12T10:54:08.652800+00:00,0.0034468173980712,1,results/raw/tier_e_core4_hgb_mlp_timed_cicids2017/CICIDS2017_cicids2017_friday_holdout_sample_extra_trees_a1_constrained_feature_5.csv,nan
321,threat_evaluation,CICIDS2017,cicids2017_friday_holdout_sample,5,extra_trees,a1_constrained_score_search,2026-06-12T10:54:08.652853+00:00,2026-06-12T10:54:10.346967+00:00,1.6941139698028564,90000,nan,nan
322,result_writing,CICIDS2017,cicids2017_friday_holdout_sample,5,extra_trees,a1_constrained_score_search,2026-06-12T10:54:10.347147+00:00,2026-06-12T10:54:10.350614+00:00,0.0034666061401367,1,results/raw/tier_e_core4_hgb_mlp_timed_cicids2017/CICIDS2017_cicids2017_friday_holdout_sample_extra_trees_a1_constrained_score_search_5.csv,nan
323,threat_evaluation,CICIDS2017,cicids2017_friday_holdout_sample,5,extra_trees,a4_split_shift,2026-06-12T10:54:10.350664+00:00,2026-06-12T10:54:10.811549+00:00,0.4608850479125976,90000,nan,nan
324,result_writing,CICIDS2017,cicids2017_friday_holdout_sample,5,extra_trees,a4_split_shift,2026-06-12T10:54:10.811757+00:00,2026-06-12T10:54:10.815242+00:00,0.0034847259521484,1,results/raw/tier_e_core4_hgb_mlp_timed_cicids2017/CICIDS2017_cicids2017_friday_holdout_sample_extra_trees_a4_split_shift_5.csv,nan
325,split_construction,CICIDS2017,cicids2017_friday_holdout_sample,5,hist_gradient_boosting,nan,2026-06-12T10:54:10.815329+00:00,2026-06-12T10:54:10.945985+00:00,0.1306564807891845,240000,nan,nan
326,preprocessing,CICIDS2017,cicids2017_friday_holdout_sample,5,hist_gradient_boosting,nan,2026-06-12T10:54:10.946106+00:00,2026-06-12T10:54:13.400189+00:00,2.454082489013672,240000,nan,nan
327,model_training,CICIDS2017,cicids2017_friday_holdout_sample,5,hist_gradient_boosting,nan,2026-06-12T10:54:13.400360+00:00,2026-06-12T10:54:16.485332+00:00,3.0849721431732178,240000,nan,nan
328,clean_profile,CICIDS2017,cicids2017_friday_holdout_sample,5,hist_gradient_boosting,nan,2026-06-12T10:54:16.485422+00:00,2026-06-12T10:54:16.734821+00:00,0.2493989467620849,240000,nan,nan
329,threat_evaluation,CICIDS2017,cicids2017_friday_holdout_sample,5,hist_gradient_boosting,a0_clean,2026-06-12T10:54:16.740614+00:00,2026-06-12T10:54:16.832139+00:00,0.091524600982666,90000,nan,nan
330,result_writing,CICIDS2017,cicids2017_friday_holdout_sample,5,hist_gradient_boosting,a0_clean,2026-06-12T10:54:16.832309+00:00,2026-06-12T10:54:16.835824+00:00,0.0035140514373779,1,results/raw/tier_e_core4_hgb_mlp_timed_cicids2017/CICIDS2017_cicids2017_friday_holdout_sample_hist_gradient_boosting_a0_clean_5.csv,nan
331,threat_evaluation,CICIDS2017,cicids2017_friday_holdout_sample,5,hist_gradient_boosting,a1_constrained_feature,2026-06-12T10:54:16.835871+00:00,2026-06-12T10:54:17.123511+00:00,0.287639856338501,90000,nan,nan
332,result_writing,CICIDS2017,cicids2017_friday_holdout_sample,5,hist_gradient_boosting,a1_constrained_feature,2026-06-12T10:54:17.123686+00:00,2026-06-12T10:54:17.127079+00:00,0.0033929347991943,1,results/raw/tier_e_core4_hgb_mlp_timed_cicids2017/CICIDS2017_cicids2017_friday_holdout_sample_hist_gradient_boosting_a1_constrained_feature_5.csv,nan
333,threat_evaluation,CICIDS2017,cicids2017_friday_holdout_sample,5,hist_gradient_boosting,a1_constrained_score_search,2026-06-12T10:54:17.127124+00:00,2026-06-12T10:54:18.367955+00:00,1.240830659866333,90000,nan,nan
334,result_writing,CICIDS2017,cicids2017_friday_holdout_sample,5,hist_gradient_boosting,a1_constrained_score_search,2026-06-12T10:54:18.368137+00:00,2026-06-12T10:54:18.371550+00:00,0.0034122467041015,1,results/raw/tier_e_core4_hgb_mlp_timed_cicids2017/CICIDS2017_cicids2017_friday_holdout_sample_hist_gradient_boosting_a1_constrained_score_search_5.csv,nan
335,threat_evaluation,CICIDS2017,cicids2017_friday_holdout_sample,5,hist_gradient_boosting,a4_split_shift,2026-06-12T10:54:18.371592+00:00,2026-06-12T10:54:18.475379+00:00,0.1037876605987548,90000,nan,nan
336,result_writing,CICIDS2017,cicids2017_friday_holdout_sample,5,hist_gradient_boosting,a4_split_shift,2026-06-12T10:54:18.475544+00:00,2026-06-12T10:54:18.478984+00:00,0.0034399032592773,1,results/raw/tier_e_core4_hgb_mlp_timed_cicids2017/CICIDS2017_cicids2017_friday_holdout_sample_hist_gradient_boosting_a4_split_shift_5.csv,nan
337,split_construction,CICIDS2017,cicids2017_friday_holdout_sample,5,logistic_regression,nan,2026-06-12T10:54:18.479079+00:00,2026-06-12T10:54:18.609523+00:00,0.1304442882537841,240000,nan,nan
338,preprocessing,CICIDS2017,cicids2017_friday_holdout_sample,5,logistic_regression,nan,2026-06-12T10:54:18.609653+00:00,2026-06-12T10:54:21.095064+00:00,2.4854114055633545,240000,nan,nan
339,model_training,CICIDS2017,cicids2017_friday_holdout_sample,5,logistic_regression,nan,2026-06-12T10:54:21.095211+00:00,2026-06-12T10:54:36.418524+00:00,15.323313236236572,240000,nan,nan
340,clean_profile,CICIDS2017,cicids2017_friday_holdout_sample,5,logistic_regression,nan,2026-06-12T10:54:36.418605+00:00,2026-06-12T10:54:36.477558+00:00,0.0589523315429687,240000,nan,nan
341,threat_evaluation,CICIDS2017,cicids2017_friday_holdout_sample,5,logistic_regression,a0_clean,2026-06-12T10:54:36.483761+00:00,2026-06-12T10:54:36.509517+00:00,0.0257561206817626,90000,nan,nan
342,result_writing,CICIDS2017,cicids2017_friday_holdout_sample,5,logistic_regression,a0_clean,2026-06-12T10:54:36.509693+00:00,2026-06-12T10:54:36.513142+00:00,0.0034492015838623,1,results/raw/tier_e_core4_hgb_mlp_timed_cicids2017/CICIDS2017_cicids2017_friday_holdout_sample_logistic_regression_a0_clean_5.csv,nan
343,threat_evaluation,CICIDS2017,cicids2017_friday_holdout_sample,5,logistic_regression,a1_constrained_feature,2026-06-12T10:54:36.513198+00:00,2026-06-12T10:54:36.732170+00:00,0.2189712524414062,90000,nan,nan
344,result_writing,CICIDS2017,cicids2017_friday_holdout_sample,5,logistic_regression,a1_constrained_feature,2026-06-12T10:54:36.732350+00:00,2026-06-12T10:54:36.735764+00:00,0.0034139156341552,1,results/raw/tier_e_core4_hgb_mlp_timed_cicids2017/CICIDS2017_cicids2017_friday_holdout_sample_logistic_regression_a1_constrained_feature_5.csv,nan
345,threat_evaluation,CICIDS2017,cicids2017_friday_holdout_sample,5,logistic_regression,a1_constrained_score_search,2026-06-12T10:54:36.735808+00:00,2026-06-12T10:54:37.589977+00:00,0.8541693687438965,90000,nan,nan
346,result_writing,CICIDS2017,cicids2017_friday_holdout_sample,5,logistic_regression,a1_constrained_score_search,2026-06-12T10:54:37.590158+00:00,2026-06-12T10:54:37.593604+00:00,0.0034458637237548,1,results/raw/tier_e_core4_hgb_mlp_timed_cicids2017/CICIDS2017_cicids2017_friday_holdout_sample_logistic_regression_a1_constrained_score_search_5.csv,nan
347,threat_evaluation,CICIDS2017,cicids2017_friday_holdout_sample,5,logistic_regression,a4_split_shift,2026-06-12T10:54:37.593650+00:00,2026-06-12T10:54:37.618805+00:00,0.0251555442810058,90000,nan,nan
348,result_writing,CICIDS2017,cicids2017_friday_holdout_sample,5,logistic_regression,a4_split_shift,2026-06-12T10:54:37.618975+00:00,2026-06-12T10:54:37.622401+00:00,0.0034258365631103,1,results/raw/tier_e_core4_hgb_mlp_timed_cicids2017/CICIDS2017_cicids2017_friday_holdout_sample_logistic_regression_a4_split_shift_5.csv,nan
349,split_construction,CICIDS2017,cicids2017_friday_holdout_sample,5,mlp_sklearn,nan,2026-06-12T10:54:37.622488+00:00,2026-06-12T10:54:37.752824+00:00,0.1303350925445556,240000,nan,nan
350,preprocessing,CICIDS2017,cicids2017_friday_holdout_sample,5,mlp_sklearn,nan,2026-06-12T10:54:37.752956+00:00,2026-06-12T10:54:40.189236+00:00,2.4362802505493164,240000,nan,nan
351,model_training,CICIDS2017,cicids2017_friday_holdout_sample,5,mlp_sklearn,nan,2026-06-12T10:54:40.189402+00:00,2026-06-12T10:54:51.087372+00:00,10.89797067642212,240000,nan,nan
352,clean_profile,CICIDS2017,cicids2017_friday_holdout_sample,5,mlp_sklearn,nan,2026-06-12T10:54:51.087453+00:00,2026-06-12T10:54:51.225792+00:00,0.1383390426635742,240000,nan,nan
353,threat_evaluation,CICIDS2017,cicids2017_friday_holdout_sample,5,mlp_sklearn,a0_clean,2026-06-12T10:54:51.231612+00:00,2026-06-12T10:54:51.286598+00:00,0.0549862384796142,90000,nan,nan
354,result_writing,CICIDS2017,cicids2017_friday_holdout_sample,5,mlp_sklearn,a0_clean,2026-06-12T10:54:51.286773+00:00,2026-06-12T10:54:51.290315+00:00,0.003542423248291,1,results/raw/tier_e_core4_hgb_mlp_timed_cicids2017/CICIDS2017_cicids2017_friday_holdout_sample_mlp_sklearn_a0_clean_5.csv,nan
355,threat_evaluation,CICIDS2017,cicids2017_friday_holdout_sample,5,mlp_sklearn,a1_constrained_feature,2026-06-12T10:54:51.290365+00:00,2026-06-12T10:54:51.533649+00:00,0.2432835102081298,90000,nan,nan
356,result_writing,CICIDS2017,cicids2017_friday_holdout_sample,5,mlp_sklearn,a1_constrained_feature,2026-06-12T10:54:51.533827+00:00,2026-06-12T10:54:51.537242+00:00,0.0034155845642089,1,results/raw/tier_e_core4_hgb_mlp_timed_cicids2017/CICIDS2017_cicids2017_friday_holdout_sample_mlp_sklearn_a1_constrained_feature_5.csv,nan
357,threat_evaluation,CICIDS2017,cicids2017_friday_holdout_sample,5,mlp_sklearn,a1_constrained_score_search,2026-06-12T10:54:51.537289+00:00,2026-06-12T10:54:52.479835+00:00,0.9425456523895264,90000,nan,nan
358,result_writing,CICIDS2017,cicids2017_friday_holdout_sample,5,mlp_sklearn,a1_constrained_score_search,2026-06-12T10:54:52.480008+00:00,2026-06-12T10:54:52.483421+00:00,0.0034127235412597,1,results/raw/tier_e_core4_hgb_mlp_timed_cicids2017/CICIDS2017_cicids2017_friday_holdout_sample_mlp_sklearn_a1_constrained_score_search_5.csv,nan
359,threat_evaluation,CICIDS2017,cicids2017_friday_holdout_sample,5,mlp_sklearn,a4_split_shift,2026-06-12T10:54:52.483465+00:00,2026-06-12T10:54:52.539569+00:00,0.0561037063598632,90000,nan,nan
360,result_writing,CICIDS2017,cicids2017_friday_holdout_sample,5,mlp_sklearn,a4_split_shift,2026-06-12T10:54:52.539761+00:00,2026-06-12T10:54:52.543140+00:00,0.0033788681030273,1,results/raw/tier_e_core4_hgb_mlp_timed_cicids2017/CICIDS2017_cicids2017_friday_holdout_sample_mlp_sklearn_a4_split_shift_5.csv,nan
361,split_construction,CICIDS2017,cicids2017_friday_holdout_sample,5,random_forest,nan,2026-06-12T10:54:52.543228+00:00,2026-06-12T10:54:52.674870+00:00,0.1316418647766113,240000,nan,nan
362,preprocessing,CICIDS2017,cicids2017_friday_holdout_sample,5,random_forest,nan,2026-06-12T10:54:52.674996+00:00,2026-06-12T10:54:55.088854+00:00,2.413858652114868,240000,nan,nan
363,model_training,CICIDS2017,cicids2017_friday_holdout_sample,5,random_forest,nan,2026-06-12T10:54:55.089050+00:00,2026-06-12T10:55:12.517025+00:00,17.42797565460205,240000,nan,nan
364,clean_profile,CICIDS2017,cicids2017_friday_holdout_sample,5,random_forest,nan,2026-06-12T10:55:12.517118+00:00,2026-06-12T10:55:13.461777+00:00,0.9446592330932616,240000,nan,nan
365,threat_evaluation,CICIDS2017,cicids2017_friday_holdout_sample,5,random_forest,a0_clean,2026-06-12T10:55:13.467632+00:00,2026-06-12T10:55:13.787676+00:00,0.3200433254241943,90000,nan,nan
366,result_writing,CICIDS2017,cicids2017_friday_holdout_sample,5,random_forest,a0_clean,2026-06-12T10:55:13.787872+00:00,2026-06-12T10:55:13.791328+00:00,0.0034563541412353,1,results/raw/tier_e_core4_hgb_mlp_timed_cicids2017/CICIDS2017_cicids2017_friday_holdout_sample_random_forest_a0_clean_5.csv,nan
367,threat_evaluation,CICIDS2017,cicids2017_friday_holdout_sample,5,random_forest,a1_constrained_feature,2026-06-12T10:55:13.791374+00:00,2026-06-12T10:55:14.306055+00:00,0.5146801471710205,90000,nan,nan
368,result_writing,CICIDS2017,cicids2017_friday_holdout_sample,5,random_forest,a1_constrained_feature,2026-06-12T10:55:14.306234+00:00,2026-06-12T10:55:14.309704+00:00,0.0034699440002441,1,results/raw/tier_e_core4_hgb_mlp_timed_cicids2017/CICIDS2017_cicids2017_friday_holdout_sample_random_forest_a1_constrained_feature_5.csv,nan
369,threat_evaluation,CICIDS2017,cicids2017_friday_holdout_sample,5,random_forest,a1_constrained_score_search,2026-06-12T10:55:14.309753+00:00,2026-06-12T10:55:15.750307+00:00,1.4405536651611328,90000,nan,nan
370,result_writing,CICIDS2017,cicids2017_friday_holdout_sample,5,random_forest,a1_constrained_score_search,2026-06-12T10:55:15.750484+00:00,2026-06-12T10:55:15.753953+00:00,0.0034689903259277,1,results/raw/tier_e_core4_hgb_mlp_timed_cicids2017/CICIDS2017_cicids2017_friday_holdout_sample_random_forest_a1_constrained_score_search_5.csv,nan
371,threat_evaluation,CICIDS2017,cicids2017_friday_holdout_sample,5,random_forest,a4_split_shift,2026-06-12T10:55:15.754004+00:00,2026-06-12T10:55:16.073403+00:00,0.319399356842041,90000,nan,nan
372,result_writing,CICIDS2017,cicids2017_friday_holdout_sample,5,random_forest,a4_split_shift,2026-06-12T10:55:16.073573+00:00,2026-06-12T10:55:16.077024+00:00,0.0034506320953369,1,results/raw/tier_e_core4_hgb_mlp_timed_cicids2017/CICIDS2017_cicids2017_friday_holdout_sample_random_forest_a4_split_shift_5.csv,nan
373,dataset_load,CICIDS2017,cicids2017_friday_holdout_sample,6,nan,nan,2026-06-12T10:55:16.077072+00:00,2026-06-12T10:55:22.134063+00:00,6.056990146636963,240000,nan,nan
374,preprocess_manifest,CICIDS2017,cicids2017_friday_holdout_sample,6,nan,nan,2026-06-12T10:55:22.134187+00:00,2026-06-12T10:55:24.312256+00:00,2.1780693531036377,240000,nan,nan
375,split_construction,CICIDS2017,cicids2017_friday_holdout_sample,6,extra_trees,nan,2026-06-12T10:55:24.312424+00:00,2026-06-12T10:55:24.441962+00:00,0.1295371055603027,240000,nan,nan
376,preprocessing,CICIDS2017,cicids2017_friday_holdout_sample,6,extra_trees,nan,2026-06-12T10:55:24.442092+00:00,2026-06-12T10:55:26.862042+00:00,2.4199507236480717,240000,nan,nan
377,model_training,CICIDS2017,cicids2017_friday_holdout_sample,6,extra_trees,nan,2026-06-12T10:55:26.862229+00:00,2026-06-12T10:55:36.975329+00:00,10.113100290298462,240000,nan,nan
378,clean_profile,CICIDS2017,cicids2017_friday_holdout_sample,6,extra_trees,nan,2026-06-12T10:55:36.975420+00:00,2026-06-12T10:55:38.353350+00:00,1.377929925918579,240000,nan,nan
379,threat_evaluation,CICIDS2017,cicids2017_friday_holdout_sample,6,extra_trees,a0_clean,2026-06-12T10:55:38.359128+00:00,2026-06-12T10:55:38.796019+00:00,0.4368906021118164,90000,nan,nan
380,result_writing,CICIDS2017,cicids2017_friday_holdout_sample,6,extra_trees,a0_clean,2026-06-12T10:55:38.796190+00:00,2026-06-12T10:55:38.799642+00:00,0.0034525394439697,1,results/raw/tier_e_core4_hgb_mlp_timed_cicids2017/CICIDS2017_cicids2017_friday_holdout_sample_extra_trees_a0_clean_6.csv,nan
381,threat_evaluation,CICIDS2017,cicids2017_friday_holdout_sample,6,extra_trees,a1_constrained_feature,2026-06-12T10:55:38.799694+00:00,2026-06-12T10:55:39.441587+00:00,0.6418931484222412,90000,nan,nan
382,result_writing,CICIDS2017,cicids2017_friday_holdout_sample,6,extra_trees,a1_constrained_feature,2026-06-12T10:55:39.441769+00:00,2026-06-12T10:55:39.445174+00:00,0.0034050941467285,1,results/raw/tier_e_core4_hgb_mlp_timed_cicids2017/CICIDS2017_cicids2017_friday_holdout_sample_extra_trees_a1_constrained_feature_6.csv,nan
383,threat_evaluation,CICIDS2017,cicids2017_friday_holdout_sample,6,extra_trees,a1_constrained_score_search,2026-06-12T10:55:39.445223+00:00,2026-06-12T10:55:41.093462+00:00,1.6482393741607666,90000,nan,nan
384,result_writing,CICIDS2017,cicids2017_friday_holdout_sample,6,extra_trees,a1_constrained_score_search,2026-06-12T10:55:41.093650+00:00,2026-06-12T10:55:41.097118+00:00,0.0034677982330322,1,results/raw/tier_e_core4_hgb_mlp_timed_cicids2017/CICIDS2017_cicids2017_friday_holdout_sample_extra_trees_a1_constrained_score_search_6.csv,nan
385,threat_evaluation,CICIDS2017,cicids2017_friday_holdout_sample,6,extra_trees,a4_split_shift,2026-06-12T10:55:41.097172+00:00,2026-06-12T10:55:41.535984+00:00,0.4388124942779541,90000,nan,nan
386,result_writing,CICIDS2017,cicids2017_friday_holdout_sample,6,extra_trees,a4_split_shift,2026-06-12T10:55:41.536157+00:00,2026-06-12T10:55:41.539571+00:00,0.0034146308898925,1,results/raw/tier_e_core4_hgb_mlp_timed_cicids2017/CICIDS2017_cicids2017_friday_holdout_sample_extra_trees_a4_split_shift_6.csv,nan
387,split_construction,CICIDS2017,cicids2017_friday_holdout_sample,6,hist_gradient_boosting,nan,2026-06-12T10:55:41.539660+00:00,2026-06-12T10:55:41.669921+00:00,0.130260944366455,240000,nan,nan
388,preprocessing,CICIDS2017,cicids2017_friday_holdout_sample,6,hist_gradient_boosting,nan,2026-06-12T10:55:41.670042+00:00,2026-06-12T10:55:44.047695+00:00,2.377652406692505,240000,nan,nan
389,model_training,CICIDS2017,cicids2017_friday_holdout_sample,6,hist_gradient_boosting,nan,2026-06-12T10:55:44.047899+00:00,2026-06-12T10:55:46.812842+00:00,2.764943122863769,240000,nan,nan
390,clean_profile,CICIDS2017,cicids2017_friday_holdout_sample,6,hist_gradient_boosting,nan,2026-06-12T10:55:46.812934+00:00,2026-06-12T10:55:47.045163+00:00,0.2322287559509277,240000,nan,nan
391,threat_evaluation,CICIDS2017,cicids2017_friday_holdout_sample,6,hist_gradient_boosting,a0_clean,2026-06-12T10:55:47.050907+00:00,2026-06-12T10:55:47.134144+00:00,0.0832371711730957,90000,nan,nan
392,result_writing,CICIDS2017,cicids2017_friday_holdout_sample,6,hist_gradient_boosting,a0_clean,2026-06-12T10:55:47.134311+00:00,2026-06-12T10:55:47.137775+00:00,0.0034644603729248,1,results/raw/tier_e_core4_hgb_mlp_timed_cicids2017/CICIDS2017_cicids2017_friday_holdout_sample_hist_gradient_boosting_a0_clean_6.csv,nan
393,threat_evaluation,CICIDS2017,cicids2017_friday_holdout_sample,6,hist_gradient_boosting,a1_constrained_feature,2026-06-12T10:55:47.137821+00:00,2026-06-12T10:55:47.434736+00:00,0.2969145774841308,90000,nan,nan
394,result_writing,CICIDS2017,cicids2017_friday_holdout_sample,6,hist_gradient_boosting,a1_constrained_feature,2026-06-12T10:55:47.434912+00:00,2026-06-12T10:55:47.438323+00:00,0.0034112930297851,1,results/raw/tier_e_core4_hgb_mlp_timed_cicids2017/CICIDS2017_cicids2017_friday_holdout_sample_hist_gradient_boosting_a1_constrained_feature_6.csv,nan
395,threat_evaluation,CICIDS2017,cicids2017_friday_holdout_sample,6,hist_gradient_boosting,a1_constrained_score_search,2026-06-12T10:55:47.438368+00:00,2026-06-12T10:55:48.692162+00:00,1.253793239593506,90000,nan,nan
396,result_writing,CICIDS2017,cicids2017_friday_holdout_sample,6,hist_gradient_boosting,a1_constrained_score_search,2026-06-12T10:55:48.692341+00:00,2026-06-12T10:55:48.695708+00:00,0.0033674240112304,1,results/raw/tier_e_core4_hgb_mlp_timed_cicids2017/CICIDS2017_cicids2017_friday_holdout_sample_hist_gradient_boosting_a1_constrained_score_search_6.csv,nan
397,threat_evaluation,CICIDS2017,cicids2017_friday_holdout_sample,6,hist_gradient_boosting,a4_split_shift,2026-06-12T10:55:48.695784+00:00,2026-06-12T10:55:48.796629+00:00,0.1008446216583252,90000,nan,nan
398,result_writing,CICIDS2017,cicids2017_friday_holdout_sample,6,hist_gradient_boosting,a4_split_shift,2026-06-12T10:55:48.796794+00:00,2026-06-12T10:55:48.800204+00:00,0.0034096240997314,1,results/raw/tier_e_core4_hgb_mlp_timed_cicids2017/CICIDS2017_cicids2017_friday_holdout_sample_hist_gradient_boosting_a4_split_shift_6.csv,nan
399,split_construction,CICIDS2017,cicids2017_friday_holdout_sample,6,logistic_regression,nan,2026-06-12T10:55:48.800290+00:00,2026-06-12T10:55:48.931308+00:00,0.1310176849365234,240000,nan,nan
400,preprocessing,CICIDS2017,cicids2017_friday_holdout_sample,6,logistic_regression,nan,2026-06-12T10:55:48.931485+00:00,2026-06-12T10:55:51.311777+00:00,2.3802919387817383,240000,nan,nan
401,model_training,CICIDS2017,cicids2017_friday_holdout_sample,6,logistic_regression,nan,2026-06-12T10:55:51.311926+00:00,2026-06-12T10:56:11.650887+00:00,20.338961839675903,240000,nan,nan
402,clean_profile,CICIDS2017,cicids2017_friday_holdout_sample,6,logistic_regression,nan,2026-06-12T10:56:11.650992+00:00,2026-06-12T10:56:11.703547+00:00,0.0525550842285156,240000,nan,nan
403,threat_evaluation,CICIDS2017,cicids2017_friday_holdout_sample,6,logistic_regression,a0_clean,2026-06-12T10:56:11.709724+00:00,2026-06-12T10:56:11.735359+00:00,0.025634765625,90000,nan,nan
404,result_writing,CICIDS2017,cicids2017_friday_holdout_sample,6,logistic_regression,a0_clean,2026-06-12T10:56:11.735532+00:00,2026-06-12T10:56:11.738997+00:00,0.0034642219543457,1,results/raw/tier_e_core4_hgb_mlp_timed_cicids2017/CICIDS2017_cicids2017_friday_holdout_sample_logistic_regression_a0_clean_6.csv,nan
405,threat_evaluation,CICIDS2017,cicids2017_friday_holdout_sample,6,logistic_regression,a1_constrained_feature,2026-06-12T10:56:11.739048+00:00,2026-06-12T10:56:11.957408+00:00,0.218360424041748,90000,nan,nan
406,result_writing,CICIDS2017,cicids2017_friday_holdout_sample,6,logistic_regression,a1_constrained_feature,2026-06-12T10:56:11.957583+00:00,2026-06-12T10:56:11.960950+00:00,0.0033669471740722,1,results/raw/tier_e_core4_hgb_mlp_timed_cicids2017/CICIDS2017_cicids2017_friday_holdout_sample_logistic_regression_a1_constrained_feature_6.csv,nan
407,threat_evaluation,CICIDS2017,cicids2017_friday_holdout_sample,6,logistic_regression,a1_constrained_score_search,2026-06-12T10:56:11.960995+00:00,2026-06-12T10:56:12.814284+00:00,0.8532881736755371,90000,nan,nan
408,result_writing,CICIDS2017,cicids2017_friday_holdout_sample,6,logistic_regression,a1_constrained_score_search,2026-06-12T10:56:12.814472+00:00,2026-06-12T10:56:12.817850+00:00,0.0033779144287109,1,results/raw/tier_e_core4_hgb_mlp_timed_cicids2017/CICIDS2017_cicids2017_friday_holdout_sample_logistic_regression_a1_constrained_score_search_6.csv,nan
409,threat_evaluation,CICIDS2017,cicids2017_friday_holdout_sample,6,logistic_regression,a4_split_shift,2026-06-12T10:56:12.817896+00:00,2026-06-12T10:56:12.843027+00:00,0.0251312255859375,90000,nan,nan
410,result_writing,CICIDS2017,cicids2017_friday_holdout_sample,6,logistic_regression,a4_split_shift,2026-06-12T10:56:12.843195+00:00,2026-06-12T10:56:12.846586+00:00,0.0033907890319824,1,results/raw/tier_e_core4_hgb_mlp_timed_cicids2017/CICIDS2017_cicids2017_friday_holdout_sample_logistic_regression_a4_split_shift_6.csv,nan
411,split_construction,CICIDS2017,cicids2017_friday_holdout_sample,6,mlp_sklearn,nan,2026-06-12T10:56:12.846673+00:00,2026-06-12T10:56:12.977661+00:00,0.1309878826141357,240000,nan,nan
412,preprocessing,CICIDS2017,cicids2017_friday_holdout_sample,6,mlp_sklearn,nan,2026-06-12T10:56:12.977794+00:00,2026-06-12T10:56:15.381474+00:00,2.403679847717285,240000,nan,nan
413,model_training,CICIDS2017,cicids2017_friday_holdout_sample,6,mlp_sklearn,nan,2026-06-12T10:56:15.381638+00:00,2026-06-12T10:56:28.622885+00:00,13.241246938705444,240000,nan,nan
414,clean_profile,CICIDS2017,cicids2017_friday_holdout_sample,6,mlp_sklearn,nan,2026-06-12T10:56:28.622962+00:00,2026-06-12T10:56:28.758631+00:00,0.135669469833374,240000,nan,nan
415,threat_evaluation,CICIDS2017,cicids2017_friday_holdout_sample,6,mlp_sklearn,a0_clean,2026-06-12T10:56:28.764469+00:00,2026-06-12T10:56:28.819394+00:00,0.0549256801605224,90000,nan,nan
416,result_writing,CICIDS2017,cicids2017_friday_holdout_sample,6,mlp_sklearn,a0_clean,2026-06-12T10:56:28.819566+00:00,2026-06-12T10:56:28.823039+00:00,0.0034732818603515,1,results/raw/tier_e_core4_hgb_mlp_timed_cicids2017/CICIDS2017_cicids2017_friday_holdout_sample_mlp_sklearn_a0_clean_6.csv,nan
417,threat_evaluation,CICIDS2017,cicids2017_friday_holdout_sample,6,mlp_sklearn,a1_constrained_feature,2026-06-12T10:56:28.823087+00:00,2026-06-12T10:56:29.063571+00:00,0.2404842376708984,90000,nan,nan
418,result_writing,CICIDS2017,cicids2017_friday_holdout_sample,6,mlp_sklearn,a1_constrained_feature,2026-06-12T10:56:29.063765+00:00,2026-06-12T10:56:29.067141+00:00,0.0033762454986572,1,results/raw/tier_e_core4_hgb_mlp_timed_cicids2017/CICIDS2017_cicids2017_friday_holdout_sample_mlp_sklearn_a1_constrained_feature_6.csv,nan
419,threat_evaluation,CICIDS2017,cicids2017_friday_holdout_sample,6,mlp_sklearn,a1_constrained_score_search,2026-06-12T10:56:29.067185+00:00,2026-06-12T10:56:30.004803+00:00,0.937617301940918,90000,nan,nan
420,result_writing,CICIDS2017,cicids2017_friday_holdout_sample,6,mlp_sklearn,a1_constrained_score_search,2026-06-12T10:56:30.004979+00:00,2026-06-12T10:56:30.008370+00:00,0.0033910274505615,1,results/raw/tier_e_core4_hgb_mlp_timed_cicids2017/CICIDS2017_cicids2017_friday_holdout_sample_mlp_sklearn_a1_constrained_score_search_6.csv,nan
421,threat_evaluation,CICIDS2017,cicids2017_friday_holdout_sample,6,mlp_sklearn,a4_split_shift,2026-06-12T10:56:30.008415+00:00,2026-06-12T10:56:30.062006+00:00,0.0535910129547119,90000,nan,nan
422,result_writing,CICIDS2017,cicids2017_friday_holdout_sample,6,mlp_sklearn,a4_split_shift,2026-06-12T10:56:30.062174+00:00,2026-06-12T10:56:30.065585+00:00,0.0034103393554687,1,results/raw/tier_e_core4_hgb_mlp_timed_cicids2017/CICIDS2017_cicids2017_friday_holdout_sample_mlp_sklearn_a4_split_shift_6.csv,nan
423,split_construction,CICIDS2017,cicids2017_friday_holdout_sample,6,random_forest,nan,2026-06-12T10:56:30.065673+00:00,2026-06-12T10:56:30.196733+00:00,0.1310603618621826,240000,nan,nan
424,preprocessing,CICIDS2017,cicids2017_friday_holdout_sample,6,random_forest,nan,2026-06-12T10:56:30.196860+00:00,2026-06-12T10:56:32.604017+00:00,2.4071567058563232,240000,nan,nan
425,model_training,CICIDS2017,cicids2017_friday_holdout_sample,6,random_forest,nan,2026-06-12T10:56:32.604199+00:00,2026-06-12T10:56:49.787266+00:00,17.183066606521606,240000,nan,nan
426,clean_profile,CICIDS2017,cicids2017_friday_holdout_sample,6,random_forest,nan,2026-06-12T10:56:49.787354+00:00,2026-06-12T10:56:50.640560+00:00,0.8532061576843262,240000,nan,nan
427,threat_evaluation,CICIDS2017,cicids2017_friday_holdout_sample,6,random_forest,a0_clean,2026-06-12T10:56:50.646372+00:00,2026-06-12T10:56:50.935524+00:00,0.289151668548584,90000,nan,nan
428,result_writing,CICIDS2017,cicids2017_friday_holdout_sample,6,random_forest,a0_clean,2026-06-12T10:56:50.935702+00:00,2026-06-12T10:56:50.939279+00:00,0.0035769939422607,1,results/raw/tier_e_core4_hgb_mlp_timed_cicids2017/CICIDS2017_cicids2017_friday_holdout_sample_random_forest_a0_clean_6.csv,nan
429,threat_evaluation,CICIDS2017,cicids2017_friday_holdout_sample,6,random_forest,a1_constrained_feature,2026-06-12T10:56:50.939330+00:00,2026-06-12T10:56:51.425954+00:00,0.4866242408752441,90000,nan,nan
430,result_writing,CICIDS2017,cicids2017_friday_holdout_sample,6,random_forest,a1_constrained_feature,2026-06-12T10:56:51.426133+00:00,2026-06-12T10:56:51.429566+00:00,0.003432273864746,1,results/raw/tier_e_core4_hgb_mlp_timed_cicids2017/CICIDS2017_cicids2017_friday_holdout_sample_random_forest_a1_constrained_feature_6.csv,nan
431,threat_evaluation,CICIDS2017,cicids2017_friday_holdout_sample,6,random_forest,a1_constrained_score_search,2026-06-12T10:56:51.429617+00:00,2026-06-12T10:56:52.822000+00:00,1.392383098602295,90000,nan,nan
432,result_writing,CICIDS2017,cicids2017_friday_holdout_sample,6,random_forest,a1_constrained_score_search,2026-06-12T10:56:52.822181+00:00,2026-06-12T10:56:52.825594+00:00,0.0034129619598388,1,results/raw/tier_e_core4_hgb_mlp_timed_cicids2017/CICIDS2017_cicids2017_friday_holdout_sample_random_forest_a1_constrained_score_search_6.csv,nan
433,threat_evaluation,CICIDS2017,cicids2017_friday_holdout_sample,6,random_forest,a4_split_shift,2026-06-12T10:56:52.825645+00:00,2026-06-12T10:56:53.115288+00:00,0.2896432876586914,90000,nan,nan
434,result_writing,CICIDS2017,cicids2017_friday_holdout_sample,6,random_forest,a4_split_shift,2026-06-12T10:56:53.115455+00:00,2026-06-12T10:56:53.118891+00:00,0.0034358501434326,1,results/raw/tier_e_core4_hgb_mlp_timed_cicids2017/CICIDS2017_cicids2017_friday_holdout_sample_random_forest_a4_split_shift_6.csv,nan
435,dataset_load,CICIDS2017,cicids2017_friday_holdout_sample,7,nan,nan,2026-06-12T10:56:53.118942+00:00,2026-06-12T10:56:59.123782+00:00,6.004839897155762,240000,nan,nan
436,preprocess_manifest,CICIDS2017,cicids2017_friday_holdout_sample,7,nan,nan,2026-06-12T10:56:59.123910+00:00,2026-06-12T10:57:01.297143+00:00,2.1732327938079834,240000,nan,nan
437,split_construction,CICIDS2017,cicids2017_friday_holdout_sample,7,extra_trees,nan,2026-06-12T10:57:01.297317+00:00,2026-06-12T10:57:01.428502+00:00,0.1311852931976318,240000,nan,nan
438,preprocessing,CICIDS2017,cicids2017_friday_holdout_sample,7,extra_trees,nan,2026-06-12T10:57:01.428633+00:00,2026-06-12T10:57:03.888921+00:00,2.4602882862091064,240000,nan,nan
439,model_training,CICIDS2017,cicids2017_friday_holdout_sample,7,extra_trees,nan,2026-06-12T10:57:03.889102+00:00,2026-06-12T10:57:13.982879+00:00,10.09377646446228,240000,nan,nan
440,clean_profile,CICIDS2017,cicids2017_friday_holdout_sample,7,extra_trees,nan,2026-06-12T10:57:13.982969+00:00,2026-06-12T10:57:15.284346+00:00,1.3013765811920166,240000,nan,nan
441,threat_evaluation,CICIDS2017,cicids2017_friday_holdout_sample,7,extra_trees,a0_clean,2026-06-12T10:57:15.290082+00:00,2026-06-12T10:57:15.745756+00:00,0.4556748867034912,90000,nan,nan
442,result_writing,CICIDS2017,cicids2017_friday_holdout_sample,7,extra_trees,a0_clean,2026-06-12T10:57:15.745929+00:00,2026-06-12T10:57:15.749417+00:00,0.003488540649414,1,results/raw/tier_e_core4_hgb_mlp_timed_cicids2017/CICIDS2017_cicids2017_friday_holdout_sample_extra_trees_a0_clean_7.csv,nan
443,threat_evaluation,CICIDS2017,cicids2017_friday_holdout_sample,7,extra_trees,a1_constrained_feature,2026-06-12T10:57:15.749467+00:00,2026-06-12T10:57:16.403843+00:00,0.6543762683868408,90000,nan,nan
444,result_writing,CICIDS2017,cicids2017_friday_holdout_sample,7,extra_trees,a1_constrained_feature,2026-06-12T10:57:16.404022+00:00,2026-06-12T10:57:16.407454+00:00,0.0034317970275878,1,results/raw/tier_e_core4_hgb_mlp_timed_cicids2017/CICIDS2017_cicids2017_friday_holdout_sample_extra_trees_a1_constrained_feature_7.csv,nan
445,threat_evaluation,CICIDS2017,cicids2017_friday_holdout_sample,7,extra_trees,a1_constrained_score_search,2026-06-12T10:57:16.407503+00:00,2026-06-12T10:57:18.121508+00:00,1.7140049934387207,90000,nan,nan
446,result_writing,CICIDS2017,cicids2017_friday_holdout_sample,7,extra_trees,a1_constrained_score_search,2026-06-12T10:57:18.121688+00:00,2026-06-12T10:57:18.125093+00:00,0.0034050941467285,1,results/raw/tier_e_core4_hgb_mlp_timed_cicids2017/CICIDS2017_cicids2017_friday_holdout_sample_extra_trees_a1_constrained_score_search_7.csv,nan
447,threat_evaluation,CICIDS2017,cicids2017_friday_holdout_sample,7,extra_trees,a4_split_shift,2026-06-12T10:57:18.125142+00:00,2026-06-12T10:57:18.575807+00:00,0.4506649971008301,90000,nan,nan
448,result_writing,CICIDS2017,cicids2017_friday_holdout_sample,7,extra_trees,a4_split_shift,2026-06-12T10:57:18.575976+00:00,2026-06-12T10:57:18.579370+00:00,0.0033931732177734,1,results/raw/tier_e_core4_hgb_mlp_timed_cicids2017/CICIDS2017_cicids2017_friday_holdout_sample_extra_trees_a4_split_shift_7.csv,nan
449,split_construction,CICIDS2017,cicids2017_friday_holdout_sample,7,hist_gradient_boosting,nan,2026-06-12T10:57:18.579463+00:00,2026-06-12T10:57:18.711232+00:00,0.1317694187164306,240000,nan,nan
450,preprocessing,CICIDS2017,cicids2017_friday_holdout_sample,7,hist_gradient_boosting,nan,2026-06-12T10:57:18.711353+00:00,2026-06-12T10:57:21.090420+00:00,2.379067659378052,240000,nan,nan
451,model_training,CICIDS2017,cicids2017_friday_holdout_sample,7,hist_gradient_boosting,nan,2026-06-12T10:57:21.090590+00:00,2026-06-12T10:57:24.329654+00:00,3.239063262939453,240000,nan,nan
452,clean_profile,CICIDS2017,cicids2017_friday_holdout_sample,7,hist_gradient_boosting,nan,2026-06-12T10:57:24.329745+00:00,2026-06-12T10:57:24.613733+00:00,0.2839882373809814,240000,nan,nan
453,threat_evaluation,CICIDS2017,cicids2017_friday_holdout_sample,7,hist_gradient_boosting,a0_clean,2026-06-12T10:57:24.619369+00:00,2026-06-12T10:57:24.717992+00:00,0.0986223220825195,90000,nan,nan
454,result_writing,CICIDS2017,cicids2017_friday_holdout_sample,7,hist_gradient_boosting,a0_clean,2026-06-12T10:57:24.718156+00:00,2026-06-12T10:57:24.721631+00:00,0.0034742355346679,1,results/raw/tier_e_core4_hgb_mlp_timed_cicids2017/CICIDS2017_cicids2017_friday_holdout_sample_hist_gradient_boosting_a0_clean_7.csv,nan
455,threat_evaluation,CICIDS2017,cicids2017_friday_holdout_sample,7,hist_gradient_boosting,a1_constrained_feature,2026-06-12T10:57:24.721678+00:00,2026-06-12T10:57:25.055743+00:00,0.3340647220611572,90000,nan,nan
456,result_writing,CICIDS2017,cicids2017_friday_holdout_sample,7,hist_gradient_boosting,a1_constrained_feature,2026-06-12T10:57:25.055915+00:00,2026-06-12T10:57:25.059263+00:00,0.0033483505249023,1,results/raw/tier_e_core4_hgb_mlp_timed_cicids2017/CICIDS2017_cicids2017_friday_holdout_sample_hist_gradient_boosting_a1_constrained_feature_7.csv,nan
457,threat_evaluation,CICIDS2017,cicids2017_friday_holdout_sample,7,hist_gradient_boosting,a1_constrained_score_search,2026-06-12T10:57:25.059306+00:00,2026-06-12T10:57:26.386019+00:00,1.3267128467559814,90000,nan,nan
458,result_writing,CICIDS2017,cicids2017_friday_holdout_sample,7,hist_gradient_boosting,a1_constrained_score_search,2026-06-12T10:57:26.386202+00:00,2026-06-12T10:57:26.389638+00:00,0.0034358501434326,1,results/raw/tier_e_core4_hgb_mlp_timed_cicids2017/CICIDS2017_cicids2017_friday_holdout_sample_hist_gradient_boosting_a1_constrained_score_search_7.csv,nan
459,threat_evaluation,CICIDS2017,cicids2017_friday_holdout_sample,7,hist_gradient_boosting,a4_split_shift,2026-06-12T10:57:26.389683+00:00,2026-06-12T10:57:26.497718+00:00,0.1080355644226074,90000,nan,nan
460,result_writing,CICIDS2017,cicids2017_friday_holdout_sample,7,hist_gradient_boosting,a4_split_shift,2026-06-12T10:57:26.497886+00:00,2026-06-12T10:57:26.501282+00:00,0.0033960342407226,1,results/raw/tier_e_core4_hgb_mlp_timed_cicids2017/CICIDS2017_cicids2017_friday_holdout_sample_hist_gradient_boosting_a4_split_shift_7.csv,nan
461,split_construction,CICIDS2017,cicids2017_friday_holdout_sample,7,logistic_regression,nan,2026-06-12T10:57:26.501366+00:00,2026-06-12T10:57:26.631900+00:00,0.1305336952209472,240000,nan,nan
462,preprocessing,CICIDS2017,cicids2017_friday_holdout_sample,7,logistic_regression,nan,2026-06-12T10:57:26.632021+00:00,2026-06-12T10:57:29.030180+00:00,2.398158311843872,240000,nan,nan
463,model_training,CICIDS2017,cicids2017_friday_holdout_sample,7,logistic_regression,nan,2026-06-12T10:57:29.030317+00:00,2026-06-12T10:57:50.141073+00:00,21.110756397247314,240000,nan,nan
464,clean_profile,CICIDS2017,cicids2017_friday_holdout_sample,7,logistic_regression,nan,2026-06-12T10:57:50.141147+00:00,2026-06-12T10:57:50.191429+00:00,0.0502820014953613,240000,nan,nan
465,threat_evaluation,CICIDS2017,cicids2017_friday_holdout_sample,7,logistic_regression,a0_clean,2026-06-12T10:57:50.197528+00:00,2026-06-12T10:57:50.223052+00:00,0.0255231857299804,90000,nan,nan
466,result_writing,CICIDS2017,cicids2017_friday_holdout_sample,7,logistic_regression,a0_clean,2026-06-12T10:57:50.223219+00:00,2026-06-12T10:57:50.226689+00:00,0.003469705581665,1,results/raw/tier_e_core4_hgb_mlp_timed_cicids2017/CICIDS2017_cicids2017_friday_holdout_sample_logistic_regression_a0_clean_7.csv,nan
467,threat_evaluation,CICIDS2017,cicids2017_friday_holdout_sample,7,logistic_regression,a1_constrained_feature,2026-06-12T10:57:50.226743+00:00,2026-06-12T10:57:50.440679+00:00,0.2139363288879394,90000,nan,nan
468,result_writing,CICIDS2017,cicids2017_friday_holdout_sample,7,logistic_regression,a1_constrained_feature,2026-06-12T10:57:50.440856+00:00,2026-06-12T10:57:50.444242+00:00,0.0033864974975585,1,results/raw/tier_e_core4_hgb_mlp_timed_cicids2017/CICIDS2017_cicids2017_friday_holdout_sample_logistic_regression_a1_constrained_feature_7.csv,nan
469,threat_evaluation,CICIDS2017,cicids2017_friday_holdout_sample,7,logistic_regression,a1_constrained_score_search,2026-06-12T10:57:50.444287+00:00,2026-06-12T10:57:51.291009+00:00,0.846721887588501,90000,nan,nan
470,result_writing,CICIDS2017,cicids2017_friday_holdout_sample,7,logistic_regression,a1_constrained_score_search,2026-06-12T10:57:51.291188+00:00,2026-06-12T10:57:51.294567+00:00,0.0033791065216064,1,results/raw/tier_e_core4_hgb_mlp_timed_cicids2017/CICIDS2017_cicids2017_friday_holdout_sample_logistic_regression_a1_constrained_score_search_7.csv,nan
471,threat_evaluation,CICIDS2017,cicids2017_friday_holdout_sample,7,logistic_regression,a4_split_shift,2026-06-12T10:57:51.294609+00:00,2026-06-12T10:57:51.319761+00:00,0.0251522064208984,90000,nan,nan
472,result_writing,CICIDS2017,cicids2017_friday_holdout_sample,7,logistic_regression,a4_split_shift,2026-06-12T10:57:51.319930+00:00,2026-06-12T10:57:51.323291+00:00,0.0033602714538574,1,results/raw/tier_e_core4_hgb_mlp_timed_cicids2017/CICIDS2017_cicids2017_friday_holdout_sample_logistic_regression_a4_split_shift_7.csv,nan
473,split_construction,CICIDS2017,cicids2017_friday_holdout_sample,7,mlp_sklearn,nan,2026-06-12T10:57:51.323375+00:00,2026-06-12T10:57:51.454695+00:00,0.1313192844390869,240000,nan,nan
474,preprocessing,CICIDS2017,cicids2017_friday_holdout_sample,7,mlp_sklearn,nan,2026-06-12T10:57:51.454818+00:00,2026-06-12T10:57:53.849688+00:00,2.3948702812194824,240000,nan,nan
475,model_training,CICIDS2017,cicids2017_friday_holdout_sample,7,mlp_sklearn,nan,2026-06-12T10:57:53.849853+00:00,2026-06-12T10:58:06.160915+00:00,12.31106162071228,240000,nan,nan
476,clean_profile,CICIDS2017,cicids2017_friday_holdout_sample,7,mlp_sklearn,nan,2026-06-12T10:58:06.160993+00:00,2026-06-12T10:58:06.296407+00:00,0.1354148387908935,240000,nan,nan
477,threat_evaluation,CICIDS2017,cicids2017_friday_holdout_sample,7,mlp_sklearn,a0_clean,2026-06-12T10:58:06.301606+00:00,2026-06-12T10:58:06.356232+00:00,0.0546267032623291,90000,nan,nan
478,result_writing,CICIDS2017,cicids2017_friday_holdout_sample,7,mlp_sklearn,a0_clean,2026-06-12T10:58:06.356407+00:00,2026-06-12T10:58:06.359890+00:00,0.0034830570220947,1,results/raw/tier_e_core4_hgb_mlp_timed_cicids2017/CICIDS2017_cicids2017_friday_holdout_sample_mlp_sklearn_a0_clean_7.csv,nan
479,threat_evaluation,CICIDS2017,cicids2017_friday_holdout_sample,7,mlp_sklearn,a1_constrained_feature,2026-06-12T10:58:06.359937+00:00,2026-06-12T10:58:06.601169+00:00,0.2412314414978027,90000,nan,nan
480,result_writing,CICIDS2017,cicids2017_friday_holdout_sample,7,mlp_sklearn,a1_constrained_feature,2026-06-12T10:58:06.601344+00:00,2026-06-12T10:58:06.604689+00:00,0.0033450126647949,1,results/raw/tier_e_core4_hgb_mlp_timed_cicids2017/CICIDS2017_cicids2017_friday_holdout_sample_mlp_sklearn_a1_constrained_feature_7.csv,nan
481,threat_evaluation,CICIDS2017,cicids2017_friday_holdout_sample,7,mlp_sklearn,a1_constrained_score_search,2026-06-12T10:58:06.604734+00:00,2026-06-12T10:58:07.541829+00:00,0.9370954036712646,90000,nan,nan
482,result_writing,CICIDS2017,cicids2017_friday_holdout_sample,7,mlp_sklearn,a1_constrained_score_search,2026-06-12T10:58:07.542005+00:00,2026-06-12T10:58:07.545408+00:00,0.0034034252166748,1,results/raw/tier_e_core4_hgb_mlp_timed_cicids2017/CICIDS2017_cicids2017_friday_holdout_sample_mlp_sklearn_a1_constrained_score_search_7.csv,nan
483,threat_evaluation,CICIDS2017,cicids2017_friday_holdout_sample,7,mlp_sklearn,a4_split_shift,2026-06-12T10:58:07.545453+00:00,2026-06-12T10:58:07.598607+00:00,0.0531539916992187,90000,nan,nan
484,result_writing,CICIDS2017,cicids2017_friday_holdout_sample,7,mlp_sklearn,a4_split_shift,2026-06-12T10:58:07.598778+00:00,2026-06-12T10:58:07.602152+00:00,0.0033740997314453,1,results/raw/tier_e_core4_hgb_mlp_timed_cicids2017/CICIDS2017_cicids2017_friday_holdout_sample_mlp_sklearn_a4_split_shift_7.csv,nan
485,split_construction,CICIDS2017,cicids2017_friday_holdout_sample,7,random_forest,nan,2026-06-12T10:58:07.602242+00:00,2026-06-12T10:58:07.733258+00:00,0.1310169696807861,240000,nan,nan
486,preprocessing,CICIDS2017,cicids2017_friday_holdout_sample,7,random_forest,nan,2026-06-12T10:58:07.733386+00:00,2026-06-12T10:58:10.121176+00:00,2.387790441513061,240000,nan,nan
487,model_training,CICIDS2017,cicids2017_friday_holdout_sample,7,random_forest,nan,2026-06-12T10:58:10.121365+00:00,2026-06-12T10:58:27.251049+00:00,17.12968349456787,240000,nan,nan
488,clean_profile,CICIDS2017,cicids2017_friday_holdout_sample,7,random_forest,nan,2026-06-12T10:58:27.251136+00:00,2026-06-12T10:58:28.108958+00:00,0.8578224182128906,240000,nan,nan
489,threat_evaluation,CICIDS2017,cicids2017_friday_holdout_sample,7,random_forest,a0_clean,2026-06-12T10:58:28.114187+00:00,2026-06-12T10:58:28.416457+00:00,0.3022701740264892,90000,nan,nan
490,result_writing,CICIDS2017,cicids2017_friday_holdout_sample,7,random_forest,a0_clean,2026-06-12T10:58:28.416628+00:00,2026-06-12T10:58:28.420162+00:00,0.0035343170166015,1,results/raw/tier_e_core4_hgb_mlp_timed_cicids2017/CICIDS2017_cicids2017_friday_holdout_sample_random_forest_a0_clean_7.csv,nan
491,threat_evaluation,CICIDS2017,cicids2017_friday_holdout_sample,7,random_forest,a1_constrained_feature,2026-06-12T10:58:28.420213+00:00,2026-06-12T10:58:28.921698+00:00,0.5014853477478027,90000,nan,nan
492,result_writing,CICIDS2017,cicids2017_friday_holdout_sample,7,random_forest,a1_constrained_feature,2026-06-12T10:58:28.921869+00:00,2026-06-12T10:58:28.925304+00:00,0.0034356117248535,1,results/raw/tier_e_core4_hgb_mlp_timed_cicids2017/CICIDS2017_cicids2017_friday_holdout_sample_random_forest_a1_constrained_feature_7.csv,nan
493,threat_evaluation,CICIDS2017,cicids2017_friday_holdout_sample,7,random_forest,a1_constrained_score_search,2026-06-12T10:58:28.925354+00:00,2026-06-12T10:58:30.365766+00:00,1.4404113292694092,90000,nan,nan
494,result_writing,CICIDS2017,cicids2017_friday_holdout_sample,7,random_forest,a1_constrained_score_search,2026-06-12T10:58:30.365943+00:00,2026-06-12T10:58:30.369382+00:00,0.0034389495849609,1,results/raw/tier_e_core4_hgb_mlp_timed_cicids2017/CICIDS2017_cicids2017_friday_holdout_sample_random_forest_a1_constrained_score_search_7.csv,nan
495,threat_evaluation,CICIDS2017,cicids2017_friday_holdout_sample,7,random_forest,a4_split_shift,2026-06-12T10:58:30.369432+00:00,2026-06-12T10:58:30.671938+00:00,0.3025054931640625,90000,nan,nan
496,result_writing,CICIDS2017,cicids2017_friday_holdout_sample,7,random_forest,a4_split_shift,2026-06-12T10:58:30.672116+00:00,2026-06-12T10:58:30.675553+00:00,0.0034377574920654,1,results/raw/tier_e_core4_hgb_mlp_timed_cicids2017/CICIDS2017_cicids2017_friday_holdout_sample_random_forest_a4_split_shift_7.csv,nan
497,dataset_load,CICIDS2017,cicids2017_friday_holdout_sample,8,nan,nan,2026-06-12T10:58:30.675605+00:00,2026-06-12T10:58:36.612087+00:00,5.936481952667236,240000,nan,nan
498,preprocess_manifest,CICIDS2017,cicids2017_friday_holdout_sample,8,nan,nan,2026-06-12T10:58:36.612230+00:00,2026-06-12T10:58:38.775745+00:00,2.163515090942383,240000,nan,nan
499,split_construction,CICIDS2017,cicids2017_friday_holdout_sample,8,extra_trees,nan,2026-06-12T10:58:38.775928+00:00,2026-06-12T10:58:38.907301+00:00,0.1313731670379638,240000,nan,nan
500,preprocessing,CICIDS2017,cicids2017_friday_holdout_sample,8,extra_trees,nan,2026-06-12T10:58:38.907432+00:00,2026-06-12T10:58:41.287784+00:00,2.380352020263672,240000,nan,nan
501,model_training,CICIDS2017,cicids2017_friday_holdout_sample,8,extra_trees,nan,2026-06-12T10:58:41.287969+00:00,2026-06-12T10:58:51.198633+00:00,9.910664319992064,240000,nan,nan
502,clean_profile,CICIDS2017,cicids2017_friday_holdout_sample,8,extra_trees,nan,2026-06-12T10:58:51.198721+00:00,2026-06-12T10:58:52.478715+00:00,1.2799947261810305,240000,nan,nan
503,threat_evaluation,CICIDS2017,cicids2017_friday_holdout_sample,8,extra_trees,a0_clean,2026-06-12T10:58:52.484051+00:00,2026-06-12T10:58:52.921288+00:00,0.437237024307251,90000,nan,nan
504,result_writing,CICIDS2017,cicids2017_friday_holdout_sample,8,extra_trees,a0_clean,2026-06-12T10:58:52.921468+00:00,2026-06-12T10:58:52.924977+00:00,0.0035092830657958,1,results/raw/tier_e_core4_hgb_mlp_timed_cicids2017/CICIDS2017_cicids2017_friday_holdout_sample_extra_trees_a0_clean_8.csv,nan
505,threat_evaluation,CICIDS2017,cicids2017_friday_holdout_sample,8,extra_trees,a1_constrained_feature,2026-06-12T10:58:52.925029+00:00,2026-06-12T10:58:53.560039+00:00,0.6350102424621582,90000,nan,nan
506,result_writing,CICIDS2017,cicids2017_friday_holdout_sample,8,extra_trees,a1_constrained_feature,2026-06-12T10:58:53.560221+00:00,2026-06-12T10:58:53.563607+00:00,0.0033855438232421,1,results/raw/tier_e_core4_hgb_mlp_timed_cicids2017/CICIDS2017_cicids2017_friday_holdout_sample_extra_trees_a1_constrained_feature_8.csv,nan
507,threat_evaluation,CICIDS2017,cicids2017_friday_holdout_sample,8,extra_trees,a1_constrained_score_search,2026-06-12T10:58:53.563657+00:00,2026-06-12T10:58:55.253643+00:00,1.6899855136871338,90000,nan,nan
508,result_writing,CICIDS2017,cicids2017_friday_holdout_sample,8,extra_trees,a1_constrained_score_search,2026-06-12T10:58:55.253829+00:00,2026-06-12T10:58:55.257300+00:00,0.0034706592559814,1,results/raw/tier_e_core4_hgb_mlp_timed_cicids2017/CICIDS2017_cicids2017_friday_holdout_sample_extra_trees_a1_constrained_score_search_8.csv,nan
509,threat_evaluation,CICIDS2017,cicids2017_friday_holdout_sample,8,extra_trees,a4_split_shift,2026-06-12T10:58:55.257352+00:00,2026-06-12T10:58:55.693851+00:00,0.4364995956420898,90000,nan,nan
510,result_writing,CICIDS2017,cicids2017_friday_holdout_sample,8,extra_trees,a4_split_shift,2026-06-12T10:58:55.694021+00:00,2026-06-12T10:58:55.697481+00:00,0.0034601688385009,1,results/raw/tier_e_core4_hgb_mlp_timed_cicids2017/CICIDS2017_cicids2017_friday_holdout_sample_extra_trees_a4_split_shift_8.csv,nan
511,split_construction,CICIDS2017,cicids2017_friday_holdout_sample,8,hist_gradient_boosting,nan,2026-06-12T10:58:55.697569+00:00,2026-06-12T10:58:55.829219+00:00,0.1316494941711425,240000,nan,nan
512,preprocessing,CICIDS2017,cicids2017_friday_holdout_sample,8,hist_gradient_boosting,nan,2026-06-12T10:58:55.829336+00:00,2026-06-12T10:58:58.221268+00:00,2.391932249069214,240000,nan,nan
513,model_training,CICIDS2017,cicids2017_friday_holdout_sample,8,hist_gradient_boosting,nan,2026-06-12T10:58:58.221435+00:00,2026-06-12T10:59:01.476731+00:00,3.255296230316162,240000,nan,nan
514,clean_profile,CICIDS2017,cicids2017_friday_holdout_sample,8,hist_gradient_boosting,nan,2026-06-12T10:59:01.476827+00:00,2026-06-12T10:59:01.756073+00:00,0.2792463302612304,240000,nan,nan
515,threat_evaluation,CICIDS2017,cicids2017_friday_holdout_sample,8,hist_gradient_boosting,a0_clean,2026-06-12T10:59:01.761960+00:00,2026-06-12T10:59:01.860986+00:00,0.0990264415740966,90000,nan,nan
516,result_writing,CICIDS2017,cicids2017_friday_holdout_sample,8,hist_gradient_boosting,a0_clean,2026-06-12T10:59:01.861158+00:00,2026-06-12T10:59:01.864631+00:00,0.0034735202789306,1,results/raw/tier_e_core4_hgb_mlp_timed_cicids2017/CICIDS2017_cicids2017_friday_holdout_sample_hist_gradient_boosting_a0_clean_8.csv,nan
517,threat_evaluation,CICIDS2017,cicids2017_friday_holdout_sample,8,hist_gradient_boosting,a1_constrained_feature,2026-06-12T10:59:01.864676+00:00,2026-06-12T10:59:02.156496+00:00,0.2918195724487304,90000,nan,nan
518,result_writing,CICIDS2017,cicids2017_friday_holdout_sample,8,hist_gradient_boosting,a1_constrained_feature,2026-06-12T10:59:02.156665+00:00,2026-06-12T10:59:02.160086+00:00,0.0034210681915283,1,results/raw/tier_e_core4_hgb_mlp_timed_cicids2017/CICIDS2017_cicids2017_friday_holdout_sample_hist_gradient_boosting_a1_constrained_feature_8.csv,nan
519,threat_evaluation,CICIDS2017,cicids2017_friday_holdout_sample,8,hist_gradient_boosting,a1_constrained_score_search,2026-06-12T10:59:02.160131+00:00,2026-06-12T10:59:03.427621+00:00,1.267489671707153,90000,nan,nan
520,result_writing,CICIDS2017,cicids2017_friday_holdout_sample,8,hist_gradient_boosting,a1_constrained_score_search,2026-06-12T10:59:03.427819+00:00,2026-06-12T10:59:03.431218+00:00,0.0033984184265136,1,results/raw/tier_e_core4_hgb_mlp_timed_cicids2017/CICIDS2017_cicids2017_friday_holdout_sample_hist_gradient_boosting_a1_constrained_score_search_8.csv,nan
521,threat_evaluation,CICIDS2017,cicids2017_friday_holdout_sample,8,hist_gradient_boosting,a4_split_shift,2026-06-12T10:59:03.431265+00:00,2026-06-12T10:59:03.535591+00:00,0.1043257713317871,90000,nan,nan
522,result_writing,CICIDS2017,cicids2017_friday_holdout_sample,8,hist_gradient_boosting,a4_split_shift,2026-06-12T10:59:03.535789+00:00,2026-06-12T10:59:03.539188+00:00,0.0033981800079345,1,results/raw/tier_e_core4_hgb_mlp_timed_cicids2017/CICIDS2017_cicids2017_friday_holdout_sample_hist_gradient_boosting_a4_split_shift_8.csv,nan
523,split_construction,CICIDS2017,cicids2017_friday_holdout_sample,8,logistic_regression,nan,2026-06-12T10:59:03.539276+00:00,2026-06-12T10:59:03.670197+00:00,0.1309208869934082,240000,nan,nan
524,preprocessing,CICIDS2017,cicids2017_friday_holdout_sample,8,logistic_regression,nan,2026-06-12T10:59:03.670326+00:00,2026-06-12T10:59:06.066087+00:00,2.395761728286743,240000,nan,nan
525,model_training,CICIDS2017,cicids2017_friday_holdout_sample,8,logistic_regression,nan,2026-06-12T10:59:06.066222+00:00,2026-06-12T10:59:25.181277+00:00,19.115054845809937,240000,nan,nan
526,clean_profile,CICIDS2017,cicids2017_friday_holdout_sample,8,logistic_regression,nan,2026-06-12T10:59:25.181363+00:00,2026-06-12T10:59:25.231698+00:00,0.0503346920013427,240000,nan,nan
527,threat_evaluation,CICIDS2017,cicids2017_friday_holdout_sample,8,logistic_regression,a0_clean,2026-06-12T10:59:25.237874+00:00,2026-06-12T10:59:25.263279+00:00,0.0254054069519042,90000,nan,nan
528,result_writing,CICIDS2017,cicids2017_friday_holdout_sample,8,logistic_regression,a0_clean,2026-06-12T10:59:25.263450+00:00,2026-06-12T10:59:25.266963+00:00,0.0035128593444824,1,results/raw/tier_e_core4_hgb_mlp_timed_cicids2017/CICIDS2017_cicids2017_friday_holdout_sample_logistic_regression_a0_clean_8.csv,nan
529,threat_evaluation,CICIDS2017,cicids2017_friday_holdout_sample,8,logistic_regression,a1_constrained_feature,2026-06-12T10:59:25.267015+00:00,2026-06-12T10:59:25.480880+00:00,0.2138657569885254,90000,nan,nan
530,result_writing,CICIDS2017,cicids2017_friday_holdout_sample,8,logistic_regression,a1_constrained_feature,2026-06-12T10:59:25.481056+00:00,2026-06-12T10:59:25.484472+00:00,0.003415822982788,1,results/raw/tier_e_core4_hgb_mlp_timed_cicids2017/CICIDS2017_cicids2017_friday_holdout_sample_logistic_regression_a1_constrained_feature_8.csv,nan
531,threat_evaluation,CICIDS2017,cicids2017_friday_holdout_sample,8,logistic_regression,a1_constrained_score_search,2026-06-12T10:59:25.484518+00:00,2026-06-12T10:59:26.334128+00:00,0.8496103286743164,90000,nan,nan
532,result_writing,CICIDS2017,cicids2017_friday_holdout_sample,8,logistic_regression,a1_constrained_score_search,2026-06-12T10:59:26.334295+00:00,2026-06-12T10:59:26.348085+00:00,0.0137896537780761,1,results/raw/tier_e_core4_hgb_mlp_timed_cicids2017/CICIDS2017_cicids2017_friday_holdout_sample_logistic_regression_a1_constrained_score_search_8.csv,nan
533,threat_evaluation,CICIDS2017,cicids2017_friday_holdout_sample,8,logistic_regression,a4_split_shift,2026-06-12T10:59:26.348130+00:00,2026-06-12T10:59:26.373215+00:00,0.0250852108001709,90000,nan,nan
534,result_writing,CICIDS2017,cicids2017_friday_holdout_sample,8,logistic_regression,a4_split_shift,2026-06-12T10:59:26.373380+00:00,2026-06-12T10:59:26.376706+00:00,0.0033261775970458,1,results/raw/tier_e_core4_hgb_mlp_timed_cicids2017/CICIDS2017_cicids2017_friday_holdout_sample_logistic_regression_a4_split_shift_8.csv,nan
535,split_construction,CICIDS2017,cicids2017_friday_holdout_sample,8,mlp_sklearn,nan,2026-06-12T10:59:26.376791+00:00,2026-06-12T10:59:26.508354+00:00,0.1315631866455078,240000,nan,nan
536,preprocessing,CICIDS2017,cicids2017_friday_holdout_sample,8,mlp_sklearn,nan,2026-06-12T10:59:26.508482+00:00,2026-06-12T10:59:28.896596+00:00,2.388114213943481,240000,nan,nan
537,model_training,CICIDS2017,cicids2017_friday_holdout_sample,8,mlp_sklearn,nan,2026-06-12T10:59:28.896770+00:00,2026-06-12T10:59:39.659417+00:00,10.762646198272703,240000,nan,nan
538,clean_profile,CICIDS2017,cicids2017_friday_holdout_sample,8,mlp_sklearn,nan,2026-06-12T10:59:39.659497+00:00,2026-06-12T10:59:39.793997+00:00,0.134500503540039,240000,nan,nan
539,threat_evaluation,CICIDS2017,cicids2017_friday_holdout_sample,8,mlp_sklearn,a0_clean,2026-06-12T10:59:39.799834+00:00,2026-06-12T10:59:39.854141+00:00,0.0543079376220703,90000,nan,nan
540,result_writing,CICIDS2017,cicids2017_friday_holdout_sample,8,mlp_sklearn,a0_clean,2026-06-12T10:59:39.854321+00:00,2026-06-12T10:59:39.857800+00:00,0.0034787654876708,1,results/raw/tier_e_core4_hgb_mlp_timed_cicids2017/CICIDS2017_cicids2017_friday_holdout_sample_mlp_sklearn_a0_clean_8.csv,nan
541,threat_evaluation,CICIDS2017,cicids2017_friday_holdout_sample,8,mlp_sklearn,a1_constrained_feature,2026-06-12T10:59:39.857853+00:00,2026-06-12T10:59:40.098812+00:00,0.2409586906433105,90000,nan,nan
542,result_writing,CICIDS2017,cicids2017_friday_holdout_sample,8,mlp_sklearn,a1_constrained_feature,2026-06-12T10:59:40.098985+00:00,2026-06-12T10:59:40.102426+00:00,0.0034406185150146,1,results/raw/tier_e_core4_hgb_mlp_timed_cicids2017/CICIDS2017_cicids2017_friday_holdout_sample_mlp_sklearn_a1_constrained_feature_8.csv,nan
543,threat_evaluation,CICIDS2017,cicids2017_friday_holdout_sample,8,mlp_sklearn,a1_constrained_score_search,2026-06-12T10:59:40.102470+00:00,2026-06-12T10:59:41.043182+00:00,0.940711498260498,90000,nan,nan
544,result_writing,CICIDS2017,cicids2017_friday_holdout_sample,8,mlp_sklearn,a1_constrained_score_search,2026-06-12T10:59:41.043355+00:00,2026-06-12T10:59:41.046766+00:00,0.0034105777740478,1,results/raw/tier_e_core4_hgb_mlp_timed_cicids2017/CICIDS2017_cicids2017_friday_holdout_sample_mlp_sklearn_a1_constrained_score_search_8.csv,nan
545,threat_evaluation,CICIDS2017,cicids2017_friday_holdout_sample,8,mlp_sklearn,a4_split_shift,2026-06-12T10:59:41.046811+00:00,2026-06-12T10:59:41.100180+00:00,0.0533685684204101,90000,nan,nan
546,result_writing,CICIDS2017,cicids2017_friday_holdout_sample,8,mlp_sklearn,a4_split_shift,2026-06-12T10:59:41.100349+00:00,2026-06-12T10:59:41.103694+00:00,0.0033454895019531,1,results/raw/tier_e_core4_hgb_mlp_timed_cicids2017/CICIDS2017_cicids2017_friday_holdout_sample_mlp_sklearn_a4_split_shift_8.csv,nan
547,split_construction,CICIDS2017,cicids2017_friday_holdout_sample,8,random_forest,nan,2026-06-12T10:59:41.103821+00:00,2026-06-12T10:59:41.234392+00:00,0.1305711269378662,240000,nan,nan
548,preprocessing,CICIDS2017,cicids2017_friday_holdout_sample,8,random_forest,nan,2026-06-12T10:59:41.234507+00:00,2026-06-12T10:59:43.720633+00:00,2.486125946044922,240000,nan,nan
549,model_training,CICIDS2017,cicids2017_friday_holdout_sample,8,random_forest,nan,2026-06-12T10:59:43.720824+00:00,2026-06-12T11:00:00.310613+00:00,16.589789152145386,240000,nan,nan
550,clean_profile,CICIDS2017,cicids2017_friday_holdout_sample,8,random_forest,nan,2026-06-12T11:00:00.310701+00:00,2026-06-12T11:00:01.207195+00:00,0.8964943885803223,240000,nan,nan
551,threat_evaluation,CICIDS2017,cicids2017_friday_holdout_sample,8,random_forest,a0_clean,2026-06-12T11:00:01.213005+00:00,2026-06-12T11:00:01.511405+00:00,0.2984001636505127,90000,nan,nan
552,result_writing,CICIDS2017,cicids2017_friday_holdout_sample,8,random_forest,a0_clean,2026-06-12T11:00:01.511575+00:00,2026-06-12T11:00:01.515078+00:00,0.0035021305084228,1,results/raw/tier_e_core4_hgb_mlp_timed_cicids2017/CICIDS2017_cicids2017_friday_holdout_sample_random_forest_a0_clean_8.csv,nan
553,threat_evaluation,CICIDS2017,cicids2017_friday_holdout_sample,8,random_forest,a1_constrained_feature,2026-06-12T11:00:01.515130+00:00,2026-06-12T11:00:02.003463+00:00,0.488332986831665,90000,nan,nan
554,result_writing,CICIDS2017,cicids2017_friday_holdout_sample,8,random_forest,a1_constrained_feature,2026-06-12T11:00:02.003643+00:00,2026-06-12T11:00:02.007200+00:00,0.0035574436187744,1,results/raw/tier_e_core4_hgb_mlp_timed_cicids2017/CICIDS2017_cicids2017_friday_holdout_sample_random_forest_a1_constrained_feature_8.csv,nan
555,threat_evaluation,CICIDS2017,cicids2017_friday_holdout_sample,8,random_forest,a1_constrained_score_search,2026-06-12T11:00:02.007254+00:00,2026-06-12T11:00:03.409415+00:00,1.402160882949829,90000,nan,nan
556,result_writing,CICIDS2017,cicids2017_friday_holdout_sample,8,random_forest,a1_constrained_score_search,2026-06-12T11:00:03.409597+00:00,2026-06-12T11:00:03.413041+00:00,0.0034437179565429,1,results/raw/tier_e_core4_hgb_mlp_timed_cicids2017/CICIDS2017_cicids2017_friday_holdout_sample_random_forest_a1_constrained_score_search_8.csv,nan
557,threat_evaluation,CICIDS2017,cicids2017_friday_holdout_sample,8,random_forest,a4_split_shift,2026-06-12T11:00:03.413092+00:00,2026-06-12T11:00:03.711501+00:00,0.2984092235565185,90000,nan,nan
558,result_writing,CICIDS2017,cicids2017_friday_holdout_sample,8,random_forest,a4_split_shift,2026-06-12T11:00:03.711666+00:00,2026-06-12T11:00:03.715086+00:00,0.0034198760986328,1,results/raw/tier_e_core4_hgb_mlp_timed_cicids2017/CICIDS2017_cicids2017_friday_holdout_sample_random_forest_a4_split_shift_8.csv,nan
559,dataset_load,CICIDS2017,cicids2017_friday_holdout_sample,9,nan,nan,2026-06-12T11:00:03.715137+00:00,2026-06-12T11:00:09.706517+00:00,5.991379976272583,240000,nan,nan
560,preprocess_manifest,CICIDS2017,cicids2017_friday_holdout_sample,9,nan,nan,2026-06-12T11:00:09.706646+00:00,2026-06-12T11:00:11.865555+00:00,2.1589081287384038,240000,nan,nan
561,split_construction,CICIDS2017,cicids2017_friday_holdout_sample,9,extra_trees,nan,2026-06-12T11:00:11.865730+00:00,2026-06-12T11:00:11.996850+00:00,0.131119966506958,240000,nan,nan
562,preprocessing,CICIDS2017,cicids2017_friday_holdout_sample,9,extra_trees,nan,2026-06-12T11:00:11.996978+00:00,2026-06-12T11:00:14.381370+00:00,2.384392261505127,240000,nan,nan
563,model_training,CICIDS2017,cicids2017_friday_holdout_sample,9,extra_trees,nan,2026-06-12T11:00:14.381550+00:00,2026-06-12T11:00:24.432076+00:00,10.05052614212036,240000,nan,nan
564,clean_profile,CICIDS2017,cicids2017_friday_holdout_sample,9,extra_trees,nan,2026-06-12T11:00:24.432165+00:00,2026-06-12T11:00:25.735639+00:00,1.3034746646881104,240000,nan,nan
565,threat_evaluation,CICIDS2017,cicids2017_friday_holdout_sample,9,extra_trees,a0_clean,2026-06-12T11:00:25.741300+00:00,2026-06-12T11:00:26.167181+00:00,0.4258818626403808,90000,nan,nan
566,result_writing,CICIDS2017,cicids2017_friday_holdout_sample,9,extra_trees,a0_clean,2026-06-12T11:00:26.167349+00:00,2026-06-12T11:00:26.170806+00:00,0.0034568309783935,1,results/raw/tier_e_core4_hgb_mlp_timed_cicids2017/CICIDS2017_cicids2017_friday_holdout_sample_extra_trees_a0_clean_9.csv,nan
567,threat_evaluation,CICIDS2017,cicids2017_friday_holdout_sample,9,extra_trees,a1_constrained_feature,2026-06-12T11:00:26.170856+00:00,2026-06-12T11:00:26.815245+00:00,0.6443886756896973,90000,nan,nan
568,result_writing,CICIDS2017,cicids2017_friday_holdout_sample,9,extra_trees,a1_constrained_feature,2026-06-12T11:00:26.815415+00:00,2026-06-12T11:00:26.818876+00:00,0.0034608840942382,1,results/raw/tier_e_core4_hgb_mlp_timed_cicids2017/CICIDS2017_cicids2017_friday_holdout_sample_extra_trees_a1_constrained_feature_9.csv,nan
569,threat_evaluation,CICIDS2017,cicids2017_friday_holdout_sample,9,extra_trees,a1_constrained_score_search,2026-06-12T11:00:26.818926+00:00,2026-06-12T11:00:28.489614+00:00,1.6706881523132324,90000,nan,nan
570,result_writing,CICIDS2017,cicids2017_friday_holdout_sample,9,extra_trees,a1_constrained_score_search,2026-06-12T11:00:28.489790+00:00,2026-06-12T11:00:28.493223+00:00,0.0034327507019042,1,results/raw/tier_e_core4_hgb_mlp_timed_cicids2017/CICIDS2017_cicids2017_friday_holdout_sample_extra_trees_a1_constrained_score_search_9.csv,nan
571,threat_evaluation,CICIDS2017,cicids2017_friday_holdout_sample,9,extra_trees,a4_split_shift,2026-06-12T11:00:28.493275+00:00,2026-06-12T11:00:28.921505+00:00,0.4282302856445312,90000,nan,nan
572,result_writing,CICIDS2017,cicids2017_friday_holdout_sample,9,extra_trees,a4_split_shift,2026-06-12T11:00:28.921673+00:00,2026-06-12T11:00:28.925104+00:00,0.0034306049346923,1,results/raw/tier_e_core4_hgb_mlp_timed_cicids2017/CICIDS2017_cicids2017_friday_holdout_sample_extra_trees_a4_split_shift_9.csv,nan
573,split_construction,CICIDS2017,cicids2017_friday_holdout_sample,9,hist_gradient_boosting,nan,2026-06-12T11:00:28.925189+00:00,2026-06-12T11:00:29.056518+00:00,0.1313283443450927,240000,nan,nan
574,preprocessing,CICIDS2017,cicids2017_friday_holdout_sample,9,hist_gradient_boosting,nan,2026-06-12T11:00:29.056628+00:00,2026-06-12T11:00:31.443610+00:00,2.386981725692749,240000,nan,nan
575,model_training,CICIDS2017,cicids2017_friday_holdout_sample,9,hist_gradient_boosting,nan,2026-06-12T11:00:31.443801+00:00,2026-06-12T11:00:34.654539+00:00,3.210737705230713,240000,nan,nan
576,clean_profile,CICIDS2017,cicids2017_friday_holdout_sample,9,hist_gradient_boosting,nan,2026-06-12T11:00:34.654633+00:00,2026-06-12T11:00:34.936743+00:00,0.2821104526519775,240000,nan,nan
577,threat_evaluation,CICIDS2017,cicids2017_friday_holdout_sample,9,hist_gradient_boosting,a0_clean,2026-06-12T11:00:34.942400+00:00,2026-06-12T11:00:35.042211+00:00,0.0998108386993408,90000,nan,nan
578,result_writing,CICIDS2017,cicids2017_friday_holdout_sample,9,hist_gradient_boosting,a0_clean,2026-06-12T11:00:35.042384+00:00,2026-06-12T11:00:35.045857+00:00,0.0034725666046142,1,results/raw/tier_e_core4_hgb_mlp_timed_cicids2017/CICIDS2017_cicids2017_friday_holdout_sample_hist_gradient_boosting_a0_clean_9.csv,nan
579,threat_evaluation,CICIDS2017,cicids2017_friday_holdout_sample,9,hist_gradient_boosting,a1_constrained_feature,2026-06-12T11:00:35.045902+00:00,2026-06-12T11:00:35.344498+00:00,0.2985963821411133,90000,nan,nan
580,result_writing,CICIDS2017,cicids2017_friday_holdout_sample,9,hist_gradient_boosting,a1_constrained_feature,2026-06-12T11:00:35.344665+00:00,2026-06-12T11:00:35.348053+00:00,0.0033876895904541,1,results/raw/tier_e_core4_hgb_mlp_timed_cicids2017/CICIDS2017_cicids2017_friday_holdout_sample_hist_gradient_boosting_a1_constrained_feature_9.csv,nan
581,threat_evaluation,CICIDS2017,cicids2017_friday_holdout_sample,9,hist_gradient_boosting,a1_constrained_score_search,2026-06-12T11:00:35.348098+00:00,2026-06-12T11:00:36.643570+00:00,1.2954721450805664,90000,nan,nan
582,result_writing,CICIDS2017,cicids2017_friday_holdout_sample,9,hist_gradient_boosting,a1_constrained_score_search,2026-06-12T11:00:36.643770+00:00,2026-06-12T11:00:36.647154+00:00,0.0033833980560302,1,results/raw/tier_e_core4_hgb_mlp_timed_cicids2017/CICIDS2017_cicids2017_friday_holdout_sample_hist_gradient_boosting_a1_constrained_score_search_9.csv,nan
583,threat_evaluation,CICIDS2017,cicids2017_friday_holdout_sample,9,hist_gradient_boosting,a4_split_shift,2026-06-12T11:00:36.647198+00:00,2026-06-12T11:00:36.758867+00:00,0.1116688251495361,90000,nan,nan
584,result_writing,CICIDS2017,cicids2017_friday_holdout_sample,9,hist_gradient_boosting,a4_split_shift,2026-06-12T11:00:36.759031+00:00,2026-06-12T11:00:36.762408+00:00,0.0033776760101318,1,results/raw/tier_e_core4_hgb_mlp_timed_cicids2017/CICIDS2017_cicids2017_friday_holdout_sample_hist_gradient_boosting_a4_split_shift_9.csv,nan
585,split_construction,CICIDS2017,cicids2017_friday_holdout_sample,9,logistic_regression,nan,2026-06-12T11:00:36.762494+00:00,2026-06-12T11:00:36.893836+00:00,0.1313416957855224,240000,nan,nan
586,preprocessing,CICIDS2017,cicids2017_friday_holdout_sample,9,logistic_regression,nan,2026-06-12T11:00:36.893960+00:00,2026-06-12T11:00:39.311496+00:00,2.417535781860352,240000,nan,nan
587,model_training,CICIDS2017,cicids2017_friday_holdout_sample,9,logistic_regression,nan,2026-06-12T11:00:39.311643+00:00,2026-06-12T11:01:01.993606+00:00,22.681963443756104,240000,nan,nan
588,clean_profile,CICIDS2017,cicids2017_friday_holdout_sample,9,logistic_regression,nan,2026-06-12T11:01:01.993692+00:00,2026-06-12T11:01:02.044713+00:00,0.0510213375091552,240000,nan,nan
589,threat_evaluation,CICIDS2017,cicids2017_friday_holdout_sample,9,logistic_regression,a0_clean,2026-06-12T11:01:02.050768+00:00,2026-06-12T11:01:02.076309+00:00,0.0255415439605712,90000,nan,nan
590,result_writing,CICIDS2017,cicids2017_friday_holdout_sample,9,logistic_regression,a0_clean,2026-06-12T11:01:02.076481+00:00,2026-06-12T11:01:02.079929+00:00,0.0034480094909667,1,results/raw/tier_e_core4_hgb_mlp_timed_cicids2017/CICIDS2017_cicids2017_friday_holdout_sample_logistic_regression_a0_clean_9.csv,nan
591,threat_evaluation,CICIDS2017,cicids2017_friday_holdout_sample,9,logistic_regression,a1_constrained_feature,2026-06-12T11:01:02.079978+00:00,2026-06-12T11:01:02.292189+00:00,0.2122113704681396,90000,nan,nan
592,result_writing,CICIDS2017,cicids2017_friday_holdout_sample,9,logistic_regression,a1_constrained_feature,2026-06-12T11:01:02.292366+00:00,2026-06-12T11:01:02.295784+00:00,0.0034177303314208,1,results/raw/tier_e_core4_hgb_mlp_timed_cicids2017/CICIDS2017_cicids2017_friday_holdout_sample_logistic_regression_a1_constrained_feature_9.csv,nan
593,threat_evaluation,CICIDS2017,cicids2017_friday_holdout_sample,9,logistic_regression,a1_constrained_score_search,2026-06-12T11:01:02.295829+00:00,2026-06-12T11:01:03.140092+00:00,0.8442633152008057,90000,nan,nan
594,result_writing,CICIDS2017,cicids2017_friday_holdout_sample,9,logistic_regression,a1_constrained_score_search,2026-06-12T11:01:03.140272+00:00,2026-06-12T11:01:03.143608+00:00,0.003335952758789,1,results/raw/tier_e_core4_hgb_mlp_timed_cicids2017/CICIDS2017_cicids2017_friday_holdout_sample_logistic_regression_a1_constrained_score_search_9.csv,nan
595,threat_evaluation,CICIDS2017,cicids2017_friday_holdout_sample,9,logistic_regression,a4_split_shift,2026-06-12T11:01:03.143653+00:00,2026-06-12T11:01:03.169017+00:00,0.0253641605377197,90000,nan,nan
596,result_writing,CICIDS2017,cicids2017_friday_holdout_sample,9,logistic_regression,a4_split_shift,2026-06-12T11:01:03.169181+00:00,2026-06-12T11:01:03.172586+00:00,0.0034048557281494,1,results/raw/tier_e_core4_hgb_mlp_timed_cicids2017/CICIDS2017_cicids2017_friday_holdout_sample_logistic_regression_a4_split_shift_9.csv,nan
597,split_construction,CICIDS2017,cicids2017_friday_holdout_sample,9,mlp_sklearn,nan,2026-06-12T11:01:03.172677+00:00,2026-06-12T11:01:03.304443+00:00,0.1317667961120605,240000,nan,nan
598,preprocessing,CICIDS2017,cicids2017_friday_holdout_sample,9,mlp_sklearn,nan,2026-06-12T11:01:03.304589+00:00,2026-06-12T11:01:05.699744+00:00,2.395155668258667,240000,nan,nan
599,model_training,CICIDS2017,cicids2017_friday_holdout_sample,9,mlp_sklearn,nan,2026-06-12T11:01:05.699913+00:00,2026-06-12T11:01:18.616338+00:00,12.916425704956056,240000,nan,nan
600,clean_profile,CICIDS2017,cicids2017_friday_holdout_sample,9,mlp_sklearn,nan,2026-06-12T11:01:18.616421+00:00,2026-06-12T11:01:18.751099+00:00,0.1346783638000488,240000,nan,nan
601,threat_evaluation,CICIDS2017,cicids2017_friday_holdout_sample,9,mlp_sklearn,a0_clean,2026-06-12T11:01:18.756838+00:00,2026-06-12T11:01:18.811231+00:00,0.0543923377990722,90000,nan,nan
602,result_writing,CICIDS2017,cicids2017_friday_holdout_sample,9,mlp_sklearn,a0_clean,2026-06-12T11:01:18.811400+00:00,2026-06-12T11:01:18.814893+00:00,0.0034925937652587,1,results/raw/tier_e_core4_hgb_mlp_timed_cicids2017/CICIDS2017_cicids2017_friday_holdout_sample_mlp_sklearn_a0_clean_9.csv,nan
603,threat_evaluation,CICIDS2017,cicids2017_friday_holdout_sample,9,mlp_sklearn,a1_constrained_feature,2026-06-12T11:01:18.814941+00:00,2026-06-12T11:01:19.056277+00:00,0.2413363456726074,90000,nan,nan
604,result_writing,CICIDS2017,cicids2017_friday_holdout_sample,9,mlp_sklearn,a1_constrained_feature,2026-06-12T11:01:19.056453+00:00,2026-06-12T11:01:19.096076+00:00,0.0396234989166259,1,results/raw/tier_e_core4_hgb_mlp_timed_cicids2017/CICIDS2017_cicids2017_friday_holdout_sample_mlp_sklearn_a1_constrained_feature_9.csv,nan
605,threat_evaluation,CICIDS2017,cicids2017_friday_holdout_sample,9,mlp_sklearn,a1_constrained_score_search,2026-06-12T11:01:19.096128+00:00,2026-06-12T11:01:20.029580+00:00,0.9334514141082764,90000,nan,nan
606,result_writing,CICIDS2017,cicids2017_friday_holdout_sample,9,mlp_sklearn,a1_constrained_score_search,2026-06-12T11:01:20.029753+00:00,2026-06-12T11:01:20.033138+00:00,0.0033848285675048,1,results/raw/tier_e_core4_hgb_mlp_timed_cicids2017/CICIDS2017_cicids2017_friday_holdout_sample_mlp_sklearn_a1_constrained_score_search_9.csv,nan
607,threat_evaluation,CICIDS2017,cicids2017_friday_holdout_sample,9,mlp_sklearn,a4_split_shift,2026-06-12T11:01:20.033183+00:00,2026-06-12T11:01:20.086589+00:00,0.0534060001373291,90000,nan,nan
608,result_writing,CICIDS2017,cicids2017_friday_holdout_sample,9,mlp_sklearn,a4_split_shift,2026-06-12T11:01:20.086758+00:00,2026-06-12T11:01:20.090150+00:00,0.0033924579620361,1,results/raw/tier_e_core4_hgb_mlp_timed_cicids2017/CICIDS2017_cicids2017_friday_holdout_sample_mlp_sklearn_a4_split_shift_9.csv,nan
609,split_construction,CICIDS2017,cicids2017_friday_holdout_sample,9,random_forest,nan,2026-06-12T11:01:20.090241+00:00,2026-06-12T11:01:20.222240+00:00,0.1319992542266845,240000,nan,nan
610,preprocessing,CICIDS2017,cicids2017_friday_holdout_sample,9,random_forest,nan,2026-06-12T11:01:20.222372+00:00,2026-06-12T11:01:22.616290+00:00,2.393918037414551,240000,nan,nan
611,model_training,CICIDS2017,cicids2017_friday_holdout_sample,9,random_forest,nan,2026-06-12T11:01:22.616482+00:00,2026-06-12T11:01:39.944523+00:00,17.328041076660156,240000,nan,nan
612,clean_profile,CICIDS2017,cicids2017_friday_holdout_sample,9,random_forest,nan,2026-06-12T11:01:39.944614+00:00,2026-06-12T11:01:40.874907+00:00,0.9302935600280762,240000,nan,nan
613,threat_evaluation,CICIDS2017,cicids2017_friday_holdout_sample,9,random_forest,a0_clean,2026-06-12T11:01:40.880645+00:00,2026-06-12T11:01:41.191982+00:00,0.3113372325897217,90000,nan,nan
614,result_writing,CICIDS2017,cicids2017_friday_holdout_sample,9,random_forest,a0_clean,2026-06-12T11:01:41.192155+00:00,2026-06-12T11:01:41.195582+00:00,0.003427505493164,1,results/raw/tier_e_core4_hgb_mlp_timed_cicids2017/CICIDS2017_cicids2017_friday_holdout_sample_random_forest_a0_clean_9.csv,nan
615,threat_evaluation,CICIDS2017,cicids2017_friday_holdout_sample,9,random_forest,a1_constrained_feature,2026-06-12T11:01:41.195633+00:00,2026-06-12T11:01:41.696756+00:00,0.5011234283447266,90000,nan,nan
616,result_writing,CICIDS2017,cicids2017_friday_holdout_sample,9,random_forest,a1_constrained_feature,2026-06-12T11:01:41.696935+00:00,2026-06-12T11:01:41.700412+00:00,0.0034766197204589,1,results/raw/tier_e_core4_hgb_mlp_timed_cicids2017/CICIDS2017_cicids2017_friday_holdout_sample_random_forest_a1_constrained_feature_9.csv,nan
617,threat_evaluation,CICIDS2017,cicids2017_friday_holdout_sample,9,random_forest,a1_constrained_score_search,2026-06-12T11:01:41.700465+00:00,2026-06-12T11:01:43.120991+00:00,1.4205260276794434,90000,nan,nan
618,result_writing,CICIDS2017,cicids2017_friday_holdout_sample,9,random_forest,a1_constrained_score_search,2026-06-12T11:01:43.121168+00:00,2026-06-12T11:01:43.124628+00:00,0.0034596920013427,1,results/raw/tier_e_core4_hgb_mlp_timed_cicids2017/CICIDS2017_cicids2017_friday_holdout_sample_random_forest_a1_constrained_score_search_9.csv,nan
619,threat_evaluation,CICIDS2017,cicids2017_friday_holdout_sample,9,random_forest,a4_split_shift,2026-06-12T11:01:43.124682+00:00,2026-06-12T11:01:43.435054+00:00,0.3103723526000976,90000,nan,nan
620,result_writing,CICIDS2017,cicids2017_friday_holdout_sample,9,random_forest,a4_split_shift,2026-06-12T11:01:43.435226+00:00,2026-06-12T11:01:43.438665+00:00,0.0034389495849609,1,results/raw/tier_e_core4_hgb_mlp_timed_cicids2017/CICIDS2017_cicids2017_friday_holdout_sample_random_forest_a4_split_shift_9.csv,nan
1,dataset_load,CSE-CIC-IDS2018,cse_cic_ids2018_friday_holdout_sample,0,nan,nan,2026-06-12T11:01:45.495608+00:00,2026-06-12T11:02:29.514844+00:00,44.01923584938049,20000,nan,nan
2,preprocess_manifest,CSE-CIC-IDS2018,cse_cic_ids2018_friday_holdout_sample,0,nan,nan,2026-06-12T11:02:29.515009+00:00,2026-06-12T11:02:31.725613+00:00,2.210603713989258,20000,nan,nan
3,split_construction,CSE-CIC-IDS2018,cse_cic_ids2018_friday_holdout_sample,0,extra_trees,nan,2026-06-12T11:02:31.725796+00:00,2026-06-12T11:02:31.781026+00:00,0.0552306175231933,20000,nan,nan
4,preprocessing,CSE-CIC-IDS2018,cse_cic_ids2018_friday_holdout_sample,0,extra_trees,nan,2026-06-12T11:02:31.781151+00:00,2026-06-12T11:02:34.039704+00:00,2.2585527896881104,20000,nan,nan
5,model_training,CSE-CIC-IDS2018,cse_cic_ids2018_friday_holdout_sample,0,extra_trees,nan,2026-06-12T11:02:34.039919+00:00,2026-06-12T11:02:35.139817+00:00,1.099898099899292,20000,nan,nan
6,clean_profile,CSE-CIC-IDS2018,cse_cic_ids2018_friday_holdout_sample,0,extra_trees,nan,2026-06-12T11:02:35.139899+00:00,2026-06-12T11:02:35.328537+00:00,0.1886377334594726,20000,nan,nan
7,threat_evaluation,CSE-CIC-IDS2018,cse_cic_ids2018_friday_holdout_sample,0,extra_trees,a0_clean,2026-06-12T11:02:35.340361+00:00,2026-06-12T11:02:35.405059+00:00,0.0646986961364746,5000,nan,nan
8,result_writing,CSE-CIC-IDS2018,cse_cic_ids2018_friday_holdout_sample,0,extra_trees,a0_clean,2026-06-12T11:02:35.405231+00:00,2026-06-12T11:02:35.409454+00:00,0.0042231082916259,1,results/raw/tier_e_core4_hgb_mlp_timed_cse_cic_ids2018/CSE-CIC-IDS2018_cse_cic_ids2018_friday_holdout_sample_extra_trees_a0_clean_0.csv,nan
9,threat_evaluation,CSE-CIC-IDS2018,cse_cic_ids2018_friday_holdout_sample,0,extra_trees,a1_constrained_feature,2026-06-12T11:02:35.409500+00:00,2026-06-12T11:02:35.532497+00:00,0.1229968070983886,5000,nan,nan
10,result_writing,CSE-CIC-IDS2018,cse_cic_ids2018_friday_holdout_sample,0,extra_trees,a1_constrained_feature,2026-06-12T11:02:35.532686+00:00,2026-06-12T11:02:35.535936+00:00,0.0032505989074707,1,results/raw/tier_e_core4_hgb_mlp_timed_cse_cic_ids2018/CSE-CIC-IDS2018_cse_cic_ids2018_friday_holdout_sample_extra_trees_a1_constrained_feature_0.csv,nan
11,threat_evaluation,CSE-CIC-IDS2018,cse_cic_ids2018_friday_holdout_sample,0,extra_trees,a1_constrained_score_search,2026-06-12T11:02:35.535978+00:00,2026-06-12T11:02:35.916770+00:00,0.3807911872863769,5000,nan,nan
12,result_writing,CSE-CIC-IDS2018,cse_cic_ids2018_friday_holdout_sample,0,extra_trees,a1_constrained_score_search,2026-06-12T11:02:35.916962+00:00,2026-06-12T11:02:35.920220+00:00,0.0032575130462646,1,results/raw/tier_e_core4_hgb_mlp_timed_cse_cic_ids2018/CSE-CIC-IDS2018_cse_cic_ids2018_friday_holdout_sample_extra_trees_a1_constrained_score_search_0.csv,nan
13,threat_evaluation,CSE-CIC-IDS2018,cse_cic_ids2018_friday_holdout_sample,0,extra_trees,a4_split_shift,2026-06-12T11:02:35.920264+00:00,2026-06-12T11:02:35.984545+00:00,0.0642807483673095,5000,nan,nan
14,result_writing,CSE-CIC-IDS2018,cse_cic_ids2018_friday_holdout_sample,0,extra_trees,a4_split_shift,2026-06-12T11:02:35.984717+00:00,2026-06-12T11:02:35.987959+00:00,0.0032415390014648,1,results/raw/tier_e_core4_hgb_mlp_timed_cse_cic_ids2018/CSE-CIC-IDS2018_cse_cic_ids2018_friday_holdout_sample_extra_trees_a4_split_shift_0.csv,nan
15,split_construction,CSE-CIC-IDS2018,cse_cic_ids2018_friday_holdout_sample,0,hist_gradient_boosting,nan,2026-06-12T11:02:35.988040+00:00,2026-06-12T11:02:36.043991+00:00,0.0559508800506591,20000,nan,nan
16,preprocessing,CSE-CIC-IDS2018,cse_cic_ids2018_friday_holdout_sample,0,hist_gradient_boosting,nan,2026-06-12T11:02:36.044102+00:00,2026-06-12T11:02:38.385592+00:00,2.3414902687072754,20000,nan,nan
17,model_training,CSE-CIC-IDS2018,cse_cic_ids2018_friday_holdout_sample,0,hist_gradient_boosting,nan,2026-06-12T11:02:38.385748+00:00,2026-06-12T11:02:39.000549+00:00,0.6148006916046143,20000,nan,nan
18,clean_profile,CSE-CIC-IDS2018,cse_cic_ids2018_friday_holdout_sample,0,hist_gradient_boosting,nan,2026-06-12T11:02:39.000627+00:00,2026-06-12T11:02:39.031410+00:00,0.0307831764221191,20000,nan,nan
19,threat_evaluation,CSE-CIC-IDS2018,cse_cic_ids2018_friday_holdout_sample,0,hist_gradient_boosting,a0_clean,2026-06-12T11:02:39.043902+00:00,2026-06-12T11:02:39.056965+00:00,0.0130631923675537,5000,nan,nan
20,result_writing,CSE-CIC-IDS2018,cse_cic_ids2018_friday_holdout_sample,0,hist_gradient_boosting,a0_clean,2026-06-12T11:02:39.057136+00:00,2026-06-12T11:02:39.060519+00:00,0.003382921218872,1,results/raw/tier_e_core4_hgb_mlp_timed_cse_cic_ids2018/CSE-CIC-IDS2018_cse_cic_ids2018_friday_holdout_sample_hist_gradient_boosting_a0_clean_0.csv,nan
21,threat_evaluation,CSE-CIC-IDS2018,cse_cic_ids2018_friday_holdout_sample,0,hist_gradient_boosting,a1_constrained_feature,2026-06-12T11:02:39.060565+00:00,2026-06-12T11:02:39.130937+00:00,0.0703721046447753,5000,nan,nan
22,result_writing,CSE-CIC-IDS2018,cse_cic_ids2018_friday_holdout_sample,0,hist_gradient_boosting,a1_constrained_feature,2026-06-12T11:02:39.131115+00:00,2026-06-12T11:02:39.134250+00:00,0.0031349658966064,1,results/raw/tier_e_core4_hgb_mlp_timed_cse_cic_ids2018/CSE-CIC-IDS2018_cse_cic_ids2018_friday_holdout_sample_hist_gradient_boosting_a1_constrained_feature_0.csv,nan
23,threat_evaluation,CSE-CIC-IDS2018,cse_cic_ids2018_friday_holdout_sample,0,hist_gradient_boosting,a1_constrained_score_search,2026-06-12T11:02:39.134293+00:00,2026-06-12T11:02:39.433522+00:00,0.2992291450500488,5000,nan,nan
24,result_writing,CSE-CIC-IDS2018,cse_cic_ids2018_friday_holdout_sample,0,hist_gradient_boosting,a1_constrained_score_search,2026-06-12T11:02:39.433704+00:00,2026-06-12T11:02:39.436868+00:00,0.0031647682189941,1,results/raw/tier_e_core4_hgb_mlp_timed_cse_cic_ids2018/CSE-CIC-IDS2018_cse_cic_ids2018_friday_holdout_sample_hist_gradient_boosting_a1_constrained_score_search_0.csv,nan
25,threat_evaluation,CSE-CIC-IDS2018,cse_cic_ids2018_friday_holdout_sample,0,hist_gradient_boosting,a4_split_shift,2026-06-12T11:02:39.436914+00:00,2026-06-12T11:02:39.460101+00:00,0.0231876373291015,5000,nan,nan
26,result_writing,CSE-CIC-IDS2018,cse_cic_ids2018_friday_holdout_sample,0,hist_gradient_boosting,a4_split_shift,2026-06-12T11:02:39.460253+00:00,2026-06-12T11:02:39.463222+00:00,0.0029695034027099,1,results/raw/tier_e_core4_hgb_mlp_timed_cse_cic_ids2018/CSE-CIC-IDS2018_cse_cic_ids2018_friday_holdout_sample_hist_gradient_boosting_a4_split_shift_0.csv,nan
27,split_construction,CSE-CIC-IDS2018,cse_cic_ids2018_friday_holdout_sample,0,logistic_regression,nan,2026-06-12T11:02:39.463302+00:00,2026-06-12T11:02:39.519621+00:00,0.0563182830810546,20000,nan,nan
28,preprocessing,CSE-CIC-IDS2018,cse_cic_ids2018_friday_holdout_sample,0,logistic_regression,nan,2026-06-12T11:02:39.519735+00:00,2026-06-12T11:02:41.772921+00:00,2.253185749053955,20000,nan,nan
29,model_training,CSE-CIC-IDS2018,cse_cic_ids2018_friday_holdout_sample,0,logistic_regression,nan,2026-06-12T11:02:41.773055+00:00,2026-06-12T11:02:52.893971+00:00,11.120916366577148,20000,nan,nan
30,clean_profile,CSE-CIC-IDS2018,cse_cic_ids2018_friday_holdout_sample,0,logistic_regression,nan,2026-06-12T11:02:52.894037+00:00,2026-06-12T11:02:52.926481+00:00,0.0324437618255615,20000,nan,nan
31,threat_evaluation,CSE-CIC-IDS2018,cse_cic_ids2018_friday_holdout_sample,0,logistic_regression,a0_clean,2026-06-12T11:02:52.942144+00:00,2026-06-12T11:02:52.951999+00:00,0.0098555088043212,5000,nan,nan
32,result_writing,CSE-CIC-IDS2018,cse_cic_ids2018_friday_holdout_sample,0,logistic_regression,a0_clean,2026-06-12T11:02:52.952163+00:00,2026-06-12T11:02:52.955362+00:00,0.0031993389129638,1,results/raw/tier_e_core4_hgb_mlp_timed_cse_cic_ids2018/CSE-CIC-IDS2018_cse_cic_ids2018_friday_holdout_sample_logistic_regression_a0_clean_0.csv,nan
33,threat_evaluation,CSE-CIC-IDS2018,cse_cic_ids2018_friday_holdout_sample,0,logistic_regression,a1_constrained_feature,2026-06-12T11:02:52.955402+00:00,2026-06-12T11:02:53.021034+00:00,0.0656323432922363,5000,nan,nan
34,result_writing,CSE-CIC-IDS2018,cse_cic_ids2018_friday_holdout_sample,0,logistic_regression,a1_constrained_feature,2026-06-12T11:02:53.021210+00:00,2026-06-12T11:02:53.024428+00:00,0.0032181739807128,1,results/raw/tier_e_core4_hgb_mlp_timed_cse_cic_ids2018/CSE-CIC-IDS2018_cse_cic_ids2018_friday_holdout_sample_logistic_regression_a1_constrained_feature_0.csv,nan
35,threat_evaluation,CSE-CIC-IDS2018,cse_cic_ids2018_friday_holdout_sample,0,logistic_regression,a1_constrained_score_search,2026-06-12T11:02:53.024472+00:00,2026-06-12T11:02:53.298806+00:00,0.2743344306945801,5000,nan,nan
36,result_writing,CSE-CIC-IDS2018,cse_cic_ids2018_friday_holdout_sample,0,logistic_regression,a1_constrained_score_search,2026-06-12T11:02:53.298983+00:00,2026-06-12T11:02:53.302131+00:00,0.0031473636627197,1,results/raw/tier_e_core4_hgb_mlp_timed_cse_cic_ids2018/CSE-CIC-IDS2018_cse_cic_ids2018_friday_holdout_sample_logistic_regression_a1_constrained_score_search_0.csv,nan
37,threat_evaluation,CSE-CIC-IDS2018,cse_cic_ids2018_friday_holdout_sample,0,logistic_regression,a4_split_shift,2026-06-12T11:02:53.302177+00:00,2026-06-12T11:02:53.310919+00:00,0.0087418556213378,5000,nan,nan
38,result_writing,CSE-CIC-IDS2018,cse_cic_ids2018_friday_holdout_sample,0,logistic_regression,a4_split_shift,2026-06-12T11:02:53.311057+00:00,2026-06-12T11:02:53.313893+00:00,0.0028357505798339,1,results/raw/tier_e_core4_hgb_mlp_timed_cse_cic_ids2018/CSE-CIC-IDS2018_cse_cic_ids2018_friday_holdout_sample_logistic_regression_a4_split_shift_0.csv,nan
39,split_construction,CSE-CIC-IDS2018,cse_cic_ids2018_friday_holdout_sample,0,mlp_sklearn,nan,2026-06-12T11:02:53.313965+00:00,2026-06-12T11:02:53.369409+00:00,0.0554442405700683,20000,nan,nan
40,preprocessing,CSE-CIC-IDS2018,cse_cic_ids2018_friday_holdout_sample,0,mlp_sklearn,nan,2026-06-12T11:02:53.369513+00:00,2026-06-12T11:02:55.624829+00:00,2.2553160190582275,20000,nan,nan
41,model_training,CSE-CIC-IDS2018,cse_cic_ids2018_friday_holdout_sample,0,mlp_sklearn,nan,2026-06-12T11:02:55.624991+00:00,2026-06-12T11:02:56.333965+00:00,0.7089743614196777,20000,nan,nan
42,clean_profile,CSE-CIC-IDS2018,cse_cic_ids2018_friday_holdout_sample,0,mlp_sklearn,nan,2026-06-12T11:02:56.334041+00:00,2026-06-12T11:02:56.357267+00:00,0.0232257843017578,20000,nan,nan
43,threat_evaluation,CSE-CIC-IDS2018,cse_cic_ids2018_friday_holdout_sample,0,mlp_sklearn,a0_clean,2026-06-12T11:02:56.369666+00:00,2026-06-12T11:02:56.381533+00:00,0.0118665695190429,5000,nan,nan
44,result_writing,CSE-CIC-IDS2018,cse_cic_ids2018_friday_holdout_sample,0,mlp_sklearn,a0_clean,2026-06-12T11:02:56.381709+00:00,2026-06-12T11:02:56.385110+00:00,0.0034003257751464,1,results/raw/tier_e_core4_hgb_mlp_timed_cse_cic_ids2018/CSE-CIC-IDS2018_cse_cic_ids2018_friday_holdout_sample_mlp_sklearn_a0_clean_0.csv,nan
45,threat_evaluation,CSE-CIC-IDS2018,cse_cic_ids2018_friday_holdout_sample,0,mlp_sklearn,a1_constrained_feature,2026-06-12T11:02:56.385156+00:00,2026-06-12T11:02:56.453441+00:00,0.0682854652404785,5000,nan,nan
46,result_writing,CSE-CIC-IDS2018,cse_cic_ids2018_friday_holdout_sample,0,mlp_sklearn,a1_constrained_feature,2026-06-12T11:02:56.453627+00:00,2026-06-12T11:02:56.456882+00:00,0.0032541751861572,1,results/raw/tier_e_core4_hgb_mlp_timed_cse_cic_ids2018/CSE-CIC-IDS2018_cse_cic_ids2018_friday_holdout_sample_mlp_sklearn_a1_constrained_feature_0.csv,nan
47,threat_evaluation,CSE-CIC-IDS2018,cse_cic_ids2018_friday_holdout_sample,0,mlp_sklearn,a1_constrained_score_search,2026-06-12T11:02:56.456923+00:00,2026-06-12T11:02:56.736984+00:00,0.2800612449645996,5000,nan,nan
48,result_writing,CSE-CIC-IDS2018,cse_cic_ids2018_friday_holdout_sample,0,mlp_sklearn,a1_constrained_score_search,2026-06-12T11:02:56.737169+00:00,2026-06-12T11:02:56.740407+00:00,0.0032386779785156,1,results/raw/tier_e_core4_hgb_mlp_timed_cse_cic_ids2018/CSE-CIC-IDS2018_cse_cic_ids2018_friday_holdout_sample_mlp_sklearn_a1_constrained_score_search_0.csv,nan
49,threat_evaluation,CSE-CIC-IDS2018,cse_cic_ids2018_friday_holdout_sample,0,mlp_sklearn,a4_split_shift,2026-06-12T11:02:56.740453+00:00,2026-06-12T11:02:56.751506+00:00,0.0110533237457275,5000,nan,nan
50,result_writing,CSE-CIC-IDS2018,cse_cic_ids2018_friday_holdout_sample,0,mlp_sklearn,a4_split_shift,2026-06-12T11:02:56.751655+00:00,2026-06-12T11:02:56.754831+00:00,0.0031752586364746,1,results/raw/tier_e_core4_hgb_mlp_timed_cse_cic_ids2018/CSE-CIC-IDS2018_cse_cic_ids2018_friday_holdout_sample_mlp_sklearn_a4_split_shift_0.csv,nan
51,split_construction,CSE-CIC-IDS2018,cse_cic_ids2018_friday_holdout_sample,0,random_forest,nan,2026-06-12T11:02:56.754912+00:00,2026-06-12T11:02:56.811103+00:00,0.0561907291412353,20000,nan,nan
52,preprocessing,CSE-CIC-IDS2018,cse_cic_ids2018_friday_holdout_sample,0,random_forest,nan,2026-06-12T11:02:56.811222+00:00,2026-06-12T11:02:59.067458+00:00,2.25623631477356,20000,nan,nan
53,model_training,CSE-CIC-IDS2018,cse_cic_ids2018_friday_holdout_sample,0,random_forest,nan,2026-06-12T11:02:59.067648+00:00,2026-06-12T11:03:00.958196+00:00,1.890547752380371,20000,nan,nan
54,clean_profile,CSE-CIC-IDS2018,cse_cic_ids2018_friday_holdout_sample,0,random_forest,nan,2026-06-12T11:03:00.958273+00:00,2026-06-12T11:03:01.093311+00:00,0.1350376605987548,20000,nan,nan
55,threat_evaluation,CSE-CIC-IDS2018,cse_cic_ids2018_friday_holdout_sample,0,random_forest,a0_clean,2026-06-12T11:03:01.105604+00:00,2026-06-12T11:03:01.153923+00:00,0.0483183860778808,5000,nan,nan
56,result_writing,CSE-CIC-IDS2018,cse_cic_ids2018_friday_holdout_sample,0,random_forest,a0_clean,2026-06-12T11:03:01.154084+00:00,2026-06-12T11:03:01.157432+00:00,0.0033471584320068,1,results/raw/tier_e_core4_hgb_mlp_timed_cse_cic_ids2018/CSE-CIC-IDS2018_cse_cic_ids2018_friday_holdout_sample_random_forest_a0_clean_0.csv,nan
57,threat_evaluation,CSE-CIC-IDS2018,cse_cic_ids2018_friday_holdout_sample,0,random_forest,a1_constrained_feature,2026-06-12T11:03:01.157476+00:00,2026-06-12T11:03:01.261947+00:00,0.1044707298278808,5000,nan,nan
58,result_writing,CSE-CIC-IDS2018,cse_cic_ids2018_friday_holdout_sample,0,random_forest,a1_constrained_feature,2026-06-12T11:03:01.262110+00:00,2026-06-12T11:03:01.265343+00:00,0.0032331943511962,1,results/raw/tier_e_core4_hgb_mlp_timed_cse_cic_ids2018/CSE-CIC-IDS2018_cse_cic_ids2018_friday_holdout_sample_random_forest_a1_constrained_feature_0.csv,nan
59,threat_evaluation,CSE-CIC-IDS2018,cse_cic_ids2018_friday_holdout_sample,0,random_forest,a1_constrained_score_search,2026-06-12T11:03:01.265385+00:00,2026-06-12T11:03:01.625123+00:00,0.3597378730773926,5000,nan,nan
60,result_writing,CSE-CIC-IDS2018,cse_cic_ids2018_friday_holdout_sample,0,random_forest,a1_constrained_score_search,2026-06-12T11:03:01.625289+00:00,2026-06-12T11:03:01.628536+00:00,0.0032460689544677,1,results/raw/tier_e_core4_hgb_mlp_timed_cse_cic_ids2018/CSE-CIC-IDS2018_cse_cic_ids2018_friday_holdout_sample_random_forest_a1_constrained_score_search_0.csv,nan
61,threat_evaluation,CSE-CIC-IDS2018,cse_cic_ids2018_friday_holdout_sample,0,random_forest,a4_split_shift,2026-06-12T11:03:01.628582+00:00,2026-06-12T11:03:01.676362+00:00,0.0477800369262695,5000,nan,nan
62,result_writing,CSE-CIC-IDS2018,cse_cic_ids2018_friday_holdout_sample,0,random_forest,a4_split_shift,2026-06-12T11:03:01.676521+00:00,2026-06-12T11:03:01.679762+00:00,0.0032405853271484,1,results/raw/tier_e_core4_hgb_mlp_timed_cse_cic_ids2018/CSE-CIC-IDS2018_cse_cic_ids2018_friday_holdout_sample_random_forest_a4_split_shift_0.csv,nan
63,dataset_load,CSE-CIC-IDS2018,cse_cic_ids2018_friday_holdout_sample,1,nan,nan,2026-06-12T11:03:01.679809+00:00,2026-06-12T11:03:45.270937+00:00,43.5911283493042,20000,nan,nan
64,preprocess_manifest,CSE-CIC-IDS2018,cse_cic_ids2018_friday_holdout_sample,1,nan,nan,2026-06-12T11:03:45.271088+00:00,2026-06-12T11:03:47.484697+00:00,2.213608741760254,20000,nan,nan
65,split_construction,CSE-CIC-IDS2018,cse_cic_ids2018_friday_holdout_sample,1,extra_trees,nan,2026-06-12T11:03:47.484876+00:00,2026-06-12T11:03:47.540615+00:00,0.0557389259338378,20000,nan,nan
66,preprocessing,CSE-CIC-IDS2018,cse_cic_ids2018_friday_holdout_sample,1,extra_trees,nan,2026-06-12T11:03:47.540740+00:00,2026-06-12T11:03:49.802366+00:00,2.261626482009888,20000,nan,nan
67,model_training,CSE-CIC-IDS2018,cse_cic_ids2018_friday_holdout_sample,1,extra_trees,nan,2026-06-12T11:03:49.802542+00:00,2026-06-12T11:03:50.889653+00:00,1.0871102809906006,20000,nan,nan
68,clean_profile,CSE-CIC-IDS2018,cse_cic_ids2018_friday_holdout_sample,1,extra_trees,nan,2026-06-12T11:03:50.889735+00:00,2026-06-12T11:03:51.073734+00:00,0.1839988231658935,20000,nan,nan
69,threat_evaluation,CSE-CIC-IDS2018,cse_cic_ids2018_friday_holdout_sample,1,extra_trees,a0_clean,2026-06-12T11:03:51.086233+00:00,2026-06-12T11:03:51.151788+00:00,0.0655546188354492,5000,nan,nan
70,result_writing,CSE-CIC-IDS2018,cse_cic_ids2018_friday_holdout_sample,1,extra_trees,a0_clean,2026-06-12T11:03:51.151949+00:00,2026-06-12T11:03:51.155263+00:00,0.0033140182495117,1,results/raw/tier_e_core4_hgb_mlp_timed_cse_cic_ids2018/CSE-CIC-IDS2018_cse_cic_ids2018_friday_holdout_sample_extra_trees_a0_clean_1.csv,nan
71,threat_evaluation,CSE-CIC-IDS2018,cse_cic_ids2018_friday_holdout_sample,1,extra_trees,a1_constrained_feature,2026-06-12T11:03:51.155305+00:00,2026-06-12T11:03:51.277834+00:00,0.1225290298461914,5000,nan,nan
72,result_writing,CSE-CIC-IDS2018,cse_cic_ids2018_friday_holdout_sample,1,extra_trees,a1_constrained_feature,2026-06-12T11:03:51.278009+00:00,2026-06-12T11:03:51.281264+00:00,0.0032546520233154,1,results/raw/tier_e_core4_hgb_mlp_timed_cse_cic_ids2018/CSE-CIC-IDS2018_cse_cic_ids2018_friday_holdout_sample_extra_trees_a1_constrained_feature_1.csv,nan
73,threat_evaluation,CSE-CIC-IDS2018,cse_cic_ids2018_friday_holdout_sample,1,extra_trees,a1_constrained_score_search,2026-06-12T11:03:51.281306+00:00,2026-06-12T11:03:51.660153+00:00,0.3788478374481201,5000,nan,nan
74,result_writing,CSE-CIC-IDS2018,cse_cic_ids2018_friday_holdout_sample,1,extra_trees,a1_constrained_score_search,2026-06-12T11:03:51.660326+00:00,2026-06-12T11:03:51.663529+00:00,0.0032029151916503,1,results/raw/tier_e_core4_hgb_mlp_timed_cse_cic_ids2018/CSE-CIC-IDS2018_cse_cic_ids2018_friday_holdout_sample_extra_trees_a1_constrained_score_search_1.csv,nan
75,threat_evaluation,CSE-CIC-IDS2018,cse_cic_ids2018_friday_holdout_sample,1,extra_trees,a4_split_shift,2026-06-12T11:03:51.663571+00:00,2026-06-12T11:03:51.728004+00:00,0.0644326210021972,5000,nan,nan
76,result_writing,CSE-CIC-IDS2018,cse_cic_ids2018_friday_holdout_sample,1,extra_trees,a4_split_shift,2026-06-12T11:03:51.728159+00:00,2026-06-12T11:03:51.731429+00:00,0.003270149230957,1,results/raw/tier_e_core4_hgb_mlp_timed_cse_cic_ids2018/CSE-CIC-IDS2018_cse_cic_ids2018_friday_holdout_sample_extra_trees_a4_split_shift_1.csv,nan
77,split_construction,CSE-CIC-IDS2018,cse_cic_ids2018_friday_holdout_sample,1,hist_gradient_boosting,nan,2026-06-12T11:03:51.731510+00:00,2026-06-12T11:03:51.788349+00:00,0.0568387508392334,20000,nan,nan
78,preprocessing,CSE-CIC-IDS2018,cse_cic_ids2018_friday_holdout_sample,1,hist_gradient_boosting,nan,2026-06-12T11:03:51.788476+00:00,2026-06-12T11:03:54.057868+00:00,2.269392251968384,20000,nan,nan
79,model_training,CSE-CIC-IDS2018,cse_cic_ids2018_friday_holdout_sample,1,hist_gradient_boosting,nan,2026-06-12T11:03:54.058025+00:00,2026-06-12T11:03:54.789853+00:00,0.7318282127380371,20000,nan,nan
80,clean_profile,CSE-CIC-IDS2018,cse_cic_ids2018_friday_holdout_sample,1,hist_gradient_boosting,nan,2026-06-12T11:03:54.789935+00:00,2026-06-12T11:03:54.821329+00:00,0.03139328956604,20000,nan,nan
81,threat_evaluation,CSE-CIC-IDS2018,cse_cic_ids2018_friday_holdout_sample,1,hist_gradient_boosting,a0_clean,2026-06-12T11:03:54.833894+00:00,2026-06-12T11:03:54.847233+00:00,0.0133392810821533,5000,nan,nan
82,result_writing,CSE-CIC-IDS2018,cse_cic_ids2018_friday_holdout_sample,1,hist_gradient_boosting,a0_clean,2026-06-12T11:03:54.847389+00:00,2026-06-12T11:03:54.850758+00:00,0.0033693313598632,1,results/raw/tier_e_core4_hgb_mlp_timed_cse_cic_ids2018/CSE-CIC-IDS2018_cse_cic_ids2018_friday_holdout_sample_hist_gradient_boosting_a0_clean_1.csv,nan
83,threat_evaluation,CSE-CIC-IDS2018,cse_cic_ids2018_friday_holdout_sample,1,hist_gradient_boosting,a1_constrained_feature,2026-06-12T11:03:54.850808+00:00,2026-06-12T11:03:54.921232+00:00,0.0704231262207031,5000,nan,nan
84,result_writing,CSE-CIC-IDS2018,cse_cic_ids2018_friday_holdout_sample,1,hist_gradient_boosting,a1_constrained_feature,2026-06-12T11:03:54.921401+00:00,2026-06-12T11:03:54.924558+00:00,0.0031569004058837,1,results/raw/tier_e_core4_hgb_mlp_timed_cse_cic_ids2018/CSE-CIC-IDS2018_cse_cic_ids2018_friday_holdout_sample_hist_gradient_boosting_a1_constrained_feature_1.csv,nan
85,threat_evaluation,CSE-CIC-IDS2018,cse_cic_ids2018_friday_holdout_sample,1,hist_gradient_boosting,a1_constrained_score_search,2026-06-12T11:03:54.924605+00:00,2026-06-12T11:03:55.240024+00:00,0.3154184818267822,5000,nan,nan
86,result_writing,CSE-CIC-IDS2018,cse_cic_ids2018_friday_holdout_sample,1,hist_gradient_boosting,a1_constrained_score_search,2026-06-12T11:03:55.240190+00:00,2026-06-12T11:03:55.243298+00:00,0.0031075477600097,1,results/raw/tier_e_core4_hgb_mlp_timed_cse_cic_ids2018/CSE-CIC-IDS2018_cse_cic_ids2018_friday_holdout_sample_hist_gradient_boosting_a1_constrained_score_search_1.csv,nan
87,threat_evaluation,CSE-CIC-IDS2018,cse_cic_ids2018_friday_holdout_sample,1,hist_gradient_boosting,a4_split_shift,2026-06-12T11:03:55.243345+00:00,2026-06-12T11:03:55.260535+00:00,0.0171895027160644,5000,nan,nan
88,result_writing,CSE-CIC-IDS2018,cse_cic_ids2018_friday_holdout_sample,1,hist_gradient_boosting,a4_split_shift,2026-06-12T11:03:55.260673+00:00,2026-06-12T11:03:55.263630+00:00,0.0029573440551757,1,results/raw/tier_e_core4_hgb_mlp_timed_cse_cic_ids2018/CSE-CIC-IDS2018_cse_cic_ids2018_friday_holdout_sample_hist_gradient_boosting_a4_split_shift_1.csv,nan
89,split_construction,CSE-CIC-IDS2018,cse_cic_ids2018_friday_holdout_sample,1,logistic_regression,nan,2026-06-12T11:03:55.263708+00:00,2026-06-12T11:03:55.320102+00:00,0.0563938617706298,20000,nan,nan
90,preprocessing,CSE-CIC-IDS2018,cse_cic_ids2018_friday_holdout_sample,1,logistic_regression,nan,2026-06-12T11:03:55.320225+00:00,2026-06-12T11:03:57.580740+00:00,2.260515689849853,20000,nan,nan
91,model_training,CSE-CIC-IDS2018,cse_cic_ids2018_friday_holdout_sample,1,logistic_regression,nan,2026-06-12T11:03:57.580873+00:00,2026-06-12T11:04:12.567548+00:00,14.986675024032593,20000,nan,nan
92,clean_profile,CSE-CIC-IDS2018,cse_cic_ids2018_friday_holdout_sample,1,logistic_regression,nan,2026-06-12T11:04:12.567613+00:00,2026-06-12T11:04:12.583828+00:00,0.0162153244018554,20000,nan,nan
93,threat_evaluation,CSE-CIC-IDS2018,cse_cic_ids2018_friday_holdout_sample,1,logistic_regression,a0_clean,2026-06-12T11:04:12.596414+00:00,2026-06-12T11:04:12.606276+00:00,0.0098614692687988,5000,nan,nan
94,result_writing,CSE-CIC-IDS2018,cse_cic_ids2018_friday_holdout_sample,1,logistic_regression,a0_clean,2026-06-12T11:04:12.606435+00:00,2026-06-12T11:04:12.609622+00:00,0.0031869411468505,1,results/raw/tier_e_core4_hgb_mlp_timed_cse_cic_ids2018/CSE-CIC-IDS2018_cse_cic_ids2018_friday_holdout_sample_logistic_regression_a0_clean_1.csv,nan
95,threat_evaluation,CSE-CIC-IDS2018,cse_cic_ids2018_friday_holdout_sample,1,logistic_regression,a1_constrained_feature,2026-06-12T11:04:12.609663+00:00,2026-06-12T11:04:12.675341+00:00,0.0656781196594238,5000,nan,nan
96,result_writing,CSE-CIC-IDS2018,cse_cic_ids2018_friday_holdout_sample,1,logistic_regression,a1_constrained_feature,2026-06-12T11:04:12.675507+00:00,2026-06-12T11:04:12.678650+00:00,0.0031430721282958,1,results/raw/tier_e_core4_hgb_mlp_timed_cse_cic_ids2018/CSE-CIC-IDS2018_cse_cic_ids2018_friday_holdout_sample_logistic_regression_a1_constrained_feature_1.csv,nan
97,threat_evaluation,CSE-CIC-IDS2018,cse_cic_ids2018_friday_holdout_sample,1,logistic_regression,a1_constrained_score_search,2026-06-12T11:04:12.678691+00:00,2026-06-12T11:04:12.954728+00:00,0.2760372161865234,5000,nan,nan
98,result_writing,CSE-CIC-IDS2018,cse_cic_ids2018_friday_holdout_sample,1,logistic_regression,a1_constrained_score_search,2026-06-12T11:04:12.954894+00:00,2026-06-12T11:04:12.958049+00:00,0.0031542778015136,1,results/raw/tier_e_core4_hgb_mlp_timed_cse_cic_ids2018/CSE-CIC-IDS2018_cse_cic_ids2018_friday_holdout_sample_logistic_regression_a1_constrained_score_search_1.csv,nan
99,threat_evaluation,CSE-CIC-IDS2018,cse_cic_ids2018_friday_holdout_sample,1,logistic_regression,a4_split_shift,2026-06-12T11:04:12.958098+00:00,2026-06-12T11:04:12.966973+00:00,0.0088751316070556,5000,nan,nan
100,result_writing,CSE-CIC-IDS2018,cse_cic_ids2018_friday_holdout_sample,1,logistic_regression,a4_split_shift,2026-06-12T11:04:12.967106+00:00,2026-06-12T11:04:12.970147+00:00,0.0030407905578613,1,results/raw/tier_e_core4_hgb_mlp_timed_cse_cic_ids2018/CSE-CIC-IDS2018_cse_cic_ids2018_friday_holdout_sample_logistic_regression_a4_split_shift_1.csv,nan
101,split_construction,CSE-CIC-IDS2018,cse_cic_ids2018_friday_holdout_sample,1,mlp_sklearn,nan,2026-06-12T11:04:12.970227+00:00,2026-06-12T11:04:13.026591+00:00,0.0563642978668212,20000,nan,nan
102,preprocessing,CSE-CIC-IDS2018,cse_cic_ids2018_friday_holdout_sample,1,mlp_sklearn,nan,2026-06-12T11:04:13.026707+00:00,2026-06-12T11:04:15.293868+00:00,2.267161130905152,20000,nan,nan
103,model_training,CSE-CIC-IDS2018,cse_cic_ids2018_friday_holdout_sample,1,mlp_sklearn,nan,2026-06-12T11:04:15.294023+00:00,2026-06-12T11:04:16.496638+00:00,1.2026152610778809,20000,nan,nan
104,clean_profile,CSE-CIC-IDS2018,cse_cic_ids2018_friday_holdout_sample,1,mlp_sklearn,nan,2026-06-12T11:04:16.496714+00:00,2026-06-12T11:04:16.519489+00:00,0.022775650024414,20000,nan,nan
105,threat_evaluation,CSE-CIC-IDS2018,cse_cic_ids2018_friday_holdout_sample,1,mlp_sklearn,a0_clean,2026-06-12T11:04:16.532091+00:00,2026-06-12T11:04:16.543797+00:00,0.0117068290710449,5000,nan,nan
106,result_writing,CSE-CIC-IDS2018,cse_cic_ids2018_friday_holdout_sample,1,mlp_sklearn,a0_clean,2026-06-12T11:04:16.543957+00:00,2026-06-12T11:04:16.547358+00:00,0.0034005641937255,1,results/raw/tier_e_core4_hgb_mlp_timed_cse_cic_ids2018/CSE-CIC-IDS2018_cse_cic_ids2018_friday_holdout_sample_mlp_sklearn_a0_clean_1.csv,nan
107,threat_evaluation,CSE-CIC-IDS2018,cse_cic_ids2018_friday_holdout_sample,1,mlp_sklearn,a1_constrained_feature,2026-06-12T11:04:16.547410+00:00,2026-06-12T11:04:16.616890+00:00,0.0694801807403564,5000,nan,nan
108,result_writing,CSE-CIC-IDS2018,cse_cic_ids2018_friday_holdout_sample,1,mlp_sklearn,a1_constrained_feature,2026-06-12T11:04:16.617058+00:00,2026-06-12T11:04:16.620352+00:00,0.003293752670288,1,results/raw/tier_e_core4_hgb_mlp_timed_cse_cic_ids2018/CSE-CIC-IDS2018_cse_cic_ids2018_friday_holdout_sample_mlp_sklearn_a1_constrained_feature_1.csv,nan
109,threat_evaluation,CSE-CIC-IDS2018,cse_cic_ids2018_friday_holdout_sample,1,mlp_sklearn,a1_constrained_score_search,2026-06-12T11:04:16.620400+00:00,2026-06-12T11:04:16.902424+00:00,0.2820241451263428,5000,nan,nan
110,result_writing,CSE-CIC-IDS2018,cse_cic_ids2018_friday_holdout_sample,1,mlp_sklearn,a1_constrained_score_search,2026-06-12T11:04:16.902595+00:00,2026-06-12T11:04:16.905922+00:00,0.0033273696899414,1,results/raw/tier_e_core4_hgb_mlp_timed_cse_cic_ids2018/CSE-CIC-IDS2018_cse_cic_ids2018_friday_holdout_sample_mlp_sklearn_a1_constrained_score_search_1.csv,nan
111,threat_evaluation,CSE-CIC-IDS2018,cse_cic_ids2018_friday_holdout_sample,1,mlp_sklearn,a4_split_shift,2026-06-12T11:04:16.905968+00:00,2026-06-12T11:04:16.917122+00:00,0.0111536979675292,5000,nan,nan
112,result_writing,CSE-CIC-IDS2018,cse_cic_ids2018_friday_holdout_sample,1,mlp_sklearn,a4_split_shift,2026-06-12T11:04:16.917273+00:00,2026-06-12T11:04:16.920504+00:00,0.0032310485839843,1,results/raw/tier_e_core4_hgb_mlp_timed_cse_cic_ids2018/CSE-CIC-IDS2018_cse_cic_ids2018_friday_holdout_sample_mlp_sklearn_a4_split_shift_1.csv,nan
113,split_construction,CSE-CIC-IDS2018,cse_cic_ids2018_friday_holdout_sample,1,random_forest,nan,2026-06-12T11:04:16.920584+00:00,2026-06-12T11:04:16.977159+00:00,0.0565748214721679,20000,nan,nan
114,preprocessing,CSE-CIC-IDS2018,cse_cic_ids2018_friday_holdout_sample,1,random_forest,nan,2026-06-12T11:04:16.977283+00:00,2026-06-12T11:04:19.243868+00:00,2.2665855884552,20000,nan,nan
115,model_training,CSE-CIC-IDS2018,cse_cic_ids2018_friday_holdout_sample,1,random_forest,nan,2026-06-12T11:04:19.244043+00:00,2026-06-12T11:04:21.188051+00:00,1.9440088272094729,20000,nan,nan
116,clean_profile,CSE-CIC-IDS2018,cse_cic_ids2018_friday_holdout_sample,1,random_forest,nan,2026-06-12T11:04:21.188132+00:00,2026-06-12T11:04:21.327047+00:00,0.1389148235321045,20000,nan,nan
117,threat_evaluation,CSE-CIC-IDS2018,cse_cic_ids2018_friday_holdout_sample,1,random_forest,a0_clean,2026-06-12T11:04:21.339399+00:00,2026-06-12T11:04:21.387854+00:00,0.0484557151794433,5000,nan,nan
118,result_writing,CSE-CIC-IDS2018,cse_cic_ids2018_friday_holdout_sample,1,random_forest,a0_clean,2026-06-12T11:04:21.388017+00:00,2026-06-12T11:04:21.391319+00:00,0.0033013820648193,1,results/raw/tier_e_core4_hgb_mlp_timed_cse_cic_ids2018/CSE-CIC-IDS2018_cse_cic_ids2018_friday_holdout_sample_random_forest_a0_clean_1.csv,nan
119,threat_evaluation,CSE-CIC-IDS2018,cse_cic_ids2018_friday_holdout_sample,1,random_forest,a1_constrained_feature,2026-06-12T11:04:21.391363+00:00,2026-06-12T11:04:21.498041+00:00,0.1066780090332031,5000,nan,nan
120,result_writing,CSE-CIC-IDS2018,cse_cic_ids2018_friday_holdout_sample,1,random_forest,a1_constrained_feature,2026-06-12T11:04:21.498210+00:00,2026-06-12T11:04:21.501491+00:00,0.0032813549041748,1,results/raw/tier_e_core4_hgb_mlp_timed_cse_cic_ids2018/CSE-CIC-IDS2018_cse_cic_ids2018_friday_holdout_sample_random_forest_a1_constrained_feature_1.csv,nan
121,threat_evaluation,CSE-CIC-IDS2018,cse_cic_ids2018_friday_holdout_sample,1,random_forest,a1_constrained_score_search,2026-06-12T11:04:21.501535+00:00,2026-06-12T11:04:21.863192+00:00,0.3616566658020019,5000,nan,nan
122,result_writing,CSE-CIC-IDS2018,cse_cic_ids2018_friday_holdout_sample,1,random_forest,a1_constrained_score_search,2026-06-12T11:04:21.863361+00:00,2026-06-12T11:04:21.866596+00:00,0.0032346248626708,1,results/raw/tier_e_core4_hgb_mlp_timed_cse_cic_ids2018/CSE-CIC-IDS2018_cse_cic_ids2018_friday_holdout_sample_random_forest_a1_constrained_score_search_1.csv,nan
123,threat_evaluation,CSE-CIC-IDS2018,cse_cic_ids2018_friday_holdout_sample,1,random_forest,a4_split_shift,2026-06-12T11:04:21.866642+00:00,2026-06-12T11:04:21.914415+00:00,0.0477735996246337,5000,nan,nan
124,result_writing,CSE-CIC-IDS2018,cse_cic_ids2018_friday_holdout_sample,1,random_forest,a4_split_shift,2026-06-12T11:04:21.914572+00:00,2026-06-12T11:04:21.918008+00:00,0.0034358501434326,1,results/raw/tier_e_core4_hgb_mlp_timed_cse_cic_ids2018/CSE-CIC-IDS2018_cse_cic_ids2018_friday_holdout_sample_random_forest_a4_split_shift_1.csv,nan
125,dataset_load,CSE-CIC-IDS2018,cse_cic_ids2018_friday_holdout_sample,2,nan,nan,2026-06-12T11:04:21.918056+00:00,2026-06-12T11:05:05.416062+00:00,43.498005628585815,20000,nan,nan
126,preprocess_manifest,CSE-CIC-IDS2018,cse_cic_ids2018_friday_holdout_sample,2,nan,nan,2026-06-12T11:05:05.416204+00:00,2026-06-12T11:05:07.630225+00:00,2.2140209674835205,20000,nan,nan
127,split_construction,CSE-CIC-IDS2018,cse_cic_ids2018_friday_holdout_sample,2,extra_trees,nan,2026-06-12T11:05:07.630396+00:00,2026-06-12T11:05:07.686353+00:00,0.0559570789337158,20000,nan,nan
128,preprocessing,CSE-CIC-IDS2018,cse_cic_ids2018_friday_holdout_sample,2,extra_trees,nan,2026-06-12T11:05:07.686479+00:00,2026-06-12T11:05:09.961500+00:00,2.275021314620972,20000,nan,nan
129,model_training,CSE-CIC-IDS2018,cse_cic_ids2018_friday_holdout_sample,2,extra_trees,nan,2026-06-12T11:05:09.961673+00:00,2026-06-12T11:05:11.097790+00:00,1.1361172199249268,20000,nan,nan
130,clean_profile,CSE-CIC-IDS2018,cse_cic_ids2018_friday_holdout_sample,2,extra_trees,nan,2026-06-12T11:05:11.097873+00:00,2026-06-12T11:05:11.285935+00:00,0.1880624294281005,20000,nan,nan
131,threat_evaluation,CSE-CIC-IDS2018,cse_cic_ids2018_friday_holdout_sample,2,extra_trees,a0_clean,2026-06-12T11:05:11.298515+00:00,2026-06-12T11:05:11.363775+00:00,0.0652594566345214,5000,nan,nan
132,result_writing,CSE-CIC-IDS2018,cse_cic_ids2018_friday_holdout_sample,2,extra_trees,a0_clean,2026-06-12T11:05:11.363933+00:00,2026-06-12T11:05:11.367240+00:00,0.0033071041107177,1,results/raw/tier_e_core4_hgb_mlp_timed_cse_cic_ids2018/CSE-CIC-IDS2018_cse_cic_ids2018_friday_holdout_sample_extra_trees_a0_clean_2.csv,nan
133,threat_evaluation,CSE-CIC-IDS2018,cse_cic_ids2018_friday_holdout_sample,2,extra_trees,a1_constrained_feature,2026-06-12T11:05:11.367285+00:00,2026-06-12T11:05:11.490522+00:00,0.1232366561889648,5000,nan,nan
134,result_writing,CSE-CIC-IDS2018,cse_cic_ids2018_friday_holdout_sample,2,extra_trees,a1_constrained_feature,2026-06-12T11:05:11.490688+00:00,2026-06-12T11:05:11.493935+00:00,0.0032472610473632,1,results/raw/tier_e_core4_hgb_mlp_timed_cse_cic_ids2018/CSE-CIC-IDS2018_cse_cic_ids2018_friday_holdout_sample_extra_trees_a1_constrained_feature_2.csv,nan
135,threat_evaluation,CSE-CIC-IDS2018,cse_cic_ids2018_friday_holdout_sample,2,extra_trees,a1_constrained_score_search,2026-06-12T11:05:11.493978+00:00,2026-06-12T11:05:11.876916+00:00,0.3829379081726074,5000,nan,nan
136,result_writing,CSE-CIC-IDS2018,cse_cic_ids2018_friday_holdout_sample,2,extra_trees,a1_constrained_score_search,2026-06-12T11:05:11.877090+00:00,2026-06-12T11:05:11.880315+00:00,0.0032243728637695,1,results/raw/tier_e_core4_hgb_mlp_timed_cse_cic_ids2018/CSE-CIC-IDS2018_cse_cic_ids2018_friday_holdout_sample_extra_trees_a1_constrained_score_search_2.csv,nan
137,threat_evaluation,CSE-CIC-IDS2018,cse_cic_ids2018_friday_holdout_sample,2,extra_trees,a4_split_shift,2026-06-12T11:05:11.880359+00:00,2026-06-12T11:05:11.945597+00:00,0.0652384757995605,5000,nan,nan
138,result_writing,CSE-CIC-IDS2018,cse_cic_ids2018_friday_holdout_sample,2,extra_trees,a4_split_shift,2026-06-12T11:05:11.945756+00:00,2026-06-12T11:05:11.949033+00:00,0.00327730178833,1,results/raw/tier_e_core4_hgb_mlp_timed_cse_cic_ids2018/CSE-CIC-IDS2018_cse_cic_ids2018_friday_holdout_sample_extra_trees_a4_split_shift_2.csv,nan
139,split_construction,CSE-CIC-IDS2018,cse_cic_ids2018_friday_holdout_sample,2,hist_gradient_boosting,nan,2026-06-12T11:05:11.949119+00:00,2026-06-12T11:05:12.006242+00:00,0.0571222305297851,20000,nan,nan
140,preprocessing,CSE-CIC-IDS2018,cse_cic_ids2018_friday_holdout_sample,2,hist_gradient_boosting,nan,2026-06-12T11:05:12.006352+00:00,2026-06-12T11:05:14.297762+00:00,2.291409969329834,20000,nan,nan
141,model_training,CSE-CIC-IDS2018,cse_cic_ids2018_friday_holdout_sample,2,hist_gradient_boosting,nan,2026-06-12T11:05:14.297915+00:00,2026-06-12T11:05:14.906021+00:00,0.6081058979034424,20000,nan,nan
142,clean_profile,CSE-CIC-IDS2018,cse_cic_ids2018_friday_holdout_sample,2,hist_gradient_boosting,nan,2026-06-12T11:05:14.906099+00:00,2026-06-12T11:05:14.935678+00:00,0.0295784473419189,20000,nan,nan
143,threat_evaluation,CSE-CIC-IDS2018,cse_cic_ids2018_friday_holdout_sample,2,hist_gradient_boosting,a0_clean,2026-06-12T11:05:14.948562+00:00,2026-06-12T11:05:14.961555+00:00,0.0129928588867187,5000,nan,nan
144,result_writing,CSE-CIC-IDS2018,cse_cic_ids2018_friday_holdout_sample,2,hist_gradient_boosting,a0_clean,2026-06-12T11:05:14.961711+00:00,2026-06-12T11:05:14.965122+00:00,0.0034117698669433,1,results/raw/tier_e_core4_hgb_mlp_timed_cse_cic_ids2018/CSE-CIC-IDS2018_cse_cic_ids2018_friday_holdout_sample_hist_gradient_boosting_a0_clean_2.csv,nan
145,threat_evaluation,CSE-CIC-IDS2018,cse_cic_ids2018_friday_holdout_sample,2,hist_gradient_boosting,a1_constrained_feature,2026-06-12T11:05:14.965171+00:00,2026-06-12T11:05:15.035921+00:00,0.0707502365112304,5000,nan,nan
146,result_writing,CSE-CIC-IDS2018,cse_cic_ids2018_friday_holdout_sample,2,hist_gradient_boosting,a1_constrained_feature,2026-06-12T11:05:15.036090+00:00,2026-06-12T11:05:15.039239+00:00,0.0031485557556152,1,results/raw/tier_e_core4_hgb_mlp_timed_cse_cic_ids2018/CSE-CIC-IDS2018_cse_cic_ids2018_friday_holdout_sample_hist_gradient_boosting_a1_constrained_feature_2.csv,nan
147,threat_evaluation,CSE-CIC-IDS2018,cse_cic_ids2018_friday_holdout_sample,2,hist_gradient_boosting,a1_constrained_score_search,2026-06-12T11:05:15.039284+00:00,2026-06-12T11:05:15.336794+00:00,0.2975094318389892,5000,nan,nan
148,result_writing,CSE-CIC-IDS2018,cse_cic_ids2018_friday_holdout_sample,2,hist_gradient_boosting,a1_constrained_score_search,2026-06-12T11:05:15.336966+00:00,2026-06-12T11:05:15.340156+00:00,0.0031900405883789,1,results/raw/tier_e_core4_hgb_mlp_timed_cse_cic_ids2018/CSE-CIC-IDS2018_cse_cic_ids2018_friday_holdout_sample_hist_gradient_boosting_a1_constrained_score_search_2.csv,nan
149,threat_evaluation,CSE-CIC-IDS2018,cse_cic_ids2018_friday_holdout_sample,2,hist_gradient_boosting,a4_split_shift,2026-06-12T11:05:15.340204+00:00,2026-06-12T11:05:15.355864+00:00,0.0156600475311279,5000,nan,nan
150,result_writing,CSE-CIC-IDS2018,cse_cic_ids2018_friday_holdout_sample,2,hist_gradient_boosting,a4_split_shift,2026-06-12T11:05:15.356004+00:00,2026-06-12T11:05:15.358958+00:00,0.002953290939331,1,results/raw/tier_e_core4_hgb_mlp_timed_cse_cic_ids2018/CSE-CIC-IDS2018_cse_cic_ids2018_friday_holdout_sample_hist_gradient_boosting_a4_split_shift_2.csv,nan
151,split_construction,CSE-CIC-IDS2018,cse_cic_ids2018_friday_holdout_sample,2,logistic_regression,nan,2026-06-12T11:05:15.359038+00:00,2026-06-12T11:05:15.415533+00:00,0.056495189666748,20000,nan,nan
152,preprocessing,CSE-CIC-IDS2018,cse_cic_ids2018_friday_holdout_sample,2,logistic_regression,nan,2026-06-12T11:05:15.415653+00:00,2026-06-12T11:05:17.689083+00:00,2.273430585861206,20000,nan,nan
153,model_training,CSE-CIC-IDS2018,cse_cic_ids2018_friday_holdout_sample,2,logistic_regression,nan,2026-06-12T11:05:17.689217+00:00,2026-06-12T11:05:31.917900+00:00,14.228683471679688,20000,nan,nan
154,clean_profile,CSE-CIC-IDS2018,cse_cic_ids2018_friday_holdout_sample,2,logistic_regression,nan,2026-06-12T11:05:31.917963+00:00,2026-06-12T11:05:31.934215+00:00,0.0162522792816162,20000,nan,nan
155,threat_evaluation,CSE-CIC-IDS2018,cse_cic_ids2018_friday_holdout_sample,2,logistic_regression,a0_clean,2026-06-12T11:05:31.947282+00:00,2026-06-12T11:05:31.957190+00:00,0.0099074840545654,5000,nan,nan
156,result_writing,CSE-CIC-IDS2018,cse_cic_ids2018_friday_holdout_sample,2,logistic_regression,a0_clean,2026-06-12T11:05:31.957345+00:00,2026-06-12T11:05:31.960526+00:00,0.0031805038452148,1,results/raw/tier_e_core4_hgb_mlp_timed_cse_cic_ids2018/CSE-CIC-IDS2018_cse_cic_ids2018_friday_holdout_sample_logistic_regression_a0_clean_2.csv,nan
157,threat_evaluation,CSE-CIC-IDS2018,cse_cic_ids2018_friday_holdout_sample,2,logistic_regression,a1_constrained_feature,2026-06-12T11:05:31.960566+00:00,2026-06-12T11:05:32.027128+00:00,0.0665621757507324,5000,nan,nan
158,result_writing,CSE-CIC-IDS2018,cse_cic_ids2018_friday_holdout_sample,2,logistic_regression,a1_constrained_feature,2026-06-12T11:05:32.027296+00:00,2026-06-12T11:05:32.030497+00:00,0.0032010078430175,1,results/raw/tier_e_core4_hgb_mlp_timed_cse_cic_ids2018/CSE-CIC-IDS2018_cse_cic_ids2018_friday_holdout_sample_logistic_regression_a1_constrained_feature_2.csv,nan
159,threat_evaluation,CSE-CIC-IDS2018,cse_cic_ids2018_friday_holdout_sample,2,logistic_regression,a1_constrained_score_search,2026-06-12T11:05:32.030540+00:00,2026-06-12T11:05:32.305381+00:00,0.2748403549194336,5000,nan,nan
160,result_writing,CSE-CIC-IDS2018,cse_cic_ids2018_friday_holdout_sample,2,logistic_regression,a1_constrained_score_search,2026-06-12T11:05:32.305551+00:00,2026-06-12T11:05:32.308745+00:00,0.0031940937042236,1,results/raw/tier_e_core4_hgb_mlp_timed_cse_cic_ids2018/CSE-CIC-IDS2018_cse_cic_ids2018_friday_holdout_sample_logistic_regression_a1_constrained_score_search_2.csv,nan
161,threat_evaluation,CSE-CIC-IDS2018,cse_cic_ids2018_friday_holdout_sample,2,logistic_regression,a4_split_shift,2026-06-12T11:05:32.308789+00:00,2026-06-12T11:05:32.317414+00:00,0.0086257457733154,5000,nan,nan
162,result_writing,CSE-CIC-IDS2018,cse_cic_ids2018_friday_holdout_sample,2,logistic_regression,a4_split_shift,2026-06-12T11:05:32.317541+00:00,2026-06-12T11:05:32.320345+00:00,0.0028042793273925,1,results/raw/tier_e_core4_hgb_mlp_timed_cse_cic_ids2018/CSE-CIC-IDS2018_cse_cic_ids2018_friday_holdout_sample_logistic_regression_a4_split_shift_2.csv,nan
163,split_construction,CSE-CIC-IDS2018,cse_cic_ids2018_friday_holdout_sample,2,mlp_sklearn,nan,2026-06-12T11:05:32.320421+00:00,2026-06-12T11:05:32.377033+00:00,0.0566127300262451,20000,nan,nan
164,preprocessing,CSE-CIC-IDS2018,cse_cic_ids2018_friday_holdout_sample,2,mlp_sklearn,nan,2026-06-12T11:05:32.377144+00:00,2026-06-12T11:05:34.653788+00:00,2.276643753051758,20000,nan,nan
165,model_training,CSE-CIC-IDS2018,cse_cic_ids2018_friday_holdout_sample,2,mlp_sklearn,nan,2026-06-12T11:05:34.653939+00:00,2026-06-12T11:05:35.782055+00:00,1.1281156539916992,20000,nan,nan
166,clean_profile,CSE-CIC-IDS2018,cse_cic_ids2018_friday_holdout_sample,2,mlp_sklearn,nan,2026-06-12T11:05:35.782131+00:00,2026-06-12T11:05:35.804729+00:00,0.0225982666015625,20000,nan,nan
167,threat_evaluation,CSE-CIC-IDS2018,cse_cic_ids2018_friday_holdout_sample,2,mlp_sklearn,a0_clean,2026-06-12T11:05:35.817370+00:00,2026-06-12T11:05:35.829195+00:00,0.011824607849121,5000,nan,nan
168,result_writing,CSE-CIC-IDS2018,cse_cic_ids2018_friday_holdout_sample,2,mlp_sklearn,a0_clean,2026-06-12T11:05:35.829357+00:00,2026-06-12T11:05:35.832743+00:00,0.0033864974975585,1,results/raw/tier_e_core4_hgb_mlp_timed_cse_cic_ids2018/CSE-CIC-IDS2018_cse_cic_ids2018_friday_holdout_sample_mlp_sklearn_a0_clean_2.csv,nan
169,threat_evaluation,CSE-CIC-IDS2018,cse_cic_ids2018_friday_holdout_sample,2,mlp_sklearn,a1_constrained_feature,2026-06-12T11:05:35.832791+00:00,2026-06-12T11:05:35.901412+00:00,0.0686216354370117,5000,nan,nan
170,result_writing,CSE-CIC-IDS2018,cse_cic_ids2018_friday_holdout_sample,2,mlp_sklearn,a1_constrained_feature,2026-06-12T11:05:35.901587+00:00,2026-06-12T11:05:35.904871+00:00,0.0032832622528076,1,results/raw/tier_e_core4_hgb_mlp_timed_cse_cic_ids2018/CSE-CIC-IDS2018_cse_cic_ids2018_friday_holdout_sample_mlp_sklearn_a1_constrained_feature_2.csv,nan
171,threat_evaluation,CSE-CIC-IDS2018,cse_cic_ids2018_friday_holdout_sample,2,mlp_sklearn,a1_constrained_score_search,2026-06-12T11:05:35.904919+00:00,2026-06-12T11:05:36.188410+00:00,0.2834908962249756,5000,nan,nan
172,result_writing,CSE-CIC-IDS2018,cse_cic_ids2018_friday_holdout_sample,2,mlp_sklearn,a1_constrained_score_search,2026-06-12T11:05:36.188582+00:00,2026-06-12T11:05:36.191878+00:00,0.0032966136932373,1,results/raw/tier_e_core4_hgb_mlp_timed_cse_cic_ids2018/CSE-CIC-IDS2018_cse_cic_ids2018_friday_holdout_sample_mlp_sklearn_a1_constrained_score_search_2.csv,nan
173,threat_evaluation,CSE-CIC-IDS2018,cse_cic_ids2018_friday_holdout_sample,2,mlp_sklearn,a4_split_shift,2026-06-12T11:05:36.191928+00:00,2026-06-12T11:05:36.202979+00:00,0.0110507011413574,5000,nan,nan
174,result_writing,CSE-CIC-IDS2018,cse_cic_ids2018_friday_holdout_sample,2,mlp_sklearn,a4_split_shift,2026-06-12T11:05:36.203136+00:00,2026-06-12T11:05:36.206383+00:00,0.0032465457916259,1,results/raw/tier_e_core4_hgb_mlp_timed_cse_cic_ids2018/CSE-CIC-IDS2018_cse_cic_ids2018_friday_holdout_sample_mlp_sklearn_a4_split_shift_2.csv,nan
175,split_construction,CSE-CIC-IDS2018,cse_cic_ids2018_friday_holdout_sample,2,random_forest,nan,2026-06-12T11:05:36.206468+00:00,2026-06-12T11:05:36.263545+00:00,0.0570766925811767,20000,nan,nan
176,preprocessing,CSE-CIC-IDS2018,cse_cic_ids2018_friday_holdout_sample,2,random_forest,nan,2026-06-12T11:05:36.263663+00:00,2026-06-12T11:05:38.536715+00:00,2.2730512619018555,20000,nan,nan
177,model_training,CSE-CIC-IDS2018,cse_cic_ids2018_friday_holdout_sample,2,random_forest,nan,2026-06-12T11:05:38.536894+00:00,2026-06-12T11:05:40.504443+00:00,1.9675490856170652,20000,nan,nan
178,clean_profile,CSE-CIC-IDS2018,cse_cic_ids2018_friday_holdout_sample,2,random_forest,nan,2026-06-12T11:05:40.504519+00:00,2026-06-12T11:05:40.638082+00:00,0.1335635185241699,20000,nan,nan
179,threat_evaluation,CSE-CIC-IDS2018,cse_cic_ids2018_friday_holdout_sample,2,random_forest,a0_clean,2026-06-12T11:05:40.650501+00:00,2026-06-12T11:05:40.698807+00:00,0.0483057498931884,5000,nan,nan
180,result_writing,CSE-CIC-IDS2018,cse_cic_ids2018_friday_holdout_sample,2,random_forest,a0_clean,2026-06-12T11:05:40.698970+00:00,2026-06-12T11:05:40.702320+00:00,0.0033493041992187,1,results/raw/tier_e_core4_hgb_mlp_timed_cse_cic_ids2018/CSE-CIC-IDS2018_cse_cic_ids2018_friday_holdout_sample_random_forest_a0_clean_2.csv,nan
181,threat_evaluation,CSE-CIC-IDS2018,cse_cic_ids2018_friday_holdout_sample,2,random_forest,a1_constrained_feature,2026-06-12T11:05:40.702367+00:00,2026-06-12T11:05:40.808160+00:00,0.1057925224304199,5000,nan,nan
182,result_writing,CSE-CIC-IDS2018,cse_cic_ids2018_friday_holdout_sample,2,random_forest,a1_constrained_feature,2026-06-12T11:05:40.808329+00:00,2026-06-12T11:05:40.811584+00:00,0.0032551288604736,1,results/raw/tier_e_core4_hgb_mlp_timed_cse_cic_ids2018/CSE-CIC-IDS2018_cse_cic_ids2018_friday_holdout_sample_random_forest_a1_constrained_feature_2.csv,nan
183,threat_evaluation,CSE-CIC-IDS2018,cse_cic_ids2018_friday_holdout_sample,2,random_forest,a1_constrained_score_search,2026-06-12T11:05:40.811625+00:00,2026-06-12T11:05:41.172188+00:00,0.3605623245239258,5000,nan,nan
184,result_writing,CSE-CIC-IDS2018,cse_cic_ids2018_friday_holdout_sample,2,random_forest,a1_constrained_score_search,2026-06-12T11:05:41.172359+00:00,2026-06-12T11:05:41.175580+00:00,0.0032212734222412,1,results/raw/tier_e_core4_hgb_mlp_timed_cse_cic_ids2018/CSE-CIC-IDS2018_cse_cic_ids2018_friday_holdout_sample_random_forest_a1_constrained_score_search_2.csv,nan
185,threat_evaluation,CSE-CIC-IDS2018,cse_cic_ids2018_friday_holdout_sample,2,random_forest,a4_split_shift,2026-06-12T11:05:41.175623+00:00,2026-06-12T11:05:41.223217+00:00,0.0475940704345703,5000,nan,nan
186,result_writing,CSE-CIC-IDS2018,cse_cic_ids2018_friday_holdout_sample,2,random_forest,a4_split_shift,2026-06-12T11:05:41.223378+00:00,2026-06-12T11:05:41.226641+00:00,0.0032625198364257,1,results/raw/tier_e_core4_hgb_mlp_timed_cse_cic_ids2018/CSE-CIC-IDS2018_cse_cic_ids2018_friday_holdout_sample_random_forest_a4_split_shift_2.csv,nan
187,dataset_load,CSE-CIC-IDS2018,cse_cic_ids2018_friday_holdout_sample,3,nan,nan,2026-06-12T11:05:41.226684+00:00,2026-06-12T11:06:24.987963+00:00,43.76127910614014,20000,nan,nan
188,preprocess_manifest,CSE-CIC-IDS2018,cse_cic_ids2018_friday_holdout_sample,3,nan,nan,2026-06-12T11:06:24.988113+00:00,2026-06-12T11:06:27.199539+00:00,2.211425304412842,20000,nan,nan
189,split_construction,CSE-CIC-IDS2018,cse_cic_ids2018_friday_holdout_sample,3,extra_trees,nan,2026-06-12T11:06:27.199707+00:00,2026-06-12T11:06:27.255966+00:00,0.0562586784362793,20000,nan,nan
190,preprocessing,CSE-CIC-IDS2018,cse_cic_ids2018_friday_holdout_sample,3,extra_trees,nan,2026-06-12T11:06:27.256081+00:00,2026-06-12T11:06:29.526813+00:00,2.2707324028015137,20000,nan,nan
191,model_training,CSE-CIC-IDS2018,cse_cic_ids2018_friday_holdout_sample,3,extra_trees,nan,2026-06-12T11:06:29.526987+00:00,2026-06-12T11:06:30.664301+00:00,1.1373143196105957,20000,nan,nan
192,clean_profile,CSE-CIC-IDS2018,cse_cic_ids2018_friday_holdout_sample,3,extra_trees,nan,2026-06-12T11:06:30.664415+00:00,2026-06-12T11:06:30.855751+00:00,0.191335916519165,20000,nan,nan
193,threat_evaluation,CSE-CIC-IDS2018,cse_cic_ids2018_friday_holdout_sample,3,extra_trees,a0_clean,2026-06-12T11:06:30.868269+00:00,2026-06-12T11:06:30.933959+00:00,0.0656898021697998,5000,nan,nan
194,result_writing,CSE-CIC-IDS2018,cse_cic_ids2018_friday_holdout_sample,3,extra_trees,a0_clean,2026-06-12T11:06:30.934126+00:00,2026-06-12T11:06:30.937457+00:00,0.003331184387207,1,results/raw/tier_e_core4_hgb_mlp_timed_cse_cic_ids2018/CSE-CIC-IDS2018_cse_cic_ids2018_friday_holdout_sample_extra_trees_a0_clean_3.csv,nan
195,threat_evaluation,CSE-CIC-IDS2018,cse_cic_ids2018_friday_holdout_sample,3,extra_trees,a1_constrained_feature,2026-06-12T11:06:30.937499+00:00,2026-06-12T11:06:31.060500+00:00,0.1230010986328125,5000,nan,nan
196,result_writing,CSE-CIC-IDS2018,cse_cic_ids2018_friday_holdout_sample,3,extra_trees,a1_constrained_feature,2026-06-12T11:06:31.060673+00:00,2026-06-12T11:06:31.063990+00:00,0.0033173561096191,1,results/raw/tier_e_core4_hgb_mlp_timed_cse_cic_ids2018/CSE-CIC-IDS2018_cse_cic_ids2018_friday_holdout_sample_extra_trees_a1_constrained_feature_3.csv,nan
197,threat_evaluation,CSE-CIC-IDS2018,cse_cic_ids2018_friday_holdout_sample,3,extra_trees,a1_constrained_score_search,2026-06-12T11:06:31.064034+00:00,2026-06-12T11:06:31.445751+00:00,0.3817172050476074,5000,nan,nan
198,result_writing,CSE-CIC-IDS2018,cse_cic_ids2018_friday_holdout_sample,3,extra_trees,a1_constrained_score_search,2026-06-12T11:06:31.445929+00:00,2026-06-12T11:06:31.449234+00:00,0.0033049583435058,1,results/raw/tier_e_core4_hgb_mlp_timed_cse_cic_ids2018/CSE-CIC-IDS2018_cse_cic_ids2018_friday_holdout_sample_extra_trees_a1_constrained_score_search_3.csv,nan
199,threat_evaluation,CSE-CIC-IDS2018,cse_cic_ids2018_friday_holdout_sample,3,extra_trees,a4_split_shift,2026-06-12T11:06:31.449277+00:00,2026-06-12T11:06:31.515869+00:00,0.0665912628173828,5000,nan,nan
200,result_writing,CSE-CIC-IDS2018,cse_cic_ids2018_friday_holdout_sample,3,extra_trees,a4_split_shift,2026-06-12T11:06:31.516029+00:00,2026-06-12T11:06:31.519285+00:00,0.0032565593719482,1,results/raw/tier_e_core4_hgb_mlp_timed_cse_cic_ids2018/CSE-CIC-IDS2018_cse_cic_ids2018_friday_holdout_sample_extra_trees_a4_split_shift_3.csv,nan
201,split_construction,CSE-CIC-IDS2018,cse_cic_ids2018_friday_holdout_sample,3,hist_gradient_boosting,nan,2026-06-12T11:06:31.519367+00:00,2026-06-12T11:06:31.576261+00:00,0.0568940639495849,20000,nan,nan
202,preprocessing,CSE-CIC-IDS2018,cse_cic_ids2018_friday_holdout_sample,3,hist_gradient_boosting,nan,2026-06-12T11:06:31.576387+00:00,2026-06-12T11:06:33.850711+00:00,2.2743234634399414,20000,nan,nan
203,model_training,CSE-CIC-IDS2018,cse_cic_ids2018_friday_holdout_sample,3,hist_gradient_boosting,nan,2026-06-12T11:06:33.850866+00:00,2026-06-12T11:06:34.573008+00:00,0.7221424579620361,20000,nan,nan
204,clean_profile,CSE-CIC-IDS2018,cse_cic_ids2018_friday_holdout_sample,3,hist_gradient_boosting,nan,2026-06-12T11:06:34.573087+00:00,2026-06-12T11:06:34.605037+00:00,0.0319507122039794,20000,nan,nan
205,threat_evaluation,CSE-CIC-IDS2018,cse_cic_ids2018_friday_holdout_sample,3,hist_gradient_boosting,a0_clean,2026-06-12T11:06:34.617838+00:00,2026-06-12T11:06:34.631417+00:00,0.0135793685913085,5000,nan,nan
206,result_writing,CSE-CIC-IDS2018,cse_cic_ids2018_friday_holdout_sample,3,hist_gradient_boosting,a0_clean,2026-06-12T11:06:34.631584+00:00,2026-06-12T11:06:34.634985+00:00,0.0034010410308837,1,results/raw/tier_e_core4_hgb_mlp_timed_cse_cic_ids2018/CSE-CIC-IDS2018_cse_cic_ids2018_friday_holdout_sample_hist_gradient_boosting_a0_clean_3.csv,nan
207,threat_evaluation,CSE-CIC-IDS2018,cse_cic_ids2018_friday_holdout_sample,3,hist_gradient_boosting,a1_constrained_feature,2026-06-12T11:06:34.635034+00:00,2026-06-12T11:06:34.707302+00:00,0.0722677707672119,5000,nan,nan
208,result_writing,CSE-CIC-IDS2018,cse_cic_ids2018_friday_holdout_sample,3,hist_gradient_boosting,a1_constrained_feature,2026-06-12T11:06:34.707468+00:00,2026-06-12T11:06:34.710634+00:00,0.0031664371490478,1,results/raw/tier_e_core4_hgb_mlp_timed_cse_cic_ids2018/CSE-CIC-IDS2018_cse_cic_ids2018_friday_holdout_sample_hist_gradient_boosting_a1_constrained_feature_3.csv,nan
209,threat_evaluation,CSE-CIC-IDS2018,cse_cic_ids2018_friday_holdout_sample,3,hist_gradient_boosting,a1_constrained_score_search,2026-06-12T11:06:34.710678+00:00,2026-06-12T11:06:35.027197+00:00,0.3165185451507568,5000,nan,nan
210,result_writing,CSE-CIC-IDS2018,cse_cic_ids2018_friday_holdout_sample,3,hist_gradient_boosting,a1_constrained_score_search,2026-06-12T11:06:35.027360+00:00,2026-06-12T11:06:35.030572+00:00,0.003211498260498,1,results/raw/tier_e_core4_hgb_mlp_timed_cse_cic_ids2018/CSE-CIC-IDS2018_cse_cic_ids2018_friday_holdout_sample_hist_gradient_boosting_a1_constrained_score_search_3.csv,nan
211,threat_evaluation,CSE-CIC-IDS2018,cse_cic_ids2018_friday_holdout_sample,3,hist_gradient_boosting,a4_split_shift,2026-06-12T11:06:35.030616+00:00,2026-06-12T11:06:35.047903+00:00,0.0172874927520751,5000,nan,nan
212,result_writing,CSE-CIC-IDS2018,cse_cic_ids2018_friday_holdout_sample,3,hist_gradient_boosting,a4_split_shift,2026-06-12T11:06:35.048038+00:00,2026-06-12T11:06:35.050943+00:00,0.0029046535491943,1,results/raw/tier_e_core4_hgb_mlp_timed_cse_cic_ids2018/CSE-CIC-IDS2018_cse_cic_ids2018_friday_holdout_sample_hist_gradient_boosting_a4_split_shift_3.csv,nan
213,split_construction,CSE-CIC-IDS2018,cse_cic_ids2018_friday_holdout_sample,3,logistic_regression,nan,2026-06-12T11:06:35.051023+00:00,2026-06-12T11:06:35.107986+00:00,0.0569627285003662,20000,nan,nan
214,preprocessing,CSE-CIC-IDS2018,cse_cic_ids2018_friday_holdout_sample,3,logistic_regression,nan,2026-06-12T11:06:35.108105+00:00,2026-06-12T11:06:37.381725+00:00,2.273620128631592,20000,nan,nan
215,model_training,CSE-CIC-IDS2018,cse_cic_ids2018_friday_holdout_sample,3,logistic_regression,nan,2026-06-12T11:06:37.381858+00:00,2026-06-12T11:06:50.140337+00:00,12.758479118347168,20000,nan,nan
216,clean_profile,CSE-CIC-IDS2018,cse_cic_ids2018_friday_holdout_sample,3,logistic_regression,nan,2026-06-12T11:06:50.140401+00:00,2026-06-12T11:06:50.177108+00:00,0.0367066860198974,20000,nan,nan
217,threat_evaluation,CSE-CIC-IDS2018,cse_cic_ids2018_friday_holdout_sample,3,logistic_regression,a0_clean,2026-06-12T11:06:50.189884+00:00,2026-06-12T11:06:50.199828+00:00,0.0099437236785888,5000,nan,nan
218,result_writing,CSE-CIC-IDS2018,cse_cic_ids2018_friday_holdout_sample,3,logistic_regression,a0_clean,2026-06-12T11:06:50.199984+00:00,2026-06-12T11:06:50.203127+00:00,0.0031435489654541,1,results/raw/tier_e_core4_hgb_mlp_timed_cse_cic_ids2018/CSE-CIC-IDS2018_cse_cic_ids2018_friday_holdout_sample_logistic_regression_a0_clean_3.csv,nan
219,threat_evaluation,CSE-CIC-IDS2018,cse_cic_ids2018_friday_holdout_sample,3,logistic_regression,a1_constrained_feature,2026-06-12T11:06:50.203169+00:00,2026-06-12T11:06:50.269054+00:00,0.065885305404663,5000,nan,nan
220,result_writing,CSE-CIC-IDS2018,cse_cic_ids2018_friday_holdout_sample,3,logistic_regression,a1_constrained_feature,2026-06-12T11:06:50.269227+00:00,2026-06-12T11:06:50.272375+00:00,0.0031476020812988,1,results/raw/tier_e_core4_hgb_mlp_timed_cse_cic_ids2018/CSE-CIC-IDS2018_cse_cic_ids2018_friday_holdout_sample_logistic_regression_a1_constrained_feature_3.csv,nan
221,threat_evaluation,CSE-CIC-IDS2018,cse_cic_ids2018_friday_holdout_sample,3,logistic_regression,a1_constrained_score_search,2026-06-12T11:06:50.272417+00:00,2026-06-12T11:06:50.547618+00:00,0.2752008438110351,5000,nan,nan
222,result_writing,CSE-CIC-IDS2018,cse_cic_ids2018_friday_holdout_sample,3,logistic_regression,a1_constrained_score_search,2026-06-12T11:06:50.547807+00:00,2026-06-12T11:06:50.550956+00:00,0.003148078918457,1,results/raw/tier_e_core4_hgb_mlp_timed_cse_cic_ids2018/CSE-CIC-IDS2018_cse_cic_ids2018_friday_holdout_sample_logistic_regression_a1_constrained_score_search_3.csv,nan
223,threat_evaluation,CSE-CIC-IDS2018,cse_cic_ids2018_friday_holdout_sample,3,logistic_regression,a4_split_shift,2026-06-12T11:06:50.551003+00:00,2026-06-12T11:06:50.559895+00:00,0.0088911056518554,5000,nan,nan
224,result_writing,CSE-CIC-IDS2018,cse_cic_ids2018_friday_holdout_sample,3,logistic_regression,a4_split_shift,2026-06-12T11:06:50.560033+00:00,2026-06-12T11:06:50.562916+00:00,0.0028827190399169,1,results/raw/tier_e_core4_hgb_mlp_timed_cse_cic_ids2018/CSE-CIC-IDS2018_cse_cic_ids2018_friday_holdout_sample_logistic_regression_a4_split_shift_3.csv,nan
225,split_construction,CSE-CIC-IDS2018,cse_cic_ids2018_friday_holdout_sample,3,mlp_sklearn,nan,2026-06-12T11:06:50.562991+00:00,2026-06-12T11:06:50.619975+00:00,0.0569844245910644,20000,nan,nan
226,preprocessing,CSE-CIC-IDS2018,cse_cic_ids2018_friday_holdout_sample,3,mlp_sklearn,nan,2026-06-12T11:06:50.620083+00:00,2026-06-12T11:06:52.976790+00:00,2.356707096099853,20000,nan,nan
227,model_training,CSE-CIC-IDS2018,cse_cic_ids2018_friday_holdout_sample,3,mlp_sklearn,nan,2026-06-12T11:06:52.976948+00:00,2026-06-12T11:06:53.686475+00:00,0.709526538848877,20000,nan,nan
228,clean_profile,CSE-CIC-IDS2018,cse_cic_ids2018_friday_holdout_sample,3,mlp_sklearn,nan,2026-06-12T11:06:53.686551+00:00,2026-06-12T11:06:53.709335+00:00,0.0227844715118408,20000,nan,nan
229,threat_evaluation,CSE-CIC-IDS2018,cse_cic_ids2018_friday_holdout_sample,3,mlp_sklearn,a0_clean,2026-06-12T11:06:53.721893+00:00,2026-06-12T11:06:53.733859+00:00,0.0119662284851074,5000,nan,nan
230,result_writing,CSE-CIC-IDS2018,cse_cic_ids2018_friday_holdout_sample,3,mlp_sklearn,a0_clean,2026-06-12T11:06:53.734016+00:00,2026-06-12T11:06:53.737388+00:00,0.0033719539642333,1,results/raw/tier_e_core4_hgb_mlp_timed_cse_cic_ids2018/CSE-CIC-IDS2018_cse_cic_ids2018_friday_holdout_sample_mlp_sklearn_a0_clean_3.csv,nan
231,threat_evaluation,CSE-CIC-IDS2018,cse_cic_ids2018_friday_holdout_sample,3,mlp_sklearn,a1_constrained_feature,2026-06-12T11:06:53.737434+00:00,2026-06-12T11:06:53.806360+00:00,0.0689260959625244,5000,nan,nan
232,result_writing,CSE-CIC-IDS2018,cse_cic_ids2018_friday_holdout_sample,3,mlp_sklearn,a1_constrained_feature,2026-06-12T11:06:53.806526+00:00,2026-06-12T11:06:53.809848+00:00,0.003321886062622,1,results/raw/tier_e_core4_hgb_mlp_timed_cse_cic_ids2018/CSE-CIC-IDS2018_cse_cic_ids2018_friday_holdout_sample_mlp_sklearn_a1_constrained_feature_3.csv,nan
233,threat_evaluation,CSE-CIC-IDS2018,cse_cic_ids2018_friday_holdout_sample,3,mlp_sklearn,a1_constrained_score_search,2026-06-12T11:06:53.809896+00:00,2026-06-12T11:06:54.092083+00:00,0.28218674659729,5000,nan,nan
234,result_writing,CSE-CIC-IDS2018,cse_cic_ids2018_friday_holdout_sample,3,mlp_sklearn,a1_constrained_score_search,2026-06-12T11:06:54.092261+00:00,2026-06-12T11:06:54.095512+00:00,0.0032515525817871,1,results/raw/tier_e_core4_hgb_mlp_timed_cse_cic_ids2018/CSE-CIC-IDS2018_cse_cic_ids2018_friday_holdout_sample_mlp_sklearn_a1_constrained_score_search_3.csv,nan
235,threat_evaluation,CSE-CIC-IDS2018,cse_cic_ids2018_friday_holdout_sample,3,mlp_sklearn,a4_split_shift,2026-06-12T11:06:54.095559+00:00,2026-06-12T11:06:54.106618+00:00,0.0110597610473632,5000,nan,nan
236,result_writing,CSE-CIC-IDS2018,cse_cic_ids2018_friday_holdout_sample,3,mlp_sklearn,a4_split_shift,2026-06-12T11:06:54.106767+00:00,2026-06-12T11:06:54.110010+00:00,0.0032429695129394,1,results/raw/tier_e_core4_hgb_mlp_timed_cse_cic_ids2018/CSE-CIC-IDS2018_cse_cic_ids2018_friday_holdout_sample_mlp_sklearn_a4_split_shift_3.csv,nan
237,split_construction,CSE-CIC-IDS2018,cse_cic_ids2018_friday_holdout_sample,3,random_forest,nan,2026-06-12T11:06:54.110095+00:00,2026-06-12T11:06:54.167401+00:00,0.0573062896728515,20000,nan,nan
238,preprocessing,CSE-CIC-IDS2018,cse_cic_ids2018_friday_holdout_sample,3,random_forest,nan,2026-06-12T11:06:54.167529+00:00,2026-06-12T11:06:56.435402+00:00,2.2678723335266118,20000,nan,nan
239,model_training,CSE-CIC-IDS2018,cse_cic_ids2018_friday_holdout_sample,3,random_forest,nan,2026-06-12T11:06:56.435570+00:00,2026-06-12T11:06:58.391853+00:00,1.956282615661621,20000,nan,nan
240,clean_profile,CSE-CIC-IDS2018,cse_cic_ids2018_friday_holdout_sample,3,random_forest,nan,2026-06-12T11:06:58.391931+00:00,2026-06-12T11:06:58.530394+00:00,0.1384625434875488,20000,nan,nan
241,threat_evaluation,CSE-CIC-IDS2018,cse_cic_ids2018_friday_holdout_sample,3,random_forest,a0_clean,2026-06-12T11:06:58.542911+00:00,2026-06-12T11:06:58.591325+00:00,0.0484139919281005,5000,nan,nan
242,result_writing,CSE-CIC-IDS2018,cse_cic_ids2018_friday_holdout_sample,3,random_forest,a0_clean,2026-06-12T11:06:58.591482+00:00,2026-06-12T11:06:58.594794+00:00,0.0033116340637207,1,results/raw/tier_e_core4_hgb_mlp_timed_cse_cic_ids2018/CSE-CIC-IDS2018_cse_cic_ids2018_friday_holdout_sample_random_forest_a0_clean_3.csv,nan
243,threat_evaluation,CSE-CIC-IDS2018,cse_cic_ids2018_friday_holdout_sample,3,random_forest,a1_constrained_feature,2026-06-12T11:06:58.594836+00:00,2026-06-12T11:06:58.700688+00:00,0.1058521270751953,5000,nan,nan
244,result_writing,CSE-CIC-IDS2018,cse_cic_ids2018_friday_holdout_sample,3,random_forest,a1_constrained_feature,2026-06-12T11:06:58.700861+00:00,2026-06-12T11:06:58.704241+00:00,0.0033800601959228,1,results/raw/tier_e_core4_hgb_mlp_timed_cse_cic_ids2018/CSE-CIC-IDS2018_cse_cic_ids2018_friday_holdout_sample_random_forest_a1_constrained_feature_3.csv,nan
245,threat_evaluation,CSE-CIC-IDS2018,cse_cic_ids2018_friday_holdout_sample,3,random_forest,a1_constrained_score_search,2026-06-12T11:06:58.704284+00:00,2026-06-12T11:06:59.066444+00:00,0.3621594905853271,5000,nan,nan
246,result_writing,CSE-CIC-IDS2018,cse_cic_ids2018_friday_holdout_sample,3,random_forest,a1_constrained_score_search,2026-06-12T11:06:59.066618+00:00,2026-06-12T11:06:59.069907+00:00,0.003288984298706,1,results/raw/tier_e_core4_hgb_mlp_timed_cse_cic_ids2018/CSE-CIC-IDS2018_cse_cic_ids2018_friday_holdout_sample_random_forest_a1_constrained_score_search_3.csv,nan
247,threat_evaluation,CSE-CIC-IDS2018,cse_cic_ids2018_friday_holdout_sample,3,random_forest,a4_split_shift,2026-06-12T11:06:59.069952+00:00,2026-06-12T11:06:59.117691+00:00,0.0477385520935058,5000,nan,nan
248,result_writing,CSE-CIC-IDS2018,cse_cic_ids2018_friday_holdout_sample,3,random_forest,a4_split_shift,2026-06-12T11:06:59.117849+00:00,2026-06-12T11:06:59.121205+00:00,0.0033566951751708,1,results/raw/tier_e_core4_hgb_mlp_timed_cse_cic_ids2018/CSE-CIC-IDS2018_cse_cic_ids2018_friday_holdout_sample_random_forest_a4_split_shift_3.csv,nan
249,dataset_load,CSE-CIC-IDS2018,cse_cic_ids2018_friday_holdout_sample,4,nan,nan,2026-06-12T11:06:59.121254+00:00,2026-06-12T11:07:43.065780+00:00,43.9445264339447,19999,nan,nan
250,preprocess_manifest,CSE-CIC-IDS2018,cse_cic_ids2018_friday_holdout_sample,4,nan,nan,2026-06-12T11:07:43.065929+00:00,2026-06-12T11:07:45.279121+00:00,2.2131922245025635,19999,nan,nan
251,split_construction,CSE-CIC-IDS2018,cse_cic_ids2018_friday_holdout_sample,4,extra_trees,nan,2026-06-12T11:07:45.279288+00:00,2026-06-12T11:07:45.335958+00:00,0.0566704273223876,19999,nan,nan
252,preprocessing,CSE-CIC-IDS2018,cse_cic_ids2018_friday_holdout_sample,4,extra_trees,nan,2026-06-12T11:07:45.336082+00:00,2026-06-12T11:07:47.610675+00:00,2.274592399597168,19999,nan,nan
253,model_training,CSE-CIC-IDS2018,cse_cic_ids2018_friday_holdout_sample,4,extra_trees,nan,2026-06-12T11:07:47.610865+00:00,2026-06-12T11:07:48.738126+00:00,1.127260446548462,19999,nan,nan
254,clean_profile,CSE-CIC-IDS2018,cse_cic_ids2018_friday_holdout_sample,4,extra_trees,nan,2026-06-12T11:07:48.738209+00:00,2026-06-12T11:07:48.924145+00:00,0.1859364509582519,19999,nan,nan
255,threat_evaluation,CSE-CIC-IDS2018,cse_cic_ids2018_friday_holdout_sample,4,extra_trees,a0_clean,2026-06-12T11:07:48.936780+00:00,2026-06-12T11:07:49.000467+00:00,0.0636863708496093,5000,nan,nan
256,result_writing,CSE-CIC-IDS2018,cse_cic_ids2018_friday_holdout_sample,4,extra_trees,a0_clean,2026-06-12T11:07:49.000628+00:00,2026-06-12T11:07:49.003969+00:00,0.0033409595489501,1,results/raw/tier_e_core4_hgb_mlp_timed_cse_cic_ids2018/CSE-CIC-IDS2018_cse_cic_ids2018_friday_holdout_sample_extra_trees_a0_clean_4.csv,nan
257,threat_evaluation,CSE-CIC-IDS2018,cse_cic_ids2018_friday_holdout_sample,4,extra_trees,a1_constrained_feature,2026-06-12T11:07:49.004012+00:00,2026-06-12T11:07:49.126141+00:00,0.1221287250518798,5000,nan,nan
258,result_writing,CSE-CIC-IDS2018,cse_cic_ids2018_friday_holdout_sample,4,extra_trees,a1_constrained_feature,2026-06-12T11:07:49.126307+00:00,2026-06-12T11:07:49.129596+00:00,0.0032887458801269,1,results/raw/tier_e_core4_hgb_mlp_timed_cse_cic_ids2018/CSE-CIC-IDS2018_cse_cic_ids2018_friday_holdout_sample_extra_trees_a1_constrained_feature_4.csv,nan
259,threat_evaluation,CSE-CIC-IDS2018,cse_cic_ids2018_friday_holdout_sample,4,extra_trees,a1_constrained_score_search,2026-06-12T11:07:49.129639+00:00,2026-06-12T11:07:49.508840+00:00,0.3792006969451904,5000,nan,nan
260,result_writing,CSE-CIC-IDS2018,cse_cic_ids2018_friday_holdout_sample,4,extra_trees,a1_constrained_score_search,2026-06-12T11:07:49.509018+00:00,2026-06-12T11:07:49.512344+00:00,0.0033261775970458,1,results/raw/tier_e_core4_hgb_mlp_timed_cse_cic_ids2018/CSE-CIC-IDS2018_cse_cic_ids2018_friday_holdout_sample_extra_trees_a1_constrained_score_search_4.csv,nan
261,threat_evaluation,CSE-CIC-IDS2018,cse_cic_ids2018_friday_holdout_sample,4,extra_trees,a4_split_shift,2026-06-12T11:07:49.512390+00:00,2026-06-12T11:07:49.576307+00:00,0.0639176368713378,5000,nan,nan
262,result_writing,CSE-CIC-IDS2018,cse_cic_ids2018_friday_holdout_sample,4,extra_trees,a4_split_shift,2026-06-12T11:07:49.576466+00:00,2026-06-12T11:07:49.579698+00:00,0.0032320022583007,1,results/raw/tier_e_core4_hgb_mlp_timed_cse_cic_ids2018/CSE-CIC-IDS2018_cse_cic_ids2018_friday_holdout_sample_extra_trees_a4_split_shift_4.csv,nan
263,split_construction,CSE-CIC-IDS2018,cse_cic_ids2018_friday_holdout_sample,4,hist_gradient_boosting,nan,2026-06-12T11:07:49.579804+00:00,2026-06-12T11:07:49.636923+00:00,0.0571193695068359,19999,nan,nan
264,preprocessing,CSE-CIC-IDS2018,cse_cic_ids2018_friday_holdout_sample,4,hist_gradient_boosting,nan,2026-06-12T11:07:49.637034+00:00,2026-06-12T11:07:51.902793+00:00,2.265758514404297,19999,nan,nan
265,model_training,CSE-CIC-IDS2018,cse_cic_ids2018_friday_holdout_sample,4,hist_gradient_boosting,nan,2026-06-12T11:07:51.902946+00:00,2026-06-12T11:07:52.566949+00:00,0.6640033721923828,19999,nan,nan
266,clean_profile,CSE-CIC-IDS2018,cse_cic_ids2018_friday_holdout_sample,4,hist_gradient_boosting,nan,2026-06-12T11:07:52.567031+00:00,2026-06-12T11:07:52.597032+00:00,0.0300016403198242,19999,nan,nan
267,threat_evaluation,CSE-CIC-IDS2018,cse_cic_ids2018_friday_holdout_sample,4,hist_gradient_boosting,a0_clean,2026-06-12T11:07:52.609902+00:00,2026-06-12T11:07:52.623042+00:00,0.0131406784057617,5000,nan,nan
268,result_writing,CSE-CIC-IDS2018,cse_cic_ids2018_friday_holdout_sample,4,hist_gradient_boosting,a0_clean,2026-06-12T11:07:52.623202+00:00,2026-06-12T11:07:52.626571+00:00,0.0033683776855468,1,results/raw/tier_e_core4_hgb_mlp_timed_cse_cic_ids2018/CSE-CIC-IDS2018_cse_cic_ids2018_friday_holdout_sample_hist_gradient_boosting_a0_clean_4.csv,nan
269,threat_evaluation,CSE-CIC-IDS2018,cse_cic_ids2018_friday_holdout_sample,4,hist_gradient_boosting,a1_constrained_feature,2026-06-12T11:07:52.626618+00:00,2026-06-12T11:07:52.697487+00:00,0.070868968963623,5000,nan,nan
270,result_writing,CSE-CIC-IDS2018,cse_cic_ids2018_friday_holdout_sample,4,hist_gradient_boosting,a1_constrained_feature,2026-06-12T11:07:52.697656+00:00,2026-06-12T11:07:52.700802+00:00,0.003145694732666,1,results/raw/tier_e_core4_hgb_mlp_timed_cse_cic_ids2018/CSE-CIC-IDS2018_cse_cic_ids2018_friday_holdout_sample_hist_gradient_boosting_a1_constrained_feature_4.csv,nan
271,threat_evaluation,CSE-CIC-IDS2018,cse_cic_ids2018_friday_holdout_sample,4,hist_gradient_boosting,a1_constrained_score_search,2026-06-12T11:07:52.700845+00:00,2026-06-12T11:07:53.002348+00:00,0.3015027046203613,5000,nan,nan
272,result_writing,CSE-CIC-IDS2018,cse_cic_ids2018_friday_holdout_sample,4,hist_gradient_boosting,a1_constrained_score_search,2026-06-12T11:07:53.002516+00:00,2026-06-12T11:07:53.005745+00:00,0.0032296180725097,1,results/raw/tier_e_core4_hgb_mlp_timed_cse_cic_ids2018/CSE-CIC-IDS2018_cse_cic_ids2018_friday_holdout_sample_hist_gradient_boosting_a1_constrained_score_search_4.csv,nan
273,threat_evaluation,CSE-CIC-IDS2018,cse_cic_ids2018_friday_holdout_sample,4,hist_gradient_boosting,a4_split_shift,2026-06-12T11:07:53.005791+00:00,2026-06-12T11:07:53.022201+00:00,0.0164101123809814,5000,nan,nan
274,result_writing,CSE-CIC-IDS2018,cse_cic_ids2018_friday_holdout_sample,4,hist_gradient_boosting,a4_split_shift,2026-06-12T11:07:53.022346+00:00,2026-06-12T11:07:53.025337+00:00,0.0029909610748291,1,results/raw/tier_e_core4_hgb_mlp_timed_cse_cic_ids2018/CSE-CIC-IDS2018_cse_cic_ids2018_friday_holdout_sample_hist_gradient_boosting_a4_split_shift_4.csv,nan
275,split_construction,CSE-CIC-IDS2018,cse_cic_ids2018_friday_holdout_sample,4,logistic_regression,nan,2026-06-12T11:07:53.025416+00:00,2026-06-12T11:07:53.082708+00:00,0.0572912693023681,19999,nan,nan
276,preprocessing,CSE-CIC-IDS2018,cse_cic_ids2018_friday_holdout_sample,4,logistic_regression,nan,2026-06-12T11:07:53.082831+00:00,2026-06-12T11:07:55.352104+00:00,2.269273042678833,19999,nan,nan
277,model_training,CSE-CIC-IDS2018,cse_cic_ids2018_friday_holdout_sample,4,logistic_regression,nan,2026-06-12T11:07:55.352236+00:00,2026-06-12T11:08:08.952208+00:00,13.599971771240234,19999,nan,nan
278,clean_profile,CSE-CIC-IDS2018,cse_cic_ids2018_friday_holdout_sample,4,logistic_regression,nan,2026-06-12T11:08:08.952274+00:00,2026-06-12T11:08:08.978528+00:00,0.0262539386749267,19999,nan,nan
279,threat_evaluation,CSE-CIC-IDS2018,cse_cic_ids2018_friday_holdout_sample,4,logistic_regression,a0_clean,2026-06-12T11:08:08.991269+00:00,2026-06-12T11:08:09.001250+00:00,0.0099809169769287,5000,nan,nan
280,result_writing,CSE-CIC-IDS2018,cse_cic_ids2018_friday_holdout_sample,4,logistic_regression,a0_clean,2026-06-12T11:08:09.001404+00:00,2026-06-12T11:08:09.004637+00:00,0.0032329559326171,1,results/raw/tier_e_core4_hgb_mlp_timed_cse_cic_ids2018/CSE-CIC-IDS2018_cse_cic_ids2018_friday_holdout_sample_logistic_regression_a0_clean_4.csv,nan
281,threat_evaluation,CSE-CIC-IDS2018,cse_cic_ids2018_friday_holdout_sample,4,logistic_regression,a1_constrained_feature,2026-06-12T11:08:09.004674+00:00,2026-06-12T11:08:09.071150+00:00,0.0664761066436767,5000,nan,nan
282,result_writing,CSE-CIC-IDS2018,cse_cic_ids2018_friday_holdout_sample,4,logistic_regression,a1_constrained_feature,2026-06-12T11:08:09.071318+00:00,2026-06-12T11:08:09.074598+00:00,0.0032792091369628,1,results/raw/tier_e_core4_hgb_mlp_timed_cse_cic_ids2018/CSE-CIC-IDS2018_cse_cic_ids2018_friday_holdout_sample_logistic_regression_a1_constrained_feature_4.csv,nan
283,threat_evaluation,CSE-CIC-IDS2018,cse_cic_ids2018_friday_holdout_sample,4,logistic_regression,a1_constrained_score_search,2026-06-12T11:08:09.074641+00:00,2026-06-12T11:08:09.351024+00:00,0.2763826847076416,5000,nan,nan
284,result_writing,CSE-CIC-IDS2018,cse_cic_ids2018_friday_holdout_sample,4,logistic_regression,a1_constrained_score_search,2026-06-12T11:08:09.351192+00:00,2026-06-12T11:08:09.354350+00:00,0.0031578540802001,1,results/raw/tier_e_core4_hgb_mlp_timed_cse_cic_ids2018/CSE-CIC-IDS2018_cse_cic_ids2018_friday_holdout_sample_logistic_regression_a1_constrained_score_search_4.csv,nan
285,threat_evaluation,CSE-CIC-IDS2018,cse_cic_ids2018_friday_holdout_sample,4,logistic_regression,a4_split_shift,2026-06-12T11:08:09.354397+00:00,2026-06-12T11:08:09.363256+00:00,0.0088593959808349,5000,nan,nan
286,result_writing,CSE-CIC-IDS2018,cse_cic_ids2018_friday_holdout_sample,4,logistic_regression,a4_split_shift,2026-06-12T11:08:09.363389+00:00,2026-06-12T11:08:09.366378+00:00,0.0029890537261962,1,results/raw/tier_e_core4_hgb_mlp_timed_cse_cic_ids2018/CSE-CIC-IDS2018_cse_cic_ids2018_friday_holdout_sample_logistic_regression_a4_split_shift_4.csv,nan
287,split_construction,CSE-CIC-IDS2018,cse_cic_ids2018_friday_holdout_sample,4,mlp_sklearn,nan,2026-06-12T11:08:09.366459+00:00,2026-06-12T11:08:09.423898+00:00,0.0574386119842529,19999,nan,nan
288,preprocessing,CSE-CIC-IDS2018,cse_cic_ids2018_friday_holdout_sample,4,mlp_sklearn,nan,2026-06-12T11:08:09.424005+00:00,2026-06-12T11:08:11.701988+00:00,2.277982234954834,19999,nan,nan
289,model_training,CSE-CIC-IDS2018,cse_cic_ids2018_friday_holdout_sample,4,mlp_sklearn,nan,2026-06-12T11:08:11.702140+00:00,2026-06-12T11:08:12.710219+00:00,1.0080795288085938,19999,nan,nan
290,clean_profile,CSE-CIC-IDS2018,cse_cic_ids2018_friday_holdout_sample,4,mlp_sklearn,nan,2026-06-12T11:08:12.710292+00:00,2026-06-12T11:08:12.733058+00:00,0.0227656364440917,19999,nan,nan
291,threat_evaluation,CSE-CIC-IDS2018,cse_cic_ids2018_friday_holdout_sample,4,mlp_sklearn,a0_clean,2026-06-12T11:08:12.745830+00:00,2026-06-12T11:08:12.757719+00:00,0.0118892192840576,5000,nan,nan
292,result_writing,CSE-CIC-IDS2018,cse_cic_ids2018_friday_holdout_sample,4,mlp_sklearn,a0_clean,2026-06-12T11:08:12.757883+00:00,2026-06-12T11:08:12.761343+00:00,0.0034601688385009,1,results/raw/tier_e_core4_hgb_mlp_timed_cse_cic_ids2018/CSE-CIC-IDS2018_cse_cic_ids2018_friday_holdout_sample_mlp_sklearn_a0_clean_4.csv,nan
293,threat_evaluation,CSE-CIC-IDS2018,cse_cic_ids2018_friday_holdout_sample,4,mlp_sklearn,a1_constrained_feature,2026-06-12T11:08:12.761393+00:00,2026-06-12T11:08:12.830566+00:00,0.0691726207733154,5000,nan,nan
294,result_writing,CSE-CIC-IDS2018,cse_cic_ids2018_friday_holdout_sample,4,mlp_sklearn,a1_constrained_feature,2026-06-12T11:08:12.830741+00:00,2026-06-12T11:08:12.834051+00:00,0.0033104419708251,1,results/raw/tier_e_core4_hgb_mlp_timed_cse_cic_ids2018/CSE-CIC-IDS2018_cse_cic_ids2018_friday_holdout_sample_mlp_sklearn_a1_constrained_feature_4.csv,nan
295,threat_evaluation,CSE-CIC-IDS2018,cse_cic_ids2018_friday_holdout_sample,4,mlp_sklearn,a1_constrained_score_search,2026-06-12T11:08:12.834098+00:00,2026-06-12T11:08:13.117408+00:00,0.2833104133605957,5000,nan,nan
296,result_writing,CSE-CIC-IDS2018,cse_cic_ids2018_friday_holdout_sample,4,mlp_sklearn,a1_constrained_score_search,2026-06-12T11:08:13.117577+00:00,2026-06-12T11:08:13.120844+00:00,0.0032672882080078,1,results/raw/tier_e_core4_hgb_mlp_timed_cse_cic_ids2018/CSE-CIC-IDS2018_cse_cic_ids2018_friday_holdout_sample_mlp_sklearn_a1_constrained_score_search_4.csv,nan
297,threat_evaluation,CSE-CIC-IDS2018,cse_cic_ids2018_friday_holdout_sample,4,mlp_sklearn,a4_split_shift,2026-06-12T11:08:13.120892+00:00,2026-06-12T11:08:13.132017+00:00,0.0111250877380371,5000,nan,nan
298,result_writing,CSE-CIC-IDS2018,cse_cic_ids2018_friday_holdout_sample,4,mlp_sklearn,a4_split_shift,2026-06-12T11:08:13.132168+00:00,2026-06-12T11:08:13.135332+00:00,0.0031642913818359,1,results/raw/tier_e_core4_hgb_mlp_timed_cse_cic_ids2018/CSE-CIC-IDS2018_cse_cic_ids2018_friday_holdout_sample_mlp_sklearn_a4_split_shift_4.csv,nan
299,split_construction,CSE-CIC-IDS2018,cse_cic_ids2018_friday_holdout_sample,4,random_forest,nan,2026-06-12T11:08:13.135419+00:00,2026-06-12T11:08:13.192994+00:00,0.057574987411499,19999,nan,nan
300,preprocessing,CSE-CIC-IDS2018,cse_cic_ids2018_friday_holdout_sample,4,random_forest,nan,2026-06-12T11:08:13.193117+00:00,2026-06-12T11:08:15.472540+00:00,2.279423236846924,19999,nan,nan
301,model_training,CSE-CIC-IDS2018,cse_cic_ids2018_friday_holdout_sample,4,random_forest,nan,2026-06-12T11:08:15.472710+00:00,2026-06-12T11:08:17.354261+00:00,1.8815505504608157,19999,nan,nan
302,clean_profile,CSE-CIC-IDS2018,cse_cic_ids2018_friday_holdout_sample,4,random_forest,nan,2026-06-12T11:08:17.354337+00:00,2026-06-12T11:08:17.491547+00:00,0.1372091770172119,19999,nan,nan
303,threat_evaluation,CSE-CIC-IDS2018,cse_cic_ids2018_friday_holdout_sample,4,random_forest,a0_clean,2026-06-12T11:08:17.504083+00:00,2026-06-12T11:08:17.552076+00:00,0.0479929447174072,5000,nan,nan
304,result_writing,CSE-CIC-IDS2018,cse_cic_ids2018_friday_holdout_sample,4,random_forest,a0_clean,2026-06-12T11:08:17.552234+00:00,2026-06-12T11:08:17.555536+00:00,0.0033020973205566,1,results/raw/tier_e_core4_hgb_mlp_timed_cse_cic_ids2018/CSE-CIC-IDS2018_cse_cic_ids2018_friday_holdout_sample_random_forest_a0_clean_4.csv,nan
305,threat_evaluation,CSE-CIC-IDS2018,cse_cic_ids2018_friday_holdout_sample,4,random_forest,a1_constrained_feature,2026-06-12T11:08:17.555578+00:00,2026-06-12T11:08:17.661052+00:00,0.1054744720458984,5000,nan,nan
306,result_writing,CSE-CIC-IDS2018,cse_cic_ids2018_friday_holdout_sample,4,random_forest,a1_constrained_feature,2026-06-12T11:08:17.661229+00:00,2026-06-12T11:08:17.664495+00:00,0.0032660961151123,1,results/raw/tier_e_core4_hgb_mlp_timed_cse_cic_ids2018/CSE-CIC-IDS2018_cse_cic_ids2018_friday_holdout_sample_random_forest_a1_constrained_feature_4.csv,nan
307,threat_evaluation,CSE-CIC-IDS2018,cse_cic_ids2018_friday_holdout_sample,4,random_forest,a1_constrained_score_search,2026-06-12T11:08:17.664539+00:00,2026-06-12T11:08:18.025650+00:00,0.3611116409301758,5000,nan,nan
308,result_writing,CSE-CIC-IDS2018,cse_cic_ids2018_friday_holdout_sample,4,random_forest,a1_constrained_score_search,2026-06-12T11:08:18.025820+00:00,2026-06-12T11:08:18.029097+00:00,0.0032761096954345,1,results/raw/tier_e_core4_hgb_mlp_timed_cse_cic_ids2018/CSE-CIC-IDS2018_cse_cic_ids2018_friday_holdout_sample_random_forest_a1_constrained_score_search_4.csv,nan
309,threat_evaluation,CSE-CIC-IDS2018,cse_cic_ids2018_friday_holdout_sample,4,random_forest,a4_split_shift,2026-06-12T11:08:18.029142+00:00,2026-06-12T11:08:18.076268+00:00,0.0471260547637939,5000,nan,nan
310,result_writing,CSE-CIC-IDS2018,cse_cic_ids2018_friday_holdout_sample,4,random_forest,a4_split_shift,2026-06-12T11:08:18.076425+00:00,2026-06-12T11:08:18.079629+00:00,0.0032041072845458,1,results/raw/tier_e_core4_hgb_mlp_timed_cse_cic_ids2018/CSE-CIC-IDS2018_cse_cic_ids2018_friday_holdout_sample_random_forest_a4_split_shift_4.csv,nan
311,dataset_load,CSE-CIC-IDS2018,cse_cic_ids2018_friday_holdout_sample,5,nan,nan,2026-06-12T11:08:18.079674+00:00,2026-06-12T11:09:02.174737+00:00,44.09506320953369,20000,nan,nan
312,preprocess_manifest,CSE-CIC-IDS2018,cse_cic_ids2018_friday_holdout_sample,5,nan,nan,2026-06-12T11:09:02.174888+00:00,2026-06-12T11:09:04.395644+00:00,2.2207555770874023,20000,nan,nan
313,split_construction,CSE-CIC-IDS2018,cse_cic_ids2018_friday_holdout_sample,5,extra_trees,nan,2026-06-12T11:09:04.395832+00:00,2026-06-12T11:09:04.452264+00:00,0.0564322471618652,20000,nan,nan
314,preprocessing,CSE-CIC-IDS2018,cse_cic_ids2018_friday_holdout_sample,5,extra_trees,nan,2026-06-12T11:09:04.452374+00:00,2026-06-12T11:09:06.730010+00:00,2.2776360511779785,20000,nan,nan
315,model_training,CSE-CIC-IDS2018,cse_cic_ids2018_friday_holdout_sample,5,extra_trees,nan,2026-06-12T11:09:06.730190+00:00,2026-06-12T11:09:07.821616+00:00,1.0914256572723389,20000,nan,nan
316,clean_profile,CSE-CIC-IDS2018,cse_cic_ids2018_friday_holdout_sample,5,extra_trees,nan,2026-06-12T11:09:07.821697+00:00,2026-06-12T11:09:08.007200+00:00,0.185502290725708,20000,nan,nan
317,threat_evaluation,CSE-CIC-IDS2018,cse_cic_ids2018_friday_holdout_sample,5,extra_trees,a0_clean,2026-06-12T11:09:08.019824+00:00,2026-06-12T11:09:08.083586+00:00,0.0637617111206054,5000,nan,nan
318,result_writing,CSE-CIC-IDS2018,cse_cic_ids2018_friday_holdout_sample,5,extra_trees,a0_clean,2026-06-12T11:09:08.083793+00:00,2026-06-12T11:09:08.087083+00:00,0.0032894611358642,1,results/raw/tier_e_core4_hgb_mlp_timed_cse_cic_ids2018/CSE-CIC-IDS2018_cse_cic_ids2018_friday_holdout_sample_extra_trees_a0_clean_5.csv,nan
319,threat_evaluation,CSE-CIC-IDS2018,cse_cic_ids2018_friday_holdout_sample,5,extra_trees,a1_constrained_feature,2026-06-12T11:09:08.087126+00:00,2026-06-12T11:09:08.207243+00:00,0.1201174259185791,5000,nan,nan
320,result_writing,CSE-CIC-IDS2018,cse_cic_ids2018_friday_holdout_sample,5,extra_trees,a1_constrained_feature,2026-06-12T11:09:08.207414+00:00,2026-06-12T11:09:08.210708+00:00,0.0032939910888671,1,results/raw/tier_e_core4_hgb_mlp_timed_cse_cic_ids2018/CSE-CIC-IDS2018_cse_cic_ids2018_friday_holdout_sample_extra_trees_a1_constrained_feature_5.csv,nan
321,threat_evaluation,CSE-CIC-IDS2018,cse_cic_ids2018_friday_holdout_sample,5,extra_trees,a1_constrained_score_search,2026-06-12T11:09:08.210750+00:00,2026-06-12T11:09:08.590187+00:00,0.3794374465942383,5000,nan,nan
322,result_writing,CSE-CIC-IDS2018,cse_cic_ids2018_friday_holdout_sample,5,extra_trees,a1_constrained_score_search,2026-06-12T11:09:08.590355+00:00,2026-06-12T11:09:08.593627+00:00,0.0032718181610107,1,results/raw/tier_e_core4_hgb_mlp_timed_cse_cic_ids2018/CSE-CIC-IDS2018_cse_cic_ids2018_friday_holdout_sample_extra_trees_a1_constrained_score_search_5.csv,nan
323,threat_evaluation,CSE-CIC-IDS2018,cse_cic_ids2018_friday_holdout_sample,5,extra_trees,a4_split_shift,2026-06-12T11:09:08.593673+00:00,2026-06-12T11:09:08.658323+00:00,0.0646500587463378,5000,nan,nan
324,result_writing,CSE-CIC-IDS2018,cse_cic_ids2018_friday_holdout_sample,5,extra_trees,a4_split_shift,2026-06-12T11:09:08.658482+00:00,2026-06-12T11:09:08.661775+00:00,0.0032925605773925,1,results/raw/tier_e_core4_hgb_mlp_timed_cse_cic_ids2018/CSE-CIC-IDS2018_cse_cic_ids2018_friday_holdout_sample_extra_trees_a4_split_shift_5.csv,nan
325,split_construction,CSE-CIC-IDS2018,cse_cic_ids2018_friday_holdout_sample,5,hist_gradient_boosting,nan,2026-06-12T11:09:08.661856+00:00,2026-06-12T11:09:08.718885+00:00,0.0570292472839355,20000,nan,nan
326,preprocessing,CSE-CIC-IDS2018,cse_cic_ids2018_friday_holdout_sample,5,hist_gradient_boosting,nan,2026-06-12T11:09:08.719001+00:00,2026-06-12T11:09:11.069136+00:00,2.3501346111297607,20000,nan,nan
327,model_training,CSE-CIC-IDS2018,cse_cic_ids2018_friday_holdout_sample,5,hist_gradient_boosting,nan,2026-06-12T11:09:11.069290+00:00,2026-06-12T11:09:11.726112+00:00,0.6568219661712646,20000,nan,nan
328,clean_profile,CSE-CIC-IDS2018,cse_cic_ids2018_friday_holdout_sample,5,hist_gradient_boosting,nan,2026-06-12T11:09:11.726195+00:00,2026-06-12T11:09:11.756171+00:00,0.0299763679504394,20000,nan,nan
329,threat_evaluation,CSE-CIC-IDS2018,cse_cic_ids2018_friday_holdout_sample,5,hist_gradient_boosting,a0_clean,2026-06-12T11:09:11.769166+00:00,2026-06-12T11:09:11.782270+00:00,0.0131034851074218,5000,nan,nan
330,result_writing,CSE-CIC-IDS2018,cse_cic_ids2018_friday_holdout_sample,5,hist_gradient_boosting,a0_clean,2026-06-12T11:09:11.782427+00:00,2026-06-12T11:09:11.785895+00:00,0.0034682750701904,1,results/raw/tier_e_core4_hgb_mlp_timed_cse_cic_ids2018/CSE-CIC-IDS2018_cse_cic_ids2018_friday_holdout_sample_hist_gradient_boosting_a0_clean_5.csv,nan
331,threat_evaluation,CSE-CIC-IDS2018,cse_cic_ids2018_friday_holdout_sample,5,hist_gradient_boosting,a1_constrained_feature,2026-06-12T11:09:11.785951+00:00,2026-06-12T11:09:11.856099+00:00,0.0701479911804199,5000,nan,nan
332,result_writing,CSE-CIC-IDS2018,cse_cic_ids2018_friday_holdout_sample,5,hist_gradient_boosting,a1_constrained_feature,2026-06-12T11:09:11.856263+00:00,2026-06-12T11:09:11.859408+00:00,0.0031445026397705,1,results/raw/tier_e_core4_hgb_mlp_timed_cse_cic_ids2018/CSE-CIC-IDS2018_cse_cic_ids2018_friday_holdout_sample_hist_gradient_boosting_a1_constrained_feature_5.csv,nan
333,threat_evaluation,CSE-CIC-IDS2018,cse_cic_ids2018_friday_holdout_sample,5,hist_gradient_boosting,a1_constrained_score_search,2026-06-12T11:09:11.859452+00:00,2026-06-12T11:09:12.167167+00:00,0.3077151775360107,5000,nan,nan
334,result_writing,CSE-CIC-IDS2018,cse_cic_ids2018_friday_holdout_sample,5,hist_gradient_boosting,a1_constrained_score_search,2026-06-12T11:09:12.167333+00:00,2026-06-12T11:09:12.170521+00:00,0.0031883716583251,1,results/raw/tier_e_core4_hgb_mlp_timed_cse_cic_ids2018/CSE-CIC-IDS2018_cse_cic_ids2018_friday_holdout_sample_hist_gradient_boosting_a1_constrained_score_search_5.csv,nan
335,threat_evaluation,CSE-CIC-IDS2018,cse_cic_ids2018_friday_holdout_sample,5,hist_gradient_boosting,a4_split_shift,2026-06-12T11:09:12.170566+00:00,2026-06-12T11:09:12.186919+00:00,0.016352891921997,5000,nan,nan
336,result_writing,CSE-CIC-IDS2018,cse_cic_ids2018_friday_holdout_sample,5,hist_gradient_boosting,a4_split_shift,2026-06-12T11:09:12.187059+00:00,2026-06-12T11:09:12.190099+00:00,0.0030395984649658,1,results/raw/tier_e_core4_hgb_mlp_timed_cse_cic_ids2018/CSE-CIC-IDS2018_cse_cic_ids2018_friday_holdout_sample_hist_gradient_boosting_a4_split_shift_5.csv,nan
337,split_construction,CSE-CIC-IDS2018,cse_cic_ids2018_friday_holdout_sample,5,logistic_regression,nan,2026-06-12T11:09:12.190179+00:00,2026-06-12T11:09:12.247551+00:00,0.0573728084564209,20000,nan,nan
338,preprocessing,CSE-CIC-IDS2018,cse_cic_ids2018_friday_holdout_sample,5,logistic_regression,nan,2026-06-12T11:09:12.247669+00:00,2026-06-12T11:09:14.526328+00:00,2.278658151626587,20000,nan,nan
339,model_training,CSE-CIC-IDS2018,cse_cic_ids2018_friday_holdout_sample,5,logistic_regression,nan,2026-06-12T11:09:14.526461+00:00,2026-06-12T11:09:26.231270+00:00,11.704808950424194,20000,nan,nan
340,clean_profile,CSE-CIC-IDS2018,cse_cic_ids2018_friday_holdout_sample,5,logistic_regression,nan,2026-06-12T11:09:26.231335+00:00,2026-06-12T11:09:26.247625+00:00,0.0162892341613769,20000,nan,nan
341,threat_evaluation,CSE-CIC-IDS2018,cse_cic_ids2018_friday_holdout_sample,5,logistic_regression,a0_clean,2026-06-12T11:09:26.260476+00:00,2026-06-12T11:09:26.270350+00:00,0.0098738670349121,5000,nan,nan
342,result_writing,CSE-CIC-IDS2018,cse_cic_ids2018_friday_holdout_sample,5,logistic_regression,a0_clean,2026-06-12T11:09:26.270507+00:00,2026-06-12T11:09:26.273797+00:00,0.0032892227172851,1,results/raw/tier_e_core4_hgb_mlp_timed_cse_cic_ids2018/CSE-CIC-IDS2018_cse_cic_ids2018_friday_holdout_sample_logistic_regression_a0_clean_5.csv,nan
343,threat_evaluation,CSE-CIC-IDS2018,cse_cic_ids2018_friday_holdout_sample,5,logistic_regression,a1_constrained_feature,2026-06-12T11:09:26.273839+00:00,2026-06-12T11:09:26.339442+00:00,0.065603494644165,5000,nan,nan
344,result_writing,CSE-CIC-IDS2018,cse_cic_ids2018_friday_holdout_sample,5,logistic_regression,a1_constrained_feature,2026-06-12T11:09:26.339614+00:00,2026-06-12T11:09:26.342802+00:00,0.003188133239746,1,results/raw/tier_e_core4_hgb_mlp_timed_cse_cic_ids2018/CSE-CIC-IDS2018_cse_cic_ids2018_friday_holdout_sample_logistic_regression_a1_constrained_feature_5.csv,nan
345,threat_evaluation,CSE-CIC-IDS2018,cse_cic_ids2018_friday_holdout_sample,5,logistic_regression,a1_constrained_score_search,2026-06-12T11:09:26.342844+00:00,2026-06-12T11:09:26.616781+00:00,0.2739365100860595,5000,nan,nan
346,result_writing,CSE-CIC-IDS2018,cse_cic_ids2018_friday_holdout_sample,5,logistic_regression,a1_constrained_score_search,2026-06-12T11:09:26.616947+00:00,2026-06-12T11:09:26.620148+00:00,0.0032012462615966,1,results/raw/tier_e_core4_hgb_mlp_timed_cse_cic_ids2018/CSE-CIC-IDS2018_cse_cic_ids2018_friday_holdout_sample_logistic_regression_a1_constrained_score_search_5.csv,nan
347,threat_evaluation,CSE-CIC-IDS2018,cse_cic_ids2018_friday_holdout_sample,5,logistic_regression,a4_split_shift,2026-06-12T11:09:26.620195+00:00,2026-06-12T11:09:26.628888+00:00,0.0086925029754638,5000,nan,nan
348,result_writing,CSE-CIC-IDS2018,cse_cic_ids2018_friday_holdout_sample,5,logistic_regression,a4_split_shift,2026-06-12T11:09:26.629021+00:00,2026-06-12T11:09:26.631884+00:00,0.0028631687164306,1,results/raw/tier_e_core4_hgb_mlp_timed_cse_cic_ids2018/CSE-CIC-IDS2018_cse_cic_ids2018_friday_holdout_sample_logistic_regression_a4_split_shift_5.csv,nan
349,split_construction,CSE-CIC-IDS2018,cse_cic_ids2018_friday_holdout_sample,5,mlp_sklearn,nan,2026-06-12T11:09:26.631964+00:00,2026-06-12T11:09:26.689045+00:00,0.0570814609527587,20000,nan,nan
350,preprocessing,CSE-CIC-IDS2018,cse_cic_ids2018_friday_holdout_sample,5,mlp_sklearn,nan,2026-06-12T11:09:26.689158+00:00,2026-06-12T11:09:28.962771+00:00,2.2736129760742188,20000,nan,nan
351,model_training,CSE-CIC-IDS2018,cse_cic_ids2018_friday_holdout_sample,5,mlp_sklearn,nan,2026-06-12T11:09:28.962925+00:00,2026-06-12T11:09:29.670785+00:00,0.7078607082366943,20000,nan,nan
352,clean_profile,CSE-CIC-IDS2018,cse_cic_ids2018_friday_holdout_sample,5,mlp_sklearn,nan,2026-06-12T11:09:29.670862+00:00,2026-06-12T11:09:29.693521+00:00,0.0226590633392334,20000,nan,nan
353,threat_evaluation,CSE-CIC-IDS2018,cse_cic_ids2018_friday_holdout_sample,5,mlp_sklearn,a0_clean,2026-06-12T11:09:29.706247+00:00,2026-06-12T11:09:29.718685+00:00,0.0124375820159912,5000,nan,nan
354,result_writing,CSE-CIC-IDS2018,cse_cic_ids2018_friday_holdout_sample,5,mlp_sklearn,a0_clean,2026-06-12T11:09:29.718853+00:00,2026-06-12T11:09:29.722261+00:00,0.0034079551696777,1,results/raw/tier_e_core4_hgb_mlp_timed_cse_cic_ids2018/CSE-CIC-IDS2018_cse_cic_ids2018_friday_holdout_sample_mlp_sklearn_a0_clean_5.csv,nan
355,threat_evaluation,CSE-CIC-IDS2018,cse_cic_ids2018_friday_holdout_sample,5,mlp_sklearn,a1_constrained_feature,2026-06-12T11:09:29.722312+00:00,2026-06-12T11:09:29.791080+00:00,0.0687682628631591,5000,nan,nan
356,result_writing,CSE-CIC-IDS2018,cse_cic_ids2018_friday_holdout_sample,5,mlp_sklearn,a1_constrained_feature,2026-06-12T11:09:29.791255+00:00,2026-06-12T11:09:29.794573+00:00,0.0033183097839355,1,results/raw/tier_e_core4_hgb_mlp_timed_cse_cic_ids2018/CSE-CIC-IDS2018_cse_cic_ids2018_friday_holdout_sample_mlp_sklearn_a1_constrained_feature_5.csv,nan
357,threat_evaluation,CSE-CIC-IDS2018,cse_cic_ids2018_friday_holdout_sample,5,mlp_sklearn,a1_constrained_score_search,2026-06-12T11:09:29.794618+00:00,2026-06-12T11:09:30.075788+00:00,0.2811698913574219,5000,nan,nan
358,result_writing,CSE-CIC-IDS2018,cse_cic_ids2018_friday_holdout_sample,5,mlp_sklearn,a1_constrained_score_search,2026-06-12T11:09:30.075973+00:00,2026-06-12T11:09:30.079251+00:00,0.0032780170440673,1,results/raw/tier_e_core4_hgb_mlp_timed_cse_cic_ids2018/CSE-CIC-IDS2018_cse_cic_ids2018_friday_holdout_sample_mlp_sklearn_a1_constrained_score_search_5.csv,nan
359,threat_evaluation,CSE-CIC-IDS2018,cse_cic_ids2018_friday_holdout_sample,5,mlp_sklearn,a4_split_shift,2026-06-12T11:09:30.079301+00:00,2026-06-12T11:09:30.090241+00:00,0.0109400749206542,5000,nan,nan
360,result_writing,CSE-CIC-IDS2018,cse_cic_ids2018_friday_holdout_sample,5,mlp_sklearn,a4_split_shift,2026-06-12T11:09:30.090394+00:00,2026-06-12T11:09:30.093593+00:00,0.0031993389129638,1,results/raw/tier_e_core4_hgb_mlp_timed_cse_cic_ids2018/CSE-CIC-IDS2018_cse_cic_ids2018_friday_holdout_sample_mlp_sklearn_a4_split_shift_5.csv,nan
361,split_construction,CSE-CIC-IDS2018,cse_cic_ids2018_friday_holdout_sample,5,random_forest,nan,2026-06-12T11:09:30.093678+00:00,2026-06-12T11:09:30.151208+00:00,0.0575308799743652,20000,nan,nan
362,preprocessing,CSE-CIC-IDS2018,cse_cic_ids2018_friday_holdout_sample,5,random_forest,nan,2026-06-12T11:09:30.151330+00:00,2026-06-12T11:09:32.426354+00:00,2.275023937225342,20000,nan,nan
363,model_training,CSE-CIC-IDS2018,cse_cic_ids2018_friday_holdout_sample,5,random_forest,nan,2026-06-12T11:09:32.426530+00:00,2026-06-12T11:09:34.254012+00:00,1.827481985092163,20000,nan,nan
364,clean_profile,CSE-CIC-IDS2018,cse_cic_ids2018_friday_holdout_sample,5,random_forest,nan,2026-06-12T11:09:34.254092+00:00,2026-06-12T11:09:34.387879+00:00,0.1337876319885254,20000,nan,nan
365,threat_evaluation,CSE-CIC-IDS2018,cse_cic_ids2018_friday_holdout_sample,5,random_forest,a0_clean,2026-06-12T11:09:34.400373+00:00,2026-06-12T11:09:34.447371+00:00,0.0469980239868164,5000,nan,nan
366,result_writing,CSE-CIC-IDS2018,cse_cic_ids2018_friday_holdout_sample,5,random_forest,a0_clean,2026-06-12T11:09:34.447534+00:00,2026-06-12T11:09:34.473508+00:00,0.0259735584259033,1,results/raw/tier_e_core4_hgb_mlp_timed_cse_cic_ids2018/CSE-CIC-IDS2018_cse_cic_ids2018_friday_holdout_sample_random_forest_a0_clean_5.csv,nan
367,threat_evaluation,CSE-CIC-IDS2018,cse_cic_ids2018_friday_holdout_sample,5,random_forest,a1_constrained_feature,2026-06-12T11:09:34.473557+00:00,2026-06-12T11:09:34.577956+00:00,0.1043996810913086,5000,nan,nan
368,result_writing,CSE-CIC-IDS2018,cse_cic_ids2018_friday_holdout_sample,5,random_forest,a1_constrained_feature,2026-06-12T11:09:34.578117+00:00,2026-06-12T11:09:34.581403+00:00,0.0032861232757568,1,results/raw/tier_e_core4_hgb_mlp_timed_cse_cic_ids2018/CSE-CIC-IDS2018_cse_cic_ids2018_friday_holdout_sample_random_forest_a1_constrained_feature_5.csv,nan
369,threat_evaluation,CSE-CIC-IDS2018,cse_cic_ids2018_friday_holdout_sample,5,random_forest,a1_constrained_score_search,2026-06-12T11:09:34.581449+00:00,2026-06-12T11:09:34.938948+00:00,0.357499361038208,5000,nan,nan
370,result_writing,CSE-CIC-IDS2018,cse_cic_ids2018_friday_holdout_sample,5,random_forest,a1_constrained_score_search,2026-06-12T11:09:34.939118+00:00,2026-06-12T11:09:34.942379+00:00,0.0032615661621093,1,results/raw/tier_e_core4_hgb_mlp_timed_cse_cic_ids2018/CSE-CIC-IDS2018_cse_cic_ids2018_friday_holdout_sample_random_forest_a1_constrained_score_search_5.csv,nan
371,threat_evaluation,CSE-CIC-IDS2018,cse_cic_ids2018_friday_holdout_sample,5,random_forest,a4_split_shift,2026-06-12T11:09:34.942428+00:00,2026-06-12T11:09:34.988273+00:00,0.045844554901123,5000,nan,nan
372,result_writing,CSE-CIC-IDS2018,cse_cic_ids2018_friday_holdout_sample,5,random_forest,a4_split_shift,2026-06-12T11:09:34.988428+00:00,2026-06-12T11:09:34.991623+00:00,0.0031948089599609,1,results/raw/tier_e_core4_hgb_mlp_timed_cse_cic_ids2018/CSE-CIC-IDS2018_cse_cic_ids2018_friday_holdout_sample_random_forest_a4_split_shift_5.csv,nan
373,dataset_load,CSE-CIC-IDS2018,cse_cic_ids2018_friday_holdout_sample,6,nan,nan,2026-06-12T11:09:34.991670+00:00,2026-06-12T11:10:18.862352+00:00,43.87068176269531,20000,nan,nan
374,preprocess_manifest,CSE-CIC-IDS2018,cse_cic_ids2018_friday_holdout_sample,6,nan,nan,2026-06-12T11:10:18.862485+00:00,2026-06-12T11:10:21.077436+00:00,2.214951038360596,20000,nan,nan
375,split_construction,CSE-CIC-IDS2018,cse_cic_ids2018_friday_holdout_sample,6,extra_trees,nan,2026-06-12T11:10:21.077612+00:00,2026-06-12T11:10:21.134943+00:00,0.0573306083679199,20000,nan,nan
376,preprocessing,CSE-CIC-IDS2018,cse_cic_ids2018_friday_holdout_sample,6,extra_trees,nan,2026-06-12T11:10:21.135070+00:00,2026-06-12T11:10:23.413538+00:00,2.278468370437622,20000,nan,nan
377,model_training,CSE-CIC-IDS2018,cse_cic_ids2018_friday_holdout_sample,6,extra_trees,nan,2026-06-12T11:10:23.413715+00:00,2026-06-12T11:10:24.534424+00:00,1.12070894241333,20000,nan,nan
378,clean_profile,CSE-CIC-IDS2018,cse_cic_ids2018_friday_holdout_sample,6,extra_trees,nan,2026-06-12T11:10:24.534502+00:00,2026-06-12T11:10:24.726139+00:00,0.1916372776031494,20000,nan,nan
379,threat_evaluation,CSE-CIC-IDS2018,cse_cic_ids2018_friday_holdout_sample,6,extra_trees,a0_clean,2026-06-12T11:10:24.738867+00:00,2026-06-12T11:10:24.804501+00:00,0.0656344890594482,5000,nan,nan
380,result_writing,CSE-CIC-IDS2018,cse_cic_ids2018_friday_holdout_sample,6,extra_trees,a0_clean,2026-06-12T11:10:24.804665+00:00,2026-06-12T11:10:24.808008+00:00,0.0033433437347412,1,results/raw/tier_e_core4_hgb_mlp_timed_cse_cic_ids2018/CSE-CIC-IDS2018_cse_cic_ids2018_friday_holdout_sample_extra_trees_a0_clean_6.csv,nan
381,threat_evaluation,CSE-CIC-IDS2018,cse_cic_ids2018_friday_holdout_sample,6,extra_trees,a1_constrained_feature,2026-06-12T11:10:24.808054+00:00,2026-06-12T11:10:24.932861+00:00,0.1248068809509277,5000,nan,nan
382,result_writing,CSE-CIC-IDS2018,cse_cic_ids2018_friday_holdout_sample,6,extra_trees,a1_constrained_feature,2026-06-12T11:10:24.933030+00:00,2026-06-12T11:10:24.936322+00:00,0.0032916069030761,1,results/raw/tier_e_core4_hgb_mlp_timed_cse_cic_ids2018/CSE-CIC-IDS2018_cse_cic_ids2018_friday_holdout_sample_extra_trees_a1_constrained_feature_6.csv,nan
383,threat_evaluation,CSE-CIC-IDS2018,cse_cic_ids2018_friday_holdout_sample,6,extra_trees,a1_constrained_score_search,2026-06-12T11:10:24.936364+00:00,2026-06-12T11:10:25.317203+00:00,0.3808388710021972,5000,nan,nan
384,result_writing,CSE-CIC-IDS2018,cse_cic_ids2018_friday_holdout_sample,6,extra_trees,a1_constrained_score_search,2026-06-12T11:10:25.317388+00:00,2026-06-12T11:10:25.320709+00:00,0.0033216476440429,1,results/raw/tier_e_core4_hgb_mlp_timed_cse_cic_ids2018/CSE-CIC-IDS2018_cse_cic_ids2018_friday_holdout_sample_extra_trees_a1_constrained_score_search_6.csv,nan
385,threat_evaluation,CSE-CIC-IDS2018,cse_cic_ids2018_friday_holdout_sample,6,extra_trees,a4_split_shift,2026-06-12T11:10:25.320756+00:00,2026-06-12T11:10:25.387533+00:00,0.0667769908905029,5000,nan,nan
386,result_writing,CSE-CIC-IDS2018,cse_cic_ids2018_friday_holdout_sample,6,extra_trees,a4_split_shift,2026-06-12T11:10:25.387692+00:00,2026-06-12T11:10:25.390972+00:00,0.0032799243927001,1,results/raw/tier_e_core4_hgb_mlp_timed_cse_cic_ids2018/CSE-CIC-IDS2018_cse_cic_ids2018_friday_holdout_sample_extra_trees_a4_split_shift_6.csv,nan
387,split_construction,CSE-CIC-IDS2018,cse_cic_ids2018_friday_holdout_sample,6,hist_gradient_boosting,nan,2026-06-12T11:10:25.391052+00:00,2026-06-12T11:10:25.448464+00:00,0.0574121475219726,20000,nan,nan
388,preprocessing,CSE-CIC-IDS2018,cse_cic_ids2018_friday_holdout_sample,6,hist_gradient_boosting,nan,2026-06-12T11:10:25.448589+00:00,2026-06-12T11:10:27.726229+00:00,2.2776408195495605,20000,nan,nan
389,model_training,CSE-CIC-IDS2018,cse_cic_ids2018_friday_holdout_sample,6,hist_gradient_boosting,nan,2026-06-12T11:10:27.726384+00:00,2026-06-12T11:10:28.453491+00:00,0.7271065711975098,20000,nan,nan
390,clean_profile,CSE-CIC-IDS2018,cse_cic_ids2018_friday_holdout_sample,6,hist_gradient_boosting,nan,2026-06-12T11:10:28.453570+00:00,2026-06-12T11:10:28.484759+00:00,0.0311887264251709,20000,nan,nan
391,threat_evaluation,CSE-CIC-IDS2018,cse_cic_ids2018_friday_holdout_sample,6,hist_gradient_boosting,a0_clean,2026-06-12T11:10:28.497817+00:00,2026-06-12T11:10:28.512136+00:00,0.0143196582794189,5000,nan,nan
392,result_writing,CSE-CIC-IDS2018,cse_cic_ids2018_friday_holdout_sample,6,hist_gradient_boosting,a0_clean,2026-06-12T11:10:28.512296+00:00,2026-06-12T11:10:28.515597+00:00,0.0033001899719238,1,results/raw/tier_e_core4_hgb_mlp_timed_cse_cic_ids2018/CSE-CIC-IDS2018_cse_cic_ids2018_friday_holdout_sample_hist_gradient_boosting_a0_clean_6.csv,nan
393,threat_evaluation,CSE-CIC-IDS2018,cse_cic_ids2018_friday_holdout_sample,6,hist_gradient_boosting,a1_constrained_feature,2026-06-12T11:10:28.515642+00:00,2026-06-12T11:10:28.589097+00:00,0.0734546184539794,5000,nan,nan
394,result_writing,CSE-CIC-IDS2018,cse_cic_ids2018_friday_holdout_sample,6,hist_gradient_boosting,a1_constrained_feature,2026-06-12T11:10:28.589259+00:00,2026-06-12T11:10:28.592369+00:00,0.003110647201538,1,results/raw/tier_e_core4_hgb_mlp_timed_cse_cic_ids2018/CSE-CIC-IDS2018_cse_cic_ids2018_friday_holdout_sample_hist_gradient_boosting_a1_constrained_feature_6.csv,nan
395,threat_evaluation,CSE-CIC-IDS2018,cse_cic_ids2018_friday_holdout_sample,6,hist_gradient_boosting,a1_constrained_score_search,2026-06-12T11:10:28.592414+00:00,2026-06-12T11:10:28.893188+00:00,0.3007733821868896,5000,nan,nan
396,result_writing,CSE-CIC-IDS2018,cse_cic_ids2018_friday_holdout_sample,6,hist_gradient_boosting,a1_constrained_score_search,2026-06-12T11:10:28.893353+00:00,2026-06-12T11:10:28.896496+00:00,0.0031430721282958,1,results/raw/tier_e_core4_hgb_mlp_timed_cse_cic_ids2018/CSE-CIC-IDS2018_cse_cic_ids2018_friday_holdout_sample_hist_gradient_boosting_a1_constrained_score_search_6.csv,nan
397,threat_evaluation,CSE-CIC-IDS2018,cse_cic_ids2018_friday_holdout_sample,6,hist_gradient_boosting,a4_split_shift,2026-06-12T11:10:28.896541+00:00,2026-06-12T11:10:28.914374+00:00,0.0178332328796386,5000,nan,nan
398,result_writing,CSE-CIC-IDS2018,cse_cic_ids2018_friday_holdout_sample,6,hist_gradient_boosting,a4_split_shift,2026-06-12T11:10:28.914513+00:00,2026-06-12T11:10:28.917506+00:00,0.0029928684234619,1,results/raw/tier_e_core4_hgb_mlp_timed_cse_cic_ids2018/CSE-CIC-IDS2018_cse_cic_ids2018_friday_holdout_sample_hist_gradient_boosting_a4_split_shift_6.csv,nan
399,split_construction,CSE-CIC-IDS2018,cse_cic_ids2018_friday_holdout_sample,6,logistic_regression,nan,2026-06-12T11:10:28.917584+00:00,2026-06-12T11:10:28.974936+00:00,0.0573515892028808,20000,nan,nan
400,preprocessing,CSE-CIC-IDS2018,cse_cic_ids2018_friday_holdout_sample,6,logistic_regression,nan,2026-06-12T11:10:28.975056+00:00,2026-06-12T11:10:31.262542+00:00,2.287485122680664,20000,nan,nan
401,model_training,CSE-CIC-IDS2018,cse_cic_ids2018_friday_holdout_sample,6,logistic_regression,nan,2026-06-12T11:10:31.262676+00:00,2026-06-12T11:10:44.256339+00:00,12.993663787841797,20000,nan,nan
402,clean_profile,CSE-CIC-IDS2018,cse_cic_ids2018_friday_holdout_sample,6,logistic_regression,nan,2026-06-12T11:10:44.256409+00:00,2026-06-12T11:10:44.275587+00:00,0.0191771984100341,20000,nan,nan
403,threat_evaluation,CSE-CIC-IDS2018,cse_cic_ids2018_friday_holdout_sample,6,logistic_regression,a0_clean,2026-06-12T11:10:44.288443+00:00,2026-06-12T11:10:44.298261+00:00,0.0098185539245605,5000,nan,nan
404,result_writing,CSE-CIC-IDS2018,cse_cic_ids2018_friday_holdout_sample,6,logistic_regression,a0_clean,2026-06-12T11:10:44.298418+00:00,2026-06-12T11:10:44.301608+00:00,0.0031900405883789,1,results/raw/tier_e_core4_hgb_mlp_timed_cse_cic_ids2018/CSE-CIC-IDS2018_cse_cic_ids2018_friday_holdout_sample_logistic_regression_a0_clean_6.csv,nan
405,threat_evaluation,CSE-CIC-IDS2018,cse_cic_ids2018_friday_holdout_sample,6,logistic_regression,a1_constrained_feature,2026-06-12T11:10:44.301646+00:00,2026-06-12T11:10:44.366843+00:00,0.0651972293853759,5000,nan,nan
406,result_writing,CSE-CIC-IDS2018,cse_cic_ids2018_friday_holdout_sample,6,logistic_regression,a1_constrained_feature,2026-06-12T11:10:44.367013+00:00,2026-06-12T11:10:44.370256+00:00,0.0032427310943603,1,results/raw/tier_e_core4_hgb_mlp_timed_cse_cic_ids2018/CSE-CIC-IDS2018_cse_cic_ids2018_friday_holdout_sample_logistic_regression_a1_constrained_feature_6.csv,nan
407,threat_evaluation,CSE-CIC-IDS2018,cse_cic_ids2018_friday_holdout_sample,6,logistic_regression,a1_constrained_score_search,2026-06-12T11:10:44.370301+00:00,2026-06-12T11:10:44.643497+00:00,0.273195743560791,5000,nan,nan
408,result_writing,CSE-CIC-IDS2018,cse_cic_ids2018_friday_holdout_sample,6,logistic_regression,a1_constrained_score_search,2026-06-12T11:10:44.643659+00:00,2026-06-12T11:10:44.646840+00:00,0.0031805038452148,1,results/raw/tier_e_core4_hgb_mlp_timed_cse_cic_ids2018/CSE-CIC-IDS2018_cse_cic_ids2018_friday_holdout_sample_logistic_regression_a1_constrained_score_search_6.csv,nan
409,threat_evaluation,CSE-CIC-IDS2018,cse_cic_ids2018_friday_holdout_sample,6,logistic_regression,a4_split_shift,2026-06-12T11:10:44.646883+00:00,2026-06-12T11:10:44.655418+00:00,0.0085349082946777,5000,nan,nan
410,result_writing,CSE-CIC-IDS2018,cse_cic_ids2018_friday_holdout_sample,6,logistic_regression,a4_split_shift,2026-06-12T11:10:44.655547+00:00,2026-06-12T11:10:44.658308+00:00,0.0027606487274169,1,results/raw/tier_e_core4_hgb_mlp_timed_cse_cic_ids2018/CSE-CIC-IDS2018_cse_cic_ids2018_friday_holdout_sample_logistic_regression_a4_split_shift_6.csv,nan
411,split_construction,CSE-CIC-IDS2018,cse_cic_ids2018_friday_holdout_sample,6,mlp_sklearn,nan,2026-06-12T11:10:44.658386+00:00,2026-06-12T11:10:44.715420+00:00,0.0570340156555175,20000,nan,nan
412,preprocessing,CSE-CIC-IDS2018,cse_cic_ids2018_friday_holdout_sample,6,mlp_sklearn,nan,2026-06-12T11:10:44.715529+00:00,2026-06-12T11:10:46.995086+00:00,2.279557704925537,20000,nan,nan
413,model_training,CSE-CIC-IDS2018,cse_cic_ids2018_friday_holdout_sample,6,mlp_sklearn,nan,2026-06-12T11:10:46.995241+00:00,2026-06-12T11:10:47.516350+00:00,0.5211083889007568,20000,nan,nan
414,clean_profile,CSE-CIC-IDS2018,cse_cic_ids2018_friday_holdout_sample,6,mlp_sklearn,nan,2026-06-12T11:10:47.516421+00:00,2026-06-12T11:10:47.539063+00:00,0.0226421356201171,20000,nan,nan
415,threat_evaluation,CSE-CIC-IDS2018,cse_cic_ids2018_friday_holdout_sample,6,mlp_sklearn,a0_clean,2026-06-12T11:10:47.551879+00:00,2026-06-12T11:10:47.563668+00:00,0.0117890834808349,5000,nan,nan
416,result_writing,CSE-CIC-IDS2018,cse_cic_ids2018_friday_holdout_sample,6,mlp_sklearn,a0_clean,2026-06-12T11:10:47.563863+00:00,2026-06-12T11:10:47.567244+00:00,0.0033807754516601,1,results/raw/tier_e_core4_hgb_mlp_timed_cse_cic_ids2018/CSE-CIC-IDS2018_cse_cic_ids2018_friday_holdout_sample_mlp_sklearn_a0_clean_6.csv,nan
417,threat_evaluation,CSE-CIC-IDS2018,cse_cic_ids2018_friday_holdout_sample,6,mlp_sklearn,a1_constrained_feature,2026-06-12T11:10:47.567293+00:00,2026-06-12T11:10:47.635940+00:00,0.0686469078063964,5000,nan,nan
418,result_writing,CSE-CIC-IDS2018,cse_cic_ids2018_friday_holdout_sample,6,mlp_sklearn,a1_constrained_feature,2026-06-12T11:10:47.636110+00:00,2026-06-12T11:10:47.639374+00:00,0.0032639503479003,1,results/raw/tier_e_core4_hgb_mlp_timed_cse_cic_ids2018/CSE-CIC-IDS2018_cse_cic_ids2018_friday_holdout_sample_mlp_sklearn_a1_constrained_feature_6.csv,nan
419,threat_evaluation,CSE-CIC-IDS2018,cse_cic_ids2018_friday_holdout_sample,6,mlp_sklearn,a1_constrained_score_search,2026-06-12T11:10:47.639419+00:00,2026-06-12T11:10:47.918044+00:00,0.27862548828125,5000,nan,nan
420,result_writing,CSE-CIC-IDS2018,cse_cic_ids2018_friday_holdout_sample,6,mlp_sklearn,a1_constrained_score_search,2026-06-12T11:10:47.918211+00:00,2026-06-12T11:10:47.921510+00:00,0.0032987594604492,1,results/raw/tier_e_core4_hgb_mlp_timed_cse_cic_ids2018/CSE-CIC-IDS2018_cse_cic_ids2018_friday_holdout_sample_mlp_sklearn_a1_constrained_score_search_6.csv,nan
421,threat_evaluation,CSE-CIC-IDS2018,cse_cic_ids2018_friday_holdout_sample,6,mlp_sklearn,a4_split_shift,2026-06-12T11:10:47.921557+00:00,2026-06-12T11:10:47.933130+00:00,0.0115728378295898,5000,nan,nan
422,result_writing,CSE-CIC-IDS2018,cse_cic_ids2018_friday_holdout_sample,6,mlp_sklearn,a4_split_shift,2026-06-12T11:10:47.933288+00:00,2026-06-12T11:10:47.936522+00:00,0.0032343864440917,1,results/raw/tier_e_core4_hgb_mlp_timed_cse_cic_ids2018/CSE-CIC-IDS2018_cse_cic_ids2018_friday_holdout_sample_mlp_sklearn_a4_split_shift_6.csv,nan
423,split_construction,CSE-CIC-IDS2018,cse_cic_ids2018_friday_holdout_sample,6,random_forest,nan,2026-06-12T11:10:47.936604+00:00,2026-06-12T11:10:47.993870+00:00,0.0572655200958251,20000,nan,nan
424,preprocessing,CSE-CIC-IDS2018,cse_cic_ids2018_friday_holdout_sample,6,random_forest,nan,2026-06-12T11:10:47.993989+00:00,2026-06-12T11:10:50.354974+00:00,2.360985040664673,20000,nan,nan
425,model_training,CSE-CIC-IDS2018,cse_cic_ids2018_friday_holdout_sample,6,random_forest,nan,2026-06-12T11:10:50.355154+00:00,2026-06-12T11:10:52.304554+00:00,1.9493999481201167,20000,nan,nan
426,clean_profile,CSE-CIC-IDS2018,cse_cic_ids2018_friday_holdout_sample,6,random_forest,nan,2026-06-12T11:10:52.304630+00:00,2026-06-12T11:10:52.438593+00:00,0.1339638233184814,20000,nan,nan
427,threat_evaluation,CSE-CIC-IDS2018,cse_cic_ids2018_friday_holdout_sample,6,random_forest,a0_clean,2026-06-12T11:10:52.451177+00:00,2026-06-12T11:10:52.499664+00:00,0.0484864711761474,5000,nan,nan
428,result_writing,CSE-CIC-IDS2018,cse_cic_ids2018_friday_holdout_sample,6,random_forest,a0_clean,2026-06-12T11:10:52.499858+00:00,2026-06-12T11:10:52.503189+00:00,0.0033314228057861,1,results/raw/tier_e_core4_hgb_mlp_timed_cse_cic_ids2018/CSE-CIC-IDS2018_cse_cic_ids2018_friday_holdout_sample_random_forest_a0_clean_6.csv,nan
429,threat_evaluation,CSE-CIC-IDS2018,cse_cic_ids2018_friday_holdout_sample,6,random_forest,a1_constrained_feature,2026-06-12T11:10:52.503233+00:00,2026-06-12T11:10:52.608324+00:00,0.105090856552124,5000,nan,nan
430,result_writing,CSE-CIC-IDS2018,cse_cic_ids2018_friday_holdout_sample,6,random_forest,a1_constrained_feature,2026-06-12T11:10:52.608499+00:00,2026-06-12T11:10:52.611743+00:00,0.0032436847686767,1,results/raw/tier_e_core4_hgb_mlp_timed_cse_cic_ids2018/CSE-CIC-IDS2018_cse_cic_ids2018_friday_holdout_sample_random_forest_a1_constrained_feature_6.csv,nan
431,threat_evaluation,CSE-CIC-IDS2018,cse_cic_ids2018_friday_holdout_sample,6,random_forest,a1_constrained_score_search,2026-06-12T11:10:52.611786+00:00,2026-06-12T11:10:52.972611+00:00,0.3608250617980957,5000,nan,nan
432,result_writing,CSE-CIC-IDS2018,cse_cic_ids2018_friday_holdout_sample,6,random_forest,a1_constrained_score_search,2026-06-12T11:10:52.972780+00:00,2026-06-12T11:10:52.975997+00:00,0.0032172203063964,1,results/raw/tier_e_core4_hgb_mlp_timed_cse_cic_ids2018/CSE-CIC-IDS2018_cse_cic_ids2018_friday_holdout_sample_random_forest_a1_constrained_score_search_6.csv,nan
433,threat_evaluation,CSE-CIC-IDS2018,cse_cic_ids2018_friday_holdout_sample,6,random_forest,a4_split_shift,2026-06-12T11:10:52.976045+00:00,2026-06-12T11:10:53.024163+00:00,0.0481181144714355,5000,nan,nan
434,result_writing,CSE-CIC-IDS2018,cse_cic_ids2018_friday_holdout_sample,6,random_forest,a4_split_shift,2026-06-12T11:10:53.024313+00:00,2026-06-12T11:10:53.027511+00:00,0.0031971931457519,1,results/raw/tier_e_core4_hgb_mlp_timed_cse_cic_ids2018/CSE-CIC-IDS2018_cse_cic_ids2018_friday_holdout_sample_random_forest_a4_split_shift_6.csv,nan
435,dataset_load,CSE-CIC-IDS2018,cse_cic_ids2018_friday_holdout_sample,7,nan,nan,2026-06-12T11:10:53.027558+00:00,2026-06-12T11:11:36.874154+00:00,43.84659671783447,19999,nan,nan
436,preprocess_manifest,CSE-CIC-IDS2018,cse_cic_ids2018_friday_holdout_sample,7,nan,nan,2026-06-12T11:11:36.874305+00:00,2026-06-12T11:11:39.090574+00:00,2.21626877784729,19999,nan,nan
437,split_construction,CSE-CIC-IDS2018,cse_cic_ids2018_friday_holdout_sample,7,extra_trees,nan,2026-06-12T11:11:39.090745+00:00,2026-06-12T11:11:39.148160+00:00,0.0574145317077636,19999,nan,nan
438,preprocessing,CSE-CIC-IDS2018,cse_cic_ids2018_friday_holdout_sample,7,extra_trees,nan,2026-06-12T11:11:39.148280+00:00,2026-06-12T11:11:41.425604+00:00,2.2773232460021973,19999,nan,nan
439,model_training,CSE-CIC-IDS2018,cse_cic_ids2018_friday_holdout_sample,7,extra_trees,nan,2026-06-12T11:11:41.425783+00:00,2026-06-12T11:11:42.557871+00:00,1.1320879459381104,19999,nan,nan
440,clean_profile,CSE-CIC-IDS2018,cse_cic_ids2018_friday_holdout_sample,7,extra_trees,nan,2026-06-12T11:11:42.557955+00:00,2026-06-12T11:11:42.743947+00:00,0.1859922409057617,19999,nan,nan
441,threat_evaluation,CSE-CIC-IDS2018,cse_cic_ids2018_friday_holdout_sample,7,extra_trees,a0_clean,2026-06-12T11:11:42.756598+00:00,2026-06-12T11:11:42.820974+00:00,0.0643765926361084,5000,nan,nan
442,result_writing,CSE-CIC-IDS2018,cse_cic_ids2018_friday_holdout_sample,7,extra_trees,a0_clean,2026-06-12T11:11:42.821133+00:00,2026-06-12T11:11:42.824349+00:00,0.0032160282135009,1,results/raw/tier_e_core4_hgb_mlp_timed_cse_cic_ids2018/CSE-CIC-IDS2018_cse_cic_ids2018_friday_holdout_sample_extra_trees_a0_clean_7.csv,nan
443,threat_evaluation,CSE-CIC-IDS2018,cse_cic_ids2018_friday_holdout_sample,7,extra_trees,a1_constrained_feature,2026-06-12T11:11:42.824394+00:00,2026-06-12T11:11:42.947478+00:00,0.1230843067169189,5000,nan,nan
444,result_writing,CSE-CIC-IDS2018,cse_cic_ids2018_friday_holdout_sample,7,extra_trees,a1_constrained_feature,2026-06-12T11:11:42.947643+00:00,2026-06-12T11:11:42.950943+00:00,0.0033001899719238,1,results/raw/tier_e_core4_hgb_mlp_timed_cse_cic_ids2018/CSE-CIC-IDS2018_cse_cic_ids2018_friday_holdout_sample_extra_trees_a1_constrained_feature_7.csv,nan
445,threat_evaluation,CSE-CIC-IDS2018,cse_cic_ids2018_friday_holdout_sample,7,extra_trees,a1_constrained_score_search,2026-06-12T11:11:42.950987+00:00,2026-06-12T11:11:43.329613+00:00,0.3786261081695556,5000,nan,nan
446,result_writing,CSE-CIC-IDS2018,cse_cic_ids2018_friday_holdout_sample,7,extra_trees,a1_constrained_score_search,2026-06-12T11:11:43.329776+00:00,2026-06-12T11:11:43.333087+00:00,0.0033109188079833,1,results/raw/tier_e_core4_hgb_mlp_timed_cse_cic_ids2018/CSE-CIC-IDS2018_cse_cic_ids2018_friday_holdout_sample_extra_trees_a1_constrained_score_search_7.csv,nan
447,threat_evaluation,CSE-CIC-IDS2018,cse_cic_ids2018_friday_holdout_sample,7,extra_trees,a4_split_shift,2026-06-12T11:11:43.333136+00:00,2026-06-12T11:11:43.397062+00:00,0.0639264583587646,5000,nan,nan
448,result_writing,CSE-CIC-IDS2018,cse_cic_ids2018_friday_holdout_sample,7,extra_trees,a4_split_shift,2026-06-12T11:11:43.397215+00:00,2026-06-12T11:11:43.400475+00:00,0.0032594203948974,1,results/raw/tier_e_core4_hgb_mlp_timed_cse_cic_ids2018/CSE-CIC-IDS2018_cse_cic_ids2018_friday_holdout_sample_extra_trees_a4_split_shift_7.csv,nan
449,split_construction,CSE-CIC-IDS2018,cse_cic_ids2018_friday_holdout_sample,7,hist_gradient_boosting,nan,2026-06-12T11:11:43.400559+00:00,2026-06-12T11:11:43.458170+00:00,0.0576109886169433,19999,nan,nan
450,preprocessing,CSE-CIC-IDS2018,cse_cic_ids2018_friday_holdout_sample,7,hist_gradient_boosting,nan,2026-06-12T11:11:43.458290+00:00,2026-06-12T11:11:45.740075+00:00,2.281785488128662,19999,nan,nan
451,model_training,CSE-CIC-IDS2018,cse_cic_ids2018_friday_holdout_sample,7,hist_gradient_boosting,nan,2026-06-12T11:11:45.740235+00:00,2026-06-12T11:11:46.374651+00:00,0.6344153881072998,19999,nan,nan
452,clean_profile,CSE-CIC-IDS2018,cse_cic_ids2018_friday_holdout_sample,7,hist_gradient_boosting,nan,2026-06-12T11:11:46.374732+00:00,2026-06-12T11:11:46.407499+00:00,0.0327663421630859,19999,nan,nan
453,threat_evaluation,CSE-CIC-IDS2018,cse_cic_ids2018_friday_holdout_sample,7,hist_gradient_boosting,a0_clean,2026-06-12T11:11:46.420377+00:00,2026-06-12T11:11:46.433429+00:00,0.0130519866943359,5000,nan,nan
454,result_writing,CSE-CIC-IDS2018,cse_cic_ids2018_friday_holdout_sample,7,hist_gradient_boosting,a0_clean,2026-06-12T11:11:46.433589+00:00,2026-06-12T11:11:46.436975+00:00,0.003385305404663,1,results/raw/tier_e_core4_hgb_mlp_timed_cse_cic_ids2018/CSE-CIC-IDS2018_cse_cic_ids2018_friday_holdout_sample_hist_gradient_boosting_a0_clean_7.csv,nan
455,threat_evaluation,CSE-CIC-IDS2018,cse_cic_ids2018_friday_holdout_sample,7,hist_gradient_boosting,a1_constrained_feature,2026-06-12T11:11:46.437022+00:00,2026-06-12T11:11:46.507359+00:00,0.0703372955322265,5000,nan,nan
456,result_writing,CSE-CIC-IDS2018,cse_cic_ids2018_friday_holdout_sample,7,hist_gradient_boosting,a1_constrained_feature,2026-06-12T11:11:46.507523+00:00,2026-06-12T11:11:46.510696+00:00,0.0031731128692626,1,results/raw/tier_e_core4_hgb_mlp_timed_cse_cic_ids2018/CSE-CIC-IDS2018_cse_cic_ids2018_friday_holdout_sample_hist_gradient_boosting_a1_constrained_feature_7.csv,nan
457,threat_evaluation,CSE-CIC-IDS2018,cse_cic_ids2018_friday_holdout_sample,7,hist_gradient_boosting,a1_constrained_score_search,2026-06-12T11:11:46.510741+00:00,2026-06-12T11:11:46.814138+00:00,0.3033978939056396,5000,nan,nan
458,result_writing,CSE-CIC-IDS2018,cse_cic_ids2018_friday_holdout_sample,7,hist_gradient_boosting,a1_constrained_score_search,2026-06-12T11:11:46.814312+00:00,2026-06-12T11:11:46.817529+00:00,0.0032179355621337,1,results/raw/tier_e_core4_hgb_mlp_timed_cse_cic_ids2018/CSE-CIC-IDS2018_cse_cic_ids2018_friday_holdout_sample_hist_gradient_boosting_a1_constrained_score_search_7.csv,nan
459,threat_evaluation,CSE-CIC-IDS2018,cse_cic_ids2018_friday_holdout_sample,7,hist_gradient_boosting,a4_split_shift,2026-06-12T11:11:46.817575+00:00,2026-06-12T11:11:46.834219+00:00,0.0166432857513427,5000,nan,nan
460,result_writing,CSE-CIC-IDS2018,cse_cic_ids2018_friday_holdout_sample,7,hist_gradient_boosting,a4_split_shift,2026-06-12T11:11:46.834358+00:00,2026-06-12T11:11:46.837371+00:00,0.0030131340026855,1,results/raw/tier_e_core4_hgb_mlp_timed_cse_cic_ids2018/CSE-CIC-IDS2018_cse_cic_ids2018_friday_holdout_sample_hist_gradient_boosting_a4_split_shift_7.csv,nan
461,split_construction,CSE-CIC-IDS2018,cse_cic_ids2018_friday_holdout_sample,7,logistic_regression,nan,2026-06-12T11:11:46.837452+00:00,2026-06-12T11:11:46.894871+00:00,0.0574181079864501,19999,nan,nan
462,preprocessing,CSE-CIC-IDS2018,cse_cic_ids2018_friday_holdout_sample,7,logistic_regression,nan,2026-06-12T11:11:46.894991+00:00,2026-06-12T11:11:49.176527+00:00,2.281535625457764,19999,nan,nan
463,model_training,CSE-CIC-IDS2018,cse_cic_ids2018_friday_holdout_sample,7,logistic_regression,nan,2026-06-12T11:11:49.176658+00:00,2026-06-12T11:12:01.246133+00:00,12.069474697113035,19999,nan,nan
464,clean_profile,CSE-CIC-IDS2018,cse_cic_ids2018_friday_holdout_sample,7,logistic_regression,nan,2026-06-12T11:12:01.246195+00:00,2026-06-12T11:12:01.278499+00:00,0.0323038101196289,19999,nan,nan
465,threat_evaluation,CSE-CIC-IDS2018,cse_cic_ids2018_friday_holdout_sample,7,logistic_regression,a0_clean,2026-06-12T11:12:01.291298+00:00,2026-06-12T11:12:01.304220+00:00,0.0129218101501464,5000,nan,nan
466,result_writing,CSE-CIC-IDS2018,cse_cic_ids2018_friday_holdout_sample,7,logistic_regression,a0_clean,2026-06-12T11:12:01.304377+00:00,2026-06-12T11:12:01.307588+00:00,0.0032117366790771,1,results/raw/tier_e_core4_hgb_mlp_timed_cse_cic_ids2018/CSE-CIC-IDS2018_cse_cic_ids2018_friday_holdout_sample_logistic_regression_a0_clean_7.csv,nan
467,threat_evaluation,CSE-CIC-IDS2018,cse_cic_ids2018_friday_holdout_sample,7,logistic_regression,a1_constrained_feature,2026-06-12T11:12:01.307630+00:00,2026-06-12T11:12:01.373614+00:00,0.0659832954406738,5000,nan,nan
468,result_writing,CSE-CIC-IDS2018,cse_cic_ids2018_friday_holdout_sample,7,logistic_regression,a1_constrained_feature,2026-06-12T11:12:01.373781+00:00,2026-06-12T11:12:01.376975+00:00,0.0031936168670654,1,results/raw/tier_e_core4_hgb_mlp_timed_cse_cic_ids2018/CSE-CIC-IDS2018_cse_cic_ids2018_friday_holdout_sample_logistic_regression_a1_constrained_feature_7.csv,nan
469,threat_evaluation,CSE-CIC-IDS2018,cse_cic_ids2018_friday_holdout_sample,7,logistic_regression,a1_constrained_score_search,2026-06-12T11:12:01.377016+00:00,2026-06-12T11:12:01.651809+00:00,0.2747929096221924,5000,nan,nan
470,result_writing,CSE-CIC-IDS2018,cse_cic_ids2018_friday_holdout_sample,7,logistic_regression,a1_constrained_score_search,2026-06-12T11:12:01.651980+00:00,2026-06-12T11:12:01.655184+00:00,0.0032038688659667,1,results/raw/tier_e_core4_hgb_mlp_timed_cse_cic_ids2018/CSE-CIC-IDS2018_cse_cic_ids2018_friday_holdout_sample_logistic_regression_a1_constrained_score_search_7.csv,nan
471,threat_evaluation,CSE-CIC-IDS2018,cse_cic_ids2018_friday_holdout_sample,7,logistic_regression,a4_split_shift,2026-06-12T11:12:01.655233+00:00,2026-06-12T11:12:01.664085+00:00,0.0088515281677246,5000,nan,nan
472,result_writing,CSE-CIC-IDS2018,cse_cic_ids2018_friday_holdout_sample,7,logistic_regression,a4_split_shift,2026-06-12T11:12:01.664216+00:00,2026-06-12T11:12:01.667071+00:00,0.0028550624847412,1,results/raw/tier_e_core4_hgb_mlp_timed_cse_cic_ids2018/CSE-CIC-IDS2018_cse_cic_ids2018_friday_holdout_sample_logistic_regression_a4_split_shift_7.csv,nan
473,split_construction,CSE-CIC-IDS2018,cse_cic_ids2018_friday_holdout_sample,7,mlp_sklearn,nan,2026-06-12T11:12:01.667147+00:00,2026-06-12T11:12:01.724437+00:00,0.0572891235351562,19999,nan,nan
474,preprocessing,CSE-CIC-IDS2018,cse_cic_ids2018_friday_holdout_sample,7,mlp_sklearn,nan,2026-06-12T11:12:01.724551+00:00,2026-06-12T11:12:04.002646+00:00,2.2780957221984863,19999,nan,nan
475,model_training,CSE-CIC-IDS2018,cse_cic_ids2018_friday_holdout_sample,7,mlp_sklearn,nan,2026-06-12T11:12:04.002800+00:00,2026-06-12T11:12:05.116651+00:00,1.1138503551483154,19999,nan,nan
476,clean_profile,CSE-CIC-IDS2018,cse_cic_ids2018_friday_holdout_sample,7,mlp_sklearn,nan,2026-06-12T11:12:05.116725+00:00,2026-06-12T11:12:05.139539+00:00,0.0228142738342285,19999,nan,nan
477,threat_evaluation,CSE-CIC-IDS2018,cse_cic_ids2018_friday_holdout_sample,7,mlp_sklearn,a0_clean,2026-06-12T11:12:05.152364+00:00,2026-06-12T11:12:05.164147+00:00,0.0117831230163574,5000,nan,nan
478,result_writing,CSE-CIC-IDS2018,cse_cic_ids2018_friday_holdout_sample,7,mlp_sklearn,a0_clean,2026-06-12T11:12:05.164311+00:00,2026-06-12T11:12:05.167866+00:00,0.0035555362701416,1,results/raw/tier_e_core4_hgb_mlp_timed_cse_cic_ids2018/CSE-CIC-IDS2018_cse_cic_ids2018_friday_holdout_sample_mlp_sklearn_a0_clean_7.csv,nan
479,threat_evaluation,CSE-CIC-IDS2018,cse_cic_ids2018_friday_holdout_sample,7,mlp_sklearn,a1_constrained_feature,2026-06-12T11:12:05.167920+00:00,2026-06-12T11:12:05.237119+00:00,0.0691983699798584,5000,nan,nan
480,result_writing,CSE-CIC-IDS2018,cse_cic_ids2018_friday_holdout_sample,7,mlp_sklearn,a1_constrained_feature,2026-06-12T11:12:05.237291+00:00,2026-06-12T11:12:05.240624+00:00,0.0033333301544189,1,results/raw/tier_e_core4_hgb_mlp_timed_cse_cic_ids2018/CSE-CIC-IDS2018_cse_cic_ids2018_friday_holdout_sample_mlp_sklearn_a1_constrained_feature_7.csv,nan
481,threat_evaluation,CSE-CIC-IDS2018,cse_cic_ids2018_friday_holdout_sample,7,mlp_sklearn,a1_constrained_score_search,2026-06-12T11:12:05.240674+00:00,2026-06-12T11:12:05.522906+00:00,0.2822322845458984,5000,nan,nan
482,result_writing,CSE-CIC-IDS2018,cse_cic_ids2018_friday_holdout_sample,7,mlp_sklearn,a1_constrained_score_search,2026-06-12T11:12:05.523080+00:00,2026-06-12T11:12:05.526396+00:00,0.0033156871795654,1,results/raw/tier_e_core4_hgb_mlp_timed_cse_cic_ids2018/CSE-CIC-IDS2018_cse_cic_ids2018_friday_holdout_sample_mlp_sklearn_a1_constrained_score_search_7.csv,nan
483,threat_evaluation,CSE-CIC-IDS2018,cse_cic_ids2018_friday_holdout_sample,7,mlp_sklearn,a4_split_shift,2026-06-12T11:12:05.526440+00:00,2026-06-12T11:12:05.537580+00:00,0.0111401081085205,5000,nan,nan
484,result_writing,CSE-CIC-IDS2018,cse_cic_ids2018_friday_holdout_sample,7,mlp_sklearn,a4_split_shift,2026-06-12T11:12:05.537729+00:00,2026-06-12T11:12:05.540964+00:00,0.0032346248626708,1,results/raw/tier_e_core4_hgb_mlp_timed_cse_cic_ids2018/CSE-CIC-IDS2018_cse_cic_ids2018_friday_holdout_sample_mlp_sklearn_a4_split_shift_7.csv,nan
485,split_construction,CSE-CIC-IDS2018,cse_cic_ids2018_friday_holdout_sample,7,random_forest,nan,2026-06-12T11:12:05.541045+00:00,2026-06-12T11:12:05.598649+00:00,0.0576038360595703,19999,nan,nan
486,preprocessing,CSE-CIC-IDS2018,cse_cic_ids2018_friday_holdout_sample,7,random_forest,nan,2026-06-12T11:12:05.598768+00:00,2026-06-12T11:12:07.876570+00:00,2.2778022289276123,19999,nan,nan
487,model_training,CSE-CIC-IDS2018,cse_cic_ids2018_friday_holdout_sample,7,random_forest,nan,2026-06-12T11:12:07.876741+00:00,2026-06-12T11:12:09.775425+00:00,1.898684024810791,19999,nan,nan
488,clean_profile,CSE-CIC-IDS2018,cse_cic_ids2018_friday_holdout_sample,7,random_forest,nan,2026-06-12T11:12:09.775506+00:00,2026-06-12T11:12:09.914490+00:00,0.1389844417572021,19999,nan,nan
489,threat_evaluation,CSE-CIC-IDS2018,cse_cic_ids2018_friday_holdout_sample,7,random_forest,a0_clean,2026-06-12T11:12:09.927013+00:00,2026-06-12T11:12:09.975478+00:00,0.0484647750854492,5000,nan,nan
490,result_writing,CSE-CIC-IDS2018,cse_cic_ids2018_friday_holdout_sample,7,random_forest,a0_clean,2026-06-12T11:12:09.975641+00:00,2026-06-12T11:12:09.978982+00:00,0.0033416748046875,1,results/raw/tier_e_core4_hgb_mlp_timed_cse_cic_ids2018/CSE-CIC-IDS2018_cse_cic_ids2018_friday_holdout_sample_random_forest_a0_clean_7.csv,nan
491,threat_evaluation,CSE-CIC-IDS2018,cse_cic_ids2018_friday_holdout_sample,7,random_forest,a1_constrained_feature,2026-06-12T11:12:09.979025+00:00,2026-06-12T11:12:10.084899+00:00,0.1058745384216308,5000,nan,nan
492,result_writing,CSE-CIC-IDS2018,cse_cic_ids2018_friday_holdout_sample,7,random_forest,a1_constrained_feature,2026-06-12T11:12:10.085068+00:00,2026-06-12T11:12:10.088375+00:00,0.0033068656921386,1,results/raw/tier_e_core4_hgb_mlp_timed_cse_cic_ids2018/CSE-CIC-IDS2018_cse_cic_ids2018_friday_holdout_sample_random_forest_a1_constrained_feature_7.csv,nan
493,threat_evaluation,CSE-CIC-IDS2018,cse_cic_ids2018_friday_holdout_sample,7,random_forest,a1_constrained_score_search,2026-06-12T11:12:10.088417+00:00,2026-06-12T11:12:10.450597+00:00,0.3621799945831299,5000,nan,nan
494,result_writing,CSE-CIC-IDS2018,cse_cic_ids2018_friday_holdout_sample,7,random_forest,a1_constrained_score_search,2026-06-12T11:12:10.450767+00:00,2026-06-12T11:12:10.454103+00:00,0.0033364295959472,1,results/raw/tier_e_core4_hgb_mlp_timed_cse_cic_ids2018/CSE-CIC-IDS2018_cse_cic_ids2018_friday_holdout_sample_random_forest_a1_constrained_score_search_7.csv,nan
495,threat_evaluation,CSE-CIC-IDS2018,cse_cic_ids2018_friday_holdout_sample,7,random_forest,a4_split_shift,2026-06-12T11:12:10.454149+00:00,2026-06-12T11:12:10.502156+00:00,0.0480079650878906,5000,nan,nan
496,result_writing,CSE-CIC-IDS2018,cse_cic_ids2018_friday_holdout_sample,7,random_forest,a4_split_shift,2026-06-12T11:12:10.502310+00:00,2026-06-12T11:12:10.505621+00:00,0.0033116340637207,1,results/raw/tier_e_core4_hgb_mlp_timed_cse_cic_ids2018/CSE-CIC-IDS2018_cse_cic_ids2018_friday_holdout_sample_random_forest_a4_split_shift_7.csv,nan
497,dataset_load,CSE-CIC-IDS2018,cse_cic_ids2018_friday_holdout_sample,8,nan,nan,2026-06-12T11:12:10.505669+00:00,2026-06-12T11:12:54.535250+00:00,44.02958154678345,19997,nan,nan
498,preprocess_manifest,CSE-CIC-IDS2018,cse_cic_ids2018_friday_holdout_sample,8,nan,nan,2026-06-12T11:12:54.535404+00:00,2026-06-12T11:12:56.752790+00:00,2.217386484146118,19997,nan,nan
499,split_construction,CSE-CIC-IDS2018,cse_cic_ids2018_friday_holdout_sample,8,extra_trees,nan,2026-06-12T11:12:56.752976+00:00,2026-06-12T11:12:56.810287+00:00,0.0573110580444335,19997,nan,nan
500,preprocessing,CSE-CIC-IDS2018,cse_cic_ids2018_friday_holdout_sample,8,extra_trees,nan,2026-06-12T11:12:56.810416+00:00,2026-06-12T11:12:59.088159+00:00,2.277742862701416,19997,nan,nan
501,model_training,CSE-CIC-IDS2018,cse_cic_ids2018_friday_holdout_sample,8,extra_trees,nan,2026-06-12T11:12:59.088339+00:00,2026-06-12T11:13:00.234040+00:00,1.1457009315490725,19997,nan,nan
502,clean_profile,CSE-CIC-IDS2018,cse_cic_ids2018_friday_holdout_sample,8,extra_trees,nan,2026-06-12T11:13:00.234127+00:00,2026-06-12T11:13:00.429040+00:00,0.1949126720428466,19997,nan,nan
503,threat_evaluation,CSE-CIC-IDS2018,cse_cic_ids2018_friday_holdout_sample,8,extra_trees,a0_clean,2026-06-12T11:13:00.441691+00:00,2026-06-12T11:13:00.508362+00:00,0.0666701793670654,5000,nan,nan
504,result_writing,CSE-CIC-IDS2018,cse_cic_ids2018_friday_holdout_sample,8,extra_trees,a0_clean,2026-06-12T11:13:00.508527+00:00,2026-06-12T11:13:00.511851+00:00,0.0033240318298339,1,results/raw/tier_e_core4_hgb_mlp_timed_cse_cic_ids2018/CSE-CIC-IDS2018_cse_cic_ids2018_friday_holdout_sample_extra_trees_a0_clean_8.csv,nan
505,threat_evaluation,CSE-CIC-IDS2018,cse_cic_ids2018_friday_holdout_sample,8,extra_trees,a1_constrained_feature,2026-06-12T11:13:00.511893+00:00,2026-06-12T11:13:00.636398+00:00,0.1245050430297851,5000,nan,nan
506,result_writing,CSE-CIC-IDS2018,cse_cic_ids2018_friday_holdout_sample,8,extra_trees,a1_constrained_feature,2026-06-12T11:13:00.636570+00:00,2026-06-12T11:13:00.639974+00:00,0.003403902053833,1,results/raw/tier_e_core4_hgb_mlp_timed_cse_cic_ids2018/CSE-CIC-IDS2018_cse_cic_ids2018_friday_holdout_sample_extra_trees_a1_constrained_feature_8.csv,nan
507,threat_evaluation,CSE-CIC-IDS2018,cse_cic_ids2018_friday_holdout_sample,8,extra_trees,a1_constrained_score_search,2026-06-12T11:13:00.640016+00:00,2026-06-12T11:13:01.022575+00:00,0.3825585842132568,5000,nan,nan
508,result_writing,CSE-CIC-IDS2018,cse_cic_ids2018_friday_holdout_sample,8,extra_trees,a1_constrained_score_search,2026-06-12T11:13:01.022746+00:00,2026-06-12T11:13:01.026130+00:00,0.0033833980560302,1,results/raw/tier_e_core4_hgb_mlp_timed_cse_cic_ids2018/CSE-CIC-IDS2018_cse_cic_ids2018_friday_holdout_sample_extra_trees_a1_constrained_score_search_8.csv,nan
509,threat_evaluation,CSE-CIC-IDS2018,cse_cic_ids2018_friday_holdout_sample,8,extra_trees,a4_split_shift,2026-06-12T11:13:01.026180+00:00,2026-06-12T11:13:01.094645+00:00,0.0684649944305419,5000,nan,nan
510,result_writing,CSE-CIC-IDS2018,cse_cic_ids2018_friday_holdout_sample,8,extra_trees,a4_split_shift,2026-06-12T11:13:01.094803+00:00,2026-06-12T11:13:01.098090+00:00,0.0032873153686523,1,results/raw/tier_e_core4_hgb_mlp_timed_cse_cic_ids2018/CSE-CIC-IDS2018_cse_cic_ids2018_friday_holdout_sample_extra_trees_a4_split_shift_8.csv,nan
511,split_construction,CSE-CIC-IDS2018,cse_cic_ids2018_friday_holdout_sample,8,hist_gradient_boosting,nan,2026-06-12T11:13:01.098172+00:00,2026-06-12T11:13:01.155670+00:00,0.0574977397918701,19997,nan,nan
512,preprocessing,CSE-CIC-IDS2018,cse_cic_ids2018_friday_holdout_sample,8,hist_gradient_boosting,nan,2026-06-12T11:13:01.155835+00:00,2026-06-12T11:13:03.436652+00:00,2.280817031860352,19997,nan,nan
513,model_training,CSE-CIC-IDS2018,cse_cic_ids2018_friday_holdout_sample,8,hist_gradient_boosting,nan,2026-06-12T11:13:03.436812+00:00,2026-06-12T11:13:04.123435+00:00,0.6866228580474854,19997,nan,nan
514,clean_profile,CSE-CIC-IDS2018,cse_cic_ids2018_friday_holdout_sample,8,hist_gradient_boosting,nan,2026-06-12T11:13:04.123514+00:00,2026-06-12T11:13:04.215577+00:00,0.0920624732971191,19997,nan,nan
515,threat_evaluation,CSE-CIC-IDS2018,cse_cic_ids2018_friday_holdout_sample,8,hist_gradient_boosting,a0_clean,2026-06-12T11:13:04.228649+00:00,2026-06-12T11:13:04.250865+00:00,0.0222158432006835,5000,nan,nan
516,result_writing,CSE-CIC-IDS2018,cse_cic_ids2018_friday_holdout_sample,8,hist_gradient_boosting,a0_clean,2026-06-12T11:13:04.251026+00:00,2026-06-12T11:13:04.254412+00:00,0.0033860206604003,1,results/raw/tier_e_core4_hgb_mlp_timed_cse_cic_ids2018/CSE-CIC-IDS2018_cse_cic_ids2018_friday_holdout_sample_hist_gradient_boosting_a0_clean_8.csv,nan
517,threat_evaluation,CSE-CIC-IDS2018,cse_cic_ids2018_friday_holdout_sample,8,hist_gradient_boosting,a1_constrained_feature,2026-06-12T11:13:04.254460+00:00,2026-06-12T11:13:04.325854+00:00,0.0713942050933837,5000,nan,nan
518,result_writing,CSE-CIC-IDS2018,cse_cic_ids2018_friday_holdout_sample,8,hist_gradient_boosting,a1_constrained_feature,2026-06-12T11:13:04.326020+00:00,2026-06-12T11:13:04.329201+00:00,0.0031814575195312,1,results/raw/tier_e_core4_hgb_mlp_timed_cse_cic_ids2018/CSE-CIC-IDS2018_cse_cic_ids2018_friday_holdout_sample_hist_gradient_boosting_a1_constrained_feature_8.csv,nan
519,threat_evaluation,CSE-CIC-IDS2018,cse_cic_ids2018_friday_holdout_sample,8,hist_gradient_boosting,a1_constrained_score_search,2026-06-12T11:13:04.329244+00:00,2026-06-12T11:13:04.633598+00:00,0.3043537139892578,5000,nan,nan
520,result_writing,CSE-CIC-IDS2018,cse_cic_ids2018_friday_holdout_sample,8,hist_gradient_boosting,a1_constrained_score_search,2026-06-12T11:13:04.633770+00:00,2026-06-12T11:13:04.636999+00:00,0.0032293796539306,1,results/raw/tier_e_core4_hgb_mlp_timed_cse_cic_ids2018/CSE-CIC-IDS2018_cse_cic_ids2018_friday_holdout_sample_hist_gradient_boosting_a1_constrained_score_search_8.csv,nan
521,threat_evaluation,CSE-CIC-IDS2018,cse_cic_ids2018_friday_holdout_sample,8,hist_gradient_boosting,a4_split_shift,2026-06-12T11:13:04.637044+00:00,2026-06-12T11:13:04.654009+00:00,0.0169644355773925,5000,nan,nan
522,result_writing,CSE-CIC-IDS2018,cse_cic_ids2018_friday_holdout_sample,8,hist_gradient_boosting,a4_split_shift,2026-06-12T11:13:04.654153+00:00,2026-06-12T11:13:04.657154+00:00,0.0030012130737304,1,results/raw/tier_e_core4_hgb_mlp_timed_cse_cic_ids2018/CSE-CIC-IDS2018_cse_cic_ids2018_friday_holdout_sample_hist_gradient_boosting_a4_split_shift_8.csv,nan
523,split_construction,CSE-CIC-IDS2018,cse_cic_ids2018_friday_holdout_sample,8,logistic_regression,nan,2026-06-12T11:13:04.657231+00:00,2026-06-12T11:13:04.714789+00:00,0.057558536529541,19997,nan,nan
524,preprocessing,CSE-CIC-IDS2018,cse_cic_ids2018_friday_holdout_sample,8,logistic_regression,nan,2026-06-12T11:13:04.714914+00:00,2026-06-12T11:13:07.082058+00:00,2.3671445846557617,19997,nan,nan
525,model_training,CSE-CIC-IDS2018,cse_cic_ids2018_friday_holdout_sample,8,logistic_regression,nan,2026-06-12T11:13:07.082193+00:00,2026-06-12T11:13:19.403652+00:00,12.3214590549469,19997,nan,nan
526,clean_profile,CSE-CIC-IDS2018,cse_cic_ids2018_friday_holdout_sample,8,logistic_regression,nan,2026-06-12T11:13:19.403716+00:00,2026-06-12T11:13:19.420002+00:00,0.0162861347198486,19997,nan,nan
527,threat_evaluation,CSE-CIC-IDS2018,cse_cic_ids2018_friday_holdout_sample,8,logistic_regression,a0_clean,2026-06-12T11:13:19.432896+00:00,2026-06-12T11:13:19.442748+00:00,0.0098514556884765,5000,nan,nan
528,result_writing,CSE-CIC-IDS2018,cse_cic_ids2018_friday_holdout_sample,8,logistic_regression,a0_clean,2026-06-12T11:13:19.442903+00:00,2026-06-12T11:13:19.446152+00:00,0.0032494068145751,1,results/raw/tier_e_core4_hgb_mlp_timed_cse_cic_ids2018/CSE-CIC-IDS2018_cse_cic_ids2018_friday_holdout_sample_logistic_regression_a0_clean_8.csv,nan
529,threat_evaluation,CSE-CIC-IDS2018,cse_cic_ids2018_friday_holdout_sample,8,logistic_regression,a1_constrained_feature,2026-06-12T11:13:19.446190+00:00,2026-06-12T11:13:19.512166+00:00,0.0659754276275634,5000,nan,nan
530,result_writing,CSE-CIC-IDS2018,cse_cic_ids2018_friday_holdout_sample,8,logistic_regression,a1_constrained_feature,2026-06-12T11:13:19.512335+00:00,2026-06-12T11:13:19.515494+00:00,0.0031592845916748,1,results/raw/tier_e_core4_hgb_mlp_timed_cse_cic_ids2018/CSE-CIC-IDS2018_cse_cic_ids2018_friday_holdout_sample_logistic_regression_a1_constrained_feature_8.csv,nan
531,threat_evaluation,CSE-CIC-IDS2018,cse_cic_ids2018_friday_holdout_sample,8,logistic_regression,a1_constrained_score_search,2026-06-12T11:13:19.515535+00:00,2026-06-12T11:13:19.790398+00:00,0.2748627662658691,5000,nan,nan
532,result_writing,CSE-CIC-IDS2018,cse_cic_ids2018_friday_holdout_sample,8,logistic_regression,a1_constrained_score_search,2026-06-12T11:13:19.790563+00:00,2026-06-12T11:13:19.793771+00:00,0.0032079219818115,1,results/raw/tier_e_core4_hgb_mlp_timed_cse_cic_ids2018/CSE-CIC-IDS2018_cse_cic_ids2018_friday_holdout_sample_logistic_regression_a1_constrained_score_search_8.csv,nan
533,threat_evaluation,CSE-CIC-IDS2018,cse_cic_ids2018_friday_holdout_sample,8,logistic_regression,a4_split_shift,2026-06-12T11:13:19.793814+00:00,2026-06-12T11:13:19.802612+00:00,0.0087978839874267,5000,nan,nan
534,result_writing,CSE-CIC-IDS2018,cse_cic_ids2018_friday_holdout_sample,8,logistic_regression,a4_split_shift,2026-06-12T11:13:19.802744+00:00,2026-06-12T11:13:19.805671+00:00,0.0029265880584716,1,results/raw/tier_e_core4_hgb_mlp_timed_cse_cic_ids2018/CSE-CIC-IDS2018_cse_cic_ids2018_friday_holdout_sample_logistic_regression_a4_split_shift_8.csv,nan
535,split_construction,CSE-CIC-IDS2018,cse_cic_ids2018_friday_holdout_sample,8,mlp_sklearn,nan,2026-06-12T11:13:19.805752+00:00,2026-06-12T11:13:19.863500+00:00,0.0577485561370849,19997,nan,nan
536,preprocessing,CSE-CIC-IDS2018,cse_cic_ids2018_friday_holdout_sample,8,mlp_sklearn,nan,2026-06-12T11:13:19.863617+00:00,2026-06-12T11:13:22.145294+00:00,2.2816762924194336,19997,nan,nan
537,model_training,CSE-CIC-IDS2018,cse_cic_ids2018_friday_holdout_sample,8,mlp_sklearn,nan,2026-06-12T11:13:22.145447+00:00,2026-06-12T11:13:22.638027+00:00,0.4925799369812011,19997,nan,nan
538,clean_profile,CSE-CIC-IDS2018,cse_cic_ids2018_friday_holdout_sample,8,mlp_sklearn,nan,2026-06-12T11:13:22.638104+00:00,2026-06-12T11:13:22.660902+00:00,0.0227985382080078,19997,nan,nan
539,threat_evaluation,CSE-CIC-IDS2018,cse_cic_ids2018_friday_holdout_sample,8,mlp_sklearn,a0_clean,2026-06-12T11:13:22.673781+00:00,2026-06-12T11:13:22.685601+00:00,0.0118200778961181,5000,nan,nan
540,result_writing,CSE-CIC-IDS2018,cse_cic_ids2018_friday_holdout_sample,8,mlp_sklearn,a0_clean,2026-06-12T11:13:22.685758+00:00,2026-06-12T11:13:22.689204+00:00,0.0034468173980712,1,results/raw/tier_e_core4_hgb_mlp_timed_cse_cic_ids2018/CSE-CIC-IDS2018_cse_cic_ids2018_friday_holdout_sample_mlp_sklearn_a0_clean_8.csv,nan
541,threat_evaluation,CSE-CIC-IDS2018,cse_cic_ids2018_friday_holdout_sample,8,mlp_sklearn,a1_constrained_feature,2026-06-12T11:13:22.689258+00:00,2026-06-12T11:13:22.758442+00:00,0.0691843032836914,5000,nan,nan
542,result_writing,CSE-CIC-IDS2018,cse_cic_ids2018_friday_holdout_sample,8,mlp_sklearn,a1_constrained_feature,2026-06-12T11:13:22.758613+00:00,2026-06-12T11:13:22.761930+00:00,0.00331711769104,1,results/raw/tier_e_core4_hgb_mlp_timed_cse_cic_ids2018/CSE-CIC-IDS2018_cse_cic_ids2018_friday_holdout_sample_mlp_sklearn_a1_constrained_feature_8.csv,nan
543,threat_evaluation,CSE-CIC-IDS2018,cse_cic_ids2018_friday_holdout_sample,8,mlp_sklearn,a1_constrained_score_search,2026-06-12T11:13:22.761974+00:00,2026-06-12T11:13:23.044883+00:00,0.282909631729126,5000,nan,nan
544,result_writing,CSE-CIC-IDS2018,cse_cic_ids2018_friday_holdout_sample,8,mlp_sklearn,a1_constrained_score_search,2026-06-12T11:13:23.045058+00:00,2026-06-12T11:13:23.048363+00:00,0.0033049583435058,1,results/raw/tier_e_core4_hgb_mlp_timed_cse_cic_ids2018/CSE-CIC-IDS2018_cse_cic_ids2018_friday_holdout_sample_mlp_sklearn_a1_constrained_score_search_8.csv,nan
545,threat_evaluation,CSE-CIC-IDS2018,cse_cic_ids2018_friday_holdout_sample,8,mlp_sklearn,a4_split_shift,2026-06-12T11:13:23.048410+00:00,2026-06-12T11:13:23.059323+00:00,0.010913610458374,5000,nan,nan
546,result_writing,CSE-CIC-IDS2018,cse_cic_ids2018_friday_holdout_sample,8,mlp_sklearn,a4_split_shift,2026-06-12T11:13:23.059472+00:00,2026-06-12T11:13:23.062739+00:00,0.0032665729522705,1,results/raw/tier_e_core4_hgb_mlp_timed_cse_cic_ids2018/CSE-CIC-IDS2018_cse_cic_ids2018_friday_holdout_sample_mlp_sklearn_a4_split_shift_8.csv,nan
547,split_construction,CSE-CIC-IDS2018,cse_cic_ids2018_friday_holdout_sample,8,random_forest,nan,2026-06-12T11:13:23.062822+00:00,2026-06-12T11:13:23.120844+00:00,0.0580224990844726,19997,nan,nan
548,preprocessing,CSE-CIC-IDS2018,cse_cic_ids2018_friday_holdout_sample,8,random_forest,nan,2026-06-12T11:13:23.120963+00:00,2026-06-12T11:13:25.398636+00:00,2.27767276763916,19997,nan,nan
549,model_training,CSE-CIC-IDS2018,cse_cic_ids2018_friday_holdout_sample,8,random_forest,nan,2026-06-12T11:13:25.398816+00:00,2026-06-12T11:13:27.317828+00:00,1.9190115928649905,19997,nan,nan
550,clean_profile,CSE-CIC-IDS2018,cse_cic_ids2018_friday_holdout_sample,8,random_forest,nan,2026-06-12T11:13:27.317905+00:00,2026-06-12T11:13:27.458916+00:00,0.1410112380981445,19997,nan,nan
551,threat_evaluation,CSE-CIC-IDS2018,cse_cic_ids2018_friday_holdout_sample,8,random_forest,a0_clean,2026-06-12T11:13:27.471546+00:00,2026-06-12T11:13:27.520787+00:00,0.0492401123046875,5000,nan,nan
552,result_writing,CSE-CIC-IDS2018,cse_cic_ids2018_friday_holdout_sample,8,random_forest,a0_clean,2026-06-12T11:13:27.520947+00:00,2026-06-12T11:13:27.524297+00:00,0.0033502578735351,1,results/raw/tier_e_core4_hgb_mlp_timed_cse_cic_ids2018/CSE-CIC-IDS2018_cse_cic_ids2018_friday_holdout_sample_random_forest_a0_clean_8.csv,nan
553,threat_evaluation,CSE-CIC-IDS2018,cse_cic_ids2018_friday_holdout_sample,8,random_forest,a1_constrained_feature,2026-06-12T11:13:27.524340+00:00,2026-06-12T11:13:27.631690+00:00,0.1073498725891113,5000,nan,nan
554,result_writing,CSE-CIC-IDS2018,cse_cic_ids2018_friday_holdout_sample,8,random_forest,a1_constrained_feature,2026-06-12T11:13:27.631891+00:00,2026-06-12T11:13:27.635314+00:00,0.003422737121582,1,results/raw/tier_e_core4_hgb_mlp_timed_cse_cic_ids2018/CSE-CIC-IDS2018_cse_cic_ids2018_friday_holdout_sample_random_forest_a1_constrained_feature_8.csv,nan
555,threat_evaluation,CSE-CIC-IDS2018,cse_cic_ids2018_friday_holdout_sample,8,random_forest,a1_constrained_score_search,2026-06-12T11:13:27.635365+00:00,2026-06-12T11:13:27.998153+00:00,0.362788438796997,5000,nan,nan
556,result_writing,CSE-CIC-IDS2018,cse_cic_ids2018_friday_holdout_sample,8,random_forest,a1_constrained_score_search,2026-06-12T11:13:27.998323+00:00,2026-06-12T11:13:28.001642+00:00,0.0033192634582519,1,results/raw/tier_e_core4_hgb_mlp_timed_cse_cic_ids2018/CSE-CIC-IDS2018_cse_cic_ids2018_friday_holdout_sample_random_forest_a1_constrained_score_search_8.csv,nan
557,threat_evaluation,CSE-CIC-IDS2018,cse_cic_ids2018_friday_holdout_sample,8,random_forest,a4_split_shift,2026-06-12T11:13:28.001687+00:00,2026-06-12T11:13:28.050299+00:00,0.0486118793487548,5000,nan,nan
558,result_writing,CSE-CIC-IDS2018,cse_cic_ids2018_friday_holdout_sample,8,random_forest,a4_split_shift,2026-06-12T11:13:28.050453+00:00,2026-06-12T11:13:28.053823+00:00,0.0033693313598632,1,results/raw/tier_e_core4_hgb_mlp_timed_cse_cic_ids2018/CSE-CIC-IDS2018_cse_cic_ids2018_friday_holdout_sample_random_forest_a4_split_shift_8.csv,nan
559,dataset_load,CSE-CIC-IDS2018,cse_cic_ids2018_friday_holdout_sample,9,nan,nan,2026-06-12T11:13:28.053866+00:00,2026-06-12T11:14:12.154948+00:00,44.10108160972595,20000,nan,nan
560,preprocess_manifest,CSE-CIC-IDS2018,cse_cic_ids2018_friday_holdout_sample,9,nan,nan,2026-06-12T11:14:12.155095+00:00,2026-06-12T11:14:14.376847+00:00,2.221752166748047,20000,nan,nan
561,split_construction,CSE-CIC-IDS2018,cse_cic_ids2018_friday_holdout_sample,9,extra_trees,nan,2026-06-12T11:14:14.377020+00:00,2026-06-12T11:14:14.433939+00:00,0.0569183826446533,20000,nan,nan
562,preprocessing,CSE-CIC-IDS2018,cse_cic_ids2018_friday_holdout_sample,9,extra_trees,nan,2026-06-12T11:14:14.434055+00:00,2026-06-12T11:14:16.716324+00:00,2.282268762588501,20000,nan,nan
563,model_training,CSE-CIC-IDS2018,cse_cic_ids2018_friday_holdout_sample,9,extra_trees,nan,2026-06-12T11:14:16.716504+00:00,2026-06-12T11:14:17.814267+00:00,1.0977632999420166,20000,nan,nan
564,clean_profile,CSE-CIC-IDS2018,cse_cic_ids2018_friday_holdout_sample,9,extra_trees,nan,2026-06-12T11:14:17.814350+00:00,2026-06-12T11:14:17.997041+00:00,0.1826910972595214,20000,nan,nan
565,threat_evaluation,CSE-CIC-IDS2018,cse_cic_ids2018_friday_holdout_sample,9,extra_trees,a0_clean,2026-06-12T11:14:18.009684+00:00,2026-06-12T11:14:18.072519+00:00,0.0628352165222168,5000,nan,nan
566,result_writing,CSE-CIC-IDS2018,cse_cic_ids2018_friday_holdout_sample,9,extra_trees,a0_clean,2026-06-12T11:14:18.072683+00:00,2026-06-12T11:14:18.076020+00:00,0.0033364295959472,1,results/raw/tier_e_core4_hgb_mlp_timed_cse_cic_ids2018/CSE-CIC-IDS2018_cse_cic_ids2018_friday_holdout_sample_extra_trees_a0_clean_9.csv,nan
567,threat_evaluation,CSE-CIC-IDS2018,cse_cic_ids2018_friday_holdout_sample,9,extra_trees,a1_constrained_feature,2026-06-12T11:14:18.076064+00:00,2026-06-12T11:14:18.196536+00:00,0.1204714775085449,5000,nan,nan
568,result_writing,CSE-CIC-IDS2018,cse_cic_ids2018_friday_holdout_sample,9,extra_trees,a1_constrained_feature,2026-06-12T11:14:18.196703+00:00,2026-06-12T11:14:18.199964+00:00,0.0032610893249511,1,results/raw/tier_e_core4_hgb_mlp_timed_cse_cic_ids2018/CSE-CIC-IDS2018_cse_cic_ids2018_friday_holdout_sample_extra_trees_a1_constrained_feature_9.csv,nan
569,threat_evaluation,CSE-CIC-IDS2018,cse_cic_ids2018_friday_holdout_sample,9,extra_trees,a1_constrained_score_search,2026-06-12T11:14:18.200006+00:00,2026-06-12T11:14:18.580332+00:00,0.380326509475708,5000,nan,nan
570,result_writing,CSE-CIC-IDS2018,cse_cic_ids2018_friday_holdout_sample,9,extra_trees,a1_constrained_score_search,2026-06-12T11:14:18.580508+00:00,2026-06-12T11:14:18.619985+00:00,0.0394773483276367,1,results/raw/tier_e_core4_hgb_mlp_timed_cse_cic_ids2018/CSE-CIC-IDS2018_cse_cic_ids2018_friday_holdout_sample_extra_trees_a1_constrained_score_search_9.csv,nan
571,threat_evaluation,CSE-CIC-IDS2018,cse_cic_ids2018_friday_holdout_sample,9,extra_trees,a4_split_shift,2026-06-12T11:14:18.620056+00:00,2026-06-12T11:14:18.682993+00:00,0.0629370212554931,5000,nan,nan
572,result_writing,CSE-CIC-IDS2018,cse_cic_ids2018_friday_holdout_sample,9,extra_trees,a4_split_shift,2026-06-12T11:14:18.683149+00:00,2026-06-12T11:14:18.686428+00:00,0.0032789707183837,1,results/raw/tier_e_core4_hgb_mlp_timed_cse_cic_ids2018/CSE-CIC-IDS2018_cse_cic_ids2018_friday_holdout_sample_extra_trees_a4_split_shift_9.csv,nan
573,split_construction,CSE-CIC-IDS2018,cse_cic_ids2018_friday_holdout_sample,9,hist_gradient_boosting,nan,2026-06-12T11:14:18.686507+00:00,2026-06-12T11:14:18.744184+00:00,0.0576767921447753,20000,nan,nan
574,preprocessing,CSE-CIC-IDS2018,cse_cic_ids2018_friday_holdout_sample,9,hist_gradient_boosting,nan,2026-06-12T11:14:18.744301+00:00,2026-06-12T11:14:21.024331+00:00,2.2800300121307373,20000,nan,nan
575,model_training,CSE-CIC-IDS2018,cse_cic_ids2018_friday_holdout_sample,9,hist_gradient_boosting,nan,2026-06-12T11:14:21.024483+00:00,2026-06-12T11:14:21.698076+00:00,0.673593282699585,20000,nan,nan
576,clean_profile,CSE-CIC-IDS2018,cse_cic_ids2018_friday_holdout_sample,9,hist_gradient_boosting,nan,2026-06-12T11:14:21.698157+00:00,2026-06-12T11:14:21.727895+00:00,0.029738426208496,20000,nan,nan
577,threat_evaluation,CSE-CIC-IDS2018,cse_cic_ids2018_friday_holdout_sample,9,hist_gradient_boosting,a0_clean,2026-06-12T11:14:21.741551+00:00,2026-06-12T11:14:21.755553+00:00,0.0140023231506347,5000,nan,nan
578,result_writing,CSE-CIC-IDS2018,cse_cic_ids2018_friday_holdout_sample,9,hist_gradient_boosting,a0_clean,2026-06-12T11:14:21.755712+00:00,2026-06-12T11:14:21.759046+00:00,0.0033340454101562,1,results/raw/tier_e_core4_hgb_mlp_timed_cse_cic_ids2018/CSE-CIC-IDS2018_cse_cic_ids2018_friday_holdout_sample_hist_gradient_boosting_a0_clean_9.csv,nan
579,threat_evaluation,CSE-CIC-IDS2018,cse_cic_ids2018_friday_holdout_sample,9,hist_gradient_boosting,a1_constrained_feature,2026-06-12T11:14:21.759092+00:00,2026-06-12T11:14:21.829223+00:00,0.0701305866241455,5000,nan,nan
580,result_writing,CSE-CIC-IDS2018,cse_cic_ids2018_friday_holdout_sample,9,hist_gradient_boosting,a1_constrained_feature,2026-06-12T11:14:21.829391+00:00,2026-06-12T11:14:21.832609+00:00,0.0032179355621337,1,results/raw/tier_e_core4_hgb_mlp_timed_cse_cic_ids2018/CSE-CIC-IDS2018_cse_cic_ids2018_friday_holdout_sample_hist_gradient_boosting_a1_constrained_feature_9.csv,nan
581,threat_evaluation,CSE-CIC-IDS2018,cse_cic_ids2018_friday_holdout_sample,9,hist_gradient_boosting,a1_constrained_score_search,2026-06-12T11:14:21.832659+00:00,2026-06-12T11:14:22.136702+00:00,0.3040425777435303,5000,nan,nan
582,result_writing,CSE-CIC-IDS2018,cse_cic_ids2018_friday_holdout_sample,9,hist_gradient_boosting,a1_constrained_score_search,2026-06-12T11:14:22.136866+00:00,2026-06-12T11:14:22.139981+00:00,0.0031147003173828,1,results/raw/tier_e_core4_hgb_mlp_timed_cse_cic_ids2018/CSE-CIC-IDS2018_cse_cic_ids2018_friday_holdout_sample_hist_gradient_boosting_a1_constrained_score_search_9.csv,nan
583,threat_evaluation,CSE-CIC-IDS2018,cse_cic_ids2018_friday_holdout_sample,9,hist_gradient_boosting,a4_split_shift,2026-06-12T11:14:22.140030+00:00,2026-06-12T11:14:22.156398+00:00,0.0163683891296386,5000,nan,nan
584,result_writing,CSE-CIC-IDS2018,cse_cic_ids2018_friday_holdout_sample,9,hist_gradient_boosting,a4_split_shift,2026-06-12T11:14:22.156537+00:00,2026-06-12T11:14:22.159548+00:00,0.0030105113983154,1,results/raw/tier_e_core4_hgb_mlp_timed_cse_cic_ids2018/CSE-CIC-IDS2018_cse_cic_ids2018_friday_holdout_sample_hist_gradient_boosting_a4_split_shift_9.csv,nan
585,split_construction,CSE-CIC-IDS2018,cse_cic_ids2018_friday_holdout_sample,9,logistic_regression,nan,2026-06-12T11:14:22.159620+00:00,2026-06-12T11:14:22.217324+00:00,0.0577044486999511,20000,nan,nan
586,preprocessing,CSE-CIC-IDS2018,cse_cic_ids2018_friday_holdout_sample,9,logistic_regression,nan,2026-06-12T11:14:22.217442+00:00,2026-06-12T11:14:24.503503+00:00,2.2860608100891118,20000,nan,nan
587,model_training,CSE-CIC-IDS2018,cse_cic_ids2018_friday_holdout_sample,9,logistic_regression,nan,2026-06-12T11:14:24.503635+00:00,2026-06-12T11:14:38.304324+00:00,13.800688982009888,20000,nan,nan
588,clean_profile,CSE-CIC-IDS2018,cse_cic_ids2018_friday_holdout_sample,9,logistic_regression,nan,2026-06-12T11:14:38.304408+00:00,2026-06-12T11:14:38.327740+00:00,0.0233325958251953,20000,nan,nan
589,threat_evaluation,CSE-CIC-IDS2018,cse_cic_ids2018_friday_holdout_sample,9,logistic_regression,a0_clean,2026-06-12T11:14:38.340584+00:00,2026-06-12T11:14:38.350343+00:00,0.0097589492797851,5000,nan,nan
590,result_writing,CSE-CIC-IDS2018,cse_cic_ids2018_friday_holdout_sample,9,logistic_regression,a0_clean,2026-06-12T11:14:38.350499+00:00,2026-06-12T11:14:38.353660+00:00,0.0031616687774658,1,results/raw/tier_e_core4_hgb_mlp_timed_cse_cic_ids2018/CSE-CIC-IDS2018_cse_cic_ids2018_friday_holdout_sample_logistic_regression_a0_clean_9.csv,nan
591,threat_evaluation,CSE-CIC-IDS2018,cse_cic_ids2018_friday_holdout_sample,9,logistic_regression,a1_constrained_feature,2026-06-12T11:14:38.353699+00:00,2026-06-12T11:14:38.419488+00:00,0.065788984298706,5000,nan,nan
592,result_writing,CSE-CIC-IDS2018,cse_cic_ids2018_friday_holdout_sample,9,logistic_regression,a1_constrained_feature,2026-06-12T11:14:38.419662+00:00,2026-06-12T11:14:38.422818+00:00,0.0031559467315673,1,results/raw/tier_e_core4_hgb_mlp_timed_cse_cic_ids2018/CSE-CIC-IDS2018_cse_cic_ids2018_friday_holdout_sample_logistic_regression_a1_constrained_feature_9.csv,nan
593,threat_evaluation,CSE-CIC-IDS2018,cse_cic_ids2018_friday_holdout_sample,9,logistic_regression,a1_constrained_score_search,2026-06-12T11:14:38.422860+00:00,2026-06-12T11:14:38.697248+00:00,0.2743885517120361,5000,nan,nan
594,result_writing,CSE-CIC-IDS2018,cse_cic_ids2018_friday_holdout_sample,9,logistic_regression,a1_constrained_score_search,2026-06-12T11:14:38.697419+00:00,2026-06-12T11:14:38.700573+00:00,0.0031538009643554,1,results/raw/tier_e_core4_hgb_mlp_timed_cse_cic_ids2018/CSE-CIC-IDS2018_cse_cic_ids2018_friday_holdout_sample_logistic_regression_a1_constrained_score_search_9.csv,nan
595,threat_evaluation,CSE-CIC-IDS2018,cse_cic_ids2018_friday_holdout_sample,9,logistic_regression,a4_split_shift,2026-06-12T11:14:38.700616+00:00,2026-06-12T11:14:38.709221+00:00,0.0086047649383544,5000,nan,nan
596,result_writing,CSE-CIC-IDS2018,cse_cic_ids2018_friday_holdout_sample,9,logistic_regression,a4_split_shift,2026-06-12T11:14:38.709344+00:00,2026-06-12T11:14:38.712121+00:00,0.0027768611907958,1,results/raw/tier_e_core4_hgb_mlp_timed_cse_cic_ids2018/CSE-CIC-IDS2018_cse_cic_ids2018_friday_holdout_sample_logistic_regression_a4_split_shift_9.csv,nan
597,split_construction,CSE-CIC-IDS2018,cse_cic_ids2018_friday_holdout_sample,9,mlp_sklearn,nan,2026-06-12T11:14:38.712200+00:00,2026-06-12T11:14:38.769484+00:00,0.0572845935821533,20000,nan,nan
598,preprocessing,CSE-CIC-IDS2018,cse_cic_ids2018_friday_holdout_sample,9,mlp_sklearn,nan,2026-06-12T11:14:38.769607+00:00,2026-06-12T11:14:41.054667+00:00,2.2850594520568848,20000,nan,nan
599,model_training,CSE-CIC-IDS2018,cse_cic_ids2018_friday_holdout_sample,9,mlp_sklearn,nan,2026-06-12T11:14:41.054831+00:00,2026-06-12T11:14:41.543594+00:00,0.4887630939483642,20000,nan,nan
600,clean_profile,CSE-CIC-IDS2018,cse_cic_ids2018_friday_holdout_sample,9,mlp_sklearn,nan,2026-06-12T11:14:41.543669+00:00,2026-06-12T11:14:41.566721+00:00,0.0230519771575927,20000,nan,nan
601,threat_evaluation,CSE-CIC-IDS2018,cse_cic_ids2018_friday_holdout_sample,9,mlp_sklearn,a0_clean,2026-06-12T11:14:41.579467+00:00,2026-06-12T11:14:41.591328+00:00,0.0118608474731445,5000,nan,nan
602,result_writing,CSE-CIC-IDS2018,cse_cic_ids2018_friday_holdout_sample,9,mlp_sklearn,a0_clean,2026-06-12T11:14:41.591489+00:00,2026-06-12T11:14:41.594836+00:00,0.0033464431762695,1,results/raw/tier_e_core4_hgb_mlp_timed_cse_cic_ids2018/CSE-CIC-IDS2018_cse_cic_ids2018_friday_holdout_sample_mlp_sklearn_a0_clean_9.csv,nan
603,threat_evaluation,CSE-CIC-IDS2018,cse_cic_ids2018_friday_holdout_sample,9,mlp_sklearn,a1_constrained_feature,2026-06-12T11:14:41.594878+00:00,2026-06-12T11:14:41.663400+00:00,0.0685219764709472,5000,nan,nan
604,result_writing,CSE-CIC-IDS2018,cse_cic_ids2018_friday_holdout_sample,9,mlp_sklearn,a1_constrained_feature,2026-06-12T11:14:41.663574+00:00,2026-06-12T11:14:41.666852+00:00,0.0032782554626464,1,results/raw/tier_e_core4_hgb_mlp_timed_cse_cic_ids2018/CSE-CIC-IDS2018_cse_cic_ids2018_friday_holdout_sample_mlp_sklearn_a1_constrained_feature_9.csv,nan
605,threat_evaluation,CSE-CIC-IDS2018,cse_cic_ids2018_friday_holdout_sample,9,mlp_sklearn,a1_constrained_score_search,2026-06-12T11:14:41.666893+00:00,2026-06-12T11:14:41.948770+00:00,0.281876802444458,5000,nan,nan
606,result_writing,CSE-CIC-IDS2018,cse_cic_ids2018_friday_holdout_sample,9,mlp_sklearn,a1_constrained_score_search,2026-06-12T11:14:41.948941+00:00,2026-06-12T11:14:41.952201+00:00,0.0032601356506347,1,results/raw/tier_e_core4_hgb_mlp_timed_cse_cic_ids2018/CSE-CIC-IDS2018_cse_cic_ids2018_friday_holdout_sample_mlp_sklearn_a1_constrained_score_search_9.csv,nan
607,threat_evaluation,CSE-CIC-IDS2018,cse_cic_ids2018_friday_holdout_sample,9,mlp_sklearn,a4_split_shift,2026-06-12T11:14:41.952246+00:00,2026-06-12T11:14:41.963148+00:00,0.0109026432037353,5000,nan,nan
608,result_writing,CSE-CIC-IDS2018,cse_cic_ids2018_friday_holdout_sample,9,mlp_sklearn,a4_split_shift,2026-06-12T11:14:41.963302+00:00,2026-06-12T11:14:41.966526+00:00,0.0032243728637695,1,results/raw/tier_e_core4_hgb_mlp_timed_cse_cic_ids2018/CSE-CIC-IDS2018_cse_cic_ids2018_friday_holdout_sample_mlp_sklearn_a4_split_shift_9.csv,nan
609,split_construction,CSE-CIC-IDS2018,cse_cic_ids2018_friday_holdout_sample,9,random_forest,nan,2026-06-12T11:14:41.966612+00:00,2026-06-12T11:14:42.023944+00:00,0.0573322772979736,20000,nan,nan
610,preprocessing,CSE-CIC-IDS2018,cse_cic_ids2018_friday_holdout_sample,9,random_forest,nan,2026-06-12T11:14:42.024066+00:00,2026-06-12T11:14:44.302839+00:00,2.278772592544556,20000,nan,nan
611,model_training,CSE-CIC-IDS2018,cse_cic_ids2018_friday_holdout_sample,9,random_forest,nan,2026-06-12T11:14:44.303007+00:00,2026-06-12T11:14:46.171125+00:00,1.868118524551392,20000,nan,nan
612,clean_profile,CSE-CIC-IDS2018,cse_cic_ids2018_friday_holdout_sample,9,random_forest,nan,2026-06-12T11:14:46.171207+00:00,2026-06-12T11:14:46.307454+00:00,0.136246919631958,20000,nan,nan
613,threat_evaluation,CSE-CIC-IDS2018,cse_cic_ids2018_friday_holdout_sample,9,random_forest,a0_clean,2026-06-12T11:14:46.320103+00:00,2026-06-12T11:14:46.368009+00:00,0.0479054450988769,5000,nan,nan
614,result_writing,CSE-CIC-IDS2018,cse_cic_ids2018_friday_holdout_sample,9,random_forest,a0_clean,2026-06-12T11:14:46.368171+00:00,2026-06-12T11:14:46.371457+00:00,0.0032858848571777,1,results/raw/tier_e_core4_hgb_mlp_timed_cse_cic_ids2018/CSE-CIC-IDS2018_cse_cic_ids2018_friday_holdout_sample_random_forest_a0_clean_9.csv,nan
615,threat_evaluation,CSE-CIC-IDS2018,cse_cic_ids2018_friday_holdout_sample,9,random_forest,a1_constrained_feature,2026-06-12T11:14:46.371498+00:00,2026-06-12T11:14:46.476321+00:00,0.1048228740692138,5000,nan,nan
616,result_writing,CSE-CIC-IDS2018,cse_cic_ids2018_friday_holdout_sample,9,random_forest,a1_constrained_feature,2026-06-12T11:14:46.476491+00:00,2026-06-12T11:14:46.479702+00:00,0.0032107830047607,1,results/raw/tier_e_core4_hgb_mlp_timed_cse_cic_ids2018/CSE-CIC-IDS2018_cse_cic_ids2018_friday_holdout_sample_random_forest_a1_constrained_feature_9.csv,nan
617,threat_evaluation,CSE-CIC-IDS2018,cse_cic_ids2018_friday_holdout_sample,9,random_forest,a1_constrained_score_search,2026-06-12T11:14:46.479774+00:00,2026-06-12T11:14:46.838599+00:00,0.3588247299194336,5000,nan,nan
618,result_writing,CSE-CIC-IDS2018,cse_cic_ids2018_friday_holdout_sample,9,random_forest,a1_constrained_score_search,2026-06-12T11:14:46.838768+00:00,2026-06-12T11:14:46.842081+00:00,0.0033121109008789,1,results/raw/tier_e_core4_hgb_mlp_timed_cse_cic_ids2018/CSE-CIC-IDS2018_cse_cic_ids2018_friday_holdout_sample_random_forest_a1_constrained_score_search_9.csv,nan
619,threat_evaluation,CSE-CIC-IDS2018,cse_cic_ids2018_friday_holdout_sample,9,random_forest,a4_split_shift,2026-06-12T11:14:46.842126+00:00,2026-06-12T11:14:46.889216+00:00,0.0470895767211914,5000,nan,nan
620,result_writing,CSE-CIC-IDS2018,cse_cic_ids2018_friday_holdout_sample,9,random_forest,a4_split_shift,2026-06-12T11:14:46.889370+00:00,2026-06-12T11:14:46.892608+00:00,0.0032382011413574,1,results/raw/tier_e_core4_hgb_mlp_timed_cse_cic_ids2018/CSE-CIC-IDS2018_cse_cic_ids2018_friday_holdout_sample_random_forest_a4_split_shift_9.csv,nan
1,dataset_load,CICIDS2017,cicids2017_random_control_sample,0,nan,nan,2026-06-12T11:14:59.747044+00:00,2026-06-12T11:15:06.029224+00:00,6.282179832458496,240000,nan,nan
2,preprocess_manifest,CICIDS2017,cicids2017_random_control_sample,0,nan,nan,2026-06-12T11:15:06.029389+00:00,2026-06-12T11:15:08.696074+00:00,2.666684865951538,240000,nan,nan
3,split_construction,CICIDS2017,cicids2017_random_control_sample,0,extra_trees,nan,2026-06-12T11:15:08.696242+00:00,2026-06-12T11:15:09.053782+00:00,0.3575403690338135,240000,nan,nan
4,preprocessing,CICIDS2017,cicids2017_random_control_sample,0,extra_trees,nan,2026-06-12T11:15:09.053908+00:00,2026-06-12T11:15:11.655062+00:00,2.60115385055542,240000,nan,nan
5,model_training,CICIDS2017,cicids2017_random_control_sample,0,extra_trees,nan,2026-06-12T11:15:11.655265+00:00,2026-06-12T11:15:25.458398+00:00,13.803133010864258,240000,nan,nan
6,clean_profile,CICIDS2017,cicids2017_random_control_sample,0,extra_trees,nan,2026-06-12T11:15:25.458488+00:00,2026-06-12T11:15:26.834027+00:00,1.3755393028259275,240000,nan,nan
7,threat_evaluation,CICIDS2017,cicids2017_random_control_sample,0,extra_trees,a0_clean,2026-06-12T11:15:26.836845+00:00,2026-06-12T11:15:27.300999+00:00,0.4641540050506592,72000,nan,nan
8,result_writing,CICIDS2017,cicids2017_random_control_sample,0,extra_trees,a0_clean,2026-06-12T11:15:27.301194+00:00,2026-06-12T11:15:27.306343+00:00,0.0051488876342773,1,results/raw/tier_e_random_control_hgb_mlp_timed_cicids2017/CICIDS2017_cicids2017_random_control_sample_extra_trees_a0_clean_0.csv,nan
9,split_construction,CICIDS2017,cicids2017_random_control_sample,0,hist_gradient_boosting,nan,2026-06-12T11:15:27.306432+00:00,2026-06-12T11:15:27.673494+00:00,0.3670620918273926,240000,nan,nan
10,preprocessing,CICIDS2017,cicids2017_random_control_sample,0,hist_gradient_boosting,nan,2026-06-12T11:15:27.673612+00:00,2026-06-12T11:15:30.422175+00:00,2.7485623359680176,240000,nan,nan
11,model_training,CICIDS2017,cicids2017_random_control_sample,0,hist_gradient_boosting,nan,2026-06-12T11:15:30.422349+00:00,2026-06-12T11:15:34.147319+00:00,3.7249696254730233,240000,nan,nan
12,clean_profile,CICIDS2017,cicids2017_random_control_sample,0,hist_gradient_boosting,nan,2026-06-12T11:15:34.147411+00:00,2026-06-12T11:15:34.391928+00:00,0.244516372680664,240000,nan,nan
13,threat_evaluation,CICIDS2017,cicids2017_random_control_sample,0,hist_gradient_boosting,a0_clean,2026-06-12T11:15:34.395527+00:00,2026-06-12T11:15:34.503081+00:00,0.1075541973114013,72000,nan,nan
14,result_writing,CICIDS2017,cicids2017_random_control_sample,0,hist_gradient_boosting,a0_clean,2026-06-12T11:15:34.503267+00:00,2026-06-12T11:15:34.506736+00:00,0.0034694671630859,1,results/raw/tier_e_random_control_hgb_mlp_timed_cicids2017/CICIDS2017_cicids2017_random_control_sample_hist_gradient_boosting_a0_clean_0.csv,nan
15,split_construction,CICIDS2017,cicids2017_random_control_sample,0,logistic_regression,nan,2026-06-12T11:15:34.506815+00:00,2026-06-12T11:15:34.863202+00:00,0.3563876152038574,240000,nan,nan
16,preprocessing,CICIDS2017,cicids2017_random_control_sample,0,logistic_regression,nan,2026-06-12T11:15:34.863325+00:00,2026-06-12T11:15:37.678419+00:00,2.815094470977783,240000,nan,nan
17,model_training,CICIDS2017,cicids2017_random_control_sample,0,logistic_regression,nan,2026-06-12T11:15:37.678565+00:00,2026-06-12T11:15:52.173971+00:00,14.49540638923645,240000,nan,nan
18,clean_profile,CICIDS2017,cicids2017_random_control_sample,0,logistic_regression,nan,2026-06-12T11:15:52.174050+00:00,2026-06-12T11:15:52.216779+00:00,0.0427289009094238,240000,nan,nan
19,threat_evaluation,CICIDS2017,cicids2017_random_control_sample,0,logistic_regression,a0_clean,2026-06-12T11:15:52.220744+00:00,2026-06-12T11:15:52.242845+00:00,0.0221004486083984,72000,nan,nan
20,result_writing,CICIDS2017,cicids2017_random_control_sample,0,logistic_regression,a0_clean,2026-06-12T11:15:52.243023+00:00,2026-06-12T11:15:52.246636+00:00,0.0036127567291259,1,results/raw/tier_e_random_control_hgb_mlp_timed_cicids2017/CICIDS2017_cicids2017_random_control_sample_logistic_regression_a0_clean_0.csv,nan
21,split_construction,CICIDS2017,cicids2017_random_control_sample,0,mlp_sklearn,nan,2026-06-12T11:15:52.246716+00:00,2026-06-12T11:15:52.610241+00:00,0.3635249137878418,240000,nan,nan
22,preprocessing,CICIDS2017,cicids2017_random_control_sample,0,mlp_sklearn,nan,2026-06-12T11:15:52.610358+00:00,2026-06-12T11:15:55.314108+00:00,2.7037501335144043,240000,nan,nan
23,model_training,CICIDS2017,cicids2017_random_control_sample,0,mlp_sklearn,nan,2026-06-12T11:15:55.314282+00:00,2026-06-12T11:16:15.797723+00:00,20.48344087600708,240000,nan,nan
24,clean_profile,CICIDS2017,cicids2017_random_control_sample,0,mlp_sklearn,nan,2026-06-12T11:16:15.797800+00:00,2026-06-12T11:16:15.909136+00:00,0.1113359928131103,240000,nan,nan
25,threat_evaluation,CICIDS2017,cicids2017_random_control_sample,0,mlp_sklearn,a0_clean,2026-06-12T11:16:15.912716+00:00,2026-06-12T11:16:15.958338+00:00,0.0456218719482421,72000,nan,nan
26,result_writing,CICIDS2017,cicids2017_random_control_sample,0,mlp_sklearn,a0_clean,2026-06-12T11:16:15.958521+00:00,2026-06-12T11:16:15.962023+00:00,0.0035018920898437,1,results/raw/tier_e_random_control_hgb_mlp_timed_cicids2017/CICIDS2017_cicids2017_random_control_sample_mlp_sklearn_a0_clean_0.csv,nan
27,split_construction,CICIDS2017,cicids2017_random_control_sample,0,random_forest,nan,2026-06-12T11:16:15.962110+00:00,2026-06-12T11:16:16.324737+00:00,0.3626270294189453,240000,nan,nan
28,preprocessing,CICIDS2017,cicids2017_random_control_sample,0,random_forest,nan,2026-06-12T11:16:16.324852+00:00,2026-06-12T11:16:19.045698+00:00,2.720846176147461,240000,nan,nan
29,model_training,CICIDS2017,cicids2017_random_control_sample,0,random_forest,nan,2026-06-12T11:16:19.045893+00:00,2026-06-12T11:16:40.164696+00:00,21.11880350112915,240000,nan,nan
30,clean_profile,CICIDS2017,cicids2017_random_control_sample,0,random_forest,nan,2026-06-12T11:16:40.164781+00:00,2026-06-12T11:16:41.198044+00:00,1.0332624912261963,240000,nan,nan
31,threat_evaluation,CICIDS2017,cicids2017_random_control_sample,0,random_forest,a0_clean,2026-06-12T11:16:41.201680+00:00,2026-06-12T11:16:41.531302+00:00,0.329622745513916,72000,nan,nan
32,result_writing,CICIDS2017,cicids2017_random_control_sample,0,random_forest,a0_clean,2026-06-12T11:16:41.531487+00:00,2026-06-12T11:16:41.534961+00:00,0.0034737586975097,1,results/raw/tier_e_random_control_hgb_mlp_timed_cicids2017/CICIDS2017_cicids2017_random_control_sample_random_forest_a0_clean_0.csv,nan
33,dataset_load,CICIDS2017,cicids2017_random_control_sample,1,nan,nan,2026-06-12T11:16:41.535012+00:00,2026-06-12T11:16:47.472135+00:00,5.937123775482178,240000,nan,nan
34,preprocess_manifest,CICIDS2017,cicids2017_random_control_sample,1,nan,nan,2026-06-12T11:16:47.472270+00:00,2026-06-12T11:16:50.104842+00:00,2.632572889328003,240000,nan,nan
35,split_construction,CICIDS2017,cicids2017_random_control_sample,1,extra_trees,nan,2026-06-12T11:16:50.105007+00:00,2026-06-12T11:16:50.463267+00:00,0.358259916305542,240000,nan,nan
36,preprocessing,CICIDS2017,cicids2017_random_control_sample,1,extra_trees,nan,2026-06-12T11:16:50.463383+00:00,2026-06-12T11:16:53.027048+00:00,2.5636653900146484,240000,nan,nan
37,model_training,CICIDS2017,cicids2017_random_control_sample,1,extra_trees,nan,2026-06-12T11:16:53.027239+00:00,2026-06-12T11:17:06.725322+00:00,13.69808316230774,240000,nan,nan
38,clean_profile,CICIDS2017,cicids2017_random_control_sample,1,extra_trees,nan,2026-06-12T11:17:06.725414+00:00,2026-06-12T11:17:08.081240+00:00,1.3558266162872314,240000,nan,nan
39,threat_evaluation,CICIDS2017,cicids2017_random_control_sample,1,extra_trees,a0_clean,2026-06-12T11:17:08.084861+00:00,2026-06-12T11:17:08.542873+00:00,0.4580113887786865,72000,nan,nan
40,result_writing,CICIDS2017,cicids2017_random_control_sample,1,extra_trees,a0_clean,2026-06-12T11:17:08.543064+00:00,2026-06-12T11:17:08.546608+00:00,0.0035445690155029,1,results/raw/tier_e_random_control_hgb_mlp_timed_cicids2017/CICIDS2017_cicids2017_random_control_sample_extra_trees_a0_clean_1.csv,nan
41,split_construction,CICIDS2017,cicids2017_random_control_sample,1,hist_gradient_boosting,nan,2026-06-12T11:17:08.546696+00:00,2026-06-12T11:17:08.905572+00:00,0.3588752746582031,240000,nan,nan
42,preprocessing,CICIDS2017,cicids2017_random_control_sample,1,hist_gradient_boosting,nan,2026-06-12T11:17:08.905688+00:00,2026-06-12T11:17:11.514265+00:00,2.608576774597168,240000,nan,nan
43,model_training,CICIDS2017,cicids2017_random_control_sample,1,hist_gradient_boosting,nan,2026-06-12T11:17:11.514430+00:00,2026-06-12T11:17:15.051385+00:00,3.5369553565979004,240000,nan,nan
44,clean_profile,CICIDS2017,cicids2017_random_control_sample,1,hist_gradient_boosting,nan,2026-06-12T11:17:15.051480+00:00,2026-06-12T11:17:15.289831+00:00,0.2383506298065185,240000,nan,nan
45,threat_evaluation,CICIDS2017,cicids2017_random_control_sample,1,hist_gradient_boosting,a0_clean,2026-06-12T11:17:15.292936+00:00,2026-06-12T11:17:15.378458+00:00,0.0855214595794677,72000,nan,nan
46,result_writing,CICIDS2017,cicids2017_random_control_sample,1,hist_gradient_boosting,a0_clean,2026-06-12T11:17:15.378647+00:00,2026-06-12T11:17:15.382113+00:00,0.0034661293029785,1,results/raw/tier_e_random_control_hgb_mlp_timed_cicids2017/CICIDS2017_cicids2017_random_control_sample_hist_gradient_boosting_a0_clean_1.csv,nan
47,split_construction,CICIDS2017,cicids2017_random_control_sample,1,logistic_regression,nan,2026-06-12T11:17:15.382190+00:00,2026-06-12T11:17:15.739383+00:00,0.3571932315826416,240000,nan,nan
48,preprocessing,CICIDS2017,cicids2017_random_control_sample,1,logistic_regression,nan,2026-06-12T11:17:15.739506+00:00,2026-06-12T11:17:18.337246+00:00,2.597739219665528,240000,nan,nan
49,model_training,CICIDS2017,cicids2017_random_control_sample,1,logistic_regression,nan,2026-06-12T11:17:18.337384+00:00,2026-06-12T11:17:39.253523+00:00,20.916139602661133,240000,nan,nan
50,clean_profile,CICIDS2017,cicids2017_random_control_sample,1,logistic_regression,nan,2026-06-12T11:17:39.253597+00:00,2026-06-12T11:17:39.296260+00:00,0.0426626205444335,240000,nan,nan
51,threat_evaluation,CICIDS2017,cicids2017_random_control_sample,1,logistic_regression,a0_clean,2026-06-12T11:17:39.300646+00:00,2026-06-12T11:17:39.322754+00:00,0.0221085548400878,72000,nan,nan
52,result_writing,CICIDS2017,cicids2017_random_control_sample,1,logistic_regression,a0_clean,2026-06-12T11:17:39.322942+00:00,2026-06-12T11:17:39.326417+00:00,0.0034756660461425,1,results/raw/tier_e_random_control_hgb_mlp_timed_cicids2017/CICIDS2017_cicids2017_random_control_sample_logistic_regression_a0_clean_1.csv,nan
53,split_construction,CICIDS2017,cicids2017_random_control_sample,1,mlp_sklearn,nan,2026-06-12T11:17:39.326498+00:00,2026-06-12T11:17:39.686110+00:00,0.359612226486206,240000,nan,nan
54,preprocessing,CICIDS2017,cicids2017_random_control_sample,1,mlp_sklearn,nan,2026-06-12T11:17:39.686231+00:00,2026-06-12T11:17:42.285694+00:00,2.599462985992432,240000,nan,nan
55,model_training,CICIDS2017,cicids2017_random_control_sample,1,mlp_sklearn,nan,2026-06-12T11:17:42.285858+00:00,2026-06-12T11:17:53.804727+00:00,11.518869161605837,240000,nan,nan
56,clean_profile,CICIDS2017,cicids2017_random_control_sample,1,mlp_sklearn,nan,2026-06-12T11:17:53.804804+00:00,2026-06-12T11:17:53.915599+00:00,0.1107947826385498,240000,nan,nan
57,threat_evaluation,CICIDS2017,cicids2017_random_control_sample,1,mlp_sklearn,a0_clean,2026-06-12T11:17:53.919153+00:00,2026-06-12T11:17:53.963971+00:00,0.0448174476623535,72000,nan,nan
58,result_writing,CICIDS2017,cicids2017_random_control_sample,1,mlp_sklearn,a0_clean,2026-06-12T11:17:53.964166+00:00,2026-06-12T11:17:53.967641+00:00,0.0034742355346679,1,results/raw/tier_e_random_control_hgb_mlp_timed_cicids2017/CICIDS2017_cicids2017_random_control_sample_mlp_sklearn_a0_clean_1.csv,nan
59,split_construction,CICIDS2017,cicids2017_random_control_sample,1,random_forest,nan,2026-06-12T11:17:53.967726+00:00,2026-06-12T11:17:54.328767+00:00,0.3610408306121826,240000,nan,nan
60,preprocessing,CICIDS2017,cicids2017_random_control_sample,1,random_forest,nan,2026-06-12T11:17:54.328890+00:00,2026-06-12T11:17:56.928637+00:00,2.5997474193573,240000,nan,nan
61,model_training,CICIDS2017,cicids2017_random_control_sample,1,random_forest,nan,2026-06-12T11:17:56.928824+00:00,2026-06-12T11:18:18.719066+00:00,21.790241956710812,240000,nan,nan
62,clean_profile,CICIDS2017,cicids2017_random_control_sample,1,random_forest,nan,2026-06-12T11:18:18.719153+00:00,2026-06-12T11:18:19.742807+00:00,1.0236544609069824,240000,nan,nan
63,threat_evaluation,CICIDS2017,cicids2017_random_control_sample,1,random_forest,a0_clean,2026-06-12T11:18:19.746405+00:00,2026-06-12T11:18:20.091080+00:00,0.3446745872497558,72000,nan,nan
64,result_writing,CICIDS2017,cicids2017_random_control_sample,1,random_forest,a0_clean,2026-06-12T11:18:20.091265+00:00,2026-06-12T11:18:20.094706+00:00,0.0034408569335937,1,results/raw/tier_e_random_control_hgb_mlp_timed_cicids2017/CICIDS2017_cicids2017_random_control_sample_random_forest_a0_clean_1.csv,nan
65,dataset_load,CICIDS2017,cicids2017_random_control_sample,2,nan,nan,2026-06-12T11:18:20.094757+00:00,2026-06-12T11:18:26.010820+00:00,5.916062831878662,240000,nan,nan
66,preprocess_manifest,CICIDS2017,cicids2017_random_control_sample,2,nan,nan,2026-06-12T11:18:26.010963+00:00,2026-06-12T11:18:28.666645+00:00,2.655682325363159,240000,nan,nan
67,split_construction,CICIDS2017,cicids2017_random_control_sample,2,extra_trees,nan,2026-06-12T11:18:28.666816+00:00,2026-06-12T11:18:29.024330+00:00,0.3575131893157959,240000,nan,nan
68,preprocessing,CICIDS2017,cicids2017_random_control_sample,2,extra_trees,nan,2026-06-12T11:18:29.024442+00:00,2026-06-12T11:18:31.596765+00:00,2.5723233222961426,240000,nan,nan
69,model_training,CICIDS2017,cicids2017_random_control_sample,2,extra_trees,nan,2026-06-12T11:18:31.596960+00:00,2026-06-12T11:18:45.238698+00:00,13.641738414764404,240000,nan,nan
70,clean_profile,CICIDS2017,cicids2017_random_control_sample,2,extra_trees,nan,2026-06-12T11:18:45.238787+00:00,2026-06-12T11:18:46.651139+00:00,1.4123520851135254,240000,nan,nan
71,threat_evaluation,CICIDS2017,cicids2017_random_control_sample,2,extra_trees,a0_clean,2026-06-12T11:18:46.654315+00:00,2026-06-12T11:18:47.126668+00:00,0.4723532199859619,72000,nan,nan
72,result_writing,CICIDS2017,cicids2017_random_control_sample,2,extra_trees,a0_clean,2026-06-12T11:18:47.126854+00:00,2026-06-12T11:18:47.130422+00:00,0.0035679340362548,1,results/raw/tier_e_random_control_hgb_mlp_timed_cicids2017/CICIDS2017_cicids2017_random_control_sample_extra_trees_a0_clean_2.csv,nan
73,split_construction,CICIDS2017,cicids2017_random_control_sample,2,hist_gradient_boosting,nan,2026-06-12T11:18:47.130509+00:00,2026-06-12T11:18:47.491867+00:00,0.3613574504852295,240000,nan,nan
74,preprocessing,CICIDS2017,cicids2017_random_control_sample,2,hist_gradient_boosting,nan,2026-06-12T11:18:47.491980+00:00,2026-06-12T11:18:50.153068+00:00,2.6610875129699707,240000,nan,nan
75,model_training,CICIDS2017,cicids2017_random_control_sample,2,hist_gradient_boosting,nan,2026-06-12T11:18:50.153233+00:00,2026-06-12T11:18:53.681550+00:00,3.5283164978027344,240000,nan,nan
76,clean_profile,CICIDS2017,cicids2017_random_control_sample,2,hist_gradient_boosting,nan,2026-06-12T11:18:53.681643+00:00,2026-06-12T11:18:53.915450+00:00,0.2338063716888427,240000,nan,nan
77,threat_evaluation,CICIDS2017,cicids2017_random_control_sample,2,hist_gradient_boosting,a0_clean,2026-06-12T11:18:53.919095+00:00,2026-06-12T11:18:54.002475+00:00,0.0833799839019775,72000,nan,nan
78,result_writing,CICIDS2017,cicids2017_random_control_sample,2,hist_gradient_boosting,a0_clean,2026-06-12T11:18:54.002665+00:00,2026-06-12T11:18:54.006118+00:00,0.0034534931182861,1,results/raw/tier_e_random_control_hgb_mlp_timed_cicids2017/CICIDS2017_cicids2017_random_control_sample_hist_gradient_boosting_a0_clean_2.csv,nan
79,split_construction,CICIDS2017,cicids2017_random_control_sample,2,logistic_regression,nan,2026-06-12T11:18:54.006199+00:00,2026-06-12T11:18:54.363067+00:00,0.3568682670593261,240000,nan,nan
80,preprocessing,CICIDS2017,cicids2017_random_control_sample,2,logistic_regression,nan,2026-06-12T11:18:54.363188+00:00,2026-06-12T11:18:57.010576+00:00,2.647387742996216,240000,nan,nan
81,model_training,CICIDS2017,cicids2017_random_control_sample,2,logistic_regression,nan,2026-06-12T11:18:57.010715+00:00,2026-06-12T11:19:12.892342+00:00,15.881627798080444,240000,nan,nan
82,clean_profile,CICIDS2017,cicids2017_random_control_sample,2,logistic_regression,nan,2026-06-12T11:19:12.892416+00:00,2026-06-12T11:19:12.937426+00:00,0.0450096130371093,240000,nan,nan
83,threat_evaluation,CICIDS2017,cicids2017_random_control_sample,2,logistic_regression,a0_clean,2026-06-12T11:19:12.941393+00:00,2026-06-12T11:19:12.963585+00:00,0.0221920013427734,72000,nan,nan
84,result_writing,CICIDS2017,cicids2017_random_control_sample,2,logistic_regression,a0_clean,2026-06-12T11:19:12.963799+00:00,2026-06-12T11:19:12.967259+00:00,0.0034596920013427,1,results/raw/tier_e_random_control_hgb_mlp_timed_cicids2017/CICIDS2017_cicids2017_random_control_sample_logistic_regression_a0_clean_2.csv,nan
85,split_construction,CICIDS2017,cicids2017_random_control_sample,2,mlp_sklearn,nan,2026-06-12T11:19:12.967352+00:00,2026-06-12T11:19:13.328557+00:00,0.3612051010131836,240000,nan,nan
86,preprocessing,CICIDS2017,cicids2017_random_control_sample,2,mlp_sklearn,nan,2026-06-12T11:19:13.328677+00:00,2026-06-12T11:19:15.898757+00:00,2.570080518722534,240000,nan,nan
87,model_training,CICIDS2017,cicids2017_random_control_sample,2,mlp_sklearn,nan,2026-06-12T11:19:15.898922+00:00,2026-06-12T11:19:31.321329+00:00,15.422407150268556,240000,nan,nan
88,clean_profile,CICIDS2017,cicids2017_random_control_sample,2,mlp_sklearn,nan,2026-06-12T11:19:31.321403+00:00,2026-06-12T11:19:31.431210+00:00,0.109807014465332,240000,nan,nan
89,threat_evaluation,CICIDS2017,cicids2017_random_control_sample,2,mlp_sklearn,a0_clean,2026-06-12T11:19:31.434322+00:00,2026-06-12T11:19:31.479340+00:00,0.0450184345245361,72000,nan,nan
90,result_writing,CICIDS2017,cicids2017_random_control_sample,2,mlp_sklearn,a0_clean,2026-06-12T11:19:31.479538+00:00,2026-06-12T11:19:31.483110+00:00,0.0035719871520996,1,results/raw/tier_e_random_control_hgb_mlp_timed_cicids2017/CICIDS2017_cicids2017_random_control_sample_mlp_sklearn_a0_clean_2.csv,nan
91,split_construction,CICIDS2017,cicids2017_random_control_sample,2,random_forest,nan,2026-06-12T11:19:31.483196+00:00,2026-06-12T11:19:31.843610+00:00,0.3604137897491455,240000,nan,nan
92,preprocessing,CICIDS2017,cicids2017_random_control_sample,2,random_forest,nan,2026-06-12T11:19:31.843732+00:00,2026-06-12T11:19:34.459223+00:00,2.6154909133911133,240000,nan,nan
93,model_training,CICIDS2017,cicids2017_random_control_sample,2,random_forest,nan,2026-06-12T11:19:34.459409+00:00,2026-06-12T11:19:56.180287+00:00,21.72087812423706,240000,nan,nan
94,clean_profile,CICIDS2017,cicids2017_random_control_sample,2,random_forest,nan,2026-06-12T11:19:56.180389+00:00,2026-06-12T11:19:57.172927+00:00,0.9925382137298584,240000,nan,nan
95,threat_evaluation,CICIDS2017,cicids2017_random_control_sample,2,random_forest,a0_clean,2026-06-12T11:19:57.176547+00:00,2026-06-12T11:19:57.509610+00:00,0.3330626487731933,72000,nan,nan
96,result_writing,CICIDS2017,cicids2017_random_control_sample,2,random_forest,a0_clean,2026-06-12T11:19:57.509797+00:00,2026-06-12T11:19:57.513236+00:00,0.0034389495849609,1,results/raw/tier_e_random_control_hgb_mlp_timed_cicids2017/CICIDS2017_cicids2017_random_control_sample_random_forest_a0_clean_2.csv,nan
97,dataset_load,CICIDS2017,cicids2017_random_control_sample,3,nan,nan,2026-06-12T11:19:57.513287+00:00,2026-06-12T11:20:03.353462+00:00,5.840174674987793,240000,nan,nan
98,preprocess_manifest,CICIDS2017,cicids2017_random_control_sample,3,nan,nan,2026-06-12T11:20:03.353602+00:00,2026-06-12T11:20:06.055296+00:00,2.7016947269439697,240000,nan,nan
99,split_construction,CICIDS2017,cicids2017_random_control_sample,3,extra_trees,nan,2026-06-12T11:20:06.055471+00:00,2026-06-12T11:20:06.412751+00:00,0.3572800159454345,240000,nan,nan
100,preprocessing,CICIDS2017,cicids2017_random_control_sample,3,extra_trees,nan,2026-06-12T11:20:06.412879+00:00,2026-06-12T11:20:09.043837+00:00,2.6309573650360107,240000,nan,nan
101,model_training,CICIDS2017,cicids2017_random_control_sample,3,extra_trees,nan,2026-06-12T11:20:09.044027+00:00,2026-06-12T11:20:22.406802+00:00,13.362775087356567,240000,nan,nan
102,clean_profile,CICIDS2017,cicids2017_random_control_sample,3,extra_trees,nan,2026-06-12T11:20:22.406893+00:00,2026-06-12T11:20:23.742764+00:00,1.3358712196350098,240000,nan,nan
103,threat_evaluation,CICIDS2017,cicids2017_random_control_sample,3,extra_trees,a0_clean,2026-06-12T11:20:23.746531+00:00,2026-06-12T11:20:24.200646+00:00,0.4541151523590088,72000,nan,nan
104,result_writing,CICIDS2017,cicids2017_random_control_sample,3,extra_trees,a0_clean,2026-06-12T11:20:24.200817+00:00,2026-06-12T11:20:24.204355+00:00,0.0035383701324462,1,results/raw/tier_e_random_control_hgb_mlp_timed_cicids2017/CICIDS2017_cicids2017_random_control_sample_extra_trees_a0_clean_3.csv,nan
105,split_construction,CICIDS2017,cicids2017_random_control_sample,3,hist_gradient_boosting,nan,2026-06-12T11:20:24.204443+00:00,2026-06-12T11:20:24.567445+00:00,0.363002061843872,240000,nan,nan
106,preprocessing,CICIDS2017,cicids2017_random_control_sample,3,hist_gradient_boosting,nan,2026-06-12T11:20:24.567565+00:00,2026-06-12T11:20:27.170527+00:00,2.602962017059326,240000,nan,nan
107,model_training,CICIDS2017,cicids2017_random_control_sample,3,hist_gradient_boosting,nan,2026-06-12T11:20:27.170700+00:00,2026-06-12T11:20:30.707108+00:00,3.536407709121704,240000,nan,nan
108,clean_profile,CICIDS2017,cicids2017_random_control_sample,3,hist_gradient_boosting,nan,2026-06-12T11:20:30.707198+00:00,2026-06-12T11:20:30.943993+00:00,0.2367944717407226,240000,nan,nan
109,threat_evaluation,CICIDS2017,cicids2017_random_control_sample,3,hist_gradient_boosting,a0_clean,2026-06-12T11:20:30.947862+00:00,2026-06-12T11:20:31.034893+00:00,0.0870311260223388,72000,nan,nan
110,result_writing,CICIDS2017,cicids2017_random_control_sample,3,hist_gradient_boosting,a0_clean,2026-06-12T11:20:31.035070+00:00,2026-06-12T11:20:31.038523+00:00,0.0034525394439697,1,results/raw/tier_e_random_control_hgb_mlp_timed_cicids2017/CICIDS2017_cicids2017_random_control_sample_hist_gradient_boosting_a0_clean_3.csv,nan
111,split_construction,CICIDS2017,cicids2017_random_control_sample,3,logistic_regression,nan,2026-06-12T11:20:31.038603+00:00,2026-06-12T11:20:31.394364+00:00,0.3557617664337158,240000,nan,nan
112,preprocessing,CICIDS2017,cicids2017_random_control_sample,3,logistic_regression,nan,2026-06-12T11:20:31.394491+00:00,2026-06-12T11:20:34.108082+00:00,2.7135908603668213,240000,nan,nan
113,model_training,CICIDS2017,cicids2017_random_control_sample,3,logistic_regression,nan,2026-06-12T11:20:34.108223+00:00,2026-06-12T11:20:53.045757+00:00,18.93753409385681,240000,nan,nan
114,clean_profile,CICIDS2017,cicids2017_random_control_sample,3,logistic_regression,nan,2026-06-12T11:20:53.045838+00:00,2026-06-12T11:20:53.096727+00:00,0.0508890151977539,240000,nan,nan
115,threat_evaluation,CICIDS2017,cicids2017_random_control_sample,3,logistic_regression,a0_clean,2026-06-12T11:20:53.100888+00:00,2026-06-12T11:20:53.123525+00:00,0.0226376056671142,72000,nan,nan
116,result_writing,CICIDS2017,cicids2017_random_control_sample,3,logistic_regression,a0_clean,2026-06-12T11:20:53.123695+00:00,2026-06-12T11:20:53.127282+00:00,0.0035874843597412,1,results/raw/tier_e_random_control_hgb_mlp_timed_cicids2017/CICIDS2017_cicids2017_random_control_sample_logistic_regression_a0_clean_3.csv,nan
117,split_construction,CICIDS2017,cicids2017_random_control_sample,3,mlp_sklearn,nan,2026-06-12T11:20:53.127365+00:00,2026-06-12T11:20:53.492968+00:00,0.3656032085418701,240000,nan,nan
118,preprocessing,CICIDS2017,cicids2017_random_control_sample,3,mlp_sklearn,nan,2026-06-12T11:20:53.493090+00:00,2026-06-12T11:20:56.172522+00:00,2.6794323921203613,240000,nan,nan
119,model_training,CICIDS2017,cicids2017_random_control_sample,3,mlp_sklearn,nan,2026-06-12T11:20:56.172685+00:00,2026-06-12T11:21:14.391112+00:00,18.218427181243896,240000,nan,nan
120,clean_profile,CICIDS2017,cicids2017_random_control_sample,3,mlp_sklearn,nan,2026-06-12T11:21:14.391186+00:00,2026-06-12T11:21:14.502591+00:00,0.1114053726196289,240000,nan,nan
121,threat_evaluation,CICIDS2017,cicids2017_random_control_sample,3,mlp_sklearn,a0_clean,2026-06-12T11:21:14.506240+00:00,2026-06-12T11:21:14.551667+00:00,0.0454273223876953,72000,nan,nan
122,result_writing,CICIDS2017,cicids2017_random_control_sample,3,mlp_sklearn,a0_clean,2026-06-12T11:21:14.551867+00:00,2026-06-12T11:21:14.555361+00:00,0.003493309020996,1,results/raw/tier_e_random_control_hgb_mlp_timed_cicids2017/CICIDS2017_cicids2017_random_control_sample_mlp_sklearn_a0_clean_3.csv,nan
123,split_construction,CICIDS2017,cicids2017_random_control_sample,3,random_forest,nan,2026-06-12T11:21:14.555446+00:00,2026-06-12T11:21:14.922143+00:00,0.3666970729827881,240000,nan,nan
124,preprocessing,CICIDS2017,cicids2017_random_control_sample,3,random_forest,nan,2026-06-12T11:21:14.922266+00:00,2026-06-12T11:21:17.584480+00:00,2.6622133255004883,240000,nan,nan
125,model_training,CICIDS2017,cicids2017_random_control_sample,3,random_forest,nan,2026-06-12T11:21:17.584664+00:00,2026-06-12T11:21:37.497018+00:00,19.91235399246216,240000,nan,nan
126,clean_profile,CICIDS2017,cicids2017_random_control_sample,3,random_forest,nan,2026-06-12T11:21:37.497102+00:00,2026-06-12T11:21:38.482726+00:00,0.9856235980987548,240000,nan,nan
127,threat_evaluation,CICIDS2017,cicids2017_random_control_sample,3,random_forest,a0_clean,2026-06-12T11:21:38.486424+00:00,2026-06-12T11:21:38.821000+00:00,0.3345761299133301,72000,nan,nan
128,result_writing,CICIDS2017,cicids2017_random_control_sample,3,random_forest,a0_clean,2026-06-12T11:21:38.821166+00:00,2026-06-12T11:21:38.824670+00:00,0.0035037994384765,1,results/raw/tier_e_random_control_hgb_mlp_timed_cicids2017/CICIDS2017_cicids2017_random_control_sample_random_forest_a0_clean_3.csv,nan
129,dataset_load,CICIDS2017,cicids2017_random_control_sample,4,nan,nan,2026-06-12T11:21:38.824720+00:00,2026-06-12T11:21:44.656903+00:00,5.83218240737915,240000,nan,nan
130,preprocess_manifest,CICIDS2017,cicids2017_random_control_sample,4,nan,nan,2026-06-12T11:21:44.657085+00:00,2026-06-12T11:21:47.286491+00:00,2.629406213760376,240000,nan,nan
131,split_construction,CICIDS2017,cicids2017_random_control_sample,4,extra_trees,nan,2026-06-12T11:21:47.286663+00:00,2026-06-12T11:21:47.642173+00:00,0.3555107116699219,240000,nan,nan
132,preprocessing,CICIDS2017,cicids2017_random_control_sample,4,extra_trees,nan,2026-06-12T11:21:47.642297+00:00,2026-06-12T11:21:50.204608+00:00,2.5623106956481934,240000,nan,nan
133,model_training,CICIDS2017,cicids2017_random_control_sample,4,extra_trees,nan,2026-06-12T11:21:50.204796+00:00,2026-06-12T11:22:03.650642+00:00,13.445846557617188,240000,nan,nan
134,clean_profile,CICIDS2017,cicids2017_random_control_sample,4,extra_trees,nan,2026-06-12T11:22:03.650731+00:00,2026-06-12T11:22:05.034857+00:00,1.3841259479522705,240000,nan,nan
135,threat_evaluation,CICIDS2017,cicids2017_random_control_sample,4,extra_trees,a0_clean,2026-06-12T11:22:05.038639+00:00,2026-06-12T11:22:05.506731+00:00,0.4680914878845215,72000,nan,nan
136,result_writing,CICIDS2017,cicids2017_random_control_sample,4,extra_trees,a0_clean,2026-06-12T11:22:05.506904+00:00,2026-06-12T11:22:05.510439+00:00,0.0035352706909179,1,results/raw/tier_e_random_control_hgb_mlp_timed_cicids2017/CICIDS2017_cicids2017_random_control_sample_extra_trees_a0_clean_4.csv,nan
137,split_construction,CICIDS2017,cicids2017_random_control_sample,4,hist_gradient_boosting,nan,2026-06-12T11:22:05.510525+00:00,2026-06-12T11:22:05.869605+00:00,0.3590795993804931,240000,nan,nan
138,preprocessing,CICIDS2017,cicids2017_random_control_sample,4,hist_gradient_boosting,nan,2026-06-12T11:22:05.869722+00:00,2026-06-12T11:22:08.427181+00:00,2.557458877563477,240000,nan,nan
139,model_training,CICIDS2017,cicids2017_random_control_sample,4,hist_gradient_boosting,nan,2026-06-12T11:22:08.427345+00:00,2026-06-12T11:22:12.114737+00:00,3.687392473220825,240000,nan,nan
140,clean_profile,CICIDS2017,cicids2017_random_control_sample,4,hist_gradient_boosting,nan,2026-06-12T11:22:12.114832+00:00,2026-06-12T11:22:12.348981+00:00,0.2341487407684326,240000,nan,nan
141,threat_evaluation,CICIDS2017,cicids2017_random_control_sample,4,hist_gradient_boosting,a0_clean,2026-06-12T11:22:12.352837+00:00,2026-06-12T11:22:12.435820+00:00,0.0829823017120361,72000,nan,nan
142,result_writing,CICIDS2017,cicids2017_random_control_sample,4,hist_gradient_boosting,a0_clean,2026-06-12T11:22:12.435991+00:00,2026-06-12T11:22:12.439413+00:00,0.0034224987030029,1,results/raw/tier_e_random_control_hgb_mlp_timed_cicids2017/CICIDS2017_cicids2017_random_control_sample_hist_gradient_boosting_a0_clean_4.csv,nan
143,split_construction,CICIDS2017,cicids2017_random_control_sample,4,logistic_regression,nan,2026-06-12T11:22:12.439492+00:00,2026-06-12T11:22:12.795477+00:00,0.3559854030609131,240000,nan,nan
144,preprocessing,CICIDS2017,cicids2017_random_control_sample,4,logistic_regression,nan,2026-06-12T11:22:12.795590+00:00,2026-06-12T11:22:15.377840+00:00,2.582249879837036,240000,nan,nan
145,model_training,CICIDS2017,cicids2017_random_control_sample,4,logistic_regression,nan,2026-06-12T11:22:15.377981+00:00,2026-06-12T11:22:34.361369+00:00,18.98338842391968,240000,nan,nan
146,clean_profile,CICIDS2017,cicids2017_random_control_sample,4,logistic_regression,nan,2026-06-12T11:22:34.361457+00:00,2026-06-12T11:22:34.405263+00:00,0.0438060760498046,240000,nan,nan
147,threat_evaluation,CICIDS2017,cicids2017_random_control_sample,4,logistic_regression,a0_clean,2026-06-12T11:22:34.408740+00:00,2026-06-12T11:22:34.430520+00:00,0.0217807292938232,72000,nan,nan
148,result_writing,CICIDS2017,cicids2017_random_control_sample,4,logistic_regression,a0_clean,2026-06-12T11:22:34.430691+00:00,2026-06-12T11:22:34.434205+00:00,0.003514289855957,1,results/raw/tier_e_random_control_hgb_mlp_timed_cicids2017/CICIDS2017_cicids2017_random_control_sample_logistic_regression_a0_clean_4.csv,nan
149,split_construction,CICIDS2017,cicids2017_random_control_sample,4,mlp_sklearn,nan,2026-06-12T11:22:34.434289+00:00,2026-06-12T11:22:34.794762+00:00,0.3604724407196045,240000,nan,nan
150,preprocessing,CICIDS2017,cicids2017_random_control_sample,4,mlp_sklearn,nan,2026-06-12T11:22:34.794876+00:00,2026-06-12T11:22:37.412790+00:00,2.6179141998291016,240000,nan,nan
151,model_training,CICIDS2017,cicids2017_random_control_sample,4,mlp_sklearn,nan,2026-06-12T11:22:37.412951+00:00,2026-06-12T11:22:49.979302+00:00,12.566350936889648,240000,nan,nan
152,clean_profile,CICIDS2017,cicids2017_random_control_sample,4,mlp_sklearn,nan,2026-06-12T11:22:49.979375+00:00,2026-06-12T11:22:50.089248+00:00,0.1098725795745849,240000,nan,nan
153,threat_evaluation,CICIDS2017,cicids2017_random_control_sample,4,mlp_sklearn,a0_clean,2026-06-12T11:22:50.093013+00:00,2026-06-12T11:22:50.137941+00:00,0.0449275970458984,72000,nan,nan
154,result_writing,CICIDS2017,cicids2017_random_control_sample,4,mlp_sklearn,a0_clean,2026-06-12T11:22:50.138119+00:00,2026-06-12T11:22:50.141633+00:00,0.0035133361816406,1,results/raw/tier_e_random_control_hgb_mlp_timed_cicids2017/CICIDS2017_cicids2017_random_control_sample_mlp_sklearn_a0_clean_4.csv,nan
155,split_construction,CICIDS2017,cicids2017_random_control_sample,4,random_forest,nan,2026-06-12T11:22:50.141719+00:00,2026-06-12T11:22:50.502278+00:00,0.3605589866638183,240000,nan,nan
156,preprocessing,CICIDS2017,cicids2017_random_control_sample,4,random_forest,nan,2026-06-12T11:22:50.502395+00:00,2026-06-12T11:22:53.132781+00:00,2.630385398864746,240000,nan,nan
157,model_training,CICIDS2017,cicids2017_random_control_sample,4,random_forest,nan,2026-06-12T11:22:53.132965+00:00,2026-06-12T11:23:14.642284+00:00,21.509318590164185,240000,nan,nan
158,clean_profile,CICIDS2017,cicids2017_random_control_sample,4,random_forest,nan,2026-06-12T11:23:14.642373+00:00,2026-06-12T11:23:15.703514+00:00,1.061140537261963,240000,nan,nan
159,threat_evaluation,CICIDS2017,cicids2017_random_control_sample,4,random_forest,a0_clean,2026-06-12T11:23:15.707194+00:00,2026-06-12T11:23:16.050879+00:00,0.3436849117279053,72000,nan,nan
160,result_writing,CICIDS2017,cicids2017_random_control_sample,4,random_forest,a0_clean,2026-06-12T11:23:16.051055+00:00,2026-06-12T11:23:16.054563+00:00,0.0035080909729003,1,results/raw/tier_e_random_control_hgb_mlp_timed_cicids2017/CICIDS2017_cicids2017_random_control_sample_random_forest_a0_clean_4.csv,nan
161,dataset_load,CICIDS2017,cicids2017_random_control_sample,5,nan,nan,2026-06-12T11:23:16.054614+00:00,2026-06-12T11:23:21.868860+00:00,5.814245939254761,240000,nan,nan
162,preprocess_manifest,CICIDS2017,cicids2017_random_control_sample,5,nan,nan,2026-06-12T11:23:21.869000+00:00,2026-06-12T11:23:24.578791+00:00,2.709791421890259,240000,nan,nan
163,split_construction,CICIDS2017,cicids2017_random_control_sample,5,extra_trees,nan,2026-06-12T11:23:24.578963+00:00,2026-06-12T11:23:24.937594+00:00,0.3586311340332031,240000,nan,nan
164,preprocessing,CICIDS2017,cicids2017_random_control_sample,5,extra_trees,nan,2026-06-12T11:23:24.937716+00:00,2026-06-12T11:23:27.579774+00:00,2.6420576572418213,240000,nan,nan
165,model_training,CICIDS2017,cicids2017_random_control_sample,5,extra_trees,nan,2026-06-12T11:23:27.579965+00:00,2026-06-12T11:23:40.970433+00:00,13.390467882156372,240000,nan,nan
166,clean_profile,CICIDS2017,cicids2017_random_control_sample,5,extra_trees,nan,2026-06-12T11:23:40.970519+00:00,2026-06-12T11:23:42.309472+00:00,1.3389527797698977,240000,nan,nan
167,threat_evaluation,CICIDS2017,cicids2017_random_control_sample,5,extra_trees,a0_clean,2026-06-12T11:23:42.313332+00:00,2026-06-12T11:23:42.761280+00:00,0.4479472637176513,72000,nan,nan
168,result_writing,CICIDS2017,cicids2017_random_control_sample,5,extra_trees,a0_clean,2026-06-12T11:23:42.761453+00:00,2026-06-12T11:23:42.764908+00:00,0.0034546852111816,1,results/raw/tier_e_random_control_hgb_mlp_timed_cicids2017/CICIDS2017_cicids2017_random_control_sample_extra_trees_a0_clean_5.csv,nan
169,split_construction,CICIDS2017,cicids2017_random_control_sample,5,hist_gradient_boosting,nan,2026-06-12T11:23:42.764993+00:00,2026-06-12T11:23:43.126310+00:00,0.3613166809082031,240000,nan,nan
170,preprocessing,CICIDS2017,cicids2017_random_control_sample,5,hist_gradient_boosting,nan,2026-06-12T11:23:43.126440+00:00,2026-06-12T11:23:45.817252+00:00,2.6908118724823,240000,nan,nan
171,model_training,CICIDS2017,cicids2017_random_control_sample,5,hist_gradient_boosting,nan,2026-06-12T11:23:45.817415+00:00,2026-06-12T11:23:49.347381+00:00,3.52996563911438,240000,nan,nan
172,clean_profile,CICIDS2017,cicids2017_random_control_sample,5,hist_gradient_boosting,nan,2026-06-12T11:23:49.347481+00:00,2026-06-12T11:23:49.586182+00:00,0.2387008666992187,240000,nan,nan
173,threat_evaluation,CICIDS2017,cicids2017_random_control_sample,5,hist_gradient_boosting,a0_clean,2026-06-12T11:23:49.589955+00:00,2026-06-12T11:23:49.678759+00:00,0.0888035297393798,72000,nan,nan
174,result_writing,CICIDS2017,cicids2017_random_control_sample,5,hist_gradient_boosting,a0_clean,2026-06-12T11:23:49.678934+00:00,2026-06-12T11:23:49.682413+00:00,0.0034785270690917,1,results/raw/tier_e_random_control_hgb_mlp_timed_cicids2017/CICIDS2017_cicids2017_random_control_sample_hist_gradient_boosting_a0_clean_5.csv,nan
175,split_construction,CICIDS2017,cicids2017_random_control_sample,5,logistic_regression,nan,2026-06-12T11:23:49.682494+00:00,2026-06-12T11:23:50.039968+00:00,0.357473611831665,240000,nan,nan
176,preprocessing,CICIDS2017,cicids2017_random_control_sample,5,logistic_regression,nan,2026-06-12T11:23:50.040092+00:00,2026-06-12T11:23:52.663440+00:00,2.6233482360839844,240000,nan,nan
177,model_training,CICIDS2017,cicids2017_random_control_sample,5,logistic_regression,nan,2026-06-12T11:23:52.663583+00:00,2026-06-12T11:24:10.293650+00:00,17.630066871643066,240000,nan,nan
178,clean_profile,CICIDS2017,cicids2017_random_control_sample,5,logistic_regression,nan,2026-06-12T11:24:10.293734+00:00,2026-06-12T11:24:10.337252+00:00,0.0435183048248291,240000,nan,nan
179,threat_evaluation,CICIDS2017,cicids2017_random_control_sample,5,logistic_regression,a0_clean,2026-06-12T11:24:10.341337+00:00,2026-06-12T11:24:10.363285+00:00,0.0219478607177734,72000,nan,nan
180,result_writing,CICIDS2017,cicids2017_random_control_sample,5,logistic_regression,a0_clean,2026-06-12T11:24:10.363453+00:00,2026-06-12T11:24:10.366907+00:00,0.0034537315368652,1,results/raw/tier_e_random_control_hgb_mlp_timed_cicids2017/CICIDS2017_cicids2017_random_control_sample_logistic_regression_a0_clean_5.csv,nan
181,split_construction,CICIDS2017,cicids2017_random_control_sample,5,mlp_sklearn,nan,2026-06-12T11:24:10.366995+00:00,2026-06-12T11:24:10.727057+00:00,0.3600621223449707,240000,nan,nan
182,preprocessing,CICIDS2017,cicids2017_random_control_sample,5,mlp_sklearn,nan,2026-06-12T11:24:10.727174+00:00,2026-06-12T11:24:13.410442+00:00,2.6832680702209477,240000,nan,nan
183,model_training,CICIDS2017,cicids2017_random_control_sample,5,mlp_sklearn,nan,2026-06-12T11:24:13.410607+00:00,2026-06-12T11:24:24.393245+00:00,10.982638597488403,240000,nan,nan
184,clean_profile,CICIDS2017,cicids2017_random_control_sample,5,mlp_sklearn,nan,2026-06-12T11:24:24.393320+00:00,2026-06-12T11:24:24.504325+00:00,0.1110057830810546,240000,nan,nan
185,threat_evaluation,CICIDS2017,cicids2017_random_control_sample,5,mlp_sklearn,a0_clean,2026-06-12T11:24:24.508080+00:00,2026-06-12T11:24:24.553081+00:00,0.0450000762939453,72000,nan,nan
186,result_writing,CICIDS2017,cicids2017_random_control_sample,5,mlp_sklearn,a0_clean,2026-06-12T11:24:24.553252+00:00,2026-06-12T11:24:24.556773+00:00,0.0035202503204345,1,results/raw/tier_e_random_control_hgb_mlp_timed_cicids2017/CICIDS2017_cicids2017_random_control_sample_mlp_sklearn_a0_clean_5.csv,nan
187,split_construction,CICIDS2017,cicids2017_random_control_sample,5,random_forest,nan,2026-06-12T11:24:24.556862+00:00,2026-06-12T11:24:24.916165+00:00,0.3593037128448486,240000,nan,nan
188,preprocessing,CICIDS2017,cicids2017_random_control_sample,5,random_forest,nan,2026-06-12T11:24:24.916292+00:00,2026-06-12T11:24:27.539234+00:00,2.6229422092437744,240000,nan,nan
189,model_training,CICIDS2017,cicids2017_random_control_sample,5,random_forest,nan,2026-06-12T11:24:27.539423+00:00,2026-06-12T11:24:48.306095+00:00,20.766672372817997,240000,nan,nan
190,clean_profile,CICIDS2017,cicids2017_random_control_sample,5,random_forest,nan,2026-06-12T11:24:48.306181+00:00,2026-06-12T11:24:49.309707+00:00,1.003526210784912,240000,nan,nan
191,threat_evaluation,CICIDS2017,cicids2017_random_control_sample,5,random_forest,a0_clean,2026-06-12T11:24:49.313491+00:00,2026-06-12T11:24:49.641499+00:00,0.3280079364776611,72000,nan,nan
192,result_writing,CICIDS2017,cicids2017_random_control_sample,5,random_forest,a0_clean,2026-06-12T11:24:49.641672+00:00,2026-06-12T11:24:49.645142+00:00,0.003469705581665,1,results/raw/tier_e_random_control_hgb_mlp_timed_cicids2017/CICIDS2017_cicids2017_random_control_sample_random_forest_a0_clean_5.csv,nan
193,dataset_load,CICIDS2017,cicids2017_random_control_sample,6,nan,nan,2026-06-12T11:24:49.645189+00:00,2026-06-12T11:24:55.498774+00:00,5.853584289550781,240000,nan,nan
194,preprocess_manifest,CICIDS2017,cicids2017_random_control_sample,6,nan,nan,2026-06-12T11:24:55.498907+00:00,2026-06-12T11:24:58.155312+00:00,2.656404733657837,240000,nan,nan
195,split_construction,CICIDS2017,cicids2017_random_control_sample,6,extra_trees,nan,2026-06-12T11:24:58.155493+00:00,2026-06-12T11:24:58.512143+00:00,0.3566503524780273,240000,nan,nan
196,preprocessing,CICIDS2017,cicids2017_random_control_sample,6,extra_trees,nan,2026-06-12T11:24:58.512269+00:00,2026-06-12T11:25:01.092841+00:00,2.58057188987732,240000,nan,nan
197,model_training,CICIDS2017,cicids2017_random_control_sample,6,extra_trees,nan,2026-06-12T11:25:01.093037+00:00,2026-06-12T11:25:15.026461+00:00,13.93342351913452,240000,nan,nan
198,clean_profile,CICIDS2017,cicids2017_random_control_sample,6,extra_trees,nan,2026-06-12T11:25:15.026548+00:00,2026-06-12T11:25:16.420968+00:00,1.3944203853607178,240000,nan,nan
199,threat_evaluation,CICIDS2017,cicids2017_random_control_sample,6,extra_trees,a0_clean,2026-06-12T11:25:16.424187+00:00,2026-06-12T11:25:16.884918+00:00,0.4607307910919189,72000,nan,nan
200,result_writing,CICIDS2017,cicids2017_random_control_sample,6,extra_trees,a0_clean,2026-06-12T11:25:16.885097+00:00,2026-06-12T11:25:16.888604+00:00,0.0035076141357421,1,results/raw/tier_e_random_control_hgb_mlp_timed_cicids2017/CICIDS2017_cicids2017_random_control_sample_extra_trees_a0_clean_6.csv,nan
201,split_construction,CICIDS2017,cicids2017_random_control_sample,6,hist_gradient_boosting,nan,2026-06-12T11:25:16.888688+00:00,2026-06-12T11:25:17.249749+00:00,0.3610610961914062,240000,nan,nan
202,preprocessing,CICIDS2017,cicids2017_random_control_sample,6,hist_gradient_boosting,nan,2026-06-12T11:25:17.249882+00:00,2026-06-12T11:25:19.850155+00:00,2.60027289390564,240000,nan,nan
203,model_training,CICIDS2017,cicids2017_random_control_sample,6,hist_gradient_boosting,nan,2026-06-12T11:25:19.850321+00:00,2026-06-12T11:25:23.434644+00:00,3.584322690963745,240000,nan,nan
204,clean_profile,CICIDS2017,cicids2017_random_control_sample,6,hist_gradient_boosting,nan,2026-06-12T11:25:23.434735+00:00,2026-06-12T11:25:23.672970+00:00,0.2382352352142334,240000,nan,nan
205,threat_evaluation,CICIDS2017,cicids2017_random_control_sample,6,hist_gradient_boosting,a0_clean,2026-06-12T11:25:23.676188+00:00,2026-06-12T11:25:23.761529+00:00,0.0853409767150878,72000,nan,nan
206,result_writing,CICIDS2017,cicids2017_random_control_sample,6,hist_gradient_boosting,a0_clean,2026-06-12T11:25:23.761698+00:00,2026-06-12T11:25:23.765171+00:00,0.0034728050231933,1,results/raw/tier_e_random_control_hgb_mlp_timed_cicids2017/CICIDS2017_cicids2017_random_control_sample_hist_gradient_boosting_a0_clean_6.csv,nan
207,split_construction,CICIDS2017,cicids2017_random_control_sample,6,logistic_regression,nan,2026-06-12T11:25:23.765252+00:00,2026-06-12T11:25:24.120694+00:00,0.3554415702819824,240000,nan,nan
208,preprocessing,CICIDS2017,cicids2017_random_control_sample,6,logistic_regression,nan,2026-06-12T11:25:24.120811+00:00,2026-06-12T11:25:26.704935+00:00,2.5841238498687744,240000,nan,nan
209,model_training,CICIDS2017,cicids2017_random_control_sample,6,logistic_regression,nan,2026-06-12T11:25:26.705075+00:00,2026-06-12T11:25:42.277176+00:00,15.572101593017578,240000,nan,nan
210,clean_profile,CICIDS2017,cicids2017_random_control_sample,6,logistic_regression,nan,2026-06-12T11:25:42.277261+00:00,2026-06-12T11:25:42.320202+00:00,0.042940616607666,240000,nan,nan
211,threat_evaluation,CICIDS2017,cicids2017_random_control_sample,6,logistic_regression,a0_clean,2026-06-12T11:25:42.324223+00:00,2026-06-12T11:25:42.346316+00:00,0.0220928192138671,72000,nan,nan
212,result_writing,CICIDS2017,cicids2017_random_control_sample,6,logistic_regression,a0_clean,2026-06-12T11:25:42.346491+00:00,2026-06-12T11:25:42.349962+00:00,0.0034713745117187,1,results/raw/tier_e_random_control_hgb_mlp_timed_cicids2017/CICIDS2017_cicids2017_random_control_sample_logistic_regression_a0_clean_6.csv,nan
213,split_construction,CICIDS2017,cicids2017_random_control_sample,6,mlp_sklearn,nan,2026-06-12T11:25:42.350049+00:00,2026-06-12T11:25:42.713449+00:00,0.3633995056152344,240000,nan,nan
214,preprocessing,CICIDS2017,cicids2017_random_control_sample,6,mlp_sklearn,nan,2026-06-12T11:25:42.713574+00:00,2026-06-12T11:25:45.290712+00:00,2.5771379470825195,240000,nan,nan
215,model_training,CICIDS2017,cicids2017_random_control_sample,6,mlp_sklearn,nan,2026-06-12T11:25:45.290880+00:00,2026-06-12T11:25:55.765502+00:00,10.474621772766112,240000,nan,nan
216,clean_profile,CICIDS2017,cicids2017_random_control_sample,6,mlp_sklearn,nan,2026-06-12T11:25:55.765581+00:00,2026-06-12T11:25:55.876296+00:00,0.1107144355773925,240000,nan,nan
217,threat_evaluation,CICIDS2017,cicids2017_random_control_sample,6,mlp_sklearn,a0_clean,2026-06-12T11:25:55.879405+00:00,2026-06-12T11:25:55.925083+00:00,0.045677900314331,72000,nan,nan
218,result_writing,CICIDS2017,cicids2017_random_control_sample,6,mlp_sklearn,a0_clean,2026-06-12T11:25:55.925261+00:00,2026-06-12T11:25:55.928795+00:00,0.0035338401794433,1,results/raw/tier_e_random_control_hgb_mlp_timed_cicids2017/CICIDS2017_cicids2017_random_control_sample_mlp_sklearn_a0_clean_6.csv,nan
219,split_construction,CICIDS2017,cicids2017_random_control_sample,6,random_forest,nan,2026-06-12T11:25:55.928878+00:00,2026-06-12T11:25:56.293783+00:00,0.3649053573608398,240000,nan,nan
220,preprocessing,CICIDS2017,cicids2017_random_control_sample,6,random_forest,nan,2026-06-12T11:25:56.293911+00:00,2026-06-12T11:25:58.967189+00:00,2.6732780933380127,240000,nan,nan
221,model_training,CICIDS2017,cicids2017_random_control_sample,6,random_forest,nan,2026-06-12T11:25:58.967374+00:00,2026-06-12T11:26:20.716122+00:00,21.74874758720398,240000,nan,nan
222,clean_profile,CICIDS2017,cicids2017_random_control_sample,6,random_forest,nan,2026-06-12T11:26:20.716209+00:00,2026-06-12T11:26:21.764296+00:00,1.0480871200561523,240000,nan,nan
223,threat_evaluation,CICIDS2017,cicids2017_random_control_sample,6,random_forest,a0_clean,2026-06-12T11:26:21.767986+00:00,2026-06-12T11:26:22.118635+00:00,0.3506491184234619,72000,nan,nan
224,result_writing,CICIDS2017,cicids2017_random_control_sample,6,random_forest,a0_clean,2026-06-12T11:26:22.118814+00:00,2026-06-12T11:26:22.158881+00:00,0.0400676727294921,1,results/raw/tier_e_random_control_hgb_mlp_timed_cicids2017/CICIDS2017_cicids2017_random_control_sample_random_forest_a0_clean_6.csv,nan
225,dataset_load,CICIDS2017,cicids2017_random_control_sample,7,nan,nan,2026-06-12T11:26:22.158944+00:00,2026-06-12T11:26:28.031250+00:00,5.872306823730469,240000,nan,nan
226,preprocess_manifest,CICIDS2017,cicids2017_random_control_sample,7,nan,nan,2026-06-12T11:26:28.031384+00:00,2026-06-12T11:26:30.673493+00:00,2.6421093940734863,240000,nan,nan
227,split_construction,CICIDS2017,cicids2017_random_control_sample,7,extra_trees,nan,2026-06-12T11:26:30.673661+00:00,2026-06-12T11:26:31.029100+00:00,0.3554389476776123,240000,nan,nan
228,preprocessing,CICIDS2017,cicids2017_random_control_sample,7,extra_trees,nan,2026-06-12T11:26:31.029221+00:00,2026-06-12T11:26:33.601645+00:00,2.5724244117736816,240000,nan,nan
229,model_training,CICIDS2017,cicids2017_random_control_sample,7,extra_trees,nan,2026-06-12T11:26:33.601845+00:00,2026-06-12T11:26:47.231244+00:00,13.62939953804016,240000,nan,nan
230,clean_profile,CICIDS2017,cicids2017_random_control_sample,7,extra_trees,nan,2026-06-12T11:26:47.231332+00:00,2026-06-12T11:26:48.630935+00:00,1.3996024131774902,240000,nan,nan
231,threat_evaluation,CICIDS2017,cicids2017_random_control_sample,7,extra_trees,a0_clean,2026-06-12T11:26:48.634132+00:00,2026-06-12T11:26:49.101042+00:00,0.4669098854064941,72000,nan,nan
232,result_writing,CICIDS2017,cicids2017_random_control_sample,7,extra_trees,a0_clean,2026-06-12T11:26:49.101210+00:00,2026-06-12T11:26:49.104694+00:00,0.003483772277832,1,results/raw/tier_e_random_control_hgb_mlp_timed_cicids2017/CICIDS2017_cicids2017_random_control_sample_extra_trees_a0_clean_7.csv,nan
233,split_construction,CICIDS2017,cicids2017_random_control_sample,7,hist_gradient_boosting,nan,2026-06-12T11:26:49.104782+00:00,2026-06-12T11:26:49.463538+00:00,0.3587565422058105,240000,nan,nan
234,preprocessing,CICIDS2017,cicids2017_random_control_sample,7,hist_gradient_boosting,nan,2026-06-12T11:26:49.463664+00:00,2026-06-12T11:26:52.131886+00:00,2.668221950531006,240000,nan,nan
235,model_training,CICIDS2017,cicids2017_random_control_sample,7,hist_gradient_boosting,nan,2026-06-12T11:26:52.132046+00:00,2026-06-12T11:26:55.689327+00:00,3.557281255722046,240000,nan,nan
236,clean_profile,CICIDS2017,cicids2017_random_control_sample,7,hist_gradient_boosting,nan,2026-06-12T11:26:55.689420+00:00,2026-06-12T11:26:55.934307+00:00,0.2448878288269043,240000,nan,nan
237,threat_evaluation,CICIDS2017,cicids2017_random_control_sample,7,hist_gradient_boosting,a0_clean,2026-06-12T11:26:55.938130+00:00,2026-06-12T11:26:56.024822+00:00,0.08669114112854,72000,nan,nan
238,result_writing,CICIDS2017,cicids2017_random_control_sample,7,hist_gradient_boosting,a0_clean,2026-06-12T11:26:56.024989+00:00,2026-06-12T11:26:56.028443+00:00,0.0034539699554443,1,results/raw/tier_e_random_control_hgb_mlp_timed_cicids2017/CICIDS2017_cicids2017_random_control_sample_hist_gradient_boosting_a0_clean_7.csv,nan
239,split_construction,CICIDS2017,cicids2017_random_control_sample,7,logistic_regression,nan,2026-06-12T11:26:56.028522+00:00,2026-06-12T11:26:56.384085+00:00,0.3555634021759033,240000,nan,nan
240,preprocessing,CICIDS2017,cicids2017_random_control_sample,7,logistic_regression,nan,2026-06-12T11:26:56.384201+00:00,2026-06-12T11:26:58.983335+00:00,2.599134683609009,240000,nan,nan
241,model_training,CICIDS2017,cicids2017_random_control_sample,7,logistic_regression,nan,2026-06-12T11:26:58.983479+00:00,2026-06-12T11:27:14.412613+00:00,15.429134368896484,240000,nan,nan
242,clean_profile,CICIDS2017,cicids2017_random_control_sample,7,logistic_regression,nan,2026-06-12T11:27:14.412699+00:00,2026-06-12T11:27:14.456006+00:00,0.0433075428009033,240000,nan,nan
243,threat_evaluation,CICIDS2017,cicids2017_random_control_sample,7,logistic_regression,a0_clean,2026-06-12T11:27:14.459401+00:00,2026-06-12T11:27:14.481182+00:00,0.0217809677124023,72000,nan,nan
244,result_writing,CICIDS2017,cicids2017_random_control_sample,7,logistic_regression,a0_clean,2026-06-12T11:27:14.481349+00:00,2026-06-12T11:27:14.484808+00:00,0.0034589767456054,1,results/raw/tier_e_random_control_hgb_mlp_timed_cicids2017/CICIDS2017_cicids2017_random_control_sample_logistic_regression_a0_clean_7.csv,nan
245,split_construction,CICIDS2017,cicids2017_random_control_sample,7,mlp_sklearn,nan,2026-06-12T11:27:14.484898+00:00,2026-06-12T11:27:14.845082+00:00,0.3601834774017334,240000,nan,nan
246,preprocessing,CICIDS2017,cicids2017_random_control_sample,7,mlp_sklearn,nan,2026-06-12T11:27:14.845200+00:00,2026-06-12T11:27:17.421223+00:00,2.5760231018066406,240000,nan,nan
247,model_training,CICIDS2017,cicids2017_random_control_sample,7,mlp_sklearn,nan,2026-06-12T11:27:17.421388+00:00,2026-06-12T11:27:29.257486+00:00,11.836097240447998,240000,nan,nan
248,clean_profile,CICIDS2017,cicids2017_random_control_sample,7,mlp_sklearn,nan,2026-06-12T11:27:29.257561+00:00,2026-06-12T11:27:29.370047+00:00,0.1124858856201171,240000,nan,nan
249,threat_evaluation,CICIDS2017,cicids2017_random_control_sample,7,mlp_sklearn,a0_clean,2026-06-12T11:27:29.373736+00:00,2026-06-12T11:27:29.418566+00:00,0.044830322265625,72000,nan,nan
250,result_writing,CICIDS2017,cicids2017_random_control_sample,7,mlp_sklearn,a0_clean,2026-06-12T11:27:29.418737+00:00,2026-06-12T11:27:29.422229+00:00,0.0034914016723632,1,results/raw/tier_e_random_control_hgb_mlp_timed_cicids2017/CICIDS2017_cicids2017_random_control_sample_mlp_sklearn_a0_clean_7.csv,nan
251,split_construction,CICIDS2017,cicids2017_random_control_sample,7,random_forest,nan,2026-06-12T11:27:29.422315+00:00,2026-06-12T11:27:29.785313+00:00,0.3629987239837646,240000,nan,nan
252,preprocessing,CICIDS2017,cicids2017_random_control_sample,7,random_forest,nan,2026-06-12T11:27:29.785434+00:00,2026-06-12T11:27:32.361813+00:00,2.576379776000977,240000,nan,nan
253,model_training,CICIDS2017,cicids2017_random_control_sample,7,random_forest,nan,2026-06-12T11:27:32.362000+00:00,2026-06-12T11:27:54.142930+00:00,21.78093004226685,240000,nan,nan
254,clean_profile,CICIDS2017,cicids2017_random_control_sample,7,random_forest,nan,2026-06-12T11:27:54.143012+00:00,2026-06-12T11:27:55.156377+00:00,1.0133652687072754,240000,nan,nan
255,threat_evaluation,CICIDS2017,cicids2017_random_control_sample,7,random_forest,a0_clean,2026-06-12T11:27:55.159497+00:00,2026-06-12T11:27:55.500041+00:00,0.3405439853668213,72000,nan,nan
256,result_writing,CICIDS2017,cicids2017_random_control_sample,7,random_forest,a0_clean,2026-06-12T11:27:55.500215+00:00,2026-06-12T11:27:55.503658+00:00,0.0034434795379638,1,results/raw/tier_e_random_control_hgb_mlp_timed_cicids2017/CICIDS2017_cicids2017_random_control_sample_random_forest_a0_clean_7.csv,nan
257,dataset_load,CICIDS2017,cicids2017_random_control_sample,8,nan,nan,2026-06-12T11:27:55.503710+00:00,2026-06-12T11:28:01.392159+00:00,5.888449668884277,240000,nan,nan
258,preprocess_manifest,CICIDS2017,cicids2017_random_control_sample,8,nan,nan,2026-06-12T11:28:01.392301+00:00,2026-06-12T11:28:04.118772+00:00,2.726470947265625,240000,nan,nan
259,split_construction,CICIDS2017,cicids2017_random_control_sample,8,extra_trees,nan,2026-06-12T11:28:04.118952+00:00,2026-06-12T11:28:04.477125+00:00,0.3581726551055908,240000,nan,nan
260,preprocessing,CICIDS2017,cicids2017_random_control_sample,8,extra_trees,nan,2026-06-12T11:28:04.477259+00:00,2026-06-12T11:28:07.145409+00:00,2.6681501865386963,240000,nan,nan
261,model_training,CICIDS2017,cicids2017_random_control_sample,8,extra_trees,nan,2026-06-12T11:28:07.145611+00:00,2026-06-12T11:28:20.617199+00:00,13.471587896347046,240000,nan,nan
262,clean_profile,CICIDS2017,cicids2017_random_control_sample,8,extra_trees,nan,2026-06-12T11:28:20.617293+00:00,2026-06-12T11:28:21.973253+00:00,1.355959415435791,240000,nan,nan
263,threat_evaluation,CICIDS2017,cicids2017_random_control_sample,8,extra_trees,a0_clean,2026-06-12T11:28:21.977166+00:00,2026-06-12T11:28:22.441894+00:00,0.4647283554077148,72000,nan,nan
264,result_writing,CICIDS2017,cicids2017_random_control_sample,8,extra_trees,a0_clean,2026-06-12T11:28:22.442068+00:00,2026-06-12T11:28:22.445602+00:00,0.0035340785980224,1,results/raw/tier_e_random_control_hgb_mlp_timed_cicids2017/CICIDS2017_cicids2017_random_control_sample_extra_trees_a0_clean_8.csv,nan
265,split_construction,CICIDS2017,cicids2017_random_control_sample,8,hist_gradient_boosting,nan,2026-06-12T11:28:22.445691+00:00,2026-06-12T11:28:22.812534+00:00,0.3668429851531982,240000,nan,nan
266,preprocessing,CICIDS2017,cicids2017_random_control_sample,8,hist_gradient_boosting,nan,2026-06-12T11:28:22.812655+00:00,2026-06-12T11:28:25.480272+00:00,2.6676175594329834,240000,nan,nan
267,model_training,CICIDS2017,cicids2017_random_control_sample,8,hist_gradient_boosting,nan,2026-06-12T11:28:25.480441+00:00,2026-06-12T11:28:29.024619+00:00,3.5441784858703613,240000,nan,nan
268,clean_profile,CICIDS2017,cicids2017_random_control_sample,8,hist_gradient_boosting,nan,2026-06-12T11:28:29.024714+00:00,2026-06-12T11:28:29.262098+00:00,0.2373836040496826,240000,nan,nan
269,threat_evaluation,CICIDS2017,cicids2017_random_control_sample,8,hist_gradient_boosting,a0_clean,2026-06-12T11:28:29.265954+00:00,2026-06-12T11:28:29.349469+00:00,0.0835156440734863,72000,nan,nan
270,result_writing,CICIDS2017,cicids2017_random_control_sample,8,hist_gradient_boosting,a0_clean,2026-06-12T11:28:29.349645+00:00,2026-06-12T11:28:29.353105+00:00,0.0034601688385009,1,results/raw/tier_e_random_control_hgb_mlp_timed_cicids2017/CICIDS2017_cicids2017_random_control_sample_hist_gradient_boosting_a0_clean_8.csv,nan
271,split_construction,CICIDS2017,cicids2017_random_control_sample,8,logistic_regression,nan,2026-06-12T11:28:29.353185+00:00,2026-06-12T11:28:29.711393+00:00,0.3582079410552978,240000,nan,nan
272,preprocessing,CICIDS2017,cicids2017_random_control_sample,8,logistic_regression,nan,2026-06-12T11:28:29.711517+00:00,2026-06-12T11:28:32.380926+00:00,2.6694095134735107,240000,nan,nan
273,model_training,CICIDS2017,cicids2017_random_control_sample,8,logistic_regression,nan,2026-06-12T11:28:32.381065+00:00,2026-06-12T11:28:49.512620+00:00,17.131555318832397,240000,nan,nan
274,clean_profile,CICIDS2017,cicids2017_random_control_sample,8,logistic_regression,nan,2026-06-12T11:28:49.512705+00:00,2026-06-12T11:28:49.556418+00:00,0.0437128543853759,240000,nan,nan
275,threat_evaluation,CICIDS2017,cicids2017_random_control_sample,8,logistic_regression,a0_clean,2026-06-12T11:28:49.560677+00:00,2026-06-12T11:28:49.582553+00:00,0.0218768119812011,72000,nan,nan
276,result_writing,CICIDS2017,cicids2017_random_control_sample,8,logistic_regression,a0_clean,2026-06-12T11:28:49.582723+00:00,2026-06-12T11:28:49.586185+00:00,0.0034615993499755,1,results/raw/tier_e_random_control_hgb_mlp_timed_cicids2017/CICIDS2017_cicids2017_random_control_sample_logistic_regression_a0_clean_8.csv,nan
277,split_construction,CICIDS2017,cicids2017_random_control_sample,8,mlp_sklearn,nan,2026-06-12T11:28:49.586267+00:00,2026-06-12T11:28:49.944884+00:00,0.3586175441741943,240000,nan,nan
278,preprocessing,CICIDS2017,cicids2017_random_control_sample,8,mlp_sklearn,nan,2026-06-12T11:28:49.944997+00:00,2026-06-12T11:28:52.605670+00:00,2.6606733798980717,240000,nan,nan
279,model_training,CICIDS2017,cicids2017_random_control_sample,8,mlp_sklearn,nan,2026-06-12T11:28:52.605838+00:00,2026-06-12T11:29:04.073573+00:00,11.467734813690186,240000,nan,nan
280,clean_profile,CICIDS2017,cicids2017_random_control_sample,8,mlp_sklearn,nan,2026-06-12T11:29:04.073647+00:00,2026-06-12T11:29:04.182707+00:00,0.1090595722198486,240000,nan,nan
281,threat_evaluation,CICIDS2017,cicids2017_random_control_sample,8,mlp_sklearn,a0_clean,2026-06-12T11:29:04.186538+00:00,2026-06-12T11:29:04.231375+00:00,0.044837474822998,72000,nan,nan
282,result_writing,CICIDS2017,cicids2017_random_control_sample,8,mlp_sklearn,a0_clean,2026-06-12T11:29:04.231554+00:00,2026-06-12T11:29:04.235052+00:00,0.0034980773925781,1,results/raw/tier_e_random_control_hgb_mlp_timed_cicids2017/CICIDS2017_cicids2017_random_control_sample_mlp_sklearn_a0_clean_8.csv,nan
283,split_construction,CICIDS2017,cicids2017_random_control_sample,8,random_forest,nan,2026-06-12T11:29:04.235134+00:00,2026-06-12T11:29:04.599294+00:00,0.3641600608825683,240000,nan,nan
284,preprocessing,CICIDS2017,cicids2017_random_control_sample,8,random_forest,nan,2026-06-12T11:29:04.599411+00:00,2026-06-12T11:29:07.192649+00:00,2.593238592147827,240000,nan,nan
285,model_training,CICIDS2017,cicids2017_random_control_sample,8,random_forest,nan,2026-06-12T11:29:07.192836+00:00,2026-06-12T11:29:29.236099+00:00,22.043263912200928,240000,nan,nan
286,clean_profile,CICIDS2017,cicids2017_random_control_sample,8,random_forest,nan,2026-06-12T11:29:29.236190+00:00,2026-06-12T11:29:30.233531+00:00,0.9973416328430176,240000,nan,nan
287,threat_evaluation,CICIDS2017,cicids2017_random_control_sample,8,random_forest,a0_clean,2026-06-12T11:29:30.237280+00:00,2026-06-12T11:29:30.583015+00:00,0.3457350730895996,72000,nan,nan
288,result_writing,CICIDS2017,cicids2017_random_control_sample,8,random_forest,a0_clean,2026-06-12T11:29:30.583189+00:00,2026-06-12T11:29:30.586696+00:00,0.0035068988800048,1,results/raw/tier_e_random_control_hgb_mlp_timed_cicids2017/CICIDS2017_cicids2017_random_control_sample_random_forest_a0_clean_8.csv,nan
289,dataset_load,CICIDS2017,cicids2017_random_control_sample,9,nan,nan,2026-06-12T11:29:30.586747+00:00,2026-06-12T11:29:36.469862+00:00,5.883115291595459,240000,nan,nan
290,preprocess_manifest,CICIDS2017,cicids2017_random_control_sample,9,nan,nan,2026-06-12T11:29:36.469991+00:00,2026-06-12T11:29:39.204724+00:00,2.7347328662872314,240000,nan,nan
291,split_construction,CICIDS2017,cicids2017_random_control_sample,9,extra_trees,nan,2026-06-12T11:29:39.204893+00:00,2026-06-12T11:29:39.562289+00:00,0.3573966026306152,240000,nan,nan
292,preprocessing,CICIDS2017,cicids2017_random_control_sample,9,extra_trees,nan,2026-06-12T11:29:39.562416+00:00,2026-06-12T11:29:42.229193+00:00,2.666777372360229,240000,nan,nan
293,model_training,CICIDS2017,cicids2017_random_control_sample,9,extra_trees,nan,2026-06-12T11:29:42.229384+00:00,2026-06-12T11:29:56.109279+00:00,13.879894733428957,240000,nan,nan
294,clean_profile,CICIDS2017,cicids2017_random_control_sample,9,extra_trees,nan,2026-06-12T11:29:56.109367+00:00,2026-06-12T11:29:57.483853+00:00,1.374485731124878,240000,nan,nan
295,threat_evaluation,CICIDS2017,cicids2017_random_control_sample,9,extra_trees,a0_clean,2026-06-12T11:29:57.487550+00:00,2026-06-12T11:29:57.947577+00:00,0.460026741027832,72000,nan,nan
296,result_writing,CICIDS2017,cicids2017_random_control_sample,9,extra_trees,a0_clean,2026-06-12T11:29:57.947775+00:00,2026-06-12T11:29:57.951213+00:00,0.0034384727478027,1,results/raw/tier_e_random_control_hgb_mlp_timed_cicids2017/CICIDS2017_cicids2017_random_control_sample_extra_trees_a0_clean_9.csv,nan
297,split_construction,CICIDS2017,cicids2017_random_control_sample,9,hist_gradient_boosting,nan,2026-06-12T11:29:57.951298+00:00,2026-06-12T11:29:58.311519+00:00,0.3602206707000732,240000,nan,nan
298,preprocessing,CICIDS2017,cicids2017_random_control_sample,9,hist_gradient_boosting,nan,2026-06-12T11:29:58.311635+00:00,2026-06-12T11:30:00.913028+00:00,2.601393222808838,240000,nan,nan
299,model_training,CICIDS2017,cicids2017_random_control_sample,9,hist_gradient_boosting,nan,2026-06-12T11:30:00.913190+00:00,2026-06-12T11:30:04.482523+00:00,3.56933331489563,240000,nan,nan
300,clean_profile,CICIDS2017,cicids2017_random_control_sample,9,hist_gradient_boosting,nan,2026-06-12T11:30:04.482618+00:00,2026-06-12T11:30:04.727209+00:00,0.2445917129516601,240000,nan,nan
301,threat_evaluation,CICIDS2017,cicids2017_random_control_sample,9,hist_gradient_boosting,a0_clean,2026-06-12T11:30:04.730388+00:00,2026-06-12T11:30:04.814236+00:00,0.0838484764099121,72000,nan,nan
302,result_writing,CICIDS2017,cicids2017_random_control_sample,9,hist_gradient_boosting,a0_clean,2026-06-12T11:30:04.814401+00:00,2026-06-12T11:30:04.817846+00:00,0.0034456253051757,1,results/raw/tier_e_random_control_hgb_mlp_timed_cicids2017/CICIDS2017_cicids2017_random_control_sample_hist_gradient_boosting_a0_clean_9.csv,nan
303,split_construction,CICIDS2017,cicids2017_random_control_sample,9,logistic_regression,nan,2026-06-12T11:30:04.817924+00:00,2026-06-12T11:30:05.176667+00:00,0.3587431907653808,240000,nan,nan
304,preprocessing,CICIDS2017,cicids2017_random_control_sample,9,logistic_regression,nan,2026-06-12T11:30:05.176779+00:00,2026-06-12T11:30:07.771786+00:00,2.5950069427490234,240000,nan,nan
305,model_training,CICIDS2017,cicids2017_random_control_sample,9,logistic_regression,nan,2026-06-12T11:30:07.771922+00:00,2026-06-12T11:30:26.093547+00:00,18.321624994277958,240000,nan,nan
306,clean_profile,CICIDS2017,cicids2017_random_control_sample,9,logistic_regression,nan,2026-06-12T11:30:26.093620+00:00,2026-06-12T11:30:26.137956+00:00,0.0443360805511474,240000,nan,nan
307,threat_evaluation,CICIDS2017,cicids2017_random_control_sample,9,logistic_regression,a0_clean,2026-06-12T11:30:26.142071+00:00,2026-06-12T11:30:26.164084+00:00,0.0220131874084472,72000,nan,nan
308,result_writing,CICIDS2017,cicids2017_random_control_sample,9,logistic_regression,a0_clean,2026-06-12T11:30:26.164257+00:00,2026-06-12T11:30:26.167760+00:00,0.0035037994384765,1,results/raw/tier_e_random_control_hgb_mlp_timed_cicids2017/CICIDS2017_cicids2017_random_control_sample_logistic_regression_a0_clean_9.csv,nan
309,split_construction,CICIDS2017,cicids2017_random_control_sample,9,mlp_sklearn,nan,2026-06-12T11:30:26.167849+00:00,2026-06-12T11:30:26.529120+00:00,0.3612716197967529,240000,nan,nan
310,preprocessing,CICIDS2017,cicids2017_random_control_sample,9,mlp_sklearn,nan,2026-06-12T11:30:26.529241+00:00,2026-06-12T11:30:29.117877+00:00,2.5886363983154297,240000,nan,nan
311,model_training,CICIDS2017,cicids2017_random_control_sample,9,mlp_sklearn,nan,2026-06-12T11:30:29.118042+00:00,2026-06-12T11:30:36.457290+00:00,7.339247465133667,240000,nan,nan
312,clean_profile,CICIDS2017,cicids2017_random_control_sample,9,mlp_sklearn,nan,2026-06-12T11:30:36.457365+00:00,2026-06-12T11:30:36.566209+00:00,0.108844518661499,240000,nan,nan
313,threat_evaluation,CICIDS2017,cicids2017_random_control_sample,9,mlp_sklearn,a0_clean,2026-06-12T11:30:36.569323+00:00,2026-06-12T11:30:36.614569+00:00,0.045245885848999,72000,nan,nan
314,result_writing,CICIDS2017,cicids2017_random_control_sample,9,mlp_sklearn,a0_clean,2026-06-12T11:30:36.614739+00:00,2026-06-12T11:30:36.618421+00:00,0.0036814212799072,1,results/raw/tier_e_random_control_hgb_mlp_timed_cicids2017/CICIDS2017_cicids2017_random_control_sample_mlp_sklearn_a0_clean_9.csv,nan
315,split_construction,CICIDS2017,cicids2017_random_control_sample,9,random_forest,nan,2026-06-12T11:30:36.618504+00:00,2026-06-12T11:30:36.980383+00:00,0.3618788719177246,240000,nan,nan
316,preprocessing,CICIDS2017,cicids2017_random_control_sample,9,random_forest,nan,2026-06-12T11:30:36.980503+00:00,2026-06-12T11:30:39.688694+00:00,2.708190679550171,240000,nan,nan
317,model_training,CICIDS2017,cicids2017_random_control_sample,9,random_forest,nan,2026-06-12T11:30:39.688883+00:00,2026-06-12T11:31:01.178957+00:00,21.490073919296265,240000,nan,nan
318,clean_profile,CICIDS2017,cicids2017_random_control_sample,9,random_forest,nan,2026-06-12T11:31:01.179045+00:00,2026-06-12T11:31:02.193855+00:00,1.0148100852966309,240000,nan,nan
319,threat_evaluation,CICIDS2017,cicids2017_random_control_sample,9,random_forest,a0_clean,2026-06-12T11:31:02.197595+00:00,2026-06-12T11:31:02.555082+00:00,0.3574867248535156,72000,nan,nan
320,result_writing,CICIDS2017,cicids2017_random_control_sample,9,random_forest,a0_clean,2026-06-12T11:31:02.555250+00:00,2026-06-12T11:31:02.558719+00:00,0.0034685134887695,1,results/raw/tier_e_random_control_hgb_mlp_timed_cicids2017/CICIDS2017_cicids2017_random_control_sample_random_forest_a0_clean_9.csv,nan
1,dataset_load,CSE-CIC-IDS2018,cse_cic_ids2018_random_control_sample,0,nan,nan,2026-06-12T11:31:04.587526+00:00,2026-06-12T11:31:48.554321+00:00,43.966795682907104,20000,nan,nan
2,preprocess_manifest,CSE-CIC-IDS2018,cse_cic_ids2018_random_control_sample,0,nan,nan,2026-06-12T11:31:48.554521+00:00,2026-06-12T11:31:50.863540+00:00,2.3090198040008545,20000,nan,nan
3,split_construction,CSE-CIC-IDS2018,cse_cic_ids2018_random_control_sample,0,extra_trees,nan,2026-06-12T11:31:50.863738+00:00,2026-06-12T11:31:50.990169+00:00,0.1264309883117675,20000,nan,nan
4,preprocessing,CSE-CIC-IDS2018,cse_cic_ids2018_random_control_sample,0,extra_trees,nan,2026-06-12T11:31:50.990305+00:00,2026-06-12T11:31:53.509919+00:00,2.519613981246948,20000,nan,nan
5,model_training,CSE-CIC-IDS2018,cse_cic_ids2018_random_control_sample,0,extra_trees,nan,2026-06-12T11:31:53.510122+00:00,2026-06-12T11:31:54.651245+00:00,1.1411232948303225,20000,nan,nan
6,clean_profile,CSE-CIC-IDS2018,cse_cic_ids2018_random_control_sample,0,extra_trees,nan,2026-06-12T11:31:54.651323+00:00,2026-06-12T11:31:54.879496+00:00,0.2281725406646728,20000,nan,nan
7,threat_evaluation,CSE-CIC-IDS2018,cse_cic_ids2018_random_control_sample,0,extra_trees,a0_clean,2026-06-12T11:31:54.900003+00:00,2026-06-12T11:31:54.976399+00:00,0.0763952732086181,6000,nan,nan
8,result_writing,CSE-CIC-IDS2018,cse_cic_ids2018_random_control_sample,0,extra_trees,a0_clean,2026-06-12T11:31:54.976573+00:00,2026-06-12T11:31:54.981000+00:00,0.0044262409210205,1,results/raw/tier_e_random_control_hgb_mlp_timed_cse_cic_ids2018/CSE-CIC-IDS2018_cse_cic_ids2018_random_control_sample_extra_trees_a0_clean_0.csv,nan
9,split_construction,CSE-CIC-IDS2018,cse_cic_ids2018_random_control_sample,0,hist_gradient_boosting,nan,2026-06-12T11:31:54.981091+00:00,2026-06-12T11:31:55.105012+00:00,0.1239204406738281,20000,nan,nan
10,preprocessing,CSE-CIC-IDS2018,cse_cic_ids2018_random_control_sample,0,hist_gradient_boosting,nan,2026-06-12T11:31:55.105162+00:00,2026-06-12T11:31:57.623748+00:00,2.5185861587524414,20000,nan,nan
11,model_training,CSE-CIC-IDS2018,cse_cic_ids2018_random_control_sample,0,hist_gradient_boosting,nan,2026-06-12T11:31:57.623918+00:00,2026-06-12T11:31:58.428677+00:00,0.8047590255737305,20000,nan,nan
12,clean_profile,CSE-CIC-IDS2018,cse_cic_ids2018_random_control_sample,0,hist_gradient_boosting,nan,2026-06-12T11:31:58.428757+00:00,2026-06-12T11:31:58.467510+00:00,0.0387532711029052,20000,nan,nan
13,threat_evaluation,CSE-CIC-IDS2018,cse_cic_ids2018_random_control_sample,0,hist_gradient_boosting,a0_clean,2026-06-12T11:31:58.488398+00:00,2026-06-12T11:31:58.504317+00:00,0.0159194469451904,6000,nan,nan
14,result_writing,CSE-CIC-IDS2018,cse_cic_ids2018_random_control_sample,0,hist_gradient_boosting,a0_clean,2026-06-12T11:31:58.504488+00:00,2026-06-12T11:31:58.507799+00:00,0.0033106803894042,1,results/raw/tier_e_random_control_hgb_mlp_timed_cse_cic_ids2018/CSE-CIC-IDS2018_cse_cic_ids2018_random_control_sample_hist_gradient_boosting_a0_clean_0.csv,nan
15,split_construction,CSE-CIC-IDS2018,cse_cic_ids2018_random_control_sample,0,logistic_regression,nan,2026-06-12T11:31:58.507885+00:00,2026-06-12T11:31:58.632409+00:00,0.1245245933532714,20000,nan,nan
16,preprocessing,CSE-CIC-IDS2018,cse_cic_ids2018_random_control_sample,0,logistic_regression,nan,2026-06-12T11:31:58.632536+00:00,2026-06-12T11:32:01.238597+00:00,2.6060612201690674,20000,nan,nan
17,model_training,CSE-CIC-IDS2018,cse_cic_ids2018_random_control_sample,0,logistic_regression,nan,2026-06-12T11:32:01.238744+00:00,2026-06-12T11:32:13.937945+00:00,12.69920039176941,20000,nan,nan
18,clean_profile,CSE-CIC-IDS2018,cse_cic_ids2018_random_control_sample,0,logistic_regression,nan,2026-06-12T11:32:13.938013+00:00,2026-06-12T11:32:13.987493+00:00,0.0494794845581054,20000,nan,nan
19,threat_evaluation,CSE-CIC-IDS2018,cse_cic_ids2018_random_control_sample,0,logistic_regression,a0_clean,2026-06-12T11:32:14.008728+00:00,2026-06-12T11:32:14.018813+00:00,0.0100858211517333,6000,nan,nan
20,result_writing,CSE-CIC-IDS2018,cse_cic_ids2018_random_control_sample,0,logistic_regression,a0_clean,2026-06-12T11:32:14.018983+00:00,2026-06-12T11:32:14.022257+00:00,0.0032746791839599,1,results/raw/tier_e_random_control_hgb_mlp_timed_cse_cic_ids2018/CSE-CIC-IDS2018_cse_cic_ids2018_random_control_sample_logistic_regression_a0_clean_0.csv,nan
21,split_construction,CSE-CIC-IDS2018,cse_cic_ids2018_random_control_sample,0,mlp_sklearn,nan,2026-06-12T11:32:14.022345+00:00,2026-06-12T11:32:14.146316+00:00,0.1239707469940185,20000,nan,nan
22,preprocessing,CSE-CIC-IDS2018,cse_cic_ids2018_random_control_sample,0,mlp_sklearn,nan,2026-06-12T11:32:14.146447+00:00,2026-06-12T11:32:16.669486+00:00,2.5230391025543213,20000,nan,nan
23,model_training,CSE-CIC-IDS2018,cse_cic_ids2018_random_control_sample,0,mlp_sklearn,nan,2026-06-12T11:32:16.669670+00:00,2026-06-12T11:32:17.923456+00:00,1.253786563873291,20000,nan,nan
24,clean_profile,CSE-CIC-IDS2018,cse_cic_ids2018_random_control_sample,0,mlp_sklearn,nan,2026-06-12T11:32:17.923532+00:00,2026-06-12T11:32:17.948565+00:00,0.0250327587127685,20000,nan,nan
25,threat_evaluation,CSE-CIC-IDS2018,cse_cic_ids2018_random_control_sample,0,mlp_sklearn,a0_clean,2026-06-12T11:32:17.969523+00:00,2026-06-12T11:32:17.982154+00:00,0.0126309394836425,6000,nan,nan
26,result_writing,CSE-CIC-IDS2018,cse_cic_ids2018_random_control_sample,0,mlp_sklearn,a0_clean,2026-06-12T11:32:17.982327+00:00,2026-06-12T11:32:17.985806+00:00,0.0034785270690917,1,results/raw/tier_e_random_control_hgb_mlp_timed_cse_cic_ids2018/CSE-CIC-IDS2018_cse_cic_ids2018_random_control_sample_mlp_sklearn_a0_clean_0.csv,nan
27,split_construction,CSE-CIC-IDS2018,cse_cic_ids2018_random_control_sample,0,random_forest,nan,2026-06-12T11:32:17.985899+00:00,2026-06-12T11:32:18.111498+00:00,0.1255984306335449,20000,nan,nan
28,preprocessing,CSE-CIC-IDS2018,cse_cic_ids2018_random_control_sample,0,random_forest,nan,2026-06-12T11:32:18.111629+00:00,2026-06-12T11:32:20.630453+00:00,2.518824577331543,20000,nan,nan
29,model_training,CSE-CIC-IDS2018,cse_cic_ids2018_random_control_sample,0,random_forest,nan,2026-06-12T11:32:20.630643+00:00,2026-06-12T11:32:22.422247+00:00,1.7916042804718018,20000,nan,nan
30,clean_profile,CSE-CIC-IDS2018,cse_cic_ids2018_random_control_sample,0,random_forest,nan,2026-06-12T11:32:22.422326+00:00,2026-06-12T11:32:22.580536+00:00,0.1582098007202148,20000,nan,nan
31,threat_evaluation,CSE-CIC-IDS2018,cse_cic_ids2018_random_control_sample,0,random_forest,a0_clean,2026-06-12T11:32:22.601324+00:00,2026-06-12T11:32:22.656188+00:00,0.0548641681671142,6000,nan,nan
32,result_writing,CSE-CIC-IDS2018,cse_cic_ids2018_random_control_sample,0,random_forest,a0_clean,2026-06-12T11:32:22.656359+00:00,2026-06-12T11:32:22.659672+00:00,0.0033125877380371,1,results/raw/tier_e_random_control_hgb_mlp_timed_cse_cic_ids2018/CSE-CIC-IDS2018_cse_cic_ids2018_random_control_sample_random_forest_a0_clean_0.csv,nan
33,dataset_load,CSE-CIC-IDS2018,cse_cic_ids2018_random_control_sample,1,nan,nan,2026-06-12T11:32:22.659716+00:00,2026-06-12T11:33:06.476528+00:00,43.81681156158447,20000,nan,nan
34,preprocess_manifest,CSE-CIC-IDS2018,cse_cic_ids2018_random_control_sample,1,nan,nan,2026-06-12T11:33:06.476664+00:00,2026-06-12T11:33:08.779830+00:00,2.303165435791016,20000,nan,nan
35,split_construction,CSE-CIC-IDS2018,cse_cic_ids2018_random_control_sample,1,extra_trees,nan,2026-06-12T11:33:08.780013+00:00,2026-06-12T11:33:08.904065+00:00,0.1240525245666503,20000,nan,nan
36,preprocessing,CSE-CIC-IDS2018,cse_cic_ids2018_random_control_sample,1,extra_trees,nan,2026-06-12T11:33:08.904186+00:00,2026-06-12T11:33:11.417934+00:00,2.513748407363892,20000,nan,nan
37,model_training,CSE-CIC-IDS2018,cse_cic_ids2018_random_control_sample,1,extra_trees,nan,2026-06-12T11:33:11.418131+00:00,2026-06-12T11:33:12.576070+00:00,1.1579389572143557,20000,nan,nan
38,clean_profile,CSE-CIC-IDS2018,cse_cic_ids2018_random_control_sample,1,extra_trees,nan,2026-06-12T11:33:12.576151+00:00,2026-06-12T11:33:12.806619+00:00,0.2304685115814209,20000,nan,nan
39,threat_evaluation,CSE-CIC-IDS2018,cse_cic_ids2018_random_control_sample,1,extra_trees,a0_clean,2026-06-12T11:33:12.827411+00:00,2026-06-12T11:33:12.907348+00:00,0.0799372196197509,6000,nan,nan
40,result_writing,CSE-CIC-IDS2018,cse_cic_ids2018_random_control_sample,1,extra_trees,a0_clean,2026-06-12T11:33:12.907519+00:00,2026-06-12T11:33:12.910835+00:00,0.0033166408538818,1,results/raw/tier_e_random_control_hgb_mlp_timed_cse_cic_ids2018/CSE-CIC-IDS2018_cse_cic_ids2018_random_control_sample_extra_trees_a0_clean_1.csv,nan
41,split_construction,CSE-CIC-IDS2018,cse_cic_ids2018_random_control_sample,1,hist_gradient_boosting,nan,2026-06-12T11:33:12.910921+00:00,2026-06-12T11:33:13.035031+00:00,0.124110460281372,20000,nan,nan
42,preprocessing,CSE-CIC-IDS2018,cse_cic_ids2018_random_control_sample,1,hist_gradient_boosting,nan,2026-06-12T11:33:13.035151+00:00,2026-06-12T11:33:15.556785+00:00,2.5216333866119385,20000,nan,nan
43,model_training,CSE-CIC-IDS2018,cse_cic_ids2018_random_control_sample,1,hist_gradient_boosting,nan,2026-06-12T11:33:15.556944+00:00,2026-06-12T11:33:16.291041+00:00,0.7340970039367676,20000,nan,nan
44,clean_profile,CSE-CIC-IDS2018,cse_cic_ids2018_random_control_sample,1,hist_gradient_boosting,nan,2026-06-12T11:33:16.291121+00:00,2026-06-12T11:33:16.326778+00:00,0.0356576442718505,20000,nan,nan
45,threat_evaluation,CSE-CIC-IDS2018,cse_cic_ids2018_random_control_sample,1,hist_gradient_boosting,a0_clean,2026-06-12T11:33:16.348028+00:00,2026-06-12T11:33:16.363961+00:00,0.0159330368041992,6000,nan,nan
46,result_writing,CSE-CIC-IDS2018,cse_cic_ids2018_random_control_sample,1,hist_gradient_boosting,a0_clean,2026-06-12T11:33:16.364133+00:00,2026-06-12T11:33:16.367465+00:00,0.0033314228057861,1,results/raw/tier_e_random_control_hgb_mlp_timed_cse_cic_ids2018/CSE-CIC-IDS2018_cse_cic_ids2018_random_control_sample_hist_gradient_boosting_a0_clean_1.csv,nan
47,split_construction,CSE-CIC-IDS2018,cse_cic_ids2018_random_control_sample,1,logistic_regression,nan,2026-06-12T11:33:16.367548+00:00,2026-06-12T11:33:16.488890+00:00,0.1213421821594238,20000,nan,nan
48,preprocessing,CSE-CIC-IDS2018,cse_cic_ids2018_random_control_sample,1,logistic_regression,nan,2026-06-12T11:33:16.489006+00:00,2026-06-12T11:33:19.002698+00:00,2.513692855834961,20000,nan,nan
49,model_training,CSE-CIC-IDS2018,cse_cic_ids2018_random_control_sample,1,logistic_regression,nan,2026-06-12T11:33:19.002843+00:00,2026-06-12T11:33:34.136349+00:00,15.133506298065186,20000,nan,nan
50,clean_profile,CSE-CIC-IDS2018,cse_cic_ids2018_random_control_sample,1,logistic_regression,nan,2026-06-12T11:33:34.136414+00:00,2026-06-12T11:33:34.160267+00:00,0.0238533020019531,20000,nan,nan
51,threat_evaluation,CSE-CIC-IDS2018,cse_cic_ids2018_random_control_sample,1,logistic_regression,a0_clean,2026-06-12T11:33:34.181259+00:00,2026-06-12T11:33:34.191328+00:00,0.0100688934326171,6000,nan,nan
52,result_writing,CSE-CIC-IDS2018,cse_cic_ids2018_random_control_sample,1,logistic_regression,a0_clean,2026-06-12T11:33:34.191496+00:00,2026-06-12T11:33:34.194772+00:00,0.0032756328582763,1,results/raw/tier_e_random_control_hgb_mlp_timed_cse_cic_ids2018/CSE-CIC-IDS2018_cse_cic_ids2018_random_control_sample_logistic_regression_a0_clean_1.csv,nan
53,split_construction,CSE-CIC-IDS2018,cse_cic_ids2018_random_control_sample,1,mlp_sklearn,nan,2026-06-12T11:33:34.194854+00:00,2026-06-12T11:33:34.318523+00:00,0.123669147491455,20000,nan,nan
54,preprocessing,CSE-CIC-IDS2018,cse_cic_ids2018_random_control_sample,1,mlp_sklearn,nan,2026-06-12T11:33:34.318654+00:00,2026-06-12T11:33:36.835242+00:00,2.516587972640991,20000,nan,nan
55,model_training,CSE-CIC-IDS2018,cse_cic_ids2018_random_control_sample,1,mlp_sklearn,nan,2026-06-12T11:33:36.835402+00:00,2026-06-12T11:33:37.798523+00:00,0.9631214141845704,20000,nan,nan
56,clean_profile,CSE-CIC-IDS2018,cse_cic_ids2018_random_control_sample,1,mlp_sklearn,nan,2026-06-12T11:33:37.798596+00:00,2026-06-12T11:33:37.823143+00:00,0.0245475769042968,20000,nan,nan
57,threat_evaluation,CSE-CIC-IDS2018,cse_cic_ids2018_random_control_sample,1,mlp_sklearn,a0_clean,2026-06-12T11:33:37.844110+00:00,2026-06-12T11:33:37.856701+00:00,0.0125911235809326,6000,nan,nan
58,result_writing,CSE-CIC-IDS2018,cse_cic_ids2018_random_control_sample,1,mlp_sklearn,a0_clean,2026-06-12T11:33:37.856882+00:00,2026-06-12T11:33:37.860290+00:00,0.0034084320068359,1,results/raw/tier_e_random_control_hgb_mlp_timed_cse_cic_ids2018/CSE-CIC-IDS2018_cse_cic_ids2018_random_control_sample_mlp_sklearn_a0_clean_1.csv,nan
59,split_construction,CSE-CIC-IDS2018,cse_cic_ids2018_random_control_sample,1,random_forest,nan,2026-06-12T11:33:37.860384+00:00,2026-06-12T11:33:37.983933+00:00,0.1235492229461669,20000,nan,nan
60,preprocessing,CSE-CIC-IDS2018,cse_cic_ids2018_random_control_sample,1,random_forest,nan,2026-06-12T11:33:37.984071+00:00,2026-06-12T11:33:40.499402+00:00,2.5153305530548096,20000,nan,nan
61,model_training,CSE-CIC-IDS2018,cse_cic_ids2018_random_control_sample,1,random_forest,nan,2026-06-12T11:33:40.499589+00:00,2026-06-12T11:33:42.315176+00:00,1.815586805343628,20000,nan,nan
62,clean_profile,CSE-CIC-IDS2018,cse_cic_ids2018_random_control_sample,1,random_forest,nan,2026-06-12T11:33:42.315256+00:00,2026-06-12T11:33:42.476626+00:00,0.161370038986206,20000,nan,nan
63,threat_evaluation,CSE-CIC-IDS2018,cse_cic_ids2018_random_control_sample,1,random_forest,a0_clean,2026-06-12T11:33:42.497441+00:00,2026-06-12T11:33:42.553056+00:00,0.055614948272705,6000,nan,nan
64,result_writing,CSE-CIC-IDS2018,cse_cic_ids2018_random_control_sample,1,random_forest,a0_clean,2026-06-12T11:33:42.553235+00:00,2026-06-12T11:33:42.556592+00:00,0.0033571720123291,1,results/raw/tier_e_random_control_hgb_mlp_timed_cse_cic_ids2018/CSE-CIC-IDS2018_cse_cic_ids2018_random_control_sample_random_forest_a0_clean_1.csv,nan
65,dataset_load,CSE-CIC-IDS2018,cse_cic_ids2018_random_control_sample,2,nan,nan,2026-06-12T11:33:42.556637+00:00,2026-06-12T11:34:26.485509+00:00,43.928871393203735,20000,nan,nan
66,preprocess_manifest,CSE-CIC-IDS2018,cse_cic_ids2018_random_control_sample,2,nan,nan,2026-06-12T11:34:26.485651+00:00,2026-06-12T11:34:28.784262+00:00,2.2986109256744385,20000,nan,nan
67,split_construction,CSE-CIC-IDS2018,cse_cic_ids2018_random_control_sample,2,extra_trees,nan,2026-06-12T11:34:28.784444+00:00,2026-06-12T11:34:28.907408+00:00,0.1229636669158935,20000,nan,nan
68,preprocessing,CSE-CIC-IDS2018,cse_cic_ids2018_random_control_sample,2,extra_trees,nan,2026-06-12T11:34:28.907541+00:00,2026-06-12T11:34:31.400898+00:00,2.4933571815490723,20000,nan,nan
69,model_training,CSE-CIC-IDS2018,cse_cic_ids2018_random_control_sample,2,extra_trees,nan,2026-06-12T11:34:31.401087+00:00,2026-06-12T11:34:32.552153+00:00,1.151066541671753,20000,nan,nan
70,clean_profile,CSE-CIC-IDS2018,cse_cic_ids2018_random_control_sample,2,extra_trees,nan,2026-06-12T11:34:32.552236+00:00,2026-06-12T11:34:32.787241+00:00,0.2350049018859863,20000,nan,nan
71,threat_evaluation,CSE-CIC-IDS2018,cse_cic_ids2018_random_control_sample,2,extra_trees,a0_clean,2026-06-12T11:34:32.808155+00:00,2026-06-12T11:34:32.888561+00:00,0.0804066658020019,6000,nan,nan
72,result_writing,CSE-CIC-IDS2018,cse_cic_ids2018_random_control_sample,2,extra_trees,a0_clean,2026-06-12T11:34:32.888743+00:00,2026-06-12T11:34:32.892067+00:00,0.0033247470855712,1,results/raw/tier_e_random_control_hgb_mlp_timed_cse_cic_ids2018/CSE-CIC-IDS2018_cse_cic_ids2018_random_control_sample_extra_trees_a0_clean_2.csv,nan
73,split_construction,CSE-CIC-IDS2018,cse_cic_ids2018_random_control_sample,2,hist_gradient_boosting,nan,2026-06-12T11:34:32.892155+00:00,2026-06-12T11:34:33.017055+00:00,0.1249001026153564,20000,nan,nan
74,preprocessing,CSE-CIC-IDS2018,cse_cic_ids2018_random_control_sample,2,hist_gradient_boosting,nan,2026-06-12T11:34:33.017178+00:00,2026-06-12T11:34:35.513942+00:00,2.4967639446258545,20000,nan,nan
75,model_training,CSE-CIC-IDS2018,cse_cic_ids2018_random_control_sample,2,hist_gradient_boosting,nan,2026-06-12T11:34:35.514107+00:00,2026-06-12T11:34:36.258296+00:00,0.7441895008087158,20000,nan,nan
76,clean_profile,CSE-CIC-IDS2018,cse_cic_ids2018_random_control_sample,2,hist_gradient_boosting,nan,2026-06-12T11:34:36.258376+00:00,2026-06-12T11:34:36.294702+00:00,0.0363259315490722,20000,nan,nan
77,threat_evaluation,CSE-CIC-IDS2018,cse_cic_ids2018_random_control_sample,2,hist_gradient_boosting,a0_clean,2026-06-12T11:34:36.315890+00:00,2026-06-12T11:34:36.330790+00:00,0.0148994922637939,6000,nan,nan
78,result_writing,CSE-CIC-IDS2018,cse_cic_ids2018_random_control_sample,2,hist_gradient_boosting,a0_clean,2026-06-12T11:34:36.330969+00:00,2026-06-12T11:34:36.334334+00:00,0.0033650398254394,1,results/raw/tier_e_random_control_hgb_mlp_timed_cse_cic_ids2018/CSE-CIC-IDS2018_cse_cic_ids2018_random_control_sample_hist_gradient_boosting_a0_clean_2.csv,nan
79,split_construction,CSE-CIC-IDS2018,cse_cic_ids2018_random_control_sample,2,logistic_regression,nan,2026-06-12T11:34:36.334424+00:00,2026-06-12T11:34:36.459372+00:00,0.1249473094940185,20000,nan,nan
80,preprocessing,CSE-CIC-IDS2018,cse_cic_ids2018_random_control_sample,2,logistic_regression,nan,2026-06-12T11:34:36.459495+00:00,2026-06-12T11:34:38.945537+00:00,2.4860427379608154,20000,nan,nan
81,model_training,CSE-CIC-IDS2018,cse_cic_ids2018_random_control_sample,2,logistic_regression,nan,2026-06-12T11:34:38.945682+00:00,2026-06-12T11:34:51.796636+00:00,12.85095477104187,20000,nan,nan
82,clean_profile,CSE-CIC-IDS2018,cse_cic_ids2018_random_control_sample,2,logistic_regression,nan,2026-06-12T11:34:51.796704+00:00,2026-06-12T11:34:51.824264+00:00,0.0275604724884033,20000,nan,nan
83,threat_evaluation,CSE-CIC-IDS2018,cse_cic_ids2018_random_control_sample,2,logistic_regression,a0_clean,2026-06-12T11:34:51.845383+00:00,2026-06-12T11:34:51.855337+00:00,0.0099542140960693,6000,nan,nan
84,result_writing,CSE-CIC-IDS2018,cse_cic_ids2018_random_control_sample,2,logistic_regression,a0_clean,2026-06-12T11:34:51.855514+00:00,2026-06-12T11:34:51.858756+00:00,0.0032413005828857,1,results/raw/tier_e_random_control_hgb_mlp_timed_cse_cic_ids2018/CSE-CIC-IDS2018_cse_cic_ids2018_random_control_sample_logistic_regression_a0_clean_2.csv,nan
85,split_construction,CSE-CIC-IDS2018,cse_cic_ids2018_random_control_sample,2,mlp_sklearn,nan,2026-06-12T11:34:51.858841+00:00,2026-06-12T11:34:51.982307+00:00,0.1234660148620605,20000,nan,nan
86,preprocessing,CSE-CIC-IDS2018,cse_cic_ids2018_random_control_sample,2,mlp_sklearn,nan,2026-06-12T11:34:51.982430+00:00,2026-06-12T11:34:54.475124+00:00,2.4926936626434326,20000,nan,nan
87,model_training,CSE-CIC-IDS2018,cse_cic_ids2018_random_control_sample,2,mlp_sklearn,nan,2026-06-12T11:34:54.475290+00:00,2026-06-12T11:34:55.801558+00:00,1.3262677192687988,20000,nan,nan
88,clean_profile,CSE-CIC-IDS2018,cse_cic_ids2018_random_control_sample,2,mlp_sklearn,nan,2026-06-12T11:34:55.801631+00:00,2026-06-12T11:34:55.826245+00:00,0.0246131420135498,20000,nan,nan
89,threat_evaluation,CSE-CIC-IDS2018,cse_cic_ids2018_random_control_sample,2,mlp_sklearn,a0_clean,2026-06-12T11:34:55.847212+00:00,2026-06-12T11:34:55.859661+00:00,0.0124495029449462,6000,nan,nan
90,result_writing,CSE-CIC-IDS2018,cse_cic_ids2018_random_control_sample,2,mlp_sklearn,a0_clean,2026-06-12T11:34:55.859855+00:00,2026-06-12T11:34:55.863273+00:00,0.0034174919128417,1,results/raw/tier_e_random_control_hgb_mlp_timed_cse_cic_ids2018/CSE-CIC-IDS2018_cse_cic_ids2018_random_control_sample_mlp_sklearn_a0_clean_2.csv,nan
91,split_construction,CSE-CIC-IDS2018,cse_cic_ids2018_random_control_sample,2,random_forest,nan,2026-06-12T11:34:55.863365+00:00,2026-06-12T11:34:55.988408+00:00,0.1250431537628173,20000,nan,nan
92,preprocessing,CSE-CIC-IDS2018,cse_cic_ids2018_random_control_sample,2,random_forest,nan,2026-06-12T11:34:55.988539+00:00,2026-06-12T11:34:58.476531+00:00,2.487992525100708,20000,nan,nan
93,model_training,CSE-CIC-IDS2018,cse_cic_ids2018_random_control_sample,2,random_forest,nan,2026-06-12T11:34:58.476716+00:00,2026-06-12T11:35:00.270339+00:00,1.7936227321624756,20000,nan,nan
94,clean_profile,CSE-CIC-IDS2018,cse_cic_ids2018_random_control_sample,2,random_forest,nan,2026-06-12T11:35:00.270425+00:00,2026-06-12T11:35:00.430538+00:00,0.1601135730743408,20000,nan,nan
95,threat_evaluation,CSE-CIC-IDS2018,cse_cic_ids2018_random_control_sample,2,random_forest,a0_clean,2026-06-12T11:35:00.451369+00:00,2026-06-12T11:35:00.506954+00:00,0.0555846691131591,6000,nan,nan
96,result_writing,CSE-CIC-IDS2018,cse_cic_ids2018_random_control_sample,2,random_forest,a0_clean,2026-06-12T11:35:00.507135+00:00,2026-06-12T11:35:00.510491+00:00,0.0033559799194335,1,results/raw/tier_e_random_control_hgb_mlp_timed_cse_cic_ids2018/CSE-CIC-IDS2018_cse_cic_ids2018_random_control_sample_random_forest_a0_clean_2.csv,nan
97,dataset_load,CSE-CIC-IDS2018,cse_cic_ids2018_random_control_sample,3,nan,nan,2026-06-12T11:35:00.510536+00:00,2026-06-12T11:35:44.334486+00:00,43.82395052909851,20000,nan,nan
98,preprocess_manifest,CSE-CIC-IDS2018,cse_cic_ids2018_random_control_sample,3,nan,nan,2026-06-12T11:35:44.334629+00:00,2026-06-12T11:35:46.492191+00:00,2.157562017440796,20000,nan,nan
99,split_construction,CSE-CIC-IDS2018,cse_cic_ids2018_random_control_sample,3,extra_trees,nan,2026-06-12T11:35:46.492379+00:00,2026-06-12T11:35:46.619827+00:00,0.1274473667144775,20000,nan,nan
100,preprocessing,CSE-CIC-IDS2018,cse_cic_ids2018_random_control_sample,3,extra_trees,nan,2026-06-12T11:35:46.619957+00:00,2026-06-12T11:35:48.987888+00:00,2.3679311275482178,20000,nan,nan
101,model_training,CSE-CIC-IDS2018,cse_cic_ids2018_random_control_sample,3,extra_trees,nan,2026-06-12T11:35:48.988080+00:00,2026-06-12T11:35:50.156186+00:00,1.1681053638458252,20000,nan,nan
102,clean_profile,CSE-CIC-IDS2018,cse_cic_ids2018_random_control_sample,3,extra_trees,nan,2026-06-12T11:35:50.156268+00:00,2026-06-12T11:35:50.389215+00:00,0.2329466342926025,20000,nan,nan
103,threat_evaluation,CSE-CIC-IDS2018,cse_cic_ids2018_random_control_sample,3,extra_trees,a0_clean,2026-06-12T11:35:50.410180+00:00,2026-06-12T11:35:50.489498+00:00,0.0793182849884033,6000,nan,nan
104,result_writing,CSE-CIC-IDS2018,cse_cic_ids2018_random_control_sample,3,extra_trees,a0_clean,2026-06-12T11:35:50.489664+00:00,2026-06-12T11:35:50.493004+00:00,0.0033402442932128,1,results/raw/tier_e_random_control_hgb_mlp_timed_cse_cic_ids2018/CSE-CIC-IDS2018_cse_cic_ids2018_random_control_sample_extra_trees_a0_clean_3.csv,nan
105,split_construction,CSE-CIC-IDS2018,cse_cic_ids2018_random_control_sample,3,hist_gradient_boosting,nan,2026-06-12T11:35:50.493094+00:00,2026-06-12T11:35:50.615785+00:00,0.1226904392242431,20000,nan,nan
106,preprocessing,CSE-CIC-IDS2018,cse_cic_ids2018_random_control_sample,3,hist_gradient_boosting,nan,2026-06-12T11:35:50.615914+00:00,2026-06-12T11:35:52.989149+00:00,2.373234987258911,20000,nan,nan
107,model_training,CSE-CIC-IDS2018,cse_cic_ids2018_random_control_sample,3,hist_gradient_boosting,nan,2026-06-12T11:35:52.989310+00:00,2026-06-12T11:35:53.754745+00:00,0.7654356956481934,20000,nan,nan
108,clean_profile,CSE-CIC-IDS2018,cse_cic_ids2018_random_control_sample,3,hist_gradient_boosting,nan,2026-06-12T11:35:53.754827+00:00,2026-06-12T11:35:53.786309+00:00,0.031482458114624,20000,nan,nan
109,threat_evaluation,CSE-CIC-IDS2018,cse_cic_ids2018_random_control_sample,3,hist_gradient_boosting,a0_clean,2026-06-12T11:35:53.807348+00:00,2026-06-12T11:35:53.821451+00:00,0.0141026973724365,6000,nan,nan
110,result_writing,CSE-CIC-IDS2018,cse_cic_ids2018_random_control_sample,3,hist_gradient_boosting,a0_clean,2026-06-12T11:35:53.821616+00:00,2026-06-12T11:35:53.825009+00:00,0.0033931732177734,1,results/raw/tier_e_random_control_hgb_mlp_timed_cse_cic_ids2018/CSE-CIC-IDS2018_cse_cic_ids2018_random_control_sample_hist_gradient_boosting_a0_clean_3.csv,nan
111,split_construction,CSE-CIC-IDS2018,cse_cic_ids2018_random_control_sample,3,logistic_regression,nan,2026-06-12T11:35:53.825096+00:00,2026-06-12T11:35:53.947379+00:00,0.1222836971282959,20000,nan,nan
112,preprocessing,CSE-CIC-IDS2018,cse_cic_ids2018_random_control_sample,3,logistic_regression,nan,2026-06-12T11:35:53.947494+00:00,2026-06-12T11:35:56.297010+00:00,2.3495161533355717,20000,nan,nan
113,model_training,CSE-CIC-IDS2018,cse_cic_ids2018_random_control_sample,3,logistic_regression,nan,2026-06-12T11:35:56.297148+00:00,2026-06-12T11:36:10.775939+00:00,14.478790998458862,20000,nan,nan
114,clean_profile,CSE-CIC-IDS2018,cse_cic_ids2018_random_control_sample,3,logistic_regression,nan,2026-06-12T11:36:10.776011+00:00,2026-06-12T11:36:10.801195+00:00,0.0251843929290771,20000,nan,nan
115,threat_evaluation,CSE-CIC-IDS2018,cse_cic_ids2018_random_control_sample,3,logistic_regression,a0_clean,2026-06-12T11:36:10.822237+00:00,2026-06-12T11:36:10.832315+00:00,0.010077953338623,6000,nan,nan
116,result_writing,CSE-CIC-IDS2018,cse_cic_ids2018_random_control_sample,3,logistic_regression,a0_clean,2026-06-12T11:36:10.832469+00:00,2026-06-12T11:36:10.835699+00:00,0.0032298564910888,1,results/raw/tier_e_random_control_hgb_mlp_timed_cse_cic_ids2018/CSE-CIC-IDS2018_cse_cic_ids2018_random_control_sample_logistic_regression_a0_clean_3.csv,nan
117,split_construction,CSE-CIC-IDS2018,cse_cic_ids2018_random_control_sample,3,mlp_sklearn,nan,2026-06-12T11:36:10.835815+00:00,2026-06-12T11:36:10.958531+00:00,0.1227154731750488,20000,nan,nan
118,preprocessing,CSE-CIC-IDS2018,cse_cic_ids2018_random_control_sample,3,mlp_sklearn,nan,2026-06-12T11:36:10.958654+00:00,2026-06-12T11:36:13.316638+00:00,2.357984066009521,20000,nan,nan
119,model_training,CSE-CIC-IDS2018,cse_cic_ids2018_random_control_sample,3,mlp_sklearn,nan,2026-06-12T11:36:13.316799+00:00,2026-06-12T11:36:14.051681+00:00,0.7348816394805908,20000,nan,nan
120,clean_profile,CSE-CIC-IDS2018,cse_cic_ids2018_random_control_sample,3,mlp_sklearn,nan,2026-06-12T11:36:14.051788+00:00,2026-06-12T11:36:14.076677+00:00,0.0248889923095703,20000,nan,nan
121,threat_evaluation,CSE-CIC-IDS2018,cse_cic_ids2018_random_control_sample,3,mlp_sklearn,a0_clean,2026-06-12T11:36:14.097658+00:00,2026-06-12T11:36:14.110238+00:00,0.0125794410705566,6000,nan,nan
122,result_writing,CSE-CIC-IDS2018,cse_cic_ids2018_random_control_sample,3,mlp_sklearn,a0_clean,2026-06-12T11:36:14.110393+00:00,2026-06-12T11:36:14.113807+00:00,0.0034146308898925,1,results/raw/tier_e_random_control_hgb_mlp_timed_cse_cic_ids2018/CSE-CIC-IDS2018_cse_cic_ids2018_random_control_sample_mlp_sklearn_a0_clean_3.csv,nan
123,split_construction,CSE-CIC-IDS2018,cse_cic_ids2018_random_control_sample,3,random_forest,nan,2026-06-12T11:36:14.113899+00:00,2026-06-12T11:36:14.237598+00:00,0.12369966506958,20000,nan,nan
124,preprocessing,CSE-CIC-IDS2018,cse_cic_ids2018_random_control_sample,3,random_forest,nan,2026-06-12T11:36:14.237723+00:00,2026-06-12T11:36:16.593974+00:00,2.356251001358032,20000,nan,nan
125,model_training,CSE-CIC-IDS2018,cse_cic_ids2018_random_control_sample,3,random_forest,nan,2026-06-12T11:36:16.594162+00:00,2026-06-12T11:36:18.402852+00:00,1.8086907863616943,20000,nan,nan
126,clean_profile,CSE-CIC-IDS2018,cse_cic_ids2018_random_control_sample,3,random_forest,nan,2026-06-12T11:36:18.402933+00:00,2026-06-12T11:36:18.563096+00:00,0.1601631641387939,20000,nan,nan
127,threat_evaluation,CSE-CIC-IDS2018,cse_cic_ids2018_random_control_sample,3,random_forest,a0_clean,2026-06-12T11:36:18.583913+00:00,2026-06-12T11:36:18.639680+00:00,0.0557663440704345,6000,nan,nan
128,result_writing,CSE-CIC-IDS2018,cse_cic_ids2018_random_control_sample,3,random_forest,a0_clean,2026-06-12T11:36:18.639867+00:00,2026-06-12T11:36:18.643187+00:00,0.003319501876831,1,results/raw/tier_e_random_control_hgb_mlp_timed_cse_cic_ids2018/CSE-CIC-IDS2018_cse_cic_ids2018_random_control_sample_random_forest_a0_clean_3.csv,nan
129,dataset_load,CSE-CIC-IDS2018,cse_cic_ids2018_random_control_sample,4,nan,nan,2026-06-12T11:36:18.643230+00:00,2026-06-12T11:37:02.541638+00:00,43.89840793609619,19999,nan,nan
130,preprocess_manifest,CSE-CIC-IDS2018,cse_cic_ids2018_random_control_sample,4,nan,nan,2026-06-12T11:37:02.541857+00:00,2026-06-12T11:37:04.844918+00:00,2.303061485290528,19999,nan,nan
131,split_construction,CSE-CIC-IDS2018,cse_cic_ids2018_random_control_sample,4,extra_trees,nan,2026-06-12T11:37:04.845101+00:00,2026-06-12T11:37:04.969731+00:00,0.1246299743652343,19999,nan,nan
132,preprocessing,CSE-CIC-IDS2018,cse_cic_ids2018_random_control_sample,4,extra_trees,nan,2026-06-12T11:37:04.969856+00:00,2026-06-12T11:37:07.501390+00:00,2.531534433364868,19999,nan,nan
133,model_training,CSE-CIC-IDS2018,cse_cic_ids2018_random_control_sample,4,extra_trees,nan,2026-06-12T11:37:07.501581+00:00,2026-06-12T11:37:08.656822+00:00,1.1552414894104004,19999,nan,nan
134,clean_profile,CSE-CIC-IDS2018,cse_cic_ids2018_random_control_sample,4,extra_trees,nan,2026-06-12T11:37:08.656907+00:00,2026-06-12T11:37:08.890026+00:00,0.2331190109252929,19999,nan,nan
135,threat_evaluation,CSE-CIC-IDS2018,cse_cic_ids2018_random_control_sample,4,extra_trees,a0_clean,2026-06-12T11:37:08.910867+00:00,2026-06-12T11:37:08.990113+00:00,0.0792460441589355,6000,nan,nan
136,result_writing,CSE-CIC-IDS2018,cse_cic_ids2018_random_control_sample,4,extra_trees,a0_clean,2026-06-12T11:37:08.990278+00:00,2026-06-12T11:37:08.993679+00:00,0.0034010410308837,1,results/raw/tier_e_random_control_hgb_mlp_timed_cse_cic_ids2018/CSE-CIC-IDS2018_cse_cic_ids2018_random_control_sample_extra_trees_a0_clean_4.csv,nan
137,split_construction,CSE-CIC-IDS2018,cse_cic_ids2018_random_control_sample,4,hist_gradient_boosting,nan,2026-06-12T11:37:08.993760+00:00,2026-06-12T11:37:09.118887+00:00,0.1251266002655029,19999,nan,nan
138,preprocessing,CSE-CIC-IDS2018,cse_cic_ids2018_random_control_sample,4,hist_gradient_boosting,nan,2026-06-12T11:37:09.118997+00:00,2026-06-12T11:37:11.654112+00:00,2.5351152420043945,19999,nan,nan
139,model_training,CSE-CIC-IDS2018,cse_cic_ids2018_random_control_sample,4,hist_gradient_boosting,nan,2026-06-12T11:37:11.654271+00:00,2026-06-12T11:37:12.379878+00:00,0.7256064414978027,19999,nan,nan
140,clean_profile,CSE-CIC-IDS2018,cse_cic_ids2018_random_control_sample,4,hist_gradient_boosting,nan,2026-06-12T11:37:12.379954+00:00,2026-06-12T11:37:12.414540+00:00,0.0345861911773681,19999,nan,nan
141,threat_evaluation,CSE-CIC-IDS2018,cse_cic_ids2018_random_control_sample,4,hist_gradient_boosting,a0_clean,2026-06-12T11:37:12.435862+00:00,2026-06-12T11:37:12.450297+00:00,0.0144350528717041,6000,nan,nan
142,result_writing,CSE-CIC-IDS2018,cse_cic_ids2018_random_control_sample,4,hist_gradient_boosting,a0_clean,2026-06-12T11:37:12.450456+00:00,2026-06-12T11:37:12.453831+00:00,0.0033752918243408,1,results/raw/tier_e_random_control_hgb_mlp_timed_cse_cic_ids2018/CSE-CIC-IDS2018_cse_cic_ids2018_random_control_sample_hist_gradient_boosting_a0_clean_4.csv,nan
143,split_construction,CSE-CIC-IDS2018,cse_cic_ids2018_random_control_sample,4,logistic_regression,nan,2026-06-12T11:37:12.453919+00:00,2026-06-12T11:37:12.580554+00:00,0.1266353130340576,19999,nan,nan
144,preprocessing,CSE-CIC-IDS2018,cse_cic_ids2018_random_control_sample,4,logistic_regression,nan,2026-06-12T11:37:12.580681+00:00,2026-06-12T11:37:15.111654+00:00,2.5309722423553467,19999,nan,nan
145,model_training,CSE-CIC-IDS2018,cse_cic_ids2018_random_control_sample,4,logistic_regression,nan,2026-06-12T11:37:15.111825+00:00,2026-06-12T11:37:27.956340+00:00,12.844515800476074,19999,nan,nan
146,clean_profile,CSE-CIC-IDS2018,cse_cic_ids2018_random_control_sample,4,logistic_regression,nan,2026-06-12T11:37:27.956408+00:00,2026-06-12T11:37:27.976047+00:00,0.0196385383605957,19999,nan,nan
147,threat_evaluation,CSE-CIC-IDS2018,cse_cic_ids2018_random_control_sample,4,logistic_regression,a0_clean,2026-06-12T11:37:27.997395+00:00,2026-06-12T11:37:28.007358+00:00,0.0099635124206542,6000,nan,nan
148,result_writing,CSE-CIC-IDS2018,cse_cic_ids2018_random_control_sample,4,logistic_regression,a0_clean,2026-06-12T11:37:28.007518+00:00,2026-06-12T11:37:28.010773+00:00,0.0032548904418945,1,results/raw/tier_e_random_control_hgb_mlp_timed_cse_cic_ids2018/CSE-CIC-IDS2018_cse_cic_ids2018_random_control_sample_logistic_regression_a0_clean_4.csv,nan
149,split_construction,CSE-CIC-IDS2018,cse_cic_ids2018_random_control_sample,4,mlp_sklearn,nan,2026-06-12T11:37:28.010862+00:00,2026-06-12T11:37:28.138699+00:00,0.1278364658355713,19999,nan,nan
150,preprocessing,CSE-CIC-IDS2018,cse_cic_ids2018_random_control_sample,4,mlp_sklearn,nan,2026-06-12T11:37:28.138848+00:00,2026-06-12T11:37:30.671594+00:00,2.532745838165283,19999,nan,nan
151,model_training,CSE-CIC-IDS2018,cse_cic_ids2018_random_control_sample,4,mlp_sklearn,nan,2026-06-12T11:37:30.671789+00:00,2026-06-12T11:37:31.515387+00:00,0.8435981273651123,19999,nan,nan
152,clean_profile,CSE-CIC-IDS2018,cse_cic_ids2018_random_control_sample,4,mlp_sklearn,nan,2026-06-12T11:37:31.515463+00:00,2026-06-12T11:37:31.540112+00:00,0.0246491432189941,19999,nan,nan
153,threat_evaluation,CSE-CIC-IDS2018,cse_cic_ids2018_random_control_sample,4,mlp_sklearn,a0_clean,2026-06-12T11:37:31.561076+00:00,2026-06-12T11:37:31.573771+00:00,0.0126953125,6000,nan,nan
154,result_writing,CSE-CIC-IDS2018,cse_cic_ids2018_random_control_sample,4,mlp_sklearn,a0_clean,2026-06-12T11:37:31.573936+00:00,2026-06-12T11:37:31.577417+00:00,0.003481388092041,1,results/raw/tier_e_random_control_hgb_mlp_timed_cse_cic_ids2018/CSE-CIC-IDS2018_cse_cic_ids2018_random_control_sample_mlp_sklearn_a0_clean_4.csv,nan
155,split_construction,CSE-CIC-IDS2018,cse_cic_ids2018_random_control_sample,4,random_forest,nan,2026-06-12T11:37:31.577509+00:00,2026-06-12T11:37:31.701312+00:00,0.123802900314331,19999,nan,nan
156,preprocessing,CSE-CIC-IDS2018,cse_cic_ids2018_random_control_sample,4,random_forest,nan,2026-06-12T11:37:31.701443+00:00,2026-06-12T11:37:34.231427+00:00,2.5299835205078125,19999,nan,nan
157,model_training,CSE-CIC-IDS2018,cse_cic_ids2018_random_control_sample,4,random_forest,nan,2026-06-12T11:37:34.231616+00:00,2026-06-12T11:37:36.065150+00:00,1.8335347175598145,19999,nan,nan
158,clean_profile,CSE-CIC-IDS2018,cse_cic_ids2018_random_control_sample,4,random_forest,nan,2026-06-12T11:37:36.065233+00:00,2026-06-12T11:37:36.222987+00:00,0.1577544212341308,19999,nan,nan
159,threat_evaluation,CSE-CIC-IDS2018,cse_cic_ids2018_random_control_sample,4,random_forest,a0_clean,2026-06-12T11:37:36.244089+00:00,2026-06-12T11:37:36.299008+00:00,0.0549187660217285,6000,nan,nan
160,result_writing,CSE-CIC-IDS2018,cse_cic_ids2018_random_control_sample,4,random_forest,a0_clean,2026-06-12T11:37:36.299180+00:00,2026-06-12T11:37:36.302529+00:00,0.0033485889434814,1,results/raw/tier_e_random_control_hgb_mlp_timed_cse_cic_ids2018/CSE-CIC-IDS2018_cse_cic_ids2018_random_control_sample_random_forest_a0_clean_4.csv,nan
161,dataset_load,CSE-CIC-IDS2018,cse_cic_ids2018_random_control_sample,5,nan,nan,2026-06-12T11:37:36.302569+00:00,2026-06-12T11:38:20.452904+00:00,44.15033555030823,20000,nan,nan
162,preprocess_manifest,CSE-CIC-IDS2018,cse_cic_ids2018_random_control_sample,5,nan,nan,2026-06-12T11:38:20.453030+00:00,2026-06-12T11:38:22.834583+00:00,2.381552696228028,20000,nan,nan
163,split_construction,CSE-CIC-IDS2018,cse_cic_ids2018_random_control_sample,5,extra_trees,nan,2026-06-12T11:38:22.834776+00:00,2026-06-12T11:38:22.956932+00:00,0.1221561431884765,20000,nan,nan
164,preprocessing,CSE-CIC-IDS2018,cse_cic_ids2018_random_control_sample,5,extra_trees,nan,2026-06-12T11:38:22.957068+00:00,2026-06-12T11:38:25.551584+00:00,2.594515323638916,20000,nan,nan
165,model_training,CSE-CIC-IDS2018,cse_cic_ids2018_random_control_sample,5,extra_trees,nan,2026-06-12T11:38:25.551796+00:00,2026-06-12T11:38:26.701257+00:00,1.149461269378662,20000,nan,nan
166,clean_profile,CSE-CIC-IDS2018,cse_cic_ids2018_random_control_sample,5,extra_trees,nan,2026-06-12T11:38:26.701339+00:00,2026-06-12T11:38:26.929945+00:00,0.2286057472229004,20000,nan,nan
167,threat_evaluation,CSE-CIC-IDS2018,cse_cic_ids2018_random_control_sample,5,extra_trees,a0_clean,2026-06-12T11:38:26.950762+00:00,2026-06-12T11:38:27.029570+00:00,0.078808307647705,6000,nan,nan
168,result_writing,CSE-CIC-IDS2018,cse_cic_ids2018_random_control_sample,5,extra_trees,a0_clean,2026-06-12T11:38:27.029735+00:00,2026-06-12T11:38:27.033060+00:00,0.0033249855041503,1,results/raw/tier_e_random_control_hgb_mlp_timed_cse_cic_ids2018/CSE-CIC-IDS2018_cse_cic_ids2018_random_control_sample_extra_trees_a0_clean_5.csv,nan
169,split_construction,CSE-CIC-IDS2018,cse_cic_ids2018_random_control_sample,5,hist_gradient_boosting,nan,2026-06-12T11:38:27.033144+00:00,2026-06-12T11:38:27.155043+00:00,0.1218996047973632,20000,nan,nan
170,preprocessing,CSE-CIC-IDS2018,cse_cic_ids2018_random_control_sample,5,hist_gradient_boosting,nan,2026-06-12T11:38:27.155159+00:00,2026-06-12T11:38:29.753105+00:00,2.5979461669921875,20000,nan,nan
171,model_training,CSE-CIC-IDS2018,cse_cic_ids2018_random_control_sample,5,hist_gradient_boosting,nan,2026-06-12T11:38:29.753270+00:00,2026-06-12T11:38:30.503852+00:00,0.7505826950073242,20000,nan,nan
172,clean_profile,CSE-CIC-IDS2018,cse_cic_ids2018_random_control_sample,5,hist_gradient_boosting,nan,2026-06-12T11:38:30.503933+00:00,2026-06-12T11:38:30.537935+00:00,0.0340023040771484,20000,nan,nan
173,threat_evaluation,CSE-CIC-IDS2018,cse_cic_ids2018_random_control_sample,5,hist_gradient_boosting,a0_clean,2026-06-12T11:38:30.558874+00:00,2026-06-12T11:38:30.574638+00:00,0.0157642364501953,6000,nan,nan
174,result_writing,CSE-CIC-IDS2018,cse_cic_ids2018_random_control_sample,5,hist_gradient_boosting,a0_clean,2026-06-12T11:38:30.574805+00:00,2026-06-12T11:38:30.578170+00:00,0.0033655166625976,1,results/raw/tier_e_random_control_hgb_mlp_timed_cse_cic_ids2018/CSE-CIC-IDS2018_cse_cic_ids2018_random_control_sample_hist_gradient_boosting_a0_clean_5.csv,nan
175,split_construction,CSE-CIC-IDS2018,cse_cic_ids2018_random_control_sample,5,logistic_regression,nan,2026-06-12T11:38:30.578257+00:00,2026-06-12T11:38:30.701161+00:00,0.1229043006896972,20000,nan,nan
176,preprocessing,CSE-CIC-IDS2018,cse_cic_ids2018_random_control_sample,5,logistic_regression,nan,2026-06-12T11:38:30.701290+00:00,2026-06-12T11:38:33.300371+00:00,2.599081516265869,20000,nan,nan
177,model_training,CSE-CIC-IDS2018,cse_cic_ids2018_random_control_sample,5,logistic_regression,nan,2026-06-12T11:38:33.300514+00:00,2026-06-12T11:38:48.340385+00:00,15.039870977401732,20000,nan,nan
178,clean_profile,CSE-CIC-IDS2018,cse_cic_ids2018_random_control_sample,5,logistic_regression,nan,2026-06-12T11:38:48.340453+00:00,2026-06-12T11:38:48.356866+00:00,0.0164132118225097,20000,nan,nan
179,threat_evaluation,CSE-CIC-IDS2018,cse_cic_ids2018_random_control_sample,5,logistic_regression,a0_clean,2026-06-12T11:38:48.378078+00:00,2026-06-12T11:38:48.387962+00:00,0.009883165359497,6000,nan,nan
180,result_writing,CSE-CIC-IDS2018,cse_cic_ids2018_random_control_sample,5,logistic_regression,a0_clean,2026-06-12T11:38:48.388125+00:00,2026-06-12T11:38:48.427595+00:00,0.0394706726074218,1,results/raw/tier_e_random_control_hgb_mlp_timed_cse_cic_ids2018/CSE-CIC-IDS2018_cse_cic_ids2018_random_control_sample_logistic_regression_a0_clean_5.csv,nan
181,split_construction,CSE-CIC-IDS2018,cse_cic_ids2018_random_control_sample,5,mlp_sklearn,nan,2026-06-12T11:38:48.427692+00:00,2026-06-12T11:38:48.554883+00:00,0.1271901130676269,20000,nan,nan
182,preprocessing,CSE-CIC-IDS2018,cse_cic_ids2018_random_control_sample,5,mlp_sklearn,nan,2026-06-12T11:38:48.555007+00:00,2026-06-12T11:38:51.154936+00:00,2.5999293327331543,20000,nan,nan
183,model_training,CSE-CIC-IDS2018,cse_cic_ids2018_random_control_sample,5,mlp_sklearn,nan,2026-06-12T11:38:51.155106+00:00,2026-06-12T11:38:51.820439+00:00,0.6653332710266113,20000,nan,nan
184,clean_profile,CSE-CIC-IDS2018,cse_cic_ids2018_random_control_sample,5,mlp_sklearn,nan,2026-06-12T11:38:51.820514+00:00,2026-06-12T11:38:51.844829+00:00,0.0243146419525146,20000,nan,nan
185,threat_evaluation,CSE-CIC-IDS2018,cse_cic_ids2018_random_control_sample,5,mlp_sklearn,a0_clean,2026-06-12T11:38:51.865806+00:00,2026-06-12T11:38:51.878332+00:00,0.0125255584716796,6000,nan,nan
186,result_writing,CSE-CIC-IDS2018,cse_cic_ids2018_random_control_sample,5,mlp_sklearn,a0_clean,2026-06-12T11:38:51.878491+00:00,2026-06-12T11:38:51.881903+00:00,0.0034120082855224,1,results/raw/tier_e_random_control_hgb_mlp_timed_cse_cic_ids2018/CSE-CIC-IDS2018_cse_cic_ids2018_random_control_sample_mlp_sklearn_a0_clean_5.csv,nan
187,split_construction,CSE-CIC-IDS2018,cse_cic_ids2018_random_control_sample,5,random_forest,nan,2026-06-12T11:38:51.881995+00:00,2026-06-12T11:38:52.006877+00:00,0.124882698059082,20000,nan,nan
188,preprocessing,CSE-CIC-IDS2018,cse_cic_ids2018_random_control_sample,5,random_forest,nan,2026-06-12T11:38:52.007008+00:00,2026-06-12T11:38:54.606547+00:00,2.5995397567749023,20000,nan,nan
189,model_training,CSE-CIC-IDS2018,cse_cic_ids2018_random_control_sample,5,random_forest,nan,2026-06-12T11:38:54.606736+00:00,2026-06-12T11:38:56.394535+00:00,1.7877991199493408,20000,nan,nan
190,clean_profile,CSE-CIC-IDS2018,cse_cic_ids2018_random_control_sample,5,random_forest,nan,2026-06-12T11:38:56.394617+00:00,2026-06-12T11:38:56.550452+00:00,0.1558358669281005,20000,nan,nan
191,threat_evaluation,CSE-CIC-IDS2018,cse_cic_ids2018_random_control_sample,5,random_forest,a0_clean,2026-06-12T11:38:56.571384+00:00,2026-06-12T11:38:56.625559+00:00,0.0541751384735107,6000,nan,nan
192,result_writing,CSE-CIC-IDS2018,cse_cic_ids2018_random_control_sample,5,random_forest,a0_clean,2026-06-12T11:38:56.625727+00:00,2026-06-12T11:38:56.629047+00:00,0.0033202171325683,1,results/raw/tier_e_random_control_hgb_mlp_timed_cse_cic_ids2018/CSE-CIC-IDS2018_cse_cic_ids2018_random_control_sample_random_forest_a0_clean_5.csv,nan
193,dataset_load,CSE-CIC-IDS2018,cse_cic_ids2018_random_control_sample,6,nan,nan,2026-06-12T11:38:56.629091+00:00,2026-06-12T11:39:40.700578+00:00,44.07148671150208,20000,nan,nan
194,preprocess_manifest,CSE-CIC-IDS2018,cse_cic_ids2018_random_control_sample,6,nan,nan,2026-06-12T11:39:40.700720+00:00,2026-06-12T11:39:43.078524+00:00,2.3778042793273926,20000,nan,nan
195,split_construction,CSE-CIC-IDS2018,cse_cic_ids2018_random_control_sample,6,extra_trees,nan,2026-06-12T11:39:43.078713+00:00,2026-06-12T11:39:43.201393+00:00,0.1226801872253418,20000,nan,nan
196,preprocessing,CSE-CIC-IDS2018,cse_cic_ids2018_random_control_sample,6,extra_trees,nan,2026-06-12T11:39:43.201543+00:00,2026-06-12T11:39:45.855617+00:00,2.65407395362854,20000,nan,nan
197,model_training,CSE-CIC-IDS2018,cse_cic_ids2018_random_control_sample,6,extra_trees,nan,2026-06-12T11:39:45.855839+00:00,2026-06-12T11:39:47.014093+00:00,1.1582536697387695,20000,nan,nan
198,clean_profile,CSE-CIC-IDS2018,cse_cic_ids2018_random_control_sample,6,extra_trees,nan,2026-06-12T11:39:47.014173+00:00,2026-06-12T11:39:47.250564+00:00,0.2363917827606201,20000,nan,nan
199,threat_evaluation,CSE-CIC-IDS2018,cse_cic_ids2018_random_control_sample,6,extra_trees,a0_clean,2026-06-12T11:39:47.271495+00:00,2026-06-12T11:39:47.352907+00:00,0.0814125537872314,6000,nan,nan
200,result_writing,CSE-CIC-IDS2018,cse_cic_ids2018_random_control_sample,6,extra_trees,a0_clean,2026-06-12T11:39:47.353065+00:00,2026-06-12T11:39:47.356417+00:00,0.0033512115478515,1,results/raw/tier_e_random_control_hgb_mlp_timed_cse_cic_ids2018/CSE-CIC-IDS2018_cse_cic_ids2018_random_control_sample_extra_trees_a0_clean_6.csv,nan
201,split_construction,CSE-CIC-IDS2018,cse_cic_ids2018_random_control_sample,6,hist_gradient_boosting,nan,2026-06-12T11:39:47.356506+00:00,2026-06-12T11:39:47.481070+00:00,0.1245632171630859,20000,nan,nan
202,preprocessing,CSE-CIC-IDS2018,cse_cic_ids2018_random_control_sample,6,hist_gradient_boosting,nan,2026-06-12T11:39:47.481208+00:00,2026-06-12T11:39:50.054312+00:00,2.573103427886963,20000,nan,nan
203,model_training,CSE-CIC-IDS2018,cse_cic_ids2018_random_control_sample,6,hist_gradient_boosting,nan,2026-06-12T11:39:50.054476+00:00,2026-06-12T11:39:50.702232+00:00,0.6477556228637695,20000,nan,nan
204,clean_profile,CSE-CIC-IDS2018,cse_cic_ids2018_random_control_sample,6,hist_gradient_boosting,nan,2026-06-12T11:39:50.702314+00:00,2026-06-12T11:39:50.732983+00:00,0.0306692123413085,20000,nan,nan
205,threat_evaluation,CSE-CIC-IDS2018,cse_cic_ids2018_random_control_sample,6,hist_gradient_boosting,a0_clean,2026-06-12T11:39:50.754110+00:00,2026-06-12T11:39:50.767717+00:00,0.0136072635650634,6000,nan,nan
206,result_writing,CSE-CIC-IDS2018,cse_cic_ids2018_random_control_sample,6,hist_gradient_boosting,a0_clean,2026-06-12T11:39:50.767900+00:00,2026-06-12T11:39:50.771415+00:00,0.0035150051116943,1,results/raw/tier_e_random_control_hgb_mlp_timed_cse_cic_ids2018/CSE-CIC-IDS2018_cse_cic_ids2018_random_control_sample_hist_gradient_boosting_a0_clean_6.csv,nan
207,split_construction,CSE-CIC-IDS2018,cse_cic_ids2018_random_control_sample,6,logistic_regression,nan,2026-06-12T11:39:50.771504+00:00,2026-06-12T11:39:50.898511+00:00,0.1270062923431396,20000,nan,nan
208,preprocessing,CSE-CIC-IDS2018,cse_cic_ids2018_random_control_sample,6,logistic_regression,nan,2026-06-12T11:39:50.898639+00:00,2026-06-12T11:39:53.468856+00:00,2.5702168941497803,20000,nan,nan
209,model_training,CSE-CIC-IDS2018,cse_cic_ids2018_random_control_sample,6,logistic_regression,nan,2026-06-12T11:39:53.468998+00:00,2026-06-12T11:40:09.479835+00:00,16.010836601257324,20000,nan,nan
210,clean_profile,CSE-CIC-IDS2018,cse_cic_ids2018_random_control_sample,6,logistic_regression,nan,2026-06-12T11:40:09.479900+00:00,2026-06-12T11:40:09.496445+00:00,0.0165450572967529,20000,nan,nan
211,threat_evaluation,CSE-CIC-IDS2018,cse_cic_ids2018_random_control_sample,6,logistic_regression,a0_clean,2026-06-12T11:40:09.517670+00:00,2026-06-12T11:40:09.527872+00:00,0.0102021694183349,6000,nan,nan
212,result_writing,CSE-CIC-IDS2018,cse_cic_ids2018_random_control_sample,6,logistic_regression,a0_clean,2026-06-12T11:40:09.528037+00:00,2026-06-12T11:40:09.531345+00:00,0.003307819366455,1,results/raw/tier_e_random_control_hgb_mlp_timed_cse_cic_ids2018/CSE-CIC-IDS2018_cse_cic_ids2018_random_control_sample_logistic_regression_a0_clean_6.csv,nan
213,split_construction,CSE-CIC-IDS2018,cse_cic_ids2018_random_control_sample,6,mlp_sklearn,nan,2026-06-12T11:40:09.531434+00:00,2026-06-12T11:40:09.658443+00:00,0.1270089149475097,20000,nan,nan
214,preprocessing,CSE-CIC-IDS2018,cse_cic_ids2018_random_control_sample,6,mlp_sklearn,nan,2026-06-12T11:40:09.658577+00:00,2026-06-12T11:40:12.239087+00:00,2.580509662628174,20000,nan,nan
215,model_training,CSE-CIC-IDS2018,cse_cic_ids2018_random_control_sample,6,mlp_sklearn,nan,2026-06-12T11:40:12.239260+00:00,2026-06-12T11:40:13.446297+00:00,1.2070369720458984,20000,nan,nan
216,clean_profile,CSE-CIC-IDS2018,cse_cic_ids2018_random_control_sample,6,mlp_sklearn,nan,2026-06-12T11:40:13.446372+00:00,2026-06-12T11:40:13.470388+00:00,0.0240161418914794,20000,nan,nan
217,threat_evaluation,CSE-CIC-IDS2018,cse_cic_ids2018_random_control_sample,6,mlp_sklearn,a0_clean,2026-06-12T11:40:13.491473+00:00,2026-06-12T11:40:13.504132+00:00,0.0126593112945556,6000,nan,nan
218,result_writing,CSE-CIC-IDS2018,cse_cic_ids2018_random_control_sample,6,mlp_sklearn,a0_clean,2026-06-12T11:40:13.504297+00:00,2026-06-12T11:40:13.507717+00:00,0.0034208297729492,1,results/raw/tier_e_random_control_hgb_mlp_timed_cse_cic_ids2018/CSE-CIC-IDS2018_cse_cic_ids2018_random_control_sample_mlp_sklearn_a0_clean_6.csv,nan
219,split_construction,CSE-CIC-IDS2018,cse_cic_ids2018_random_control_sample,6,random_forest,nan,2026-06-12T11:40:13.507858+00:00,2026-06-12T11:40:13.633166+00:00,0.1253077983856201,20000,nan,nan
220,preprocessing,CSE-CIC-IDS2018,cse_cic_ids2018_random_control_sample,6,random_forest,nan,2026-06-12T11:40:13.633313+00:00,2026-06-12T11:40:16.210168+00:00,2.576854944229126,20000,nan,nan
221,model_training,CSE-CIC-IDS2018,cse_cic_ids2018_random_control_sample,6,random_forest,nan,2026-06-12T11:40:16.210361+00:00,2026-06-12T11:40:17.999642+00:00,1.789280891418457,20000,nan,nan
222,clean_profile,CSE-CIC-IDS2018,cse_cic_ids2018_random_control_sample,6,random_forest,nan,2026-06-12T11:40:17.999723+00:00,2026-06-12T11:40:18.156835+00:00,0.1571114063262939,20000,nan,nan
223,threat_evaluation,CSE-CIC-IDS2018,cse_cic_ids2018_random_control_sample,6,random_forest,a0_clean,2026-06-12T11:40:18.177748+00:00,2026-06-12T11:40:18.232815+00:00,0.0550673007965087,6000,nan,nan
224,result_writing,CSE-CIC-IDS2018,cse_cic_ids2018_random_control_sample,6,random_forest,a0_clean,2026-06-12T11:40:18.232974+00:00,2026-06-12T11:40:18.236369+00:00,0.0033955574035644,1,results/raw/tier_e_random_control_hgb_mlp_timed_cse_cic_ids2018/CSE-CIC-IDS2018_cse_cic_ids2018_random_control_sample_random_forest_a0_clean_6.csv,nan
225,dataset_load,CSE-CIC-IDS2018,cse_cic_ids2018_random_control_sample,7,nan,nan,2026-06-12T11:40:18.236412+00:00,2026-06-12T11:41:02.637970+00:00,44.40155816078186,19999,nan,nan
226,preprocess_manifest,CSE-CIC-IDS2018,cse_cic_ids2018_random_control_sample,7,nan,nan,2026-06-12T11:41:02.638116+00:00,2026-06-12T11:41:04.794315+00:00,2.1561989784240723,19999,nan,nan
227,split_construction,CSE-CIC-IDS2018,cse_cic_ids2018_random_control_sample,7,extra_trees,nan,2026-06-12T11:41:04.794507+00:00,2026-06-12T11:41:04.917867+00:00,0.1233596801757812,19999,nan,nan
228,preprocessing,CSE-CIC-IDS2018,cse_cic_ids2018_random_control_sample,7,extra_trees,nan,2026-06-12T11:41:04.918011+00:00,2026-06-12T11:41:07.296419+00:00,2.378408670425415,19999,nan,nan
229,model_training,CSE-CIC-IDS2018,cse_cic_ids2018_random_control_sample,7,extra_trees,nan,2026-06-12T11:41:07.296609+00:00,2026-06-12T11:41:08.448568+00:00,1.15195894241333,19999,nan,nan
230,clean_profile,CSE-CIC-IDS2018,cse_cic_ids2018_random_control_sample,7,extra_trees,nan,2026-06-12T11:41:08.448647+00:00,2026-06-12T11:41:08.669193+00:00,0.2205452919006347,19999,nan,nan
231,threat_evaluation,CSE-CIC-IDS2018,cse_cic_ids2018_random_control_sample,7,extra_trees,a0_clean,2026-06-12T11:41:08.690152+00:00,2026-06-12T11:41:08.765595+00:00,0.0754427909851074,6000,nan,nan
232,result_writing,CSE-CIC-IDS2018,cse_cic_ids2018_random_control_sample,7,extra_trees,a0_clean,2026-06-12T11:41:08.765754+00:00,2026-06-12T11:41:08.769085+00:00,0.0033316612243652,1,results/raw/tier_e_random_control_hgb_mlp_timed_cse_cic_ids2018/CSE-CIC-IDS2018_cse_cic_ids2018_random_control_sample_extra_trees_a0_clean_7.csv,nan
233,split_construction,CSE-CIC-IDS2018,cse_cic_ids2018_random_control_sample,7,hist_gradient_boosting,nan,2026-06-12T11:41:08.769171+00:00,2026-06-12T11:41:08.895679+00:00,0.12650728225708,19999,nan,nan
234,preprocessing,CSE-CIC-IDS2018,cse_cic_ids2018_random_control_sample,7,hist_gradient_boosting,nan,2026-06-12T11:41:08.895839+00:00,2026-06-12T11:41:11.273770+00:00,2.3779313564300537,19999,nan,nan
235,model_training,CSE-CIC-IDS2018,cse_cic_ids2018_random_control_sample,7,hist_gradient_boosting,nan,2026-06-12T11:41:11.273931+00:00,2026-06-12T11:41:11.898186+00:00,0.6242554187774658,19999,nan,nan
236,clean_profile,CSE-CIC-IDS2018,cse_cic_ids2018_random_control_sample,7,hist_gradient_boosting,nan,2026-06-12T11:41:11.898267+00:00,2026-06-12T11:41:11.929291+00:00,0.0310235023498535,19999,nan,nan
237,threat_evaluation,CSE-CIC-IDS2018,cse_cic_ids2018_random_control_sample,7,hist_gradient_boosting,a0_clean,2026-06-12T11:41:11.950533+00:00,2026-06-12T11:41:11.964395+00:00,0.0138616561889648,6000,nan,nan
238,result_writing,CSE-CIC-IDS2018,cse_cic_ids2018_random_control_sample,7,hist_gradient_boosting,a0_clean,2026-06-12T11:41:11.964556+00:00,2026-06-12T11:41:11.967907+00:00,0.0033514499664306,1,results/raw/tier_e_random_control_hgb_mlp_timed_cse_cic_ids2018/CSE-CIC-IDS2018_cse_cic_ids2018_random_control_sample_hist_gradient_boosting_a0_clean_7.csv,nan
239,split_construction,CSE-CIC-IDS2018,cse_cic_ids2018_random_control_sample,7,logistic_regression,nan,2026-06-12T11:41:11.967995+00:00,2026-06-12T11:41:12.091594+00:00,0.1235995292663574,19999,nan,nan
240,preprocessing,CSE-CIC-IDS2018,cse_cic_ids2018_random_control_sample,7,logistic_regression,nan,2026-06-12T11:41:12.091726+00:00,2026-06-12T11:41:14.468982+00:00,2.3772566318511963,19999,nan,nan
241,model_training,CSE-CIC-IDS2018,cse_cic_ids2018_random_control_sample,7,logistic_regression,nan,2026-06-12T11:41:14.469122+00:00,2026-06-12T11:41:28.355479+00:00,13.886356830596924,19999,nan,nan
242,clean_profile,CSE-CIC-IDS2018,cse_cic_ids2018_random_control_sample,7,logistic_regression,nan,2026-06-12T11:41:28.355549+00:00,2026-06-12T11:41:28.371667+00:00,0.0161178112030029,19999,nan,nan
243,threat_evaluation,CSE-CIC-IDS2018,cse_cic_ids2018_random_control_sample,7,logistic_regression,a0_clean,2026-06-12T11:41:28.392844+00:00,2026-06-12T11:41:28.402836+00:00,0.0099921226501464,6000,nan,nan
244,result_writing,CSE-CIC-IDS2018,cse_cic_ids2018_random_control_sample,7,logistic_regression,a0_clean,2026-06-12T11:41:28.402995+00:00,2026-06-12T11:41:28.406232+00:00,0.0032365322113037,1,results/raw/tier_e_random_control_hgb_mlp_timed_cse_cic_ids2018/CSE-CIC-IDS2018_cse_cic_ids2018_random_control_sample_logistic_regression_a0_clean_7.csv,nan
245,split_construction,CSE-CIC-IDS2018,cse_cic_ids2018_random_control_sample,7,mlp_sklearn,nan,2026-06-12T11:41:28.406315+00:00,2026-06-12T11:41:28.531393+00:00,0.1250779628753662,19999,nan,nan
246,preprocessing,CSE-CIC-IDS2018,cse_cic_ids2018_random_control_sample,7,mlp_sklearn,nan,2026-06-12T11:41:28.531527+00:00,2026-06-12T11:41:30.918650+00:00,2.387123107910156,19999,nan,nan
247,model_training,CSE-CIC-IDS2018,cse_cic_ids2018_random_control_sample,7,mlp_sklearn,nan,2026-06-12T11:41:30.918815+00:00,2026-06-12T11:41:31.769228+00:00,0.8504135608673096,19999,nan,nan
248,clean_profile,CSE-CIC-IDS2018,cse_cic_ids2018_random_control_sample,7,mlp_sklearn,nan,2026-06-12T11:41:31.769304+00:00,2026-06-12T11:41:31.793321+00:00,0.024017333984375,19999,nan,nan
249,threat_evaluation,CSE-CIC-IDS2018,cse_cic_ids2018_random_control_sample,7,mlp_sklearn,a0_clean,2026-06-12T11:41:31.814346+00:00,2026-06-12T11:41:31.826796+00:00,0.0124495029449462,6000,nan,nan
250,result_writing,CSE-CIC-IDS2018,cse_cic_ids2018_random_control_sample,7,mlp_sklearn,a0_clean,2026-06-12T11:41:31.826959+00:00,2026-06-12T11:41:31.830360+00:00,0.0034015178680419,1,results/raw/tier_e_random_control_hgb_mlp_timed_cse_cic_ids2018/CSE-CIC-IDS2018_cse_cic_ids2018_random_control_sample_mlp_sklearn_a0_clean_7.csv,nan
251,split_construction,CSE-CIC-IDS2018,cse_cic_ids2018_random_control_sample,7,random_forest,nan,2026-06-12T11:41:31.830449+00:00,2026-06-12T11:41:31.953755+00:00,0.1233065128326416,19999,nan,nan
252,preprocessing,CSE-CIC-IDS2018,cse_cic_ids2018_random_control_sample,7,random_forest,nan,2026-06-12T11:41:31.953896+00:00,2026-06-12T11:41:34.333770+00:00,2.3798744678497314,19999,nan,nan
253,model_training,CSE-CIC-IDS2018,cse_cic_ids2018_random_control_sample,7,random_forest,nan,2026-06-12T11:41:34.333953+00:00,2026-06-12T11:41:36.097187+00:00,1.763233661651611,19999,nan,nan
254,clean_profile,CSE-CIC-IDS2018,cse_cic_ids2018_random_control_sample,7,random_forest,nan,2026-06-12T11:41:36.097270+00:00,2026-06-12T11:41:36.249057+00:00,0.151787519454956,19999,nan,nan
255,threat_evaluation,CSE-CIC-IDS2018,cse_cic_ids2018_random_control_sample,7,random_forest,a0_clean,2026-06-12T11:41:36.270084+00:00,2026-06-12T11:41:36.323015+00:00,0.0529315471649169,6000,nan,nan
256,result_writing,CSE-CIC-IDS2018,cse_cic_ids2018_random_control_sample,7,random_forest,a0_clean,2026-06-12T11:41:36.323181+00:00,2026-06-12T11:41:36.326516+00:00,0.0033345222473144,1,results/raw/tier_e_random_control_hgb_mlp_timed_cse_cic_ids2018/CSE-CIC-IDS2018_cse_cic_ids2018_random_control_sample_random_forest_a0_clean_7.csv,nan
257,dataset_load,CSE-CIC-IDS2018,cse_cic_ids2018_random_control_sample,8,nan,nan,2026-06-12T11:41:36.326559+00:00,2026-06-12T11:42:20.753153+00:00,44.426593542099,19997,nan,nan
258,preprocess_manifest,CSE-CIC-IDS2018,cse_cic_ids2018_random_control_sample,8,nan,nan,2026-06-12T11:42:20.753303+00:00,2026-06-12T11:42:23.140832+00:00,2.387529134750366,19997,nan,nan
259,split_construction,CSE-CIC-IDS2018,cse_cic_ids2018_random_control_sample,8,extra_trees,nan,2026-06-12T11:42:23.141030+00:00,2026-06-12T11:42:23.268121+00:00,0.1270914077758789,19997,nan,nan
260,preprocessing,CSE-CIC-IDS2018,cse_cic_ids2018_random_control_sample,8,extra_trees,nan,2026-06-12T11:42:23.268263+00:00,2026-06-12T11:42:25.880115+00:00,2.6118526458740234,19997,nan,nan
261,model_training,CSE-CIC-IDS2018,cse_cic_ids2018_random_control_sample,8,extra_trees,nan,2026-06-12T11:42:25.880306+00:00,2026-06-12T11:42:27.029323+00:00,1.1490166187286377,19997,nan,nan
262,clean_profile,CSE-CIC-IDS2018,cse_cic_ids2018_random_control_sample,8,extra_trees,nan,2026-06-12T11:42:27.029408+00:00,2026-06-12T11:42:27.253970+00:00,0.2245614528656005,19997,nan,nan
263,threat_evaluation,CSE-CIC-IDS2018,cse_cic_ids2018_random_control_sample,8,extra_trees,a0_clean,2026-06-12T11:42:27.275003+00:00,2026-06-12T11:42:27.351980+00:00,0.0769762992858886,6000,nan,nan
264,result_writing,CSE-CIC-IDS2018,cse_cic_ids2018_random_control_sample,8,extra_trees,a0_clean,2026-06-12T11:42:27.352143+00:00,2026-06-12T11:42:27.355464+00:00,0.0033211708068847,1,results/raw/tier_e_random_control_hgb_mlp_timed_cse_cic_ids2018/CSE-CIC-IDS2018_cse_cic_ids2018_random_control_sample_extra_trees_a0_clean_8.csv,nan
265,split_construction,CSE-CIC-IDS2018,cse_cic_ids2018_random_control_sample,8,hist_gradient_boosting,nan,2026-06-12T11:42:27.355553+00:00,2026-06-12T11:42:27.482998+00:00,0.1274456977844238,19997,nan,nan
266,preprocessing,CSE-CIC-IDS2018,cse_cic_ids2018_random_control_sample,8,hist_gradient_boosting,nan,2026-06-12T11:42:27.483132+00:00,2026-06-12T11:42:30.096145+00:00,2.6130130290985107,19997,nan,nan
267,model_training,CSE-CIC-IDS2018,cse_cic_ids2018_random_control_sample,8,hist_gradient_boosting,nan,2026-06-12T11:42:30.096308+00:00,2026-06-12T11:42:30.725947+00:00,0.6296389102935791,19997,nan,nan
268,clean_profile,CSE-CIC-IDS2018,cse_cic_ids2018_random_control_sample,8,hist_gradient_boosting,nan,2026-06-12T11:42:30.726023+00:00,2026-06-12T11:42:30.756797+00:00,0.030773639678955,19997,nan,nan
269,threat_evaluation,CSE-CIC-IDS2018,cse_cic_ids2018_random_control_sample,8,hist_gradient_boosting,a0_clean,2026-06-12T11:42:30.777941+00:00,2026-06-12T11:42:30.792885+00:00,0.0149438381195068,6000,nan,nan
270,result_writing,CSE-CIC-IDS2018,cse_cic_ids2018_random_control_sample,8,hist_gradient_boosting,a0_clean,2026-06-12T11:42:30.793050+00:00,2026-06-12T11:42:30.796343+00:00,0.0032930374145507,1,results/raw/tier_e_random_control_hgb_mlp_timed_cse_cic_ids2018/CSE-CIC-IDS2018_cse_cic_ids2018_random_control_sample_hist_gradient_boosting_a0_clean_8.csv,nan
271,split_construction,CSE-CIC-IDS2018,cse_cic_ids2018_random_control_sample,8,logistic_regression,nan,2026-06-12T11:42:30.796432+00:00,2026-06-12T11:42:30.922369+00:00,0.1259374618530273,19997,nan,nan
272,preprocessing,CSE-CIC-IDS2018,cse_cic_ids2018_random_control_sample,8,logistic_regression,nan,2026-06-12T11:42:30.922497+00:00,2026-06-12T11:42:33.542794+00:00,2.6202967166900635,19997,nan,nan
273,model_training,CSE-CIC-IDS2018,cse_cic_ids2018_random_control_sample,8,logistic_regression,nan,2026-06-12T11:42:33.542936+00:00,2026-06-12T11:42:46.700358+00:00,13.1574227809906,19997,nan,nan
274,clean_profile,CSE-CIC-IDS2018,cse_cic_ids2018_random_control_sample,8,logistic_regression,nan,2026-06-12T11:42:46.700425+00:00,2026-06-12T11:42:46.727446+00:00,0.0270211696624755,19997,nan,nan
275,threat_evaluation,CSE-CIC-IDS2018,cse_cic_ids2018_random_control_sample,8,logistic_regression,a0_clean,2026-06-12T11:42:46.748685+00:00,2026-06-12T11:42:46.758631+00:00,0.0099451541900634,6000,nan,nan
276,result_writing,CSE-CIC-IDS2018,cse_cic_ids2018_random_control_sample,8,logistic_regression,a0_clean,2026-06-12T11:42:46.758788+00:00,2026-06-12T11:42:46.798372+00:00,0.0395841598510742,1,results/raw/tier_e_random_control_hgb_mlp_timed_cse_cic_ids2018/CSE-CIC-IDS2018_cse_cic_ids2018_random_control_sample_logistic_regression_a0_clean_8.csv,nan
277,split_construction,CSE-CIC-IDS2018,cse_cic_ids2018_random_control_sample,8,mlp_sklearn,nan,2026-06-12T11:42:46.798516+00:00,2026-06-12T11:42:46.927773+00:00,0.1292576789855957,19997,nan,nan
278,preprocessing,CSE-CIC-IDS2018,cse_cic_ids2018_random_control_sample,8,mlp_sklearn,nan,2026-06-12T11:42:46.927906+00:00,2026-06-12T11:42:49.542693+00:00,2.614786386489868,19997,nan,nan
279,model_training,CSE-CIC-IDS2018,cse_cic_ids2018_random_control_sample,8,mlp_sklearn,nan,2026-06-12T11:42:49.542869+00:00,2026-06-12T11:42:50.638134+00:00,1.095264911651611,19997,nan,nan
280,clean_profile,CSE-CIC-IDS2018,cse_cic_ids2018_random_control_sample,8,mlp_sklearn,nan,2026-06-12T11:42:50.638208+00:00,2026-06-12T11:42:50.662326+00:00,0.0241177082061767,19997,nan,nan
281,threat_evaluation,CSE-CIC-IDS2018,cse_cic_ids2018_random_control_sample,8,mlp_sklearn,a0_clean,2026-06-12T11:42:50.683563+00:00,2026-06-12T11:42:50.695993+00:00,0.0124297142028808,6000,nan,nan
282,result_writing,CSE-CIC-IDS2018,cse_cic_ids2018_random_control_sample,8,mlp_sklearn,a0_clean,2026-06-12T11:42:50.696157+00:00,2026-06-12T11:42:50.699703+00:00,0.0035464763641357,1,results/raw/tier_e_random_control_hgb_mlp_timed_cse_cic_ids2018/CSE-CIC-IDS2018_cse_cic_ids2018_random_control_sample_mlp_sklearn_a0_clean_8.csv,nan
283,split_construction,CSE-CIC-IDS2018,cse_cic_ids2018_random_control_sample,8,random_forest,nan,2026-06-12T11:42:50.699851+00:00,2026-06-12T11:42:50.827478+00:00,0.1276271343231201,19997,nan,nan
284,preprocessing,CSE-CIC-IDS2018,cse_cic_ids2018_random_control_sample,8,random_forest,nan,2026-06-12T11:42:50.827616+00:00,2026-06-12T11:42:53.440837+00:00,2.613221406936645,19997,nan,nan
285,model_training,CSE-CIC-IDS2018,cse_cic_ids2018_random_control_sample,8,random_forest,nan,2026-06-12T11:42:53.441019+00:00,2026-06-12T11:42:55.244733+00:00,1.8037142753601076,19997,nan,nan
286,clean_profile,CSE-CIC-IDS2018,cse_cic_ids2018_random_control_sample,8,random_forest,nan,2026-06-12T11:42:55.244814+00:00,2026-06-12T11:42:55.395552+00:00,0.1507380008697509,19997,nan,nan
287,threat_evaluation,CSE-CIC-IDS2018,cse_cic_ids2018_random_control_sample,8,random_forest,a0_clean,2026-06-12T11:42:55.416501+00:00,2026-06-12T11:42:55.469110+00:00,0.0526089668273925,6000,nan,nan
288,result_writing,CSE-CIC-IDS2018,cse_cic_ids2018_random_control_sample,8,random_forest,a0_clean,2026-06-12T11:42:55.469275+00:00,2026-06-12T11:42:55.472598+00:00,0.0033228397369384,1,results/raw/tier_e_random_control_hgb_mlp_timed_cse_cic_ids2018/CSE-CIC-IDS2018_cse_cic_ids2018_random_control_sample_random_forest_a0_clean_8.csv,nan
289,dataset_load,CSE-CIC-IDS2018,cse_cic_ids2018_random_control_sample,9,nan,nan,2026-06-12T11:42:55.472641+00:00,2026-06-12T11:43:39.863436+00:00,44.39079475402832,20000,nan,nan
290,preprocess_manifest,CSE-CIC-IDS2018,cse_cic_ids2018_random_control_sample,9,nan,nan,2026-06-12T11:43:39.863583+00:00,2026-06-12T11:43:42.252956+00:00,2.3893730640411377,20000,nan,nan
291,split_construction,CSE-CIC-IDS2018,cse_cic_ids2018_random_control_sample,9,extra_trees,nan,2026-06-12T11:43:42.253149+00:00,2026-06-12T11:43:42.380161+00:00,0.1270124912261963,20000,nan,nan
292,preprocessing,CSE-CIC-IDS2018,cse_cic_ids2018_random_control_sample,9,extra_trees,nan,2026-06-12T11:43:42.380303+00:00,2026-06-12T11:43:44.894707+00:00,2.514404058456421,20000,nan,nan
293,model_training,CSE-CIC-IDS2018,cse_cic_ids2018_random_control_sample,9,extra_trees,nan,2026-06-12T11:43:44.894891+00:00,2026-06-12T11:43:46.003684+00:00,1.1087937355041504,20000,nan,nan
294,clean_profile,CSE-CIC-IDS2018,cse_cic_ids2018_random_control_sample,9,extra_trees,nan,2026-06-12T11:43:46.003797+00:00,2026-06-12T11:43:46.219695+00:00,0.2158982753753662,20000,nan,nan
295,threat_evaluation,CSE-CIC-IDS2018,cse_cic_ids2018_random_control_sample,9,extra_trees,a0_clean,2026-06-12T11:43:46.240656+00:00,2026-06-12T11:43:46.315248+00:00,0.0745918750762939,6000,nan,nan
296,result_writing,CSE-CIC-IDS2018,cse_cic_ids2018_random_control_sample,9,extra_trees,a0_clean,2026-06-12T11:43:46.315408+00:00,2026-06-12T11:43:46.318765+00:00,0.0033566951751708,1,results/raw/tier_e_random_control_hgb_mlp_timed_cse_cic_ids2018/CSE-CIC-IDS2018_cse_cic_ids2018_random_control_sample_extra_trees_a0_clean_9.csv,nan
297,split_construction,CSE-CIC-IDS2018,cse_cic_ids2018_random_control_sample,9,hist_gradient_boosting,nan,2026-06-12T11:43:46.318857+00:00,2026-06-12T11:43:46.446240+00:00,0.1273822784423828,20000,nan,nan
298,preprocessing,CSE-CIC-IDS2018,cse_cic_ids2018_random_control_sample,9,hist_gradient_boosting,nan,2026-06-12T11:43:46.446377+00:00,2026-06-12T11:43:48.965470+00:00,2.519092559814453,20000,nan,nan
299,model_training,CSE-CIC-IDS2018,cse_cic_ids2018_random_control_sample,9,hist_gradient_boosting,nan,2026-06-12T11:43:48.965631+00:00,2026-06-12T11:43:49.687575+00:00,0.7219436168670654,20000,nan,nan
300,clean_profile,CSE-CIC-IDS2018,cse_cic_ids2018_random_control_sample,9,hist_gradient_boosting,nan,2026-06-12T11:43:49.687651+00:00,2026-06-12T11:43:49.721472+00:00,0.0338211059570312,20000,nan,nan
301,threat_evaluation,CSE-CIC-IDS2018,cse_cic_ids2018_random_control_sample,9,hist_gradient_boosting,a0_clean,2026-06-12T11:43:49.742464+00:00,2026-06-12T11:43:49.757022+00:00,0.0145580768585205,6000,nan,nan
302,result_writing,CSE-CIC-IDS2018,cse_cic_ids2018_random_control_sample,9,hist_gradient_boosting,a0_clean,2026-06-12T11:43:49.757179+00:00,2026-06-12T11:43:49.760556+00:00,0.0033767223358154,1,results/raw/tier_e_random_control_hgb_mlp_timed_cse_cic_ids2018/CSE-CIC-IDS2018_cse_cic_ids2018_random_control_sample_hist_gradient_boosting_a0_clean_9.csv,nan
303,split_construction,CSE-CIC-IDS2018,cse_cic_ids2018_random_control_sample,9,logistic_regression,nan,2026-06-12T11:43:49.760647+00:00,2026-06-12T11:43:49.884269+00:00,0.1236228942871093,20000,nan,nan
304,preprocessing,CSE-CIC-IDS2018,cse_cic_ids2018_random_control_sample,9,logistic_regression,nan,2026-06-12T11:43:49.884387+00:00,2026-06-12T11:43:52.394443+00:00,2.5100560188293457,20000,nan,nan
305,model_training,CSE-CIC-IDS2018,cse_cic_ids2018_random_control_sample,9,logistic_regression,nan,2026-06-12T11:43:52.394575+00:00,2026-06-12T11:44:06.516317+00:00,14.121742486953735,20000,nan,nan
306,clean_profile,CSE-CIC-IDS2018,cse_cic_ids2018_random_control_sample,9,logistic_regression,nan,2026-06-12T11:44:06.516382+00:00,2026-06-12T11:44:06.539327+00:00,0.0229451656341552,20000,nan,nan
307,threat_evaluation,CSE-CIC-IDS2018,cse_cic_ids2018_random_control_sample,9,logistic_regression,a0_clean,2026-06-12T11:44:06.560655+00:00,2026-06-12T11:44:06.570488+00:00,0.0098335742950439,6000,nan,nan
308,result_writing,CSE-CIC-IDS2018,cse_cic_ids2018_random_control_sample,9,logistic_regression,a0_clean,2026-06-12T11:44:06.570651+00:00,2026-06-12T11:44:06.573919+00:00,0.0032684803009033,1,results/raw/tier_e_random_control_hgb_mlp_timed_cse_cic_ids2018/CSE-CIC-IDS2018_cse_cic_ids2018_random_control_sample_logistic_regression_a0_clean_9.csv,nan
309,split_construction,CSE-CIC-IDS2018,cse_cic_ids2018_random_control_sample,9,mlp_sklearn,nan,2026-06-12T11:44:06.574003+00:00,2026-06-12T11:44:06.700789+00:00,0.126786470413208,20000,nan,nan
310,preprocessing,CSE-CIC-IDS2018,cse_cic_ids2018_random_control_sample,9,mlp_sklearn,nan,2026-06-12T11:44:06.700939+00:00,2026-06-12T11:44:09.220371+00:00,2.5194315910339355,20000,nan,nan
311,model_training,CSE-CIC-IDS2018,cse_cic_ids2018_random_control_sample,9,mlp_sklearn,nan,2026-06-12T11:44:09.220540+00:00,2026-06-12T11:44:10.070803+00:00,0.8502628803253174,20000,nan,nan
312,clean_profile,CSE-CIC-IDS2018,cse_cic_ids2018_random_control_sample,9,mlp_sklearn,nan,2026-06-12T11:44:10.070879+00:00,2026-06-12T11:44:10.095052+00:00,0.0241730213165283,20000,nan,nan
313,threat_evaluation,CSE-CIC-IDS2018,cse_cic_ids2018_random_control_sample,9,mlp_sklearn,a0_clean,2026-06-12T11:44:10.116030+00:00,2026-06-12T11:44:10.128924+00:00,0.0128941535949707,6000,nan,nan
314,result_writing,CSE-CIC-IDS2018,cse_cic_ids2018_random_control_sample,9,mlp_sklearn,a0_clean,2026-06-12T11:44:10.129089+00:00,2026-06-12T11:44:10.132524+00:00,0.0034353733062744,1,results/raw/tier_e_random_control_hgb_mlp_timed_cse_cic_ids2018/CSE-CIC-IDS2018_cse_cic_ids2018_random_control_sample_mlp_sklearn_a0_clean_9.csv,nan
315,split_construction,CSE-CIC-IDS2018,cse_cic_ids2018_random_control_sample,9,random_forest,nan,2026-06-12T11:44:10.132617+00:00,2026-06-12T11:44:10.260753+00:00,0.1281356811523437,20000,nan,nan
316,preprocessing,CSE-CIC-IDS2018,cse_cic_ids2018_random_control_sample,9,random_forest,nan,2026-06-12T11:44:10.260885+00:00,2026-06-12T11:44:12.778825+00:00,2.517939329147339,20000,nan,nan
317,model_training,CSE-CIC-IDS2018,cse_cic_ids2018_random_control_sample,9,random_forest,nan,2026-06-12T11:44:12.779020+00:00,2026-06-12T11:44:14.578613+00:00,1.799593448638916,20000,nan,nan
318,clean_profile,CSE-CIC-IDS2018,cse_cic_ids2018_random_control_sample,9,random_forest,nan,2026-06-12T11:44:14.578695+00:00,2026-06-12T11:44:14.725600+00:00,0.1469051837921142,20000,nan,nan
319,threat_evaluation,CSE-CIC-IDS2018,cse_cic_ids2018_random_control_sample,9,random_forest,a0_clean,2026-06-12T11:44:14.746651+00:00,2026-06-12T11:44:14.797875+00:00,0.0512242317199707,6000,nan,nan
320,result_writing,CSE-CIC-IDS2018,cse_cic_ids2018_random_control_sample,9,random_forest,a0_clean,2026-06-12T11:44:14.798036+00:00,2026-06-12T11:44:14.801418+00:00,0.0033822059631347,1,results/raw/tier_e_random_control_hgb_mlp_timed_cse_cic_ids2018/CSE-CIC-IDS2018_cse_cic_ids2018_random_control_sample_random_forest_a0_clean_9.csv,nan
3121,hardware_validation,,,,,,2026-06-12T10:10:27.313992+00:00,2026-06-12T10:10:27.422467+00:00,0.1084749698638916,,,/home/pandora/Workspaces/raise-ict-benchmark/.venv/bin/python scripts/validate_hardware_config.py --config configs/hardware/jetson_orin_nx_super_measured_20260608T140153Z.yaml
3122,hardware_audit,,,,,,2026-06-12T10:10:27.432317+00:00,2026-06-12T10:10:27.542284+00:00,0.10996699333190918,,,/home/pandora/Workspaces/raise-ict-benchmark/.venv/bin/python scripts/audit_hardware.py --out manifests/hardware/tier_e_core4_hgb_mlp_timed_hardware_audit.json
3123,run_benchmark,,,,,,2026-06-12T10:10:27.549988+00:00,2026-06-12T10:45:42.158814+00:00,2114.6088259220123,,,/home/pandora/Workspaces/raise-ict-benchmark/.venv/bin/python scripts/run_benchmark.py --config results/configs/tier_e_core4_hgb_mlp_timed/expanded.yaml --out-dir results/raw/tier_e_core4_hgb_mlp_timed_expanded --split-manifest manifests/splits/tier_e_core4_hgb_mlp_timed_expanded_split_manifest.csv --feature-schema manifests/feature_schemas/tier_e_core4_hgb_mlp_timed_expanded_feature_schema.json --hardware-config configs/hardware/jetson_orin_nx_super_measured_20260608T140153Z.yaml --profile-manifest manifests/hardware/tier_e_core4_hgb_mlp_timed_expanded_profile_manifest.json --timing-events results/timing/tier_e_core4_hgb_mlp_timed/expanded_events.csv
3124,run_benchmark,,,,,,2026-06-12T10:45:42.234626+00:00,2026-06-12T11:01:43.953686+00:00,961.7190606594086,,,/home/pandora/Workspaces/raise-ict-benchmark/.venv/bin/python scripts/run_benchmark.py --config results/configs/tier_e_core4_hgb_mlp_timed/cicids2017.yaml --out-dir results/raw/tier_e_core4_hgb_mlp_timed_cicids2017 --split-manifest manifests/splits/tier_e_core4_hgb_mlp_timed_cicids2017_split_manifest.csv --feature-schema manifests/feature_schemas/tier_e_core4_hgb_mlp_timed_cicids2017_feature_schema.json --hardware-config configs/hardware/jetson_orin_nx_super_measured_20260608T140153Z.yaml --profile-manifest manifests/hardware/tier_e_core4_hgb_mlp_timed_cicids2017_profile_manifest.json --timing-events results/timing/tier_e_core4_hgb_mlp_timed/cicids2017_events.csv
3125,run_benchmark,,,,,,2026-06-12T11:01:44.038008+00:00,2026-06-12T11:14:47.388160+00:00,783.3501527309418,,,/home/pandora/Workspaces/raise-ict-benchmark/.venv/bin/python scripts/run_benchmark.py --config results/configs/tier_e_core4_hgb_mlp_timed/cse_cic_ids2018.yaml --out-dir results/raw/tier_e_core4_hgb_mlp_timed_cse_cic_ids2018 --split-manifest manifests/splits/tier_e_core4_hgb_mlp_timed_cse_cic_ids2018_split_manifest.csv --feature-schema manifests/feature_schemas/tier_e_core4_hgb_mlp_timed_cse_cic_ids2018_feature_schema.json --hardware-config configs/hardware/jetson_orin_nx_super_measured_20260608T140153Z.yaml --profile-manifest manifests/hardware/tier_e_core4_hgb_mlp_timed_cse_cic_ids2018_profile_manifest.json --timing-events results/timing/tier_e_core4_hgb_mlp_timed/cse_cic_ids2018_events.csv
3126,artifact_merge,,,,,,2026-06-12T11:14:47.483304+00:00,2026-06-12T11:14:48.229458+00:00,0.7461545467376709,,,/home/pandora/Workspaces/raise-ict-benchmark/.venv/bin/python scripts/merge_artifacts.py manifests/splits/tier_e_core4_hgb_mlp_timed_expanded_split_manifest.csv manifests/splits/tier_e_core4_hgb_mlp_timed_cicids2017_split_manifest.csv manifests/splits/tier_e_core4_hgb_mlp_timed_cse_cic_ids2018_split_manifest.csv --out manifests/splits/tier_e_core4_hgb_mlp_timed_split_manifest.csv
3127,artifact_merge,,,,,,2026-06-12T11:14:48.313188+00:00,2026-06-12T11:14:49.037297+00:00,0.7241098880767822,,,/home/pandora/Workspaces/raise-ict-benchmark/.venv/bin/python scripts/merge_artifacts.py manifests/feature_schemas/tier_e_core4_hgb_mlp_timed_expanded_feature_schema.json manifests/feature_schemas/tier_e_core4_hgb_mlp_timed_cicids2017_feature_schema.json manifests/feature_schemas/tier_e_core4_hgb_mlp_timed_cse_cic_ids2018_feature_schema.json --out manifests/feature_schemas/tier_e_core4_hgb_mlp_timed_feature_schema.json
3128,aggregate_results,,,,,,2026-06-12T11:14:49.117822+00:00,2026-06-12T11:14:54.516986+00:00,5.39916467666626,,,/home/pandora/Workspaces/raise-ict-benchmark/.venv/bin/python scripts/aggregate_results.py --results results/raw/tier_e_core4_hgb_mlp_timed_expanded results/raw/tier_e_core4_hgb_mlp_timed_cicids2017 results/raw/tier_e_core4_hgb_mlp_timed_cse_cic_ids2018 --out results/tables/tier_e_core4_hgb_mlp_timed --figures results/figures/tier_e_core4_hgb_mlp_timed
3129,analysis,,,,,,2026-06-12T11:14:54.601262+00:00,2026-06-12T11:14:58.231037+00:00,3.6297755241394043,,,"/home/pandora/Workspaces/raise-ict-benchmark/.venv/bin/python scripts/analyze_results.py --raw results/tables/tier_e_core4_hgb_mlp_timed/table_raw_results.csv --summary results/tables/tier_e_core4_hgb_mlp_timed/table_main_results.csv --out results/analysis/tier_e_core4_hgb_mlp_timed --attack-threat a1_constrained_score_search --label Tier-E Timed Core4 HGB MLP --scope-note physical Jetson run with three classical baselines, HGB, and sklearn MLP over ten seeds --split-manifest manifests/splits/tier_e_core4_hgb_mlp_timed_split_manifest.csv --dataset-manifest manifests/dataset_hashes/tier_p_core4_download_manifest.json"
3130,run_benchmark,,,,,,2026-06-12T11:14:58.313826+00:00,2026-06-12T11:31:03.063391+00:00,964.7495651245117,,,/home/pandora/Workspaces/raise-ict-benchmark/.venv/bin/python scripts/run_benchmark.py --config results/configs/tier_e_core4_hgb_mlp_timed/cicids2017_random_control.yaml --out-dir results/raw/tier_e_random_control_hgb_mlp_timed_cicids2017 --split-manifest manifests/splits/tier_e_random_control_hgb_mlp_timed_cicids2017_split_manifest.csv --feature-schema manifests/feature_schemas/tier_e_random_control_hgb_mlp_timed_cicids2017_feature_schema.json --hardware-config configs/hardware/jetson_orin_nx_super_measured_20260608T140153Z.yaml --profile-manifest manifests/hardware/tier_e_random_control_hgb_mlp_timed_cicids2017_profile_manifest.json --timing-events results/timing/tier_e_core4_hgb_mlp_timed/cicids2017_random_control_events.csv
3131,run_benchmark,,,,,,2026-06-12T11:31:03.155006+00:00,2026-06-12T11:44:15.238057+00:00,792.0830514431,,,/home/pandora/Workspaces/raise-ict-benchmark/.venv/bin/python scripts/run_benchmark.py --config results/configs/tier_e_core4_hgb_mlp_timed/cse_cic_ids2018_random_control.yaml --out-dir results/raw/tier_e_random_control_hgb_mlp_timed_cse_cic_ids2018 --split-manifest manifests/splits/tier_e_random_control_hgb_mlp_timed_cse_cic_ids2018_split_manifest.csv --feature-schema manifests/feature_schemas/tier_e_random_control_hgb_mlp_timed_cse_cic_ids2018_feature_schema.json --hardware-config configs/hardware/jetson_orin_nx_super_measured_20260608T140153Z.yaml --profile-manifest manifests/hardware/tier_e_random_control_hgb_mlp_timed_cse_cic_ids2018_profile_manifest.json --timing-events results/timing/tier_e_core4_hgb_mlp_timed/cse_cic_ids2018_random_control_events.csv
3132,artifact_merge,,,,,,2026-06-12T11:44:15.339819+00:00,2026-06-12T11:44:16.062009+00:00,0.7221903800964355,,,/home/pandora/Workspaces/raise-ict-benchmark/.venv/bin/python scripts/merge_artifacts.py manifests/splits/tier_e_random_control_hgb_mlp_timed_cicids2017_split_manifest.csv manifests/splits/tier_e_random_control_hgb_mlp_timed_cse_cic_ids2018_split_manifest.csv --out manifests/splits/tier_e_random_control_hgb_mlp_timed_split_manifest.csv
3133,artifact_merge,,,,,,2026-06-12T11:44:16.165194+00:00,2026-06-12T11:44:16.893473+00:00,0.7282791137695312,,,/home/pandora/Workspaces/raise-ict-benchmark/.venv/bin/python scripts/merge_artifacts.py manifests/feature_schemas/tier_e_random_control_hgb_mlp_timed_cicids2017_feature_schema.json manifests/feature_schemas/tier_e_random_control_hgb_mlp_timed_cse_cic_ids2018_feature_schema.json --out manifests/feature_schemas/tier_e_random_control_hgb_mlp_timed_feature_schema.json
3134,aggregate_results,,,,,,2026-06-12T11:44:16.997441+00:00,2026-06-12T11:44:19.304769+00:00,2.307328224182129,,,/home/pandora/Workspaces/raise-ict-benchmark/.venv/bin/python scripts/aggregate_results.py --results results/raw/tier_e_random_control_hgb_mlp_timed_cicids2017 results/raw/tier_e_random_control_hgb_mlp_timed_cse_cic_ids2018 --out results/tables/tier_e_random_control_hgb_mlp_timed --figures results/figures/tier_e_random_control_hgb_mlp_timed
3135,profile_manifest,,,,,,2026-06-12T11:44:19.408930+00:00,2026-06-12T11:44:19.412750+00:00,0.0038194656372070312,,,write combined profile manifest
3136,acceptance_report,,,,,,2026-06-12T11:44:19.523483+00:00,2026-06-12T11:44:19.550410+00:00,0.02692699432373047,,,write timed acceptance report
3137,admissibility_rejection,,,,,,2026-06-12T11:44:19.665799+00:00,2026-06-12T11:44:20.033171+00:00,0.3673717975616455,,,run constructed admissibility rejection suite
3138,strict_audit,,,,,,2026-06-12T11:44:20.134642+00:00,2026-06-12T11:44:20.906166+00:00,0.7715237140655518,,,/home/pandora/Workspaces/raise-ict-benchmark/.venv/bin/python scripts/check_completion.py --out /tmp/raise_ict_tier_e_core4_hgb_mlp_timed_pre_timing_audit.json --raw-results results/tables/tier_e_core4_hgb_mlp_timed/table_raw_results.csv --summary-results results/tables/tier_e_core4_hgb_mlp_timed/table_main_results.csv --split-manifest manifests/splits/tier_e_core4_hgb_mlp_timed_split_manifest.csv --dataset-manifest manifests/dataset_hashes/tier_p_core4_download_manifest.json --feature-schema manifests/feature_schemas/tier_e_core4_hgb_mlp_timed_feature_schema.json --hardware-audit manifests/hardware/tier_e_core4_hgb_mlp_timed_hardware_audit.json --profile-manifest manifests/hardware/tier_e_core4_hgb_mlp_timed_profile_manifest.json --manuscript jkics/jkics.tex --bibliography jkics/reference.bib --expected-raw-rows 800 --expected-summary-rows 80 --expected-split-rows 40 --expected-feature-schema-records 40 --expected-seeds 0 1 2 3 4 5 6 7 8 9 --expected-models extra_trees hist_gradient_boosting logistic_regression mlp_sklearn random_forest --require-tier-e --strict
3139,timed_strict_audit,,,,,,2026-06-12T11:44:21.116534+00:00,2026-06-12T11:44:21.926775+00:00,0.8102405071258545,,,/home/pandora/Workspaces/raise-ict-benchmark/.venv/bin/python scripts/check_completion.py --out manifests/completion/benchmark_completion_audit_strict_tier_e_core4_hgb_mlp_timed.json --raw-results results/tables/tier_e_core4_hgb_mlp_timed/table_raw_results.csv --summary-results results/tables/tier_e_core4_hgb_mlp_timed/table_main_results.csv --split-manifest manifests/splits/tier_e_core4_hgb_mlp_timed_split_manifest.csv --dataset-manifest manifests/dataset_hashes/tier_p_core4_download_manifest.json --feature-schema manifests/feature_schemas/tier_e_core4_hgb_mlp_timed_feature_schema.json --hardware-audit manifests/hardware/tier_e_core4_hgb_mlp_timed_hardware_audit.json --profile-manifest manifests/hardware/tier_e_core4_hgb_mlp_timed_profile_manifest.json --manuscript jkics/jkics.tex --bibliography jkics/reference.bib --expected-raw-rows 800 --expected-summary-rows 80 --expected-split-rows 40 --expected-feature-schema-records 40 --expected-seeds 0 1 2 3 4 5 6 7 8 9 --expected-models extra_trees hist_gradient_boosting logistic_regression mlp_sklearn random_forest --require-tier-e --require-timing --timing-events results/timing/tier_e_core4_hgb_mlp_timed/timing_events.csv --timing-summary results/timing/tier_e_core4_hgb_mlp_timed/timing_summary.csv --command-timeline results/timing/tier_e_core4_hgb_mlp_timed/command_timeline.json --strict
